:020000040000FA
:20410000810780048007F8008007F4008007F0008007EC008007E8008007E4008007E0006E
:204120008007DC008007D8008007D4008007D0008007C68D8007EE8B8007C4008007C0009F
:204140008007148A8007B8008007B4008007B0008007AC008007A8008007A4008007707D88
:204160008007BE7C800798008007087C8007567B80078C008007A07A8007EE798007800053
:204180008007387980078678800774008007D07780071E7780076C76800764008007600042
:2041A00080075C0080075800800754008007500080074C008007E0928007549480071E9516
:2041C0008007B081800738008107CA148107EA1381078E158107461780072400800720001B
:2041E00080071C008007180080075C888007100080070C008007080080070400E0074001A6
:20420000FFFFFFFFFFFFFFFFFFFFFFFFFFFFFFFFFFFFFFFFFFFFFFFFFFFFFFFFFFFFFFFFBE
:20422000FFFFFFFFFFFFFFFFFFFFFFFFFFFFFFFFFFFFFFFFFFFFFFFFFFFFFFFFFFFFFFFF9E
:20424000FFFFFFFFFFFFFFFFFFFFFFFFFFFFFFFFFFFFFFFFFFFFFFFFFFFFFFFFFFFFFFFF7E
:20426000FFFFFFFFFFFFFFFFFFFFFFFFFFFFFFFFFFFFFFFFFFFFFFFFFFFFFFFFFFFFFFFF5E
:20428000FFFFFFFFFFFFFFFFFFFFFFFFFFFFFFFFFFFFFFFFFFFFFFFFFFFFFFFFFFFFFFFF3E
:2042A000FFFFFFFFFFFFFFFFFFFFFFFFFFFFFFFFFFFFFFFFFFFFFFFFFFFFFFFFFFFFFFFF1E
:2042C000FFFFFFFFFFFFFFFFFFFFFFFFFFFFFFFFFFFFFFFFFFFFFFFFFFFFFFFFFFFFFFFFFE
:2042E000FFFFFFFFFFFFFFFFFFFFFFFFFFFFFFFFFFFFFFFFFFFFFFFFFFFFFFFFFFFFFFFFDE
:20430000FFFFFFFFFFFFFFFFFFFFFFFFFFFFFFFFFFFFFFFFFFFFFFFFFFFFFFFFFFFFFFFFBD
:20432000FFFFFFFFFFFFFFFFFFFFFFFFFFFFFFFFFFFFFFFFFFFFFFFFFFFFFFFFFFFFFFFF9D
:20434000FFFFFFFFFFFFFFFFFFFFFFFFFFFFFFFFFFFFFFFFFFFFFFFFFFFFFFFFFFFFFFFF7D
:20436000FFFFFFFFFFFFFFFFFFFFFFFFFFFFFFFFFFFFFFFFFFFFFFFFFFFFFFFFFFFFFFFF5D
:20438000FFFFFFFFFFFFFFFFFFFFFFFFFFFFFFFFFFFFFFFFFFFFFFFFFFFFFFFFFFFFFFFF3D
:2043A000FFFFFFFFFFFFFFFFFFFFFFFFFFFFFFFFFFFFFFFFFFFFFFFFFFFFFFFFFFFFFFFF1D
:2043C000FFFFFFFFFFFFFFFFFFFFFFFFFFFFFFFFFFFFFFFFFFFFFFFFFFFFFFFFFFFFFFFFFD
:2043E000FFFFFFFFFFFFFFFFFFFFFFFFFFFFFFFFFFFFFFFFFFFFFFFFFFFFFFFFFFFFFFFFDD
:20440000FFFFFFFFFFFFFFFFFFFFFFFFFFFFFFFFFFFFFFFFFFFFFFFFFFFFFFFFFFFFFFFFBC
:20442000FFFFFFFFFFFFFFFFFFFFFFFFFFFFFFFFFFFFFFFFFFFFFFFFFFFFFFFFFFFFFFFF9C
:20444000FFFFFFFFFFFFFFFFFFFFFFFFFFFFFFFFFFFFFFFFFFFFFFFFFFFFFFFFFFFFFFFF7C
:20446000FFFFFFFFFFFFFFFFFFFFFFFFFFFFFFFFFFFFFFFFFFFFFFFFFFFFFFFFFFFFFFFF5C
:20448000FFFFFFFFFFFFFFFFFFFFFFFFFFFFFFFFFFFFFFFFFFFFFFFFFFFFFFFFFFFFFFFF3C
:2044A000FFFFFFFFFFFFFFFFFFFFFFFFFFFFFFFFFFFFFFFFFFFFFFFFFFFFFFFFFFFFFFFF1C
:2044C000FFFFFFFFFFFFFFFFFFFFFFFFFFFFFFFFFFFFFFFFFFFFFFFFFFFFFFFFFFFFFFFFFC
:2044E000FFFFFFFFFFFFFFFFFFFFFFFFFFFFFFFFFFFFFFFFFFFFFFFFFFFFFFFFFFFFFFFFDC
:20450000010000003C570000545700000000000000F2FFFF01F2FFFF02F2FFFF10F2FFFF89
:2045200012F2FFFF14F2FFFF16F2FFFF18F2FFFF1AF2FFFF1CF2FFFF1EF2FFFF20F2FFFF33
:2045400022F2FFFF0100000003000000070000000F0000001F0000003F0000007F00000052
:20456000FF000000010000000300000088B500000000000088B50000D2B4000090B40000F4
:2045800096F5FFFF98F5FFFF9AF5FFFF90F5FFFF91F5FFFF30F1FFFF32F1FFFF92F5FFFFAE
:2045A00093F5FFFF94F5FFFF9CF5FFFF95F5FFFF00000000A6F5FFFFA8F5FFFFAAF5FFFF06
:2045C000A0F5FFFFA1F5FFFF36F1FFFF38F1FFFFA2F5FFFFA3F5FFFFA4F5FFFFACF5FFFF07
:2045E000A5F5FFFFADF5FFFFB6F5FFFFB8F5FFFFBAF5FFFFB0F5FFFFB1F5FFFF3CF1FFFF10
:204600003EF1FFFFB2F5FFFFB3F5FFFFB4F5FFFFBCF5FFFFB5F5FFFF00000000C6F5FFFF6B
:20462000C8F5FFFFCAF5FFFFC0F5FFFFC1F5FFFF42F1FFFF44F1FFFFC2F5FFFFC3F5FFFFCC
:20464000C4F5FFFFCCF5FFFFC5F5FFFFCDF5FFFFD6F5FFFFD8F5FFFFDAF5FFFFD0F5FFFF48
:20466000D1F5FFFF48F1FFFF4AF1FFFFD2F5FFFFD3F5FFFFD4F5FFFFDCF5FFFFD5F5FFFF1D
:204680000000000094F6FFFF000000000000000090F6FFFF000000004CF1FFFF00000000D3
:2046A0000000000000000000000000000000000000000000000000000001020304050607DE
:2046C0000001020304070005050000000100000004000000080000000200000001000000AF
:2046E0001000000020000000000000000700000080000000400000000200000000000000C1
:204700000200000001000000000000000000000004000000080000000200000000050A0F6A
:2047200082FDFFFF86FDFFFF8AFDFFFF84FDFFFF85FDFFFF40F3FFFF80FDFFFF62F1FFFFFA
:2047400000F4FFFF20F4FFFF40F4FFFF60F4FFFF00F7FFFF40FCFFFF0000000006F4FFFFAA
:2047600026F4FFFF46F4FFFF66F4FFFF06F7FFFF46FCFFFF0000000008F4FFFF28F4FFFF42
:2047800048F4FFFF68F4FFFF0000000048FCFFFF000000000AF4FFFF2AF4FFFF4AF4FFFFEF
:2047A00000000000000000004AFCFFFF000000000FF4FFFF2FF4FFFF4FF4FFFF0000000052
:2047C0000000000000000000000000000EF4FFFF2EF4FFFF4EF4FFFF000000000000000079
:2047E000000000000000000013F4FFFF33F4FFFF53F4FFFF73F4FFFF13F7FFFF53FCFFFF90
:2048000073FCFFFF12F4FFFF32F4FFFF52F4FFFF72F4FFFF12F7FFFF52FCFFFF0000000008
:204820000CF0FFFF2CF0FFFF4CF0FFFF0000000000000000000000000000000004F0FFFF38
:2048400024F0FFFF0000000000000000000000000000000000000000000000000000000046
:2048600074D100000AD10000C8D0000010FAFFFF11FAFFFF12FAFFFF14FAFFFF17FAFFFF4A
:2048800016FAFFFF60F1FFFF5EF1FFFF5CF1FFFF08820741064105410441034102410057A1
:2048A0000020000000000000010000000200000003000000050000000600000008000000BF
:2048C000D8D9000000000000000000000000000000000000E803D800E703D800E703D900DF
:2048E000E603D900E503DA00E403DA00E403DB00E303DB00E203DC00E103DC00E003DD00AF
:20490000E003DD00DF03DE00DE03DE00DD03DF00DC03DF00DB03E000DA03E000D903E100A3
:20492000D803E100D703E200D603E200D503E300D403E300D303E400D203E400D103E500A3
:20494000CF03E500CE03E600CD03E600CC03E700CB03E700C903E800C803E800C703E900AE
:20496000C503E900C403EA00C203EA00C103EB00BF03EB00BE03EC00BD03EC00BB03ED00C6
:20498000B903ED00B803EE00B603EE00B403EF00B303EF00B103F000AF03F000AD03F100EC
:2049A000AC03F100AA03F200A803F200A603F300A403F300A203F400A003F4009E03F5001F
:2049C0009C03F5009A03F6009803F6009603F7009403F7009103F8008F03F8008D03F90062
:2049E0008A03F9008803FA008603FA008303FB008103FB007E03FC007C03FC007903FD00B8
:204A00007703FD007403FE007103FE006F03FF006C03FF006903000066030000640301001C
:204A2000610301005E0302005B0302005803030055030300520304004F0304004C03050092
:204A40004903050046030600420306003F0307003C0307003903080035030800320309001A
:204A60002F0309002B030A0028030A0024030B0021030B001D030C001A030C0016030D00B2
:204A800013030D000F030E000B030E0008030F0004030F0000031000FC021000F80211005B
:204AA000F5021100F1021200ED021200E9021300E5021300E1021400DD021400D902150016
:204AC000D5021500D1021600CD021600C9021700C5021700C1021800BD021800B9021900D6
:204AE000B4021900B0021A00AC021A00A8021B00A4021B009F021C009B021C0097021D00A1
:204B000092021D008E021E008A021E0086021F0081021F007D022000790220007402210072
:204B2000700221006C02220067022200630223005E0223005A022400560224005102250048
:204B40004D0225004802260044022600400227003B02270037022800330228002E02290021
:204B60002A02290026022A0021022A001D022B0019022B0014022C0010022C000B022D00F7
:204B800007022D0003022E00FF012E00FA012F00F6012F00F2013000EE013000E9013100D1
:204BA000E5013100E1013200DD013200D8013300D4013300D0013400CC013400C8013500A2
:204BC000C4013500C0013600BC013600B8013700B4013700B0013800AC013800A801390065
:204BE000A4013900A0013A009C013A0098013B0094013B0090013C008C013C0089013D0024
:204C000085013D0081013E007E013E007A013F0076013F00730140006F0140006C014100D2
:204C20006801410064014200610142005D0143005A01430057014400530144005001450076
:204C40004D0145004901460046014600430147003F0147003C01480039014800360149000B
:204C60003301490030014A002D014A002A014B0027014B0023014C0020014C001D014D0093
:204C80001B014D0018014E0015014E0012014F000F014F000C0150000A015000070151000E
:204CA0000401510001015200FF005200FC005300F9005300F7005400F4005400F200550084
:204CC00056DB00000000000056DB0000A2DA000086DA000012DC00000000000000000000A8
:204CE00000000000000000000800000001000000E4DE00004CDE00000000000000000000BF
:204D0000000000000600000002000000000100000700000040000000010000000200000040
:204D20000400000000010000080000000200000001000000050000008000000001000000DD
:204D4000050000001000000000010000FAE0000000000000FAE00000B8E0000076E000009B
:204D6000EAE7000018E600000000000054E4000038E400000CE40000000000000000000020
:204D8000000000000000000058E300001AE30000000000000000000000000000DCEA000015
:204DA000000000000000000000000000000000000000000004000000070000008000000068
:204DC000000000000800000000000000200000000000000010000000090000001000000082
:204DE0000900000080000000090000004000000009000000040000000400000002000000CE
:204E000009000000020000000900000001000000090000000800000018EE000084ED0000F5
:204E20000000000058ED00000000000066EE000042EE0000000000000000000000000000A9
:204E40000000000096EF000000000000000000000000000034F2000000000000FEF10000B8
:204E60006AF100000000000003050000000000000400000008000000030000000B000000B5
:204E8000060000001300000003000000160000001300000029000000130000003C00000055
:204EA00006000000420000001A0000005C0000001A000000760000002200000098000000EA
:204EC000030000009D00000004000000A300000008000000AE00000003000000B30000001F
:204EE00021000000D800000003000000DB0000001A000000F70000000800000003010000BE
:204F0000060000000A01000003000000C04E0000904E0000C84E0000D04E0000B84E000057
:204F2000084F00000305000000000000010000FFFFFFFF00000000000000FFFFFFFFFFFF1B
:204F4000FFFFFFFFFFFFFFFFFFFFFF0000FFFFFFFFFFFFFFFFFFFFFFFFFFFFFFFFFF00006D
:204F6000FFFFFFFF0000415237392D3134443031352D414100000000000000000000000017
:204F8000415237392D3134443031372D4141000000000000000000000000466F7264204204
:204FA00054000000000000000000000000000000000000000000000000000000000000009D
:204FC000000000000000000B0A030A05140000000000010000000000000000000000000095
:204FE000000000000000000000000000000000000000000000000000000000000000004170
:205000005237392D180A08022D000000000000000000000000000000000000000000010047
:205020000000000000000000000001000000000000000000244F00002C4F00002F4F000003
:20504000374F00003A4F00004D4F0000604F0000664F0000804F00009A4F0000BC4F00007E
:20506000C14F0000C74F0000D24F0000D74F0000FC4F0000FF4F00001B5000002750000048
:205080002E5000000000000000000000000000000000000000000000FF0000000000000093
:2050A0000000000000000000000000000000000000000000000000000000000000000000F0
:2050C0000000000000000000000000000000000000000000000000000000000000000000D0
:2050E0000000000000000000000000000000000000000000000000000000000000000000B0
:2051000000000000000000000000000000000000000000000000000000000000000000008F
:2051200000000000000000000000000000000000000000000000000000000000000000006F
:2051400000000000000000000000000000000000000000000000000000000000000000004F
:2051600000000000000000000000000000000000000000000000000000000000000000002F
:2051800000000000000000000000000000000000000000000000000000000000000000000F
:2051A0000000000000000000000000000000000000000000000000000000000000000000EF
:2051C0000000000000000000000000000000000000000000000000000000000000000000CF
:2051E0000000000000000000000000000000000000000000000000000000000000000000AF
:2052000000000000000000000000000000000000000000000000000000000000000000008E
:2052200000000000000000000000000000000000000000000000000000000000000000006E
:2052400000000000000000000000000000000000000000000000000000000000000000004E
:2052600000000000000000000000000000000000000000000000000000000000000000002E
:2052800000000000000000000000000000000000000000000000000000000000000000000E
:2052A0000000000000000000000000000000000000000000000000000000000000000000EE
:2052C0000000000000000000000000000000000000000000000000000000000000000000CE
:2052E0000000000000000000000000000000000000000000000000000000000000000000AE
:2053000000000000000000000000000000000000000000000000000000000000000000008D
:2053200000000000000000000000000000000000000000000000000000000000000000006D
:2053400000000000000000000000000000000000000000000000000000000000000000004D
:2053600000000000000000000000000000000000000000000000000000000000000000002D
:2053800000000000000000000000000000000000000000000000000000000000000000000D
:2053A0000000000000000000000000000000000000000000000000000000000000000000ED
:2053C0000000000000000000000000000000000000000000000000000000000000000000CD
:2053E0000000000000000000000000000000000000000000000000000000000000000000AD
:2054000000000000000000000000000000000000000000000000000000000000000000008C
:2054200000000000000000000000000000000000000000000000000000000000000000006C
:2054400000000000000000000000000000000000000000000000000000000000000000004C
:2054600000000000000000000000000000000000000000000000000000000000000000002C
:2054800000000000000000000000000000000000000000000000000068FD000076FB000036
:2054A00000000000A4F20000000000000000891112239B322446AD573665BF74488CC19D4C
:2054C0005AAFD3BE6CCAE5DB7EE9F7F88110080193331A22A5562C47B7753E64C99C408DDC
:2054E000DBBF52AEEDDA64CBFFF976E802218B30100299132667AF763444BD554AADC3BC78
:20550000588ED19F6EEBE7FA7CC8F5D983310A2091121803A7772E66B5543C45CBBD42AC9B
:20552000D99E508FEFFB66EAFDD874C904428D5316619F702004A9153227BB364CCEC5DF33
:205540005EEDD7FC6888E1997AABF3BA85520C4397711E60A1142805B3373A26CDDE44CF5B
:20556000DFFD56ECE9986089FBBB72AA06638F7214409D512225AB343006B9174EEFC7FEF7
:205580005CCCD5DD6AA9E3B8788AF19B87730E6295501C41A3352A24B1163807CFFF46EE1B
:2055A000DDDC54CDEBB962A8F99A708B088481951AA793B62CC2A5D33EE1B7F04008C919D3
:2055C000522BDB3A644EED5F766DFF7C899400859BB712A6ADD224C3BFF136E0C1184809DB
:2055E000D33B5A2AE55E6C4FF77D7E6C0AA583B4188691972EE3A7F23CC0B5D14229CB3877
:20560000500AD91B666FEF7E744CFD5D8BB502A499961087AFF326E2BDD034C1C3394A289A
:20562000D11A580BE77F6E6EF55C7C4D0CC685D71EE597F42880A1913AA3B3B2444ACD5B32
:205640005669DF78600CE91D722FFB3E8DD604C79FF516E4A9902081BBB332A2C55A4C4B5A
:20566000D7795E68E11C680DF33F7A2E0EE787F61CC495D52AA1A3B03882B193466BCF7AF6
:205680005448DD59622DEB3C700EF91F8FF706E69DD414C5ABB122A0B9923083C77B4E6A1A
:2056A000D5585C49E33D6A2CF11E780FFFFFFFFF687474703A2F2F73756276657273696F96
:2056C0006E2E737773612E636F6D2E61752F7265706F732F466F72645F3132335F494343CA
:2056E0002F46444D2F7472756E6B2F536F6674776172652F776F726B7370616365732F74B3
:2057000072756E6B2F50726F6A6563745F576F726B73706163655F563835305F4170706C77
:2057200069636174696F6E2F776F726B73706163650032393938313200000000249304008A
:20574000B05600003257000000000000DD0707050839080000000000000000000000000081
:205760000000000000000000F0050100000000000000000064060100000000009809010026
:205780000000000000000000B6080100000000000000000014000000010000000200000033
:2057A000030000000400000005000000060000000700000008000000090000000A000000B5
:2057C0000B000000130000000C0000000D0000000E0000000F000000100000001100000054
:2057E000120000000000000014000000010000000200000003000000050000000F00000069
:2058000010000000060000000700000008000000090000000A0000000C0000000D00000037
:205820000E000000040000001100000012000000130000000B000000000000001400000001
:20584000010000000200000003000000050000000F00000010000000060000000700000011
:2058600008000000090000000A0000000C0000000D0000000E0000000400000011000000D1
:2058800012000000130000000B0000001200000011000000040000000E0000000D00000096
:2058A0000C000000130000000B0000000A0000000900000008000000070000000600000096
:2058C0000F000000100000000500000003000000020000000100000014000000000000008A
:2058E0000000000014000000010000000200000003000000050000000F000000100000006A
:20590000060000000700000008000000090000000A0000000C0000000D0000000E00000038
:20592000040000001100000012000000130000000B000000660B0100460B0100000000005E
:205940000000000000000000F80A0100B00A0100000000000000000000000000280A010056
:20596000A80901000000000000000000000000006012010000000000000000000000000002
:2059800000000000E411010000000000000000000000000000000000681101000000000097
:2059A0000000000000000000000000001A110100C2100100000000000000000000000000E8
:2059C0006410010008100100000000000000000000000000BA0F0100660F010000000000F9
:2059E0000000000000000000180F0100B00E01000000000000000000000000009413010018
:205A00000000000000000000761301000000000000040100000301000002010000010100EE
:205A2000000001000100080002000800030302000300020004000800050301000502010028
:205A400000070100020601000203030001000E0003000E0005000E000600030001000E00E2
:205A600003000E0005000E00060003000007010000010600000001000105030001000500DA
:205A80000207010002020500030505000300050004040400040004000503050005020100B5
:205AA0000501010005000100060701000606010007000E000005010000040100000301009A
:205AC000000201000001010000000100020701000206010002050100020401000203010098
:205AE00002020100020101000200010003070100030601000305010003040100030301006D
:205B0000030201000301010003000100040701000406010004050100040401000403010044
:205B200004020100040101000400010005070100050601000505010005040100050301001C
:205B4000050201000501010005000100070040000700400000000800040512000403020076
:205B60000402010005000900000701000006010000000600010701000106010001000600E3
:205B80000207010002060100020006000307010003060100030006000404040004030100B8
:205BA0000402010004010100040001000506020005050100050401000503010005020100A0
:205BC00005010100050001000605030006030200060102000600010007020300070101007A
:205BE0000700010007004000070040000007010000060100000501000004010000030100F1
:205C000000020100000101000000010001070100010601000105010001040100010301005B
:205C2000010201000101010001000100020701000206010002010500020001000307010032
:205C40000306010003050100030401000303010003020100030101000400080005000800FE
:205C60000600080007050100000008000100080002000800030008000400080005000800CA
:205C80000600080007000800000701000002050001000600020305000201020005071100A5
:205CA000050601000505010005040100050301000502010005010100050001000607010097
:205CC000060601000605010006040100060301000703050002001800030008000407010056
:205CE000050104000500010006050300000005000100050002000500030005000400050063
:205D0000050003000000060001000600020006000300060006040300060004000707010037
:205D200007050200070401000700010001070100010601000105010001040100010301001E
:205D4000010201000101010001000100020701000206010002050100020401000203010012
:205D60000202010002010100020001000307010003060100030501000304010003030100EA
:205D80000302010003010100030001000407010004060100040501000404010004030100C2
:205DA00004020100040101000400010005070100050601000505010005040100050301009A
:205DC000050201000501010005000100060701000606010007000E0000070100000601006F
:205DE00000050100000401000003010000020100000101000000010001070100010601007D
:205E0000010501000104010001030100010201000101010001000100020701000206010054
:205E200002050100020401000203010002020100020101000200010003000300040404002F
:205E40000400040006010400070009000700400001001000020008000302020003010100B1
:205E60000300010005001000070010000007010000060100000501000004010000030100D4
:205E80000002010000010100000001000107010001060100010501000104010001030100D9
:205EA00001020100010101000100010002000800030008000400080005000800060008009D
:205EC00007070100070401000700040000070100000601000005010000040100000301007E
:205EE000000201000001010000000100010404000100040002040400020004000304040073
:205F0000030004000404040004000400050008000600080007070100070601000705010021
:205F200007040100070301000702010007010100070001000007010000060100000501001A
:205F400000040100000301000002010000010100000001000107010001060100010501001A
:205F60000104010001030100010201000101010001000100030008000400080005070100E9
:205F80000506010005050100050401000503010005020100050101000500010006070100B4
:205FA000060601000605010006040100060301000602010006010100060001000002020097
:205FC000000002000100050002050100020401000203010002020100020002000303010094
:205FE00003020100030101000300010000050300000203000107030001060100010303006B
:2060000001000300020503000204010002010300030404000300040004050300040203003E
:206020000507030005040300050103000500010006050300060203000707030007040300FE
:206040000703010007000300000008000200100004001000000008000105010001040100E8
:2060600001020100010101000100010002000800000404000003010007003800070040007B
:206080000700400028010A00105A000016020200385A0000E6020300405A0000EC020400F9
:2060A0004C5A0000EF0204005C5A0000F20212006C5A0000F4022600B45A0000F5020100A1
:2060C0004C5B0000F6020100505B0000F9020500545B0000FC021F00685B0000FE020100E5
:2060E000E45B0000FF020100E85B000007031F00EC5B000009030800685C00000B031300B3
:20610000885C00000D030600D45C00000F030600EC5C000011030A00045D000013032B0035
:206120002C5D000015031D00D85D0000170301004C5E000030030700505E00005303180051
:206140006C5E000060031A00CC5E000003042200345F000006040C00BC5F000009041700BD
:20616000EC5F000025040300486000005C05070054600000FC06030070600000A607010061
:206180007C600000AE070100806000000022782112311122333500007415010068150100EC
:2061A0000000000000000000000000003E150100261501000000000000000000000000004F
:2061C00012210100E6200100BC200100F21F0100961F010000000000429300000100000009
:2061E00084C100000200000055C100000300000066C100000400000040C10000050000000E
:2062000059C100000600000000D9000007000000189300000800000040A8000009000000DA
:2062200022A901000A00000023A901000B00000024A901000C0000008B9100000D000000AD
:20624000155400000E0000002F0600000F00000050E000001000000077A400001100000017
:2062600084670000120000003890000013000000859100001400000005A200001500000060
:2062800090A3000016000000AB90000017000000879100001800000004A200001900000074
:2062A000899100001A00000007A201001B000000869101001C000000889101001D0000007A
:2062C0008A9101001E0000001F910100200000000900000022A90000210000000A000000B4
:2062E00023A90000220000000B00000024A90000230000001A00000007A2000024000000CE
:206300001B00000086910000250000001C00000088910000260000000000000042930000F6
:20632000270000000C0000008B910000280000000800000040A800002900000010000000BD
:2063400077A400002A0000000D000000155400002B00000007000000189300002C00000079
:206360000600000000D900002D0000001400000005A200002E0000001800000004A200006A
:20638000EE22010000000000000000000000000000000000CA2901000000000000000000F8
:2063A000000000000000000000020202806300000F0000002819281920A200000F00000092
:2063C0005331533120A200000F00000018631863C06100000F0000000071007120A200001A
:2063E0000F0000002471247120A200000F00000040714071C06100000F0000000080008001
:2064000020A200000F0000000180018020A200000F0000000480048020A200000F000000FF
:206420003481348148A200000F00000022992299A86E00000F0000002D992D9920A2000010
:206440000F0000001CC11CC120A200000F00000001C901C920A200000F00000002C902C9A7
:20646000D45900000F00000003C904C9705900000F00000010C919C9584800000F00000005
:2064800020C929C96C4500000F00000030C930C9C04C00000F00000038C938C9C04800004A
:2064A0000F00000039C939C9C05900000F00000040C945C94C4D00000F00000050C950C9B0
:2064C000604D00000F00000051C951C9744D00000F00000052C952C9884D000008000000E9
:2064E00058C958C9D44C00000F00000060C963C99C4D00000F00000068C968C9F04C000040
:206500000F00000070C970C96CA600000F00000073C973C934A200000F00000080C980C9EA
:20652000986600000F00000081C981C92C4E00000800000082C982C9404E0000080000000C
:2065400090C990C9345900000F00000091C991C9485900000F00000092C992C95C5900001E
:2065600008000000A0C9A0C980B1000008000000B0C9B1C9AC66000008000000B2C9B2C905
:20658000C06100000F00000000CA00CAAC6100000800000001CA01CA3490000008000000C0
:2065A00002CA02CA0CA200000800000003CA03CA44A600000800000004CA04CAD06E000027
:2065C0000800000005CA05CA6CB100000800000006CA06CAE86600000800000007CA07CA58
:2065E000646D00000800000000CB03CBC06100000800000000D100D1946300000F00000058
:2066000000D204D2845900000F00000000E200E2705900000F00000005E205E2E85900003B
:206620000F00000031E231E2AC5900000F00000017E21AE230B200000F00000086E289E258
:2066400030B200000F00000000E304E3985900000F00000000E40DE43C6D00000F000000F2
:2066600010E611E630B200000F000000F2E6F3E6705900000F00000000F0FFFFC0610000A4
:2066800008000000AA3401005E3E0100000000004835010000000000B6330100000000000E
:2066A000000000000000000000000000A04001001A4001000000000000000000000000009E
:2066C0002044010072430100184301000C43010000000000000000000000000000000000F3
:2066E0008E4401000000000010450100E04401000000000000000000000000000126020023
:20670000007800000132000001000001012712007E0000000F000000000000009863010009
:2067200000000000510000000F00000000000000541E01004A1E0100580000000F000000B6
:20674000000000005817010000000000540000000F00000000000000F2160100000000005D
:20676000500000000F000000000000003C640100E6630100710000000F000000000000004F
:206780003A160100E8610100720000000F00000000000000DE150100000000007300000076
:2067A0000F000000000000008E150100000000007B0000000F00000000000000BC1B0100C4
:2067C00000000000610000000F000000000000004C1C010000000000620000000F0000006F
:2067E00000000000F01C010000000000670000000F00000000000000921D0100E061010024
:20680000680000000F0000000000000002630100F0610100740000000E00000000000000C7
:206820004647010000000000760000000E0000000000000034470100000000007700000053
:206840000E000000000000002247010000000000630000000F00000000000000C219010072
:20686000000000007D0000000F00000000000000DC180100000000006E0000000F0000001A
:20688000000000001A1B0100000000006F0000000D0000000000000022180100D8610100D1
:2068A000C50000000F0000000000000096160100C8610100F10000000F000000000000002D
:2068C00010180100D0610100FFFFFFFFFFFFFFFFFFFFFFFFFFFFFFFF0401FFFF03FFFFFF6A
:2068E00002FFFFFFFFFFFFFFFF090A10FFFFFF0B0CFFFFFFFFFF1213FF0506070DFF0E0F0D
:20690000FFFFFF08FF1100FFFFFFFFFFFF14FFFFFFFFFFFFFFFFFFFFFFFFFFFFFFFFFFFF66
:20692000FFFFFFFFFFFFFFFFFFFFFFFFFFFFFFFFFFFFFFFFFFFFFFFFFF15FFFFFFFFFFFF61
:20694000FFFFFFFFFFFFFFFF04265200B81EB81E70159410540C4C0C1C0CFC0BFC0BF00B05
:20696000D80BD80B08080808080808080808080800EBFF032CEBFF032CECFF0334EBFF03B0
:206980003CEBFF0344EBFF034CEBFF0354EBFF035CEBFF0364EBFF036CEBFF0374EBFF03CF
:2069A0005C9C0100169C0100249101000000000052880100AE870100000000005C9C01006B
:2069C000169C01005A8701005C9C0100169C0100020201040404040404040404000000004D
:2069E0000000000000000000000000010204080000100000981EF01B241018100C10800DB2
:206A00004C0DC00C5C0C440C3C0C340C2C0C240CF80BE40BD40BD00BC80BBC0BB00B980B05
:206A20005808A004150000000100020003000400050006000700080009000A000B000C00EF
:206A400016000D0017000E000F001000110012001300140008080307050808080806070831
:206A60000806060807070306050000007CEBFF0384EBFF038CEBFF0390EBFF0398EBFF0389
:206A8000A0EBFF03A8EBFF03B0EBFF03B8EBFF03C0EBFF03C8EBFF03D0EBFF03D8EBFF03AE
:206AA000E0EBFF03E8EBFF03F0EBFF03F8EBFF0300ECFF0308ECFF030CECFF0314ECFF0392
:206AC000000000001CECFF0324ECFF0364470100644701006447010064470100644701003E
:206AE000644701006447010064470100644701006447010064470100644701006447010036
:206B0000644701006447010064470100644701006447010064470100644701006447010015
:206B20006C9F01006C9F01006C9F0100000000000000000000000000000000000000000031
:206B4000000000000000000000000000000000000000000000000000000000000000000035
:206B6000000000000000000000000000000000000000000000000000000000000000000015
:206B80000000000000000000000000000000000000000000010101010101010102020202E5
:206BA0000200000001020408102040800102040810204080010204081000000000000A00AC
:206BC000070001000B000800966501006669010066690100D8650100626901006269010028
:206BE000FA65010060690100606901005E6901005E6901005E690100006601004669010032
:206C00004669010001010100286501002869010028690100E86401007A480100EE470100C9
:206C2000E665010054480100C8470100646501000C48010080470100266901002669010054
:206C4000266901002469010024690100246901008A64010022690100226901002069010069
:206C600020690100206901000101010000FFFFFFFFFF0202FF0101FFFFFFFFFFFFFFFFFF06
:206C8000FFFFFFFFFFFFFFFFFFFFFFFF00020100002713000322FF01FF1FFF1FFF1FFFFF46
:206CA000FFFFFFFFFFFF00140000000000000000FFFFFFFFFFFF00000404030001150000AB
:206CC000FE0000000000000000000007FF00000000000000000000000000000000000000B0
:206CE0000000000000000008C06C0000C86C0000D06C0000D86C0000E06C00000300040059
:206D00000500060009000101010101010101010103060306030C1919320A0C1919320A004C
:206D200003670300000000000000000000000000809201000000000002341000DAA401000E
:206D4000000000000000000000000000000000009CAA010090AA0100B4A701009EA701000F
:206D600000000000B2A6010096A601000000000000000000000000000102000068747470BA
:206D80003A2F2F73756276657273696F6E2E737773612E636F6D2E61752F7265706F732F27
:206DA000466F72645F3132335F4943432F46444D2F7472756E6B2F536F6674776172652F13
:206DC000776F726B7370616365732F7472756E6B2F50726F6A6563745F576F726B737061C2
:206DE00063655F563835305F4170706C69636174696F6E2F776F726B7370616365000000A8
:206E0000000000000000000000000000000000000000000000000000000000000000000072
:206E2000000000000000000000000000000000000000000000000000000000000000000052
:206E40000000000032393938313200000000000000000000000000000000000000000000F3
:206E6000000000000000000000000000000000000000000000000000000000002493040057
:206E80007C6D0000446E000000000000DD07070508390800FAAC010082AD01000000000047
:206EA00042AD0100000000000CAC0100000000000000000000000000000000007EB30100F7
:206EC00024B3010000000000000000000000000094AE010062AE0100000000000000000086
:206EE000000000006C5A00000CC4010002000000705A00000CC4010000000000745A000090
:206F00000CC4010001000000785A00000CC40100030000007C5A00000CC40100040000004E
:206F2000805A00000000000005000000845A00000CC4010008000000885A00000CC4010008
:206F40000F0000008C5A00000CC401000C000000905A00000CC401000D000000945A0000A9
:206F6000B2C3010076000000985A00000CC401000E0000009C5A00000CC401000700000086
:206F8000A05A00000000000006000000A45A00000000000009000000A85A00000CC4010017
:206FA0000B000000AC5A0000000000000A000000B05A00003EC3010073000000D45C000007
:206FC0000CC40100BC000000D85C00000CC4010010000000DC5C00000CC4010011000000F5
:206FE000E05C00000CC4010012000000E45C00000CC4010013000000E85C00000CC4010039
:207000001400000070600000000000000000000074600000000000000000000078600000E0
:2070200000000000000000004C5A00008CC201006D000000505A00008CC201006E00000087
:20704000545A00008CC201006F000000585A00003CC20100740000005C5A00008CC201009A
:2070600070000000605A00008CC2010071000000645A00008CC2010072000000685A0000E5
:207080003CC2010075000000405A0000000000006A000000445A00000CC401006B0000009E
:2070A000485A00000CC401006C0000004C5B00000000000000000000685C00000000000086
:2070C000000000006C5C00000000000000000000705C00000000000000000000745C00004C
:2070E0000000000000000000785C000000000000000000007C5C00000000000000000000E4
:20710000805C00000000000000000000845C00000000000000000000B45A000000000000A5
:2071200029000000B85A00000CC401002A000000BC5A00000CC401002B000000C05A0000ED
:207140000CC401002C000000C45A00000CC401002D000000C85A00000CC401002E000000F5
:20716000CC5A00000CC401002F000000D05A00000CC4010030000000D45A00000CC40100BF
:2071800031000000D85A00000CC4010032000000DC5A00000CC4010033000000E05A000015
:2071A0000CC4010034000000E45A00000CC4010035000000E85A00000CC40100360000003D
:2071C000EC5A00000CC4010037000000F05A00000CC4010038000000F45A00000CC40100EF
:2071E00039000000F85A00000CC401003A000000FC5A00000CC401003B000000005B00003C
:207200000CC401003C000000045B00000CC401003D000000085B00000CC401003E00000082
:207220000C5B00000CC401003F000000105B00000CC4010040000000145B00000CC401001B
:2072400041000000185B00000CC40100420000001C5B00000CC4010043000000205B000061
:207260000CC4010044000000245B00000CC4010045000000285B00000CC4010046000000CA
:207280002C5B00000CC4010047000000305B00000CC4010048000000345B00000CC401004B
:2072A00049000000385B00000CC401004A0000003C5B00000CC401004B000000405B000089
:2072C0000CC401004C000000445B00000CC401004D000000485B0000000000004E000000E3
:2072E000885C0000000000004F0000008C5C00000000000050000000905C00000000000037
:2073000051000000945C00000000000052000000985C000000000000530000009C5C00009B
:207320000000000054000000A05C00000CC4010055000000A45C00000CC4010056000000B0
:20734000A85C00000CC4010057000000AC5C00000000000058000000B05C00000CC40100C4
:2073600059000000B45C0000000000005A000000B85C00000CC401005B000000BC5C0000F2
:207380000CC401005C000000C05C00000CC401005D000000C45C00000CC401005E00000027
:2073A000C85C00000CC401005F000000CC5C00000CC4010060000000D05C00000CC4010023
:2073C00061000000545B00000CC4010025000000585B00000CC40100BD0000005C5B0000AF
:2073E0000CC4010027000000605B00000CC4010028000000645B00000CC40100260000002B
:20740000E45B00000000000000000000EC5C00000CC401001F000000F05C00000CC40100D8
:2074200020000000F45C00000CC4010021000000F85C00000CC4010022000000FC5C00004B
:207440000CC4010023000000005D00000CC4010024000000045D00000CC40100150000009F
:20746000085D00000CC40100160000000C5D00000CC4010017000000105D00000CC4010031
:2074800018000000145D00000000000019000000185D00000CC401001A0000001C5D000071
:2074A0000CC401001B000000205D00000CC401001C000000245D00000CC401001D00000007
:2074C000285D00000CC401001E0000004C5E00000000000000000000BC5F00000000000073
:2074E00000000000C05F00000000000000000000C45F00000AEF010000000000C85F000029
:207500000000000000000000CC5F00000000000000000000D05F0000000000000000000011
:20752000D45F00000000000000000000D85F00000000000000000000DC5F000000000000A6
:2075400000000000E05F00000000000000000000E45F00000000000000000000E85F000062
:207560000000000000000000345F00000000000000000000385F00000000000000000000E1
:207580003C5F00000000000000000000405F00000000000000000000445F0000000000000E
:2075A00000000000485F000040E60100180000004C5F00000000000000000000505F00008B
:2075C0000000000000000000545F00000000000000000000585F0000000000000000000041
:2075E0005C5F00000000000000000000605F00000000000000000000645F0000000000004E
:2076000000000000685F000000000000000000006C5F00000000000000000000705F000009
:207620000000000000000000745F00000000000000000000785F00000000000000000000A0
:207640007C5F00000000000000000000805F00000000000000000000845F0000000000008D
:2076600000000000885F000000000000000000008C5F00000000000000000000905F000049
:207680000000000000000000945F00000000000000000000985F0000000000000000000000
:2076A0009C5F00000000000000000000A05F00000000000000000000A45F000000000000CD
:2076C00000000000A85F00000000000000000000AC5F00000000000000000000B05F000089
:2076E0000000000000000000B45F00000000000000000000B85F0000000000000000000060
:20770000EC5F000082F9010000000000F05F000082F9010001000000F45F000082F9010007
:2077200002000000F85F000082F9010003000000FC5F000082F90100040000000060000036
:2077400082F90100050000000460000082F90100060000000860000082F9010007000000D7
:207760000C60000082F90100080000001060000082F90100090000001460000082F9010034
:207780000A0000001860000082F901000B0000001C60000082F901000C000000206000005C
:2077A00082F901000D0000002460000082F901000E0000002860000082F901000F0000001F
:2077C0002C60000082F90100100000003060000082F90100110000003460000082F9010064
:2077E000120000003860000082F90100130000003C60000082F90100140000004060000084
:2078000082F90100150000004460000082F90100160000007C6000000000000000000000C5
:207820006C5E000062E6010000000000705E000062E6010001000000745E000062E6010002
:2078400002000000785E000062E60100030000007C5E000062E6010004000000805E0000FF
:2078600062E6010005000000845E000062E6010006000000885E000062E601000700000053
:207880008C5E000062E6010008000000905E000062E6010009000000945E000062E6010032
:2078A0000A000000985E000062E601000B0000009C5E000062E601000C000000A05E000027
:2078C00062E601000D000000A45E000062E601000E000000A85E000062E601000F0000009B
:2078E000AC5E000062E6010010000000B05E000062E6010011000000B45E000062E6010062
:2079000012000000B85E000062E6010013000000BC5E000062E6010014000000C05E00004E
:2079200062E6010015000000C45E000062E6010016000000C85E000062E6010017000000E2
:20794000505E00000000000000000000545E0000AAEE010000000000585E0000DAEE0100AF
:20796000000000005C5E00000000000000000000605E00000000000000000000645E0000CD
:2079800060E0010000000000685E000060E0010001000000105A0000000000000000000034
:2079A000145A00000000000000000000185A000000000000000000001C5A00000000000071
:2079C00000000000205A00000000000000000000245A000082F901003C000000285A000075
:2079E00000000000000000002C5A00000000000000000000305A000060E001000300000033
:207A0000345A000060E0010002000000385A000000000000000000003C5A0000A4EE0100DA
:207A200000000000CC5E00000000000000000000D05E00000000000000000000D45E0000BC
:207A40000000000000000000D85E00000000000000000000DC5E00000000000000000000B6
:207A6000E05E000082F9010032000000E45E00000000000000000000E85E000082F9010016
:207A800033000000EC5E00000000000000000000F05E00000000000000000000F45E0000C9
:207AA0000000000000000000F85E00000000000000000000FC5E000082F901003400000066
:207AC000005F000082F9010035000000045F000082F9010036000000085F000082F901009E
:207AE000370000000C5F00000000000000000000105F00000000000000000000145F000002
:207B00000000000000000000185F000000000000000000001C5F0000000000000000000073
:207B2000205F00000000000000000000245F00000000000000000000285F000000000000BC
:207B4000000000002C5F00000000000000000000305F00000000000000000000806000002B
:207B600000000000000000004860000000000000000000004C6000000000000000000000B1
:207B80005060000000000000000000005460000000000000000000005860000000000000C9
:207BA000000000005C60000000000000000000006060000000000000000000006460000085
:207BC00000000000000000006860000000000000000000006C600000000000000000000011
:207BE000EC5B00000000000000000000F05B00000000000000000000F45B000000000000A4
:207C000000000000F85B00000000000000000000FC5B00000000000000000000005C00005E
:207C20000000000000000000045C00000000000000000000085C0000000000000000000080
:207C40000C5C00000000000000000000105C00000000000000000000145C000000000000E0
:207C600000000000185C000000000000000000001C5C00000000000000000000205C00009C
:207C80000000000000000000245C00000000000000000000285C00000000000000000000E0
:207CA0002C5C00000000000000000000305C00000000000000000000345C00000000000020
:207CC00000000000385C000000000000000000003C5C00000000000000000000405C0000DC
:207CE0000000000000000000445C00000000000000000000485C0000000000000000000040
:207D00004C5C00000000000000000000505C00000000000000000000545C0000000000005F
:207D200000000000585C000000000000000000005C5C00000000000000000000605C00001B
:207D40000000000000000000645C00000000000000000000685B00000000000000000000A0
:207D60006C5B00000000000000000000705B00000000000000000000745B000000000000A2
:207D800000000000785B000000000000000000007C5B00000000000000000000805B00005E
:207DA0000000000000000000845B00000000000000000000885B0000000000000000000001
:207DC0008C5B00000000000000000000905B00000000000000000000945B000000000000E2
:207DE00000000000985B000000000000000000009C5B00000000000000000000A05B00009E
:207E00000000000000000000A45B00000000000000000000A85B0000000000000000000060
:207E2000AC5B00000000000000000000B05B00000000000000000000B45B00000000000021
:207E400000000000B85B00000000000000000000BC5B00000000000000000000C05B0000DD
:207E60000000000000000000C45B00000000000000000000C85B00000000000000000000C0
:207E8000CC5B00000000000000000000D05B00000000000000000000D45B00000000000061
:207EA00000000000D85B00000000000000000000DC5B00000000000000000000E05B00001D
:207EC00000000000000000002C5D00000000000000000000305D000000000000000000008C
:207EE000345D00000000000000000000385D000000000000000000003C5D000000000000C3
:207F000000000000405D00000000000000000000445D00000000000000000000485D00007E
:207F200000000000000000004C5D00000000000000000000505D00000000000000000000EB
:207F4000545D00000000000000000000585D000000000000000000005C5D00000000000002
:207F600000000000605D00000000000000000000645D00000000000000000000685D0000BE
:207F800000000000000000006C5D00000000000000000000705D000000000000000000004B
:207FA000745D00000000000000000000785D000000000000000000007C5D00000000000042
:207FC00000000000805D00000000000000000000845D00000000000000000000885D0000FE
:207FE00000000000000000008C5D00000000000000000000905D00000000000000000000AB
:20800000945D00000000000000000000985D000000000000000000009C5D00000000000081
:2080200000000000A05D00000000000000000000A45D00000000000000000000A85D00003D
:208040000000000000000000AC5D00000000000000000000B05D000000000000000000000A
:20806000B45D00000000000000000000B85D00000000000000000000BC5D000000000000C1
:2080800000000000C05D00000000000000000000C45D00000000000000000000C85D00007D
:2080A0000000000000000000CC5D00000000000000000000D05D000000000000000000006A
:2080C000D45D00000000000000000000E85B00000000000000000000505B00000000000081
:2080E00000000000D85D00000000000000000000DC5D00000000000000000000E05D0000D5
:208100000000000000000000E45D00000000000000000000E85D00000000000000000000D9
:20812000EC5D00000000000000000000F05D00000000000000000000F45D00000000000058
:2081400000000000F85D00000000000000000000FC5D00000000000000000000005E000013
:208160000000000000000000045E00000000000000000000085E0000000000000000000037
:208180000C5E00000000000000000000105E00000000000000000000145E00000000000095
:2081A00000000000185E000000000000000000001C5E00000000000000000000205E000051
:2081C0000000000000000000245E00000000000000000000285E0000000000000000000097
:2081E0002C5E00000000000000000000305E00000000000000000000345E000000000000D5
:2082000000000000385E000000000000000000003C5E00000000000000000000405E000090
:208220000000000000000000445E00000000000000000000485E00000000000000000000F6
:2082400028010000B4B3FF030A00000094790000E6020000B8B3FF03030000008870000025
:20826000EC020000BCB3FF030400000028700000EF020000C4B3FF030400000058700000CD
:20828000F2020000CCB3FF0312000000E46E0000F4020000D8B3FF032600000018710000D3
:2082A000F9020000DCB3FF0305000000C4730000FC020000E0B3FF031F000000547D000073
:2082C00007030000E4B3FF031F000000E07B000009030000E8B3FF0308000000B8700000A8
:2082E0000B030000F0B3FF0313000000E07200000D030000F4B3FF0306000000BC6F00007C
:208300000F030000F8B3FF03060000000C74000011030000FCB3FF030A0000005474000081
:208320001303000000B4FF032B000000C87E00001503000004B4FF031D000000E4800000AD
:208340001703000008B4FF0301000000CC740000300300000CB4FF0307000000407900004F
:208360005303000014B4FF031800000020780000600300001CB4FF031A000000247A000040
:208380000304000024B4FF0322000000687500000604000028B4FF030C000000D8740000BD
:2083A000090400002CB4FF031700000000770000FC06000034B4FF030300000004700000DD
:2083C000A60700003CB4FF030100000014780000AE07000040B4FF03010000005C7B0000EE
:2083E0001602000044B4FF03020000000C7A00002504000048B4FF0303000000687B0000D6
:2084000000000000000000000000000000000000000000000000000000000000000000005C
:2084200000000000000000000000000000000000000000000000000000000000000000003C
:2084400000000000000000000000000000000000000000000000000000000000000000001C
:208460000000000000000000000000000000000000000000000000000000000000000000FC
:208480000000000000000000000000000000000000000000000000000000000000000000DC
:2084A0000000000000000000000000000000000000000000000000000000000000000000BC
:2084C00000000000000000000000000000000000000000000000000000000000000000009C
:2084E00000000000000000000000000000000000000000000000000000000000000000007C
:2085000000000000000000000000000000000000000000000000000000000000000000005B
:2085200000000000000000000000000000000000000000000000000000000000000000003B
:2085400000000000000000000000000000000000000000000000000000000000000000001B
:208560000000000000000000000000000000000000000000000000000000000000000000FB
:208580000000000000000000000000000000000000000000000000000000000000000000DB
:2085A0000000000000000000000000000000000000000000000000000000000000000000BB
:2085C00000000000000000000000000000000000000000000000000000000000000000009B
:2085E000000000000000000000000000F6740100F475010000000000D0DF0100E0DF010036
:208600009E75010098BB010078BB01009E740100000000000873010030730100000000008B
:2086200018BC0100F8BB0100D8BB0100B8BB0100A8710100D871010008720100387201001F
:2086400028710100587101008071010010780100000000008C800100B4800100DC8001009C
:20866000048101002C810100548101007C810100A48101004C7F0100747F01009C7F0100F0
:20868000C47F0100EC7F0100148001003C800100648001000C7E0100347E01005C7E0100DA
:2086A000847E0100AC7E0100D47E0100FC7E0100247F0100CC7C0100F47C01001C7D0100C6
:2086C000447D01006C7D0100947D0100BC7D0100E47D01008C7B0100B47B0100DC7B0100B0
:2086E000047C01002C7C0100547C01007C7C0100A47C0100FC7A01000000000000000000EE
:2087000088BC0100E8830100E081010010820100E2860100B68601007AB801004AB80100D7
:2087200000000000E2B501000000000078B4FF030102000079B4FF03010200007AB4FF030E
:20874000010200007BB4FF03010200007CB4FF03010200007DB4FF03010200007EB4FF0343
:20876000010200007FB4FF030102000080B4FF030102000081B4FF030102000082B4FF0313
:208780000102000083B4FF030102000084B4FF030102000085B4FF030102000086B4FF03E3
:2087A0000102000087B4FF030102000088B4FF03010A000089B4FF03010A00008AB4FF03A3
:2087C000010A00008BB4FF03010A00008CB4FF03010A00008DB4FF03010C00008EB4FF0361
:2087E000010C00008FB4FF03010C000090B4FF03010C000091B4FF03010C000092B4FF032B
:20880000010C000093B4FF03010C000094B4FF03010C000095B4FF03010C000096B4FF03FA
:20882000010C000097B4FF03010B000098B4FF03010B000099B4FF03010B00009AB4FF03CD
:20884000010B00009BB4FF03010B00009CB4FF03010B00009DB4FF03010500009EB4FF03A4
:2088600002050000A0B4FF0301050000A1B4FF0301050000A2B4FF0301030000A3B4FF0383
:2088800001030000A4B4FF0301030000A5B4FF0301030000A6B4FF0301030000A7B4FF035A
:2088A00001030000A8B4FF0301030000A9B4FF0301030000AAB4FF0301030000ABB4FF032A
:2088C00001030000ACB4FF0301030000ADB4FF0301030000AEB4FF0301030000AFB4FF03FA
:2088E00001030000B0B4FF0301030000B1B4FF0301030000B2B4FF0301030000B3B4FF03CA
:2089000001030000B4B4FF0301030000B5B4FF0301030000B6B4FF0301030000B7B4FF0399
:2089200001030000B8B4FF0301030000B9B4FF0301030000BAB4FF0301030000BBB4FF0369
:2089400001030000BCB4FF0301030000BDB4FF0301030000BEB4FF0301030000BFB4FF0339
:2089600001030000C0B4FF0301030000C1B4FF0301030000C2B4FF0301030000C3B4FF0309
:2089800001030000C4B4FF0301030000C5B4FF0301030000C6B4FF0301030000C7B4FF03D9
:2089A00001030000C8B4FF0301090000C9B4FF0301090000CAB4FF0301090000CBB4FF0397
:2089C00001090000CCB4FF0301090000CDB4FF0301090000CEB4FF0301090000CFB4FF0361
:2089E00001090000D0B4FF0301090000D1B4FF0301090000D2B4FF0301090000D3B4FF0331
:208A000001090000D4B4FF0301090000D5B4FF0301090000D6B4FF0301090000D7B4FF0300
:208A200001090000D8B4FF0301090000D9B4FF0301090000DAB4FF0301090000DBB4FF03D0
:208A400001080000DCB4FF0301080000DDB4FF0301080000DEB4FF0301080000DFB4FF03A4
:208A600001080000E0B4FF0301080000E1B4FF0301080000E2B4FF0301080000E3B4FF0374
:208A800001000000E4B4FF0301000000E5B4FF0301000000E8B4FF0304010000ECB4FF0359
:208AA00004010000F0B4FF0304010000F4B4FF0304010000F8B4FF0304010000FCB4FF03F2
:208AC0000401000000B5FF030411000004B5FF030101000005B5FF030101000006B5FF038D
:208AE0000111000007B5FF03010600000BB5FF03010600000AB5FF030106000009B5FF034E
:208B00000106000010B5FF03010600000FB5FF03010600000EB5FF030106000016B5FF031A
:208B20000106000018B5FF030106000017B5FF03010600001BB5FF030106000014B5FF03DF
:208B40000106000013B5FF030106000012B5FF030106000011B5FF030106000020B5FF03C7
:208B6000010600001FB5FF03010600001EB5FF03010600001DB5FF030106000023B5FF0380
:208B80000106000022B5FF030106000021B5FF030106000026B5FF03010E000027B5FF0345
:208BA000010E000028B5FF03020E00002EB5FF03010D00002FB5FF03010D000030B5FF03E9
:208BC000010D000031B5FF03010D000032B5FF03010D000033B5FF03010D000034B5FF03B7
:208BE000010D000035B5FF03010D000036B5FF03010D000037B5FF03010D000038B5FF0387
:208C0000010D000039B5FF03010D00003AB5FF03010D00003BB5FF03010D00003CB5FF0356
:208C2000010D00003DB5FF03010D00003EB5FF03010D00003FB5FF03010D000040B5FF0326
:208C4000010D000041B5FF03010D000042B5FF03010D000043B5FF03010D000044B5FF03F6
:208C6000010D000045B5FF03010D000046B5FF03010D000047B5FF03010D000048B5FF03C6
:208C8000010D000049B5FF03010D00004AB5FF03010D00004BB5FF03010D00004CB5FF0396
:208CA000010D00004DB5FF03010D00004EB5FF03010D00004FB5FF03010D000050B5FF0366
:208CC000010D000051B5FF03010D000052B5FF03010D000053B5FF03010D000054B5FF0336
:208CE000010D000055B5FF03010D000056B5FF03010D000057B5FF03010D000058B5FF0306
:208D0000010D00005CB5FF03040D000080B5FF030413000084B5FF03041300000007010079
:208D20000006010000030300020612000404120006021200080012000B0612000D04120078
:208D40000F021200100403001000030011000400000206000001010000000100010503009D
:208D60000100050002070100020601000205010002000500030701000306010003050100AD
:208D800003000500040404000503050006060500000501000004010000030100000201008F
:208DA000000101000000010001070100010601000105010001040100010301000102010089
:208DC000010101000100010002070100020601000205010002040100020301000202010061
:208DE000020101000200010003070100030601000305010003040100030301000302010039
:208E0000030101000300010004070100040601000405010004040100040301000402010010
:208E20000401010004000100000008000207090002010200020001000007010000060100F6
:208E40000000060001070100010601000100060002070100020601000200060003070100CE
:208E60000306010003050100030401000303010003020100030101000300010004050300B5
:208E800004030200040102000400010005020300050101000500010006000500060501008F
:208EA000000008000100080002000800030008000400080005000800060008000700080056
:208EC000000701000002050001000600020305000201020005071100050601000505010039
:208EE000050401000503010005020100050101000500010006070100060601000605010023
:208F0000060401000603010007030500000008000107010002010400020001000205030008
:208F20000000050001000500020005000300050004000500040503000000060001000600F5
:208F40000200060003000600040403000400040005070100050502000504010005000100C4
:208F60000007010000060100000501000004010000030100000201000001010000000100CD
:208F80000107010001060100010501000104010001030100010201000101010001000100A5
:208FA00002070100020601000205010002040100020301000202010002010100020001007D
:208FC000030701000306010003050100030401000303010003020100030101000300010055
:208FE00004070100040601000405010004040100040301000402010004010100040001002D
:209000000507010005060100050503000700110000050100000104000100090003001000EA
:20902000050010000000080003001200020018000500120034CD0100FECC01000000000000
:209040000000000000000000508D000078B4FF030100000000840000548D000079B4FF0370
:209060000100000004840000588D00007AB4FF0301000000088400005C8D00007BB4FF03AB
:20908000010000000C840000608D00007CB4FF030100000010840000648D00007DB4FF0367
:2090A0000100000014840000688D00007EB4FF0301000000188400006C8D00007FB4FF0323
:2090C000010000001C840000708D000080B4FF030100000020840000748D000081B4FF03DF
:2090E0000100000024840000788D000082B4FF0301000000288400007C8D000083B4FF039B
:20910000010000002C840000808D000084B4FF030100000030840000848D000085B4FF0356
:209120000100000034840000888D000086B4FF0301000000388400008C8D000087B4FF0312
:20914000010000003C8400000C8F000088B4FF030100000040840000108F000089B4FF03D2
:209160000100000044840000148F00008AB4FF030100000048840000188F00008BB4FF038E
:20918000010000004C8400001C8F00008CB4FF030100000050840000288D0000E8B4FF03E9
:2091A00004000000548400002C8D0000ECB4FF030400000058840000308D0000F0B4FF0335
:2091C000040000005C840000348D0000F4B4FF030400000060840000388D0000F8B4FF03E5
:2091E00004000000648400003C8D0000FCB4FF030400000068840000408D000000B5FF0394
:20920000040000006C840000448D000004B5FF030100000070840000488D000005B5FF0348
:2092200001000000748400004C8D000006B5FF0301000000788400001C8D0000E3B4FF0360
:20924000010000007C840000208D0000E4B4FF030100000080840000248D0000E5B4FF0375
:209260000100000084840000908D0000A2B4FF0301000000A8840000948D0000A3B4FF03C9
:2092800001000000AC840000988D0000A4B4FF0301000000B08400009C8D0000A5B4FF0365
:2092A00001000000B4840000A08D0000A6B4FF0301000000B8840000A48D0000A7B4FF0321
:2092C00001000000BC840000A88D0000A8B4FF0301000000C0840000AC8D0000A9B4FF03DD
:2092E00001000000C4840000B08D0000AAB4FF0301000000C8840000B48D0000ABB4FF0399
:2093000001000000CC840000B88D0000ACB4FF0301000000D0840000BC8D0000ADB4FF0354
:2093200001000000D4840000C08D0000AEB4FF0301000000D8840000C48D0000AFB4FF0310
:2093400001000000DC840000C88D0000B0B4FF0301000000E0840000CC8D0000B1B4FF03CC
:2093600001000000E4840000D08D0000B2B4FF0301000000E8840000D48D0000B3B4FF0388
:2093800001000000EC840000D88D0000B4B4FF0301000000F0840000DC8D0000B5B4FF0344
:2093A00001000000F4840000E08D0000B6B4FF0301000000F8840000E48D0000B7B4FF0300
:2093C00001000000FC840000E88D0000B8B4FF030100000000850000EC8D0000B9B4FF03BB
:2093E0000100000004850000F08D0000BAB4FF030100000008850000F48D0000BBB4FF0376
:20940000010000000C850000F88D0000BCB4FF030100000010850000FC8D0000BDB4FF0331
:209420000100000014850000008E0000BEB4FF030100000018850000048E0000BFB4FF03EB
:20944000010000001C850000088E0000C0B4FF0301000000208500000C8E0000C1B4FF03A7
:209460000100000024850000108E0000C2B4FF030100000028850000148E0000C3B4FF0363
:20948000010000002C850000188E0000C4B4FF0301000000308500001C8E0000C5B4FF031F
:2094A0000100000034850000208E0000C6B4FF030100000038850000248E0000C7B4FF03DB
:2094C000010000003C850000C08E0000C8B4FF030100000040850000C48E0000C9B4FF0367
:2094E0000100000044850000C88E0000CAB4FF030100000048850000CC8E0000CBB4FF0323
:20950000010000004C850000D08E0000CCB4FF030100000050850000D48E0000CDB4FF03DE
:209520000100000054850000D88E0000CEB4FF030100000058850000DC8E0000CFB4FF039A
:20954000010000005C850000E08E0000D0B4FF030100000060850000E48E0000D1B4FF0356
:209560000100000064850000E88E0000D2B4FF030100000068850000EC8E0000D3B4FF0312
:20958000010000006C850000F08E0000D4B4FF030100000070850000F48E0000D5B4FF03CE
:2095A0000100000074850000F88E0000D6B4FF030100000078850000FC8E0000D7B4FF038A
:2095C000010000007C850000008F0000D8B4FF030100000080850000048F0000D9B4FF0344
:2095E0000100000084850000088F0000DAB4FF030100000088850000288E00009DB4FF0323
:20960000010000008C8500002C8E00009EB4FF030200000090850000308E0000A0B4FF03FF
:209620000100000094850000348E0000A1B4FF030100000098850000208F000097B4FF03DD
:20964000010000009C850000248F000098B4FF0301000000A0850000288F000099B4FF03BB
:2096600001000000A48500002C8F00009AB4FF0301000000A8850000308F00009BB4FF0377
:2096800001000000AC850000348F00009CB4FF0301000000B0850000388F00008DB4FF0343
:2096A00001000000B48500003C8F00008EB4FF0301000000B8850000408F00008FB4FF030F
:2096C00001000000BC850000448F000090B4FF0301000000C0850000488F000091B4FF03CB
:2096E00001000000C48500004C8F000092B4FF0301000000C8850000508F000093B4FF0387
:2097000001000000CC850000548F000094B4FF0301000000D0850000588F000095B4FF0342
:2097200001000000D48500005C8F000096B4FF0301000000D88500002490000006B5FF03C9
:2097400001000000DC8500002890000000B5FF0304000000E0850000000000006DB5FF03AB
:2097600008000000000000000000000075B5FF030800000000000000388E00000DB5FF0323
:2097800001000000EC8500003C8E000008B5FF0301000000F0850000408E000007B5FF03CC
:2097A00001000000F4850000448E00000BB5FF0301000000F8850000488E00000AB5FF0386
:2097C00001000000FC8500004C8E000009B5FF030100000000860000508E000010B5FF0341
:2097E0000100000004860000548E00000FB5FF030100000008860000588E00000EB5FF03FC
:20980000010000000C8600005C8E000016B5FF030100000010860000608E000018B5FF03AA
:209820000100000014860000648E000017B5FF030100000018860000688E00001BB5FF0366
:20984000010000001C8600006C8E000014B5FF030100000020860000708E000013B5FF0331
:209860000100000024860000748E000012B5FF030100000028860000788E000011B5FF03F5
:20988000010000002C8600007C8E000020B5FF030100000030860000808E00001FB5FF0399
:2098A0000100000034860000848E00001EB5FF030100000038860000888E00001DB5FF035D
:2098C000010000003C8600008C8E000023B5FF030100000040860000908E000022B5FF0313
:2098E0000100000044860000948E000021B5FF030100000048860000988E000024B5FF03D3
:20990000010000004C8600009C8E000025B5FF030100000050860000608F00002EB5FF03C3
:209920000100000054860000648F00002FB5FF030100000058860000688F000030B5FF03B6
:20994000010000005C8600006C8F000031B5FF030100000060860000708F000032B5FF0372
:209960000100000064860000748F000033B5FF030100000068860000788F000034B5FF032E
:20998000010000006C8600007C8F000035B5FF030100000070860000808F000036B5FF03EA
:2099A0000100000074860000848F000037B5FF030100000078860000888F000038B5FF03A6
:2099C000010000007C8600008C8F000039B5FF030100000080860000908F00003AB5FF0362
:2099E0000100000084860000948F00003BB5FF030100000088860000988F00003CB5FF031E
:209A0000010000008C8600009C8F00003DB5FF030100000090860000A08F00003EB5FF03D9
:209A20000100000094860000A48F00003FB5FF030100000098860000A88F000040B5FF0395
:209A4000010000009C860000AC8F000041B5FF0301000000A0860000B08F000042B5FF0351
:209A600001000000A4860000B48F000043B5FF0301000000A8860000B88F000044B5FF030D
:209A800001000000AC860000BC8F000045B5FF0301000000B0860000C08F000046B5FF03C9
:209AA00001000000B4860000C48F000047B5FF0301000000B8860000C88F000048B5FF0385
:209AC00001000000BC860000CC8F000049B5FF0301000000C0860000D08F00004AB5FF0341
:209AE00001000000C4860000D48F00004BB5FF0301000000C8860000D88F00004CB5FF03FD
:209B000001000000CC860000DC8F00004DB5FF0301000000D0860000E08F00004EB5FF03B8
:209B200001000000D4860000E48F00004FB5FF0301000000D8860000E88F000050B5FF0374
:209B400001000000DC860000EC8F000051B5FF0301000000E0860000F08F000052B5FF0330
:209B600001000000E4860000F48F000053B5FF0301000000E8860000F88F000054B5FF03EC
:209B800001000000EC860000FC8F000055B5FF0301000000F08600000090000056B5FF03A7
:209BA00001000000F48600000490000057B5FF0301000000F88600000890000058B5FF0362
:209BC00001000000FC8600000C9000005CB5FF0304000000008700001090000026B5FF034B
:209BE00001000000048700001490000027B5FF0301000000088700001890000028B5FF0340
:209C0000020000000C8700001C9000002AB5FF030200000010870000209000002CB5FF03F6
:209C200002000000148700003090000084B5FF0304000000E88500002C90000080B5FF0328
:209C400004000000E48500002E000000050000002F000000040000003000000003000000FE
:209C600031000000020000003200000001000000000000000100000001000000020000007A
:209C800002000000040000000300000008000000040000001000000005000000200000007A
:209CA000060000000000000007000000000100000800000000020000090000000003000080
:209CC0000B000000010000000C000000010100000D000000010200000E0000000103000048
:209CE000100000000200000011000000020100001200000002020000130000000203000010
:209D00001400000002040000150000000300000016000000030100001700000003020000DB
:209D2000180000000303000019000000030400001A000000040000001B00000004010000A7
:209D40001C000000040200001D000000040300001E000000040400001F0000000500000073
:209D600020000000050100002B000000070200002A00000007010000290000000700000027
:209D8000240000000600000025000000060100002600000006020000060000000000000039
:209DA0000700000000010000080000000002000009000000000300000D0000000100000077
:209DC0000E0000000101000010000000020000001100000002010000120000000202000037
:209DE0001300000002030000140000000204000015000000030000001600000003010000FF
:209E00001700000003020000180000000303000019000000030400001A00000004000000CA
:209E20001B000000040100001C000000040200001D000000040300001E0000000404000096
:209E40001F0000000500000020000000050100002B000000070200002A0000000701000052
:209E600029000000070000002400000006000000250000000601000026000000060200002E
:209E800001000000D076010002000000F8760100030000004078010004000000CE74010006
:209EA000050000007077010006000000B8DF010007000000D079010008000000A87901009C
:209EC00009000000C8DF01000B000000807901000C000000587901000D0000003079010037
:209EE0000E00000008790100100000006878010011000000987A010012000000A8DF010023
:209F000013000000B0DF010014000000C0DF0100150000002077010018000000CC750100E3
:209F20001D000000E8DF01001E000000D8DF01000204020201040404040600001500000030
:209F4000000000001B00000000040000030000000002000002000000000700001C000000B8
:209F60000002000000000000030100000400000002020000160000000104000018000000A0
:209F8000010700001A000000020700001D000000000200001E000000000300002B0000002B
:209FA000030700002A000000030600002900000003050000240000000304000025000000E3
:209FC000030300002600000003020000190000000005000017000000000400001000000007
:209FE0000307000014000000020200000B000000020100000C00000002000000070000001C
:20A00000010600000D000000010300000E00000001020000120000000101000013000000F0
:20A020000100000008000000000700001100000000020000090000000001000006000000ED
:20A040000000000001000000020300000500000002020000000000000307000001000000E6
:20A060000003000002000000000000000300000000040000040000000407000005000000C0
:20A08000000200000600000002070000070000000206000008000000020500000900000088
:20A0A000020400000B000000010600000C000000010500000D000000020000000E00000059
:20A0C000010700001000000002020000110000000203000012000000010400001300000024
:20A0E0000103000014000000020100001500000000010000160000000405000017000000F9
:20A1000004040000180000000403000019000000040200001A000000040600001B000000BA
:20A12000040100001C000000040000001D000000030600001E000000030500002B00000083
:20A14000050700002A00000005060000290000000505000024000000050400002500000039
:20A160000503000026000000050200000000000001000000020000000300000004000000A0
:20A1800005000000060000000700000008000000090000000B0000000C0000000D00000078
:20A1A0000E000000100000001100000012000000130000001400000015000000160000000C
:20A1C0001700000018000000190000001A0000001B0000001C0000001D0000001E000000AB
:20A1E0002B0000002A00000029000000240000002500000026000000E6DB010028D80100AF
:20A2000080D5010022D5010000000000CCD401008AD40100000000000000000000000000F0
:20A220005ED20100000000000000000048D00100D0CE010000000000000000000000000035
:20A2400060CE010028CE0100DCCD0100000000000000000098CD010090CD01004CE001003D
:20A26000F0DF0100000000000000000000000000CCA50000DCB7FF030100000050A4000013
:20A28000D0A50000DDB7FF030100000054A40000D4A50000DEB7FF030100000058A40000AD
:20A2A000D8A50000DFB7FF03010000005CA40000DCA50000E0B7FF030100000060A4000069
:20A2C000E0A50000E1B7FF030100000064A40000E4A50000E2B7FF030100000068A4000025
:20A2E000E8A50000E3B7FF03010000006CA40000ECA50000E4B7FF030100000070A40000E1
:20A30000F0A50000E5B7FF030100000074A40000F4A50000E6B7FF030100000078A400009C
:20A32000F8A50000E7B7FF03010000007CA40000FCA50000E8B7FF030100000080A4000058
:20A3400000A60000E9B7FF030100000084A4000004A60000EAB7FF030100000088A4000012
:20A3600008A60000EBB7FF03010000008CA400000CA60000ECB7FF030100000090A40000CE
:20A3800010A60000EDB7FF030100000094A4000014A60000EEB7FF030100000098A400008A
:20A3A00018A60000EFB7FF03010000009CA400001CA60000F0B7FF0301000000A0A4000046
:20A3C00020A60000F1B7FF0301000000A4A4000024A60000F2B7FF0301000000A8A4000002
:20A3E00028A60000F3B7FF0301000000ACA400002CA60000F4B7FF0301000000B0A40000BE
:20A4000030A60000F5B7FF0301000000B4A4000034A60000F6B7FF0301000000B8A4000079
:20A4200038A60000F7B7FF0301000000BCA400003CA60000F8B7FF0301000000C0A4000035
:20A4400040A60000F9B7FF0301000000C4A4000000000000000000000000000000000000FB
:20A460000000000000000000000000000000000000000000000000000000000000000000DC
:20A480000000000000000000000000000000000000000000000000000000000000000000BC
:20A4A00000000000000000000000000000000000000000000000000000000000000000009C
:20A4C00000000000000000000EE40100C6E30100000000000000000000000000DCB7FF034A
:20A4E00001000000DDB7FF0301000000DEB7FF0301000000DFB7FF0301000000E0B7FF03FA
:20A5000001000000E1B7FF0301000000E2B7FF0301000000E3B7FF0301000000E4B7FF03C9
:20A5200001000000E5B7FF0301000000E6B7FF0301000000E7B7FF0301000000E8B7FF0399
:20A5400001000000E9B7FF0301000000EAB7FF0301000000EBB7FF0301000000ECB7FF0369
:20A5600001000000EDB7FF0301000000EEB7FF0301000000EFB7FF0301000000F0B7FF0339
:20A5800001000000F1B7FF0301000000F2B7FF0301000000F3B7FF0301000000F4B7FF0309
:20A5A00001000000F5B7FF0301010000F6B7FF0301020000F7B7FF0301020000F8B7FF03D4
:20A5C00001020000F9B7FF03010200000007010000060100000501000004010000030100A5
:20A5E000000201000001010000000100010701000106010001050100010401000103010032
:20A600000102010001010100010001000200080003000800040008000500080006000800F5
:20A620000707010007040100070004000705010000000400000701000006010000050100CE
:20A64000010008000CE70100DAE60100000000000000000000000000DAED0100E6EA0100A3
:20A660000000000078E90100000000000AE9010070E801000000000000000000000000002B
:20A680000000000000000000010000000100000002000000020000000300000004000000AD
:20A6A0000400000008000000050000000F0000000000000000000000010000000100000078
:20A6C0000200000002000000030000000300000000000000F000000001000000010000007E
:20A6E00002000000020000000300000003000000040000000400000005000000050000003E
:20A700000600000016000000070000001700000008000000180000000900000019000000BD
:20A720000A000000060000000B000000100000000C000000F10000000D000000FF000000E5
:20A74000B4AE00005BB9FF030100000010B00000B8AE00005CB9FF030100000014B000007E
:20A76000BCAE00005DB9FF030100000018B00000C0AE00005EB9FF03010000001CB000003A
:20A78000C4AE00005FB9FF030100000020B00000C8AE000028B9FF030100000024B000002E
:20A7A000CCAE000029B9FF030100000028B00000D0AE00002AB9FF03010000002CB0000022
:20A7C000D4AE00002BB9FF030100000030B00000D8AE00002CB9FF030100000034B00000DE
:20A7E000DCAE00002DB9FF030100000038B00000E0AE00002EB9FF03010000003CB000009A
:20A80000E4AE00002FB9FF030100000040B00000E8AE000030B9FF030100000044B0000055
:20A82000ECAE000031B9FF030100000048B00000F0AE000032B9FF03010000004CB0000011
:20A84000F4AE000033B9FF030100000050B00000F8AE000034B9FF030100000054B00000CD
:20A86000FCAE000035B9FF030100000058B0000000AF000036B9FF03010000005CB0000088
:20A8800004AF000037B9FF030100000060B0000008AF000038B9FF030100000064B0000043
:20A8A0000CAF000039B9FF030100000068B0000010AF00003AB9FF03010000006CB00000FF
:20A8C00014AF00003BB9FF030100000070B0000018AF00003CB9FF030100000074B00000BB
:20A8E0001CAF00003DB9FF030100000078B0000020AF00003EB9FF03010000007CB0000077
:20A9000024AF00003FB9FF030100000080B0000028AF000040B9FF030100000084B0000032
:20A920002CAF000041B9FF030100000088B0000030AF000042B9FF03010000008CB00000EE
:20A9400034AF000043B9FF030100000090B0000038AF000044B9FF030100000094B00000AA
:20A960003CAF000045B9FF030100000098B0000040AF000046B9FF03010000009CB0000066
:20A9800044AF000047B9FF0301000000A0B0000048AF000048B9FF0301000000A4B0000022
:20A9A0004CAF000049B9FF0301000000A8B0000050AF00004AB9FF0301000000ACB00000DE
:20A9C00054AF00004BB9FF0301000000B0B0000058AF00004CB9FF0301000000B4B000009A
:20A9E0005CAF00004DB9FF0301000000B8B0000060AF00004EB9FF0301000000BCB0000056
:20AA000064AF00004FB9FF0301000000C0B0000068AF000050B9FF0301000000C4B0000011
:20AA20006CAF000051B9FF0301000000C8B0000070AF000052B9FF0301000000CCB00000CD
:20AA400074AF000053B9FF0301000000D0B0000078AF000054B9FF0301000000D4B0000089
:20AA60007CAF000055B9FF0301000000D8B0000080AF000056B9FF0301000000DCB0000045
:20AA800084AF000057B9FF0301000000E0B0000088AF000058B9FF0301000000E4B0000001
:20AAA0008CAF000059B9FF0301000000E8B0000090AF00005AB9FF0301000000ECB00000BD
:20AAC00094AF000060B9FF0302000000F0B0000098AF000062B9FF0302000000F4B000006C
:20AAE0009CAF000064B9FF0301000000F8B00000A0AF000065B9FF0301000000FCB0000027
:20AB0000A4AF000066B9FF030100000000B10000A8AF000067B9FF030100000004B10000E0
:20AB2000ACAF000068B9FF030100000008B10000B0AF000069B9FF03010000000CB100009C
:20AB4000B4AF00006AB9FF030100000010B10000B8AF00006BB9FF030100000014B1000058
:20AB6000BCAF00006CB9FF030100000018B10000C0AF00006DB9FF03010000001CB1000014
:20AB8000C4AF00006EB9FF030100000020B10000C8AF00006FB9FF030100000024B10000D0
:20ABA000CCAF000070B9FF030100000028B10000D0AF000071B9FF03010000002CB100008C
:20ABC000D4AF000072B9FF030100000030B10000D8AF000073B9FF030100000034B1000048
:20ABE000DCAF000074B9FF030100000038B10000E0AF000076B9FF03020000003CB1000002
:20AC0000E4AF000078B9FF030200000040B10000E8AF00007AB9FF030100000044B10000B9
:20AC2000ECAF00007BB9FF030100000048B10000F0AF00007CB9FF03040000004CB1000072
:20AC4000F4AF000080B9FF030400000050B10000F8AF000084B9FF030100000054B1000025
:20AC6000FCAF000085B9FF030100000058B1000000B0000086B9FF03020000005CB10000DF
:20AC800004B0000088B9FF030200000060B1000008B000008AB9FF032000000064B1000078
:20ACA0000CB00000AAB9FF030100000068B1000008F701009EF60100000000009CEF010038
:20ACC0000000000028B9FF030101000029B9FF03010100002AB9FF03010100002BB9FF03DC
:20ACE000010100002CB9FF03010100002DB9FF03010100002EB9FF03010100002FB9FF03AA
:20AD00000101000030B9FF030101000031B9FF030101000032B9FF030101000033B9FF0379
:20AD20000101000034B9FF030101000035B9FF030101000036B9FF030101000037B9FF0349
:20AD40000101000038B9FF030101000039B9FF03010100003AB9FF03010100003BB9FF0319
:20AD6000010100003CB9FF03010100003DB9FF03010100003EB9FF03010100003FB9FF03E9
:20AD80000102000040B9FF030102000041B9FF030102000042B9FF030102000043B9FF03B5
:20ADA0000102000044B9FF030102000045B9FF030102000046B9FF030102000047B9FF0385
:20ADC0000102000048B9FF030102000049B9FF03010200004AB9FF03010200004BB9FF0355
:20ADE000010200004CB9FF03010200004DB9FF03010200004EB9FF03010200004FB9FF0325
:20AE00000102000050B9FF030102000051B9FF030102000052B9FF030102000053B9FF03F4
:20AE20000102000054B9FF030102000055B9FF030102000056B9FF030102000057B9FF03C4
:20AE40000102000058B9FF030102000064B9FF030105000065B9FF030105000066B9FF036D
:20AE60000105000067B9FF030105000068B9FF030105000069B9FF03010500006AB9FF032C
:20AE80000105000084B9FF030107000085B9FF030107000086B9FF030207000088B9FF0390
:20AEA000020700005FB9FF03010000008AB9FF0320080000000008000100080002000800E6
:20AEC000030008000400080000050300000203000107030001060100010303000100030030
:20AEE000020503000204010002010300030404000300040004050300040203000507030005
:20AF00000504030005010300050001000605030006020300070703000704030007030100D3
:20AF20000700030000070100000601000005010000040100000301000002010000010100E4
:20AF40000000010001070100010601000105010001040100010301000102010001010100C6
:20AF600001000100020701000206010002050100020401000203010002020100020101009E
:20AF800004030400040003000504040005000100000004000100100003001000000701005C
:20AFA00000060100000501000000040001040400010004000200040000070100000601005D
:20AFC00000050100000302000000030001000800020008000300080004000800050008002C
:20AFE00007001000090010000A0602000A0501000E0020001200200000000800010602008E
:20B0000002000C000400100000000000000008000000000000000000000000000000000006
:20B02000000000000000000000000000000000000000000000000000000000000000000010
:20B040000000000000000000000000000000000000000000000000000000000000000000F0
:20B060000000000000000000000000000000000000000000000000000000000000000000D0
:20B080005085010078850100A0850100C8850100F08501001886010040860100688601009D
:20B0A00010840100388401006084010088840100B0840100D8840100008501002885010086
:20B0C000D0820100F882010020830100488301007083010098830100C08301004882010013
:20B0E000A082010076820100A8760100000000000000000000000000000000000000000015
:20B1000000000000000000000000000000000000000000000000000000000000000000002F
:20B1200000000000000000000000000000000000000000000000000000000000000000000F
:20B140000000000000000000000000000000000000000000000000000000000000000000EF
:20B160000000000000000000F6F8010034FA010002FA0100000000000000000000000000B4
:20B1800088FC0100000000000000000000000000000000009A080200380802000000000044
:20B1A000000000000000000044444E4B0300060045444E4B0400060046434E4B050006000C
:20B1C00041424E4B0600010042424E4B0700010043424E4B0200140041434E4B06000200CE
:20B1E00042434E4B0700020043434E4B0200150044414E4B0600030045414E4B07000300A2
:20B2000046414E4B0800000044424E4B0600040045424E4B0700040044434E4B0600050087
:20B2200045434E4B0700050046424E4B08000100C20E0200280C02000000000000000000AF
:20B240000000000025732D25732D256325630041523739003134473136350025732D2573AC
:20B260002D2563256300415237390031344430313700415237390000284E614E2900282DA7
:20B28000494E462900282B494E462900000000A082000000CDCCCCCC7B000000000000A0E1
:20B2A00082000000DE8D5D9380000000FFFFFFFF400148015001580160011801200128013D
:20B2C00030013801F000F800000108011001C800D000D800E000E800A000A800B000B80019
:20B2E000C00078008000880090009800CC01D001D401D801DC01B801BC01C001C401C801F8
:20B30000A401A801AC01B001B4019001940198019C01A0017C018001840188018C016801CD
:20B320006C017001740178018007E170E00744018207E170E00744018407E170E00744012F
:20B340008607E170E00744018807E170E00744018007E130E00744018207E130E00744014D
:20B360008407E130E00744018607E130E00744018807E130E00744018007E110E0074401CB
:20B380008207E110E00744018407E110E00744018607E110E00744018807E110E007440109
:20B3A0008007E100E00744018207E100E00744018407E100E00744018607E100E007440131
:20B3C0008807E100E007440180076100E007440182076100E007440184076100E00744018F
:20B3E00086076100E007440188076100E007440180072100E007440182072100E00744016D
:20B4000084072100E007440186072100E007440188072100E00744014006FF704206FF7032
:20B420004406FF704606FF704806FF704006FF304206FF304406FF304606FF304806FF307E
:20B440004006FF104206FF104406FF104606FF104806FF104006FF004206FF004406FF005A
:20B460004606FF004806FF0040067F0042067F0044067F0046067F0048067F0040063F00C2
:20B4800042063F0044063F0046063F0048063F00E0310060DA0D24563C8C00580B68C26AF3
:20B4A000CA694D070000415A6A5A96FD9515460EFFFF2176E0366A72AE0DC23224863C8C6D
:20B4C000C681500EFDFF410780DBA50505620C507F00820761008800460EFFFF21EEE03653
:20B4E0006AEA00580768DE1D6242BA1D233E02000D3080FFFA4EE051A21524863C8CC2EA4E
:20B500001070237F0200DD71CF7EFF036E7F0200DD81018A508F00000058A50D045A850DB9
:20B520006242B205045AC5056AEAA705055A0B5042067F0005026A3200E8AE1D245E3C8C67
:20B54000C2320B50C6510A6F0000616A0660EA05CC590B70EEEF0300E5153D061C450000CE
:20B56000CCE93DEF0100FDEF010086EAC50D6407018004924497088064370D8024360080D3
:20B5800080FFFC391D5023020A028900460EFFFF2166E0366A6207E008E8DE15624AB615D4
:20B5A0000C30BFFF92FF1C300A3880FF884FE051E205026A5D6F00000060E5055D0700001E
:20B5C0000462A50504620C502802400E000021571145200E3FFF0A580B67000041614A67C0
:20B5E0000000400E0000216F11450D700E7F00004D7F00007F0094076100E03106E8BA0508
:20B6000080073C01400E000021571145206650004A6700003D5F05006A5A8E0D400E000075
:20B62000216F15454D5F0000E50D640701800172447708803D7F0500647F0D8024360080D5
:20B6400080FF3C393D5F01006A5ACE55400E000021871945505F00003D8F0100678A9F1DF5
:20B660000592639715003D9F01002C0644450000C29AD3612C67010063671900016A436F68
:20B680001C0043071D002336140080FFDA1B952D047263770100057A637F15003D870100F8
:20B6A000320644450000C282D0913297010063970500400E0000219F6145639F1900015239
:20B6C0004357080043571C004307090043071D002336000080FF901B2336140080FF881B46
:20B6E0003D670100246E3C8CC262CC694D070000E50D640701800272447708803D7F01004C
:20B70000647F0D802436008080FF7438400E000021871145200E7FFF1088119700004191AA
:20B7200050970000400E0000219F114513500A6700008C66800053670000C50D6407018000
:20B74000036A446F088064070D802436008080FF2E3854067F0005020132203E100080FF8A
:20B76000B41AE05100E8AA0501EA1D5023028A076100015263570100205E1800635F050059
:20B7800043570800026A636F0D002336000080FFD61A20EE6AF11D30003880FF70120038CD
:20B7A0001D3080FF521220366CF1003880FF5E12203666F1003880FF5412203668F10038CE
:20B7C00080FF4A124A067F000002245E648CEC3740020B50C6510A6F0400E06906608215B1
:20B7E0000B70CC712E7F0100E079A20DCC590B80308F0100450E000021FE4E0571001E0215
:20B800005C1A630F0100A007210063373D00633F390063473500634F310063572D00635F5A
:20B82000290063672500636F210063771D00637F190063871500638F110063970D00639F00
:20B840000900F00F4000630F0500F10F4000630F01000532BFFF74FF230F0100E18F20004B
:20B86000230F0500E1872000239F090023970D00238F110023871500237F190023771D0083
:20B88000236F210023672500235F290023572D00234F310023473500233F390023373D0080
:20B8A00060062000230F0100441AE00740015C1A630F0100A007210063373D00633F3900E6
:20B8C00063473500634F310063572D00635F290063672500636F210063771D00637F190000
:20B8E00063871500638F110063970D00639F0900F00F4000630F0500F10F4000630F0100CB
:20B900000432BFFFC6FE230F0100E18F2000230F0500E1872000239F090023970D00238FA9
:20B92000110023871500237F190023771D00236F210023672500235F290023572D00234F9F
:20B94000310023473500233F390023373D0060062000230F0100441AE00740015C1A630FBE
:20B960000100A007210063373D00633F390063473500634F310063572D00635F29006367EE
:20B980002500636F210063771D00637F190063871500638F110063970D00639F0900F00F8A
:20B9A0004000630F0500F10F4000630F01000432BFFF18FE230F0100E18F2000230F050019
:20B9C000E1872000239F090023970D00238F110023871500237F190023771D00236F2100A6
:20B9E00023672500235F290023572D00234F310023473500233F390023373D00600620004C
:20BA0000230F0100441AE00740015C1A630F0100A007210063373D00633F3900634735002B
:20BA2000634F310063572D00635F290063672500636F210063771D00637F1900638715007E
:20BA4000638F110063970D00639F0900F00F4000630F0500F10F4000630F01000332BFFF75
:20BA60006AFD230F0100E18F2000230F0500E1872000239F090023970D00238F11002387DE
:20BA80001500237F190023771D00236F210023672500235F290023572D00234F310023475E
:20BAA0003500233F390023373D0060062000230F0100441AE00740015C1A630F0100A00750
:20BAC000210063373D00633F390063473500634F310063572D00635F290063672500636F3E
:20BAE000210063771D00637F190063871500638F110063970D00639F0900F00F4000630F6E
:20BB00000500F10F4000630F01000332BFFFBCFC230F0100E18F2000230F0500E187200040
:20BB2000239F090023970D00238F110023871500237F190023771D00236F2100236725001D
:20BB4000235F290023572D00234F310023473500233F390023373D0060062000230F010066
:20BB6000441AE00740015C1A630F0100A007210063373D00633F390063473500634F31001A
:20BB800063572D00635F290063672500636F210063771D00637F190063871500638F1100FD
:20BBA00063970D00639F0900F00F4000630F0500F10F4000630F01000232BFFF0EFC230FDC
:20BBC0000100E18F2000230F0500E1872000239F090023970D00238F110023871500237F5F
:20BBE000190023771D00236F210023672500235F290023572D00234F310023473500233F1D
:20BC0000390023373D0060062000230F0100441AE00740015C1A630F0100A00721006337CA
:20BC20003D00633F390063473500634F310063572D00635F290063672500636F210063779C
:20BC40001D00637F190063871500638F110063970D00639F0900F00F4000630F0500F10F02
:20BC60004000630F01000232BFFF60FB230F0100E18F2000230F0500E1872000239F090077
:20BC800023970D00238F110023871500237F190023771D00236F210023672500235F2900DC
:20BCA00023572D00234F310023473500233F390023373D0060062000230F0100441AE0076B
:20BCC00040015C1A630F0100A007210063373D00633F390063473500634F310063572D0017
:20BCE000635F290063672500636F210063771D00637F190063871500638F110063970D007C
:20BD0000639F0900F00F4000630F0500F10F4000630F01000132BFFFB2FA230F0100E18F6F
:20BD20002000230F0500E1872000239F090023970D00238F110023871500237F19002377BB
:20BD40001D00236F210023672500235F290023572D00234F310023473500233F39002337DB
:20BD60003D0060062000230F0100441AE00740015C1A630F0100A007210063373D00633F1D
:20BD8000390063473500634F310063572D00635F290063672500636F210063771D00637F1B
:20BDA000190063871500638F110063970D00639F0900F00F4000630F0500F10F4000630FEE
:20BDC00001000132BFFF04FA230F0100E18F2000230F0500E1872000239F090023970D005F
:20BDE000238F110023871500237F190023771D00236F210023672500235F290023572D009B
:20BE0000234F310023473500233F390023373D0060062000230F0100441AE00740015C1AF9
:20BE2000630F0100A007210063373D00633F390063473500634F310063572D00635F290081
:20BE400063672500636F210063771D00637F190063871500638F110063970D00639F0900FA
:20BE6000F00F4000630F0500F10F4000630F01000030BFFF56F9230F0100E18F2000230F27
:20BE80000500E1872000239F090023970D00238F110023871500237F190023771D00236FFD
:20BEA000210023672500235F290023572D00234F310023473500233F390023373D00600686
:20BEC0002000230F0100441AE00740015C1A630F0100A007210063373D00633F390063477C
:20BEE0003500634F310063572D00635F290063672500636F210063771D00637F190063879A
:20BF00001500638F110063970D00639F0900F00F4000630F0500F10F4000630F010000305E
:20BF2000BFFFA8F8230F0100E18F2000230F0500E1872000239F090023970D00238F1100CC
:20BF400023871500237F190023771D00236F210023672500235F290023572D00234F310059
:20BF600023473500233F390023373D0060062000230F0100441AE007400166320058DE15CE
:20BF80000660EC674002246E648CCC690D770400E071B20DF4374402310680450000C6899B
:20BFA000318F0900F15F01000B507F0020563000245E648C00600B68CC694D0704000B709A
:20BFC000CC716E0701004C62EA61E7F57F0000026632BE2D245E648C0670EC7740020B50ED
:20BFE000CE510A7F0400E0798225F43744022D0680450000C6692D8F0D00510700000B9041
:20C00000CE91520704000B98CE9973070100CE590B502A670900E061B2056162EA052D37B5
:20C020001500013A80FFE6091E02050200E81D30BFFF9EFF41EA64EAB7FD2302050205EA43
:20C0400001524457A48C266709006467A18C6407A98C400E0000216F91464D070000400E3D
:20C06000000021779946207E47004E7F0000400E0000215F9146268701003206C046000006
:20C08000D09112970000400E0000219F9146135700000A914B97000026670400400E0000EB
:20C0A000216F85466D670000400E000021379946003880FF5809F4EF44023306804500008D
:20C0C000DD99337F0D00200E7FFF0F80108F000041894F8F0000339F0D0013500A970000C6
:20C0E000929680005397000023028A07E100E03106E0BA0580070A023C670100CC667F0079
:20C100006462B7058007A4012476648C0C58EC5F40020E78CB790F870400E081B2058007F3
:20C120008A013C8F0900688AB60580077E013C9705006392B60580077201203647000C982A
:20C14000F49F44023D0680450000D3E90E50CB51017A4A7F04000E803C8F1500CB81708FC7
:20C160000100CB713C9F05000E90729F09003D570D004A0700003D7F15004F3700003D87DD
:20C180001900503700003D4F0D003C9709002A06B8460000D2510A570000097F00000F51F0
:20C1A000495700003D8711003C8F05003306C6460000D199139F0000509F00003D7F01002D
:20C1C0003C570C006F5700003C470500E041C2056142F20DE5553D9705003006FFFF0000A1
:20C1E0007287000000383D37150080FF2008954D3D5F2D00DCFF0000E205207E20004B7FE9
:20C200000000D505205610004B5700003D8F21003C97110033061C470000D299139F000092
:20C22000519F0000017A437F0800C4622B06CC460000CC592B97010063970100DCFF0000A2
:20C24000E2052B87090063870500D5052B8F0500638F05002B9F0D00639F0D004307090084
:20C260002336000080FF0010DCFF0000C2053D5F1900B5053D5F150000380B3080FF8E078D
:20C280003D7F0D00200E7FFF0F500A97000041914F9700003D870D001088119F0000939E27
:20C2A0008000509F0000F5352476648C0C58EC5F40020E50CB510A7F0400E079FA05019278
:20C2C0006497118044971880E505640711800382448718803C9F0900C89A3C570500CA9950
:20C2E000D862CC99CB710E90928F0500D08AD199649F1D802436108080FF842CC50D6407E5
:20C30000118002824487188064071D802436108080FF6C2C4A06FF0020564800245E648C1D
:20C3200000600B68CC694D0704000B70CC716E0701004C62EA61E6F57F0001524457278087
:20C340007F00400E0000215721471E0A0A580B67000041614A670000400E0000216F21479B
:20C360000D700E7F00008F7E01004D7F00007F005C1A630F0100A007210063373D00633F30
:20C38000390063473500634F310063572D00635F290063672500636F210063771D00637F15
:20C3A000190063871500638F110063970D00639F0900F00F4000630F0500F10F4000630FE8
:20C3C0000100400E0000215725470A670000CC6680000C0680FFB2058007F602400E0000F2
:20C3E000215F29470B6F0000CD6E40000D06C0FFE21D24772080E071A21D017A647F31802D
:20C400000482448738808B8F0100C88AE4972180D19164973D802436308080FF622BBFFF9C
:20C4200024FF019A449F27808007A60204572680E051B20580072601400E000021672547AC
:20C440000C6F0000CD6E0400646AAA6D245F2D80E059920D0132450E000021FEB0116B0064
:20C4600064072D80017244772680400E0000217F25470F870000D086080068828A3D400E83
:20C480000000218F2147170A1190129F00004199519F0000400E0000215721470A600C6F34
:20C4A00000008D6E08004A6F000024772080E071F315247FB18C0F870000400E00002197B0
:20C4C000394752870000248FB18C418A648FB18C249F20805F9A649F20808007F401BFFFDF
:20C4E00064FE0162446728808007E601400E000021572147200ED3FF0A680D7700004171E0
:20C500004A770000400E0000217F21470F9012870000908624004F8700008007B401245FFD
:20C520002D80E059920D450E000021FE821200306B0064072D80018A648F3180029A449F0F
:20C540003880400E0000216725478C6F0100646F3D80BFFFF0FD80077801400E0000215FDC
:20C5600025470B570000CA56080068528A450B770000CE7604006472B21D24972080E09101
:20C58000F215017A647F31800382448738808B8F0100C88AE49F2180D199649F3D80243668
:20C5A000308080FFDA29BFFF9CFD8007240124672080E061E315246FB18C0D570000400E60
:20C5C0000000217739474E5700002497B18C41926497B18C247F20805F7A647F2080857DFA
:20C5E000BFFF62FD018244872880A575248F2280249F2480F3898955400E000021673947A2
:20C600000C6F00002477AD8C4E6F00002457AD8C41526457AD8C2497228041926497228006
:20C62000247F228024872480F079EA1D400E0000218F2147200ED3FF1198136700004161CB
:20C6400051670000400E0000217721470E680D5700008A5628004E570000BFFFE8FC019218
:20C6600044972880D535400E0000217F2147200EDFFF0F80109F000041994F9F0000400E77
:20C680000000218F214711600C6F00008D6E2000516F0000D51D400E000021772147200E4D
:20C6A000D3FF0E500A97000041914E970000400E00002187214710780F9F0000939E280005
:20C6C000509F0000BFFF7EFC016244672880230F0100E18F2000230F0500E1872000239F39
:20C6E000090023970D00238F110023871500237F190023771D00236F210023672500235F92
:20C70000290023572D00234F310023473500233F390023373D0060062000230F0100441ABE
:20C72000E0074001400E000021572147200E7FFF0A580B67000041614A670000400E000082
:20C74000216F21470D700E7F00004D7F00007F008607E1F08700C9001DEA0D5263570100BD
:20C760002066320063670500450E0000216E8A10636F0900400E0000217729470E780F8769
:20C7800000005D814E870000400E0000218F29471190129F0000939E0200519F0000400EB5
:20C7A000000021572147200E3FFF0A600C6F000041694A6F0000400E0000217F21470F7010
:20C7C0000E8700009086C0004F870000400E000021972947128F0000200E4000D18E4000F4
:20C7E000E18908D009D806C007C8E26D400E0000215F25470B9F0000D39E0200DA650B672A
:20C800000000CC6601008A6501E2400E000021373D471C3880FFF601400E000021572147F1
:20C820000A680D7700005D714A770000400E0000217F21470F8010970000929602004F97D7
:20C840000000400E000021373D47003880FFBE01E0C18A0D64D7B18C64DF2080D9CEFE0000
:20C86000950D64D7AD8C64DF24806407228099CE0100440726804407288044072780233617
:20C88000000080FFF83E400E0000218F394751CF0000049F2880E099DA0D04672780E06147
:20C8A0009A0D046F2880E069DA0504572780E05192FD04772780E071A20500E00D3280FF14
:20C8C000883E1C50B51D400E0000215F2547018264873180448738808B970100400E000007
:20C8E000218F2947919F0100C89AD39164973D802436308080FF882600504606FFF00002A5
:20C900008600E0390658B205643F2D800040004800300B38BFFF3CFE1E028A072100400E00
:20C92000000021572147200E7FFF0A580B67000041614A670000400E0000216F21470D7081
:20C940000E7F00004D7F0000400E000021873D47208E4700508F0000400E000021972147C2
:20C960001298135F00008B5E0C00525F0000400E00002157294703624A670000400E00005B
:20C9800021772D47086A4E6F0000400E0000217F314701824F870000400E0000218F354723
:20C9A000209E1300519F0000400E00002197394752070000400E000021373D47003880FFF6
:20C9C0004C00065A635F01002056C00063570500016A436F0800027263770D00436F1100B0
:20C9E000436F10002336000080FF7C084A063F007F007F00683A9E0D06500A5F0000CB5E57
:20CA0000F8000759465F00007F0006500A5F0000200E3FFF4159465F000006600C6F00004F
:20CA2000613AE2770000C6720E69466F00007F00C505E08760017F00D5FDC505E00760012A
:20CA40007F00D5FD5C1A630F0100A007610063373D00633F390063473500634F3100635766
:20CA60002D00635F290063672500636F210063771D00637F190063871500638F11006397CE
:20CA80000D00639F0900F00F4000630F0500F10F4000630F010024EFB58CE0E9E205450EBE
:20CAA000000021FEF8177D00230F0100E18F2000230F0500E1872000239F090023970D00B7
:20CAC000238F110023871500237F190023771D00236F210023672500235F290023572D00AE
:20CAE000234F310023473500233F390023373D0060066000230F0100441AE00740018A07B2
:20CB00002100E031E2256437B58C20564700405776F1035A635F010020663F006367050091
:20CB2000016A436F08004307090063070D00436F10002336000080FF2E07400700F3207E5F
:20CB40003F00407F00F3203676F10038BFFFBEFE4A063F005C1A630F0100A007210063379B
:20CB60003D00633F390063473500634F310063572D00635F290063672500636F210063774D
:20CB80001D00637F190063871500638F110063970D00639F0900F00F4000630F0500F10FB3
:20CBA0004000630F01002457B98CE051821D0132023A80FF60066152AA0D2467B98C450E51
:20CBC000000021FE1A1900306C00950D0132246FB98C450E000021FE2C196D00230F010063
:20CBE000E18F2000230F0500E1872000239F090023970D00238F110023871500237F190017
:20CC000023771D00236F210023672500235F290023572D00234F310023473500233F3900CC
:20CC200023373D0060062000230F0100441AE00740018A076100E03106E8A2753D6F090061
:20CC4000E069E26D646FB98C3D5F0100E059B21D615AE225625A923564074180059244979C
:20CC600048803D9F0100649F4D802436408080FF0E233D5F0500685AFE2D8B56400040572F
:20CC800022F1F53500500A7726FC8E760200407726FC00780F8706FC408706FCB5ED008882
:20CCA000119726FC409726FC0098135706FC8A560200405706FCE5DD00700E7F26FC8F7E44
:20CCC0000200407F26FC0080108F06FC918E0200408F06FCF5CD6407418006724477488075
:20CCE0003D7F0500647F4D802436408080FF9022018263870100028A638F050043870800B5
:20CD00004307090063070D00430710002336000080FF5405203622F10038BFFFF0FC4A0623
:20CD20007F005C1A630F0100A007210063373D00633F390063473500634F310063572D0068
:20CD4000635F290063672500636F210063771D00637F190063871500638F110063970D000B
:20CD6000639F0900F00F4000630F0500F10F4000630F01002457BD8CE051921D0632203E05
:20CD8000200080FF90046152AA0D2467BD8C450E000021FEEA1A00306C00950D0132246FA8
:20CDA000BD8C450E000021FEFC1A6D00230F0100E18F2000230F0500E1872000239F0900E8
:20CDC00023970D00238F110023871500237F190023771D00236F210023672500235F29008B
:20CDE00023572D00234F310023473500233F390023373D0060062000230F0100441AE0071A
:20CE000040018A076100E03106E8C2753D6F0900E0698275646FBD8C3D5F0100E059B21DF3
:20CE2000615AE225625A9235640741800392449748803D9F0100649F4D802436408080FF03
:20CE40003E213D5F0500685AFE2D8B56400040571CF1F53500500A7733FC8E76200040771B
:20CE600033FC00780F8713FC408713FCB5ED0088119733FC409733FC0098135713FC8A5698
:20CE80002000405713FCE5DD00700E7F33FC8F7E2000407F33FC0080108F13FC918E200056
:20CEA000408F13FCF5CD640741800472447748803D7F0500647F4D802436408080FFC020C3
:20CEC000068263870100208E2000638F05000192439708004307090063970D004397100061
:20CEE0002336000080FF800320361CF10038BFFF1CFB4A067F005C1A630F0100A0072100E7
:20CF000063373D00633F390063473500634F310063572D00635F290063672500636F2100E9
:20CF200063771D00637F190063871500638F110063970D00639F0900F00F4000630F050035
:20CF4000F10F4000630F01002457C18CE051921D203E4000003080FFBC026152AA0D246776
:20CF6000C18C450E000021FEBE1C00306C00950D0132246FC18C450E000021FED01C6D00FC
:20CF8000230F0100E18F2000230F0500E1872000239F090023970D00238F110023871500FB
:20CFA000237F190023771D00236F210023672500235F290023572D00234F31002347350009
:20CFC000233F390023373D0060062000230F0100441AE00740018A076100E03106E8B275C8
:20CFE0003D6F0900E069F26D646FC18C3D5F0100E059B21D615AE225625A9235640741809E
:20D000000192449748803D9F0100649F4D802436408080FF6A1F3D5F0500685AFE2D8B569C
:20D02000400040571AF1F53500500A7720FC8E764000407720FC00780F8700FC408700FC13
:20D04000B5ED0088119720FC409720FC0098135700FC8A564000405700FCE5DD00700E7F7F
:20D0600020FC8F7E4000407F20FC0080108F00FC918E4000408F00FCF5CD640741800272C5
:20D08000447748803D7F0500647F4D802436408080FFEC1E630701002086400063870500B9
:20D0A000018A438F08004307090063070D00430710002336000080FFAE0120361AF10038C7
:20D0C000BFFF4AF94A067F00E0310060DA0D2456C48C00580B68C26ACA694D070000415A45
:20D0E0006A5A96FD9515460EFFFF2176F0366A72AE0DC2322486C48CC681500EFDFF4107B2
:20D10000C0DBA50505620C507F008800460EFFFF216EF0366A6AEE1D6242CA1D2496C48C85
:20D12000C2321270C671017A4E0EFDFF417FC0DB1280C681078F0000500EFDFF418FC1DBDF
:20D14000C691079F0100520EFDFF419FC2DB0050A50504527F006A320058BE0DFC374002F5
:20D160002E0640470000C6712E7701008E5F01000B507F000A028900460EFFFF2166F036BB
:20D180006A6207E008E8DE0D614AB60D0C30BFFFC8FF5C570000016A5D6F00000050A505EE
:20D1A0000152280287006A32BE0DFC3740022C0640470000C6612C6701004C3F00007F0011
:20D1C00005026A3206E89E0D1D30BFFF8CFF2A3887001D30BFFFD0FF230288006A329E1DB6
:20D1E000FC3740022A0640470000C6512A570100E041820D0A680D77000007714A7700008B
:20D20000850D27780A8700008F0050794A7F00007F006A320058EE0DFC3740022E0640478D
:20D220000000C6712E7701008E7F01004779EA5F00000B507F000A026A3207E806E0AE15E0
:20D240001D381C30BFFFCEFF6152FA051C3000401D38BFFF88FFE50501421C301D38BFFF3E
:20D260007CFF2802031EE4FFE031BA058007FA01265F01006A5AB6058007EE018657050056
:20D28000FC5F40022D0640470000CB692D7F0100237600006E7F01002D8705006E8705001C
:20D2A0002D8F09006E8F09002D970D006E970D002D9F11006E9F11002D5F15006E5F150042
:20D2C0002D7F19006E7F190006870800E081D26D235F0900E059F2050B88119700000A91BD
:20D2E0004B970000265F0D00645ABE6D635A0B988B6D530004001C0032004700235F1100FA
:20D30000E059920D0B780F7700002A688D004D714B770000235F0D00E059B2552A800B8F7A
:20D320000000900051814B870000B54D235F1100E059920D0B90129F00002A608C004C9905
:20D340004B9F0000235F0D00E059B23D0B7F00000A794B7F0000D535235F1100E059E20598
:20D360000B6F00000A694B6F0000235F0D00E059822D2A700B8F00008E0051714B77000049
:20D380008525235F1100E059E2050B8700000A814B870000235F0D00E059B2150B97000010
:20D3A0000A914B970000D50D235F0900E059920D0B600C9F00002A788F004F994B9F000092
:20D3C000066F0900E069B20D235F05002A880B77000091004E894B8F0000850D235F0500B1
:20D3E0000B8700000A814B87000023971500E091E21D06670800E061DA05067F0900E07983
:20D40000E215069F1000E099920D235F15000B6F00000A694B6F0000A50D235F15002A7027
:20D420000B8F00008E0051714B77000023871900E081A21D06971100E091D20D26670100D1
:20D4400066629A0D235F19000B7F00000A794B7F0000A50D235F19002A980B6F00009300CF
:20D460004D994B9F00004E061F00400E0000215F89488B5701007F00400E0000215F8548CD
:20D480008B5701007F00400E0000215F79488B5701007F005C1A630F0100A00721006337EE
:20D4A0003D00633F390063473500634F310063572D00635F290063672500636F2100637704
:20D4C0001D00637F190063871500638F110063970D00639F0900F00F4000630F0500F10F6A
:20D4E0004000630F0100015264575980036244676080400E0000216F79488D770100647723
:20D5000065802436588080FF761A400E0000217F81488F5F0100230F0100E18F2000230F4A
:20D520000500E1872000239F090023970D00238F110023871500237F190023771D00236F46
:20D54000210023672500235F290023572D00234F310023473500233F390023373D006006CF
:20D560002000230F0100441AE00740018A072100205E4600400E000021576D48200E1FFF95
:20D580000A600C6F000041694A6F0000400E000021776D480E780F8700004E870000400E69
:20D5A0000000218F8548515F0000400E000021978948525F0000400E0000219F8D4820664D
:20D5C000470053670000075263570100036A636F05004307080023360000BFFF8AFC400EB5
:20D5E000000021378548013ABFFF22F4400E000021378948013ABFFF14F4400E00002137D9
:20D600008D48013ABFFF06F44A063F005C1A630F0100A007610063373D00633F3900634766
:20D620003500634F310063572D00635F290063672500636F210063771D00637F1900638742
:20D640001500638F110063970D00639F0900F00F4000630F0500F10F4000630F010024EF24
:20D660005580400E0000215781488A5F0100E0E9820D450E000021FECE230B307D00B5052F
:20D68000BFFFECFE230F0100E18F2000230F0500E1872000239F090023970D00238F11000B
:20D6A00023871500237F190023771D00236F210023672500235F290023572D00234F3100E2
:20D6C00023473500233F390023373D0060066000230F0100441AE00740015C1A630F010011
:20D6E000A007210063373D00633F390063473500634F310063572D00635F2900636725002D
:20D70000636F210063771D00637F190063871500638F110063970D00639F0900F00F4000D1
:20D72000630F0500F10F4000630F01002457EC8CE051D315245FF18C0B6601006467F18CF9
:20D740000B6F0000400E000021777D484E6F0000247FEC8C5F7A647FEC8CC50D2487EC8CA3
:20D76000E0818A0D248F5180450E000021FEC2247100230F0100E18F2000230F0500E18702
:20D780002000239F090023970D00238F110023871500237F190023771D00236F21002367A6
:20D7A0002500235F290023572D00234F310023473500233F390023373D0060062000230FC6
:20D7C0000100441AE00740010A02C600613207E806E0D635E041B20564475180400E0000DB
:20D7E000215F79480B570000CA568000AA1DBFFF4CF264E7EC8C3D6601006467F18C1D6FE8
:20D800000000400E000021777D484E6F0000247FEC8C5F7ACF00647FEC8CBFFF16F2A51DFA
:20D82000018264875980448760808B970100649765802436588080FF4617C50D64075980CF
:20D84000029A449F608064E765802436588080FF2E1728028A07E17020D61FFF205E46005F
:20D86000400E000021576D480A600C6F00005A694A6F0000400E000021776D480E780F8715
:20D8800000004E870000400E0000218F8548515F0000400E000021978948525F0000400E62
:20D8A0000000219F8D482066470053670000400E000021576D480A680D7F00008F7E1200B4
:20D8C0004A7F0000693207C8EE15C132320690480000C69112870000400E0000218F714868
:20D8E0005187000012970100400E0000219F75485397000002E207DA63DF0100016A636FAC
:20D900000500436F0900436F080023EE000063E70D001D30BFFF50F963DF010063E705003F
:20D920004307090001524357080063E70D001D30BFFF34F9400E0000213785480038BFFFA7
:20D94000CCF0400E0000213789480038BFFFBEF0400E000021378D480038BFFFB0F0400E91
:20D960000000217F6D480F700E8F00005A894F8F0000400E000021876D4810981397000078
:20D980009296E00050970000E0C9B20564CF55804A06FF700002BFFF34DC1E0200026732E6
:20D9A00000600658BE0DC25A2606A4480000CB3126370100BFFF80DB0A600C501E028407C6
:20D9C00021000852635701006307050023360000BFFF26DC44063F008407E11089002106D4
:20D9E00038C90000E13107D808E0EA25664AC6255B0700001B360100E43FF58C80FF362B6B
:20DA0000E05100E8D215246769805B6703002336000081FFA230236F01005B6F0400237727
:20DA200005005B770500067A5C7F0000850D5C07000004EAC5055C07000004EA1D504406FA
:20DA4000FF1024576980665701007F008A07210006526357010001626367050043070800CD
:20DA60004307090023360000BFFFFCF70632013ABFFFA2F7E051EA6F0000646F698080FFBA
:20DA80009C044A063F00210630C90000E1310058D205E031B2050452C5054407F98C0B50E3
:20DAA0007F0088002A0630C90000EA31CA0D6142AA0D076700004467F88C016A446FF98CAA
:20DAC0000050D505EA31EA57000044527F00820761000457F98CE051AA3D0432BFFFC0FE17
:20DAE000200EE803E1510A70F7050832003880FF5C4D00E8E52D400E0000E17FBD4CEF71BA
:20DB00008E0D20EEFA000832003880FF404D95252B06D448000000680D60C262CB61EC8F3D
:20DB20000100F1718F0DEC970500F271C605436F0300E505416A8D000D0605FFE6ED083235
:20DB4000013A80FF084DA3EF0300B50584EFF98C1D5042067F000A028900210630C9000086
:20DB6000E13107E008E8CA0D614AA60DBFFF62FF5C570000016A5D6F00000050A505015231
:20DB8000280205020432BFFF16FE2B06D4480000006800E80A700D60C262CB61EC87010004
:20DBA000F0718F0DEC8F0500F171C6050CEF0200E505416A8D000D0605FFE6ED1D50230220
:20DBC0004407F98C7F00000262329E15E031C2056132820DC50D023201420638BFFFFEF57B
:20DBE000E505023200400638BFFFF2F51E028A0721000252635701006357050043070800F2
:20DC0000015A435F090023360000BFFF5AF64A063F008900210658C90000E131CA0D614AA3
:20DC2000A60D04676D8047670000016A486F00000050A50501527F0086006132CA0544070A
:20DC40006C80C505015244576C807F0001524457FC8C7F0044076E807F0084576F807F00BF
:20DC60008207E130C700206600040670CE00CE6E3F00EC6908D8005807D0CE35DA69EC69FB
:20DC80009F3587728E00CE7606008E76A0004337030023EE0300014A00300EE01D400E389E
:20DCA000BFFFB0EAE051B20D01321C381B401A48BFFFA0EAE051EA5F0000C515014A1C389D
:20DCC00000301D40BFFF8CEAE051B20D01321C381B401A48BFFF7CEAE051EA5F0000A50507
:20DCE00000580B504206FF300002C70004577080E0510670085800600768CA0D017A447FFB
:20DD000070800B400E300D38BFFF58FF440770800A600C501E028A07E1F7C7000658CB00B6
:20DD2000CB763F00C771200E0004E17108B007A89F4D01BAE0A9A34DC600CBCE0F0000D0E2
:20DD400006C080FFCA0018D887DADBDE06009BDEA00020E61000B9E19C001558BA59EBE1F3
:20DD6000B7058B000BE043C70000233601001638DA391C4081FFA033E051F21D23EE0000AC
:20DD80001C4E0100C90000301B381D40BFFFC4E9E051B20501BAC50D1C4E0100C90000302B
:20DDA0001B381D40BFFFACE9E051A20D01BADCD1DA00DCC1D80000C8F5D1C1C5F50500B803
:20DDC000D505018244876E8000B817504A06FFF70002C70004576F80E0510670085800604E
:20DDE0000768CA0D017A447F6F800B400E300D38BFFF26FF44076F800A600C501E02440794
:20DE00006E8044076F80440770807F0000020232013A0740BFFFC6F30232013A0040BFFF84
:20DE2000BCF31E028A072100025263570100015A635F050043070800435F090023360000DA
:20DE4000BFFF24F4BFFFC8FF4A063F000A028800210668C90000E131BA4561429A450757FB
:20DE60000000E05100E0AA0D0832400E0000213FED4C0040BFFF66F3C5350832400E0000E0
:20DE8000213FED4C0142BFFF54F30432003880FF8A030332003880FF82030232003880FFCB
:20DEA0007A0320EE71021D3080FF3A280132003880FF6803BFFF58FF260624F4000080FF09
:20DEC0002428BFFF4AFF0132063880FF4E031D3080FF12280232013A80FF4003A50501E2EA
:20DEE0001C5028020F028900210668C90000E13107D808E09A15614AF60D0832400E0000DC
:20DF0000213FED4CBFFF0EF35B57000001625C6700000050A50501522D028A072100083269
:20DF2000400E0000213FED4C0040BFFFB0F2085263570100400E0000215FED4C635F050077
:20DF40004307080001624367090023360000BFFF16F34A063F000002E0310060EA05023A0C
:20DF60000030BFFFB0F20A600C501E0205022457058D6152FA152076FF004477028D00E88E
:20DF80000332BFFFD4F12A60CC663F000487028D4C814487028D41EA9D0063EAA6F5440792
:20DFA000018D230201524457018D7F0001626467058D046F018DE069FA050C704477018DE5
:20DFC000845F038DA5050058445F008D0B507F000502BFFFDAFFCA663F0000E8A20501EA3B
:20DFE0001D5023022456748000580A60046F008DCB614C6F0000415A635A86FD8457018D34
:20E000007F0000026407058D0332BFFF4CF1245E7480A46777800B70CC712A78CF7E3F00F4
:20E020004E7F00000467778041628C00446777806362B60544077780206EFF0000600B9096
:20E04000CC911297000052694162636296FD446F008D0D501E0200026407058D4407028D6E
:20E060004407018D4407008D450E00002136BC2CBFFF8EEA1E02E0310060DA0D2456088DA0
:20E0800000580B68C26ACA694D070000415A665A96FD9515460EFFFF2176C0366672AE0DF8
:20E0A000C2322486088DC681500EFDFF410700DBA50505620C507F008800460EFFFF216E14
:20E0C000C036666AEE156142CA152486088DC2321070C671877F01004E0EFDFF617F02DBEF
:20E0E000C681018A500EFDFF418F00DB0050D5056142E257000044527F000A028900460E45
:20E10000FFFF216EC036666A08E8067007E0AE1D614A861DEC7740022706044D0000CE391C
:20E12000470EF7FF21370191470EF7FF213F0591BFFFE2F05C570000018A5D8F000000505F
:20E14000A505015228028A07E100633206E0D20564E2B20565E2BA2D3D06044D00001C7089
:20E16000EC774002DD712E3701002E3F05000E770900E071E2470000BFFF62F0ECE74002A7
:20E18000DDE13C8F0100638F01003C970500639705001CE7080043E7100043070800015241
:20E1A0004357090023360000BFFFBCF04A06FF008A0721006332D2056432B2056532FA1599
:20E1C000EC3740022D06044D0000C6692D670100636701002D6F0500636F050043070800FD
:20E1E0004307090023360000BFFF7CF04A063F000002663200600668EE0DEC6F400227068D
:20E20000044D0000CD3927370100273F0500BFFF04F00A600C501E02050287006632AE353C
:20E220000650EC5740022B06044D0000CA592B6F050024EE088D2B770100C2321D78C679AD
:20E240000F87000061820660CA0DCCE91D88F19703000D3892000E301240BFFF80EFA515D5
:20E26000AB670900613AFA050D380C400E30BFFF6CEF850DE061E24700000E300D38BFFFC4
:20E280005CEF23028A07E1004307080001524357090000E064E2C2153D06044D00001C782F
:20E2A000EC7F4002DD792F3701002F3F05000F7F0900E079E2470000BFFF22EFF50D400E49
:20E2C00000002137354D400E0000213F394D0040BFFF0AEF3D06044D00001C50EC574002B4
:20E2E000DD512A970100639701002A9F0500639F05000A5708004357100023360000BFFF34
:20E3000066EF1C60C262246E088DCC694D07000041E266E286C54A06FF008800210652C989
:20E320000000E131FA150806C3FFCF15E0410060A3152456208D00580A68CB690778CB79E7
:20E340000F7F00004D7F0000415A8B00E859D1F5A50501620C507F008900210652C9000083
:20E36000E131AA1D205E3D00EB49E6152456208D006800600770CC710A78CC790F870000DA
:20E380004E8700004162EB61E6F5208E3D00488F00000D50A50501527F008407E110205651
:20E3A000280043570700430704004307050004DF528820E6DE0023460700014A1C38003017
:20E3C000BFFF90E3E051822523EE04000132024A1D401C38BFFF7CE3E051E215835F0500C3
:20E3E0000367050043670400435F0500233E02001D3080FFFA1FE051F205E3DF030081DAC9
:20E400001BDEEFFEBB001B504406FF100F028900210651C90000E13107D808E0CA0D614A61
:20E42000A60DBFFF78FF5B57000001625C6700000050A50501522D02210650C90000E1314E
:20E440000058D205E031B2050552C5054407A68D0B507F008800210650C90000E1318A25C3
:20E460006642EA1D076700004467A58D076F0100446FA48D077702004477A38D077F030053
:20E48000447FA28D078704004487A18D078F0500448FA08D01924497A68D0050A505045273
:20E4A0007F008407E130205E3B0086570100EB5100D806D0B70580070801BA7F0100EB79D6
:20E4C000B7058007FC001A870200200E1700E181FB75BA5F0300615AB6750B06E1FF8F754C
:20E4E0009A5F0500615AC66D6C5AAF6D1A8F0500200E6300E189CB650A5A430700009A9F8E
:20E50000010013904B90C492D2967000EB9F809AD39E0F00139143970100BA7F01000F5012
:20E520004B50C452CA567000EB7F807ACF7E0F000F51435702009A8F030011804B80C48210
:20E54000D0863000EB8F808AD18E0F0011819086800043870300BA7F03000F904B90C49242
:20E56000D2963000EB7F807ACF7E0F000F91439704009A87050010884B88C48AD18E100077
:20E58000EB878082D0860F001089438F0500BA97050012784B78C47ACF7EF000EB97809280
:20E5A000D2960F001279437F0600203EDE0023460000074A0030BFFF9AE10152C52D02E209
:20E5C00064E779800182448780809A8F0100D08A9A9F0300BA970100D38924EE7880C892D7
:20E5E000D289648F85801D3080FF940964E7798044E78080BA570300D052BA8705009A9F3B
:20E600000500D051C89AD351645785801D3080FF6E091B504406FF308407610088002106CC
:20E6200050C90000E131CA256642AA2507570000435707000767010043670600076F0200B3
:20E64000436F05000777030043770400077F0400437F0300078705004387020023360200BB
:20E66000BFFF42FEE05100E8CA0501EAA50504EA1D5044067F008407E110430701004307EA
:20E6800002004307030043070400430705000457A68D61520058006006D8CA1D046FA08D30
:20E6A0005B6F00000477A18D5B770100047FA28D5B7F02000487A38D5B870300048FA48D22
:20E6C0005B8F04000497A58D5B97050001E280071601435F00004367070020EEDE0023465F
:20E6E0000700014A00301D38BFFF68E0E05100E0BA058007F200013223460000064A1D38B3
:20E70000BFFF50E0E051F26D836F0100CD9E7000849AEA9ACD6E0F00CD995B9F00000377E7
:20E720000100CE7670008472037F0100EA72CF7E0F00CF715B77010003670200CC660F0033
:20E74000C3FF0200B20D038F0200D18E3000848AEA8ACC895B8F0200E51D035F0200CB5EC1
:20E760001000845AEA5ACC59C3EF0200B20D6C5ACA055B5F0200F50D0B560C005B5702005B
:20E78000A50D6C5AEA050B6EF4FF5B6F0200B5055B5F0200039F0300D39E3000849A037F7E
:20E7A0000300EA9ACF7E0F00CF995B9F030003770400CE761000847203870400EA72D08609
:20E7C0000F00D0715B770400038F0500D18EF000848A03970500EA8AD2960F00D2895B8F50
:20E7E000050001E21C504406FF108407E1108900210650C90000E13107D808E09A2D664AD7
:20E80000F62523360200BFFF70FEE05100E8D21D036707005B670000036F06005B6F0100D8
:20E82000037705005B770200037F04005B7F0300038703005B870400038F02005B8F05002C
:20E8400006925C970000D5055C070000A50501EA1D504406FF10200E3D00E1310058BE0DF5
:20E86000E039920D2466208DC6610C6F0000476F0000015A0B507F0087000606C3FFEE05D4
:20E880002456208DC6514A3F00007F000606C3FFAE0D2456208DC6510A580B6700004162F4
:20E8A0004A6700007F00820721000606C3FFAE1D2476208D0E60C6610C500A6F0000416A89
:20E8C0004C6F000043370200C6710E7F0000437F0300203EAE0023460200024A0030BFFFC7
:20E8E00072DE42063F008207210087000606C3FFEE152466208D0C50C6514A3F0000433792
:20E900000200C6610C6F0000436F0300203EAE0023460200024A0030BFFF38DE42063F0050
:20E92000A00721000457208D41524457208D43070200205E3D002466208D236E02000070EB
:20E940000D78CE790C80CE81108F00004F8F01004172EB71E6F5203EAE00204E3E000030C0
:20E960000D40BFFFEEDD60063F00820761004307030020EEAE0023460300014A00301D38ED
:20E98000BFFFD0DDE051920D01322446208D204E3D001D38BFFFBCDD42067F00820721002A
:20E9A0000D52435702002066E00043670300203EDE0023460200024A0030BFFF96DD4206AD
:20E9C0003F00820721000D52435702002066A00043670300203EDE0023460200024A00305D
:20E9E000BFFF70DD42063F008607610043070200430703004307040020568000435705001B
:20EA00000162436706004367070043070800066A436F090043670A00207E5000437F0B0046
:20EA20000D8243870000208EE000438F010020EEDE00234602000A4A00301D38BFFF14DD3D
:20EA400023460000024A00301D38BFFF06DD4407A68D46067F008207E10007524357030032
:20EA600020E6DE004307020023EE0300014A1D4000301C38BFFFDCDCE051B215013223461C
:20EA8000020006481C38BFFFCADCE051820DC3C70200B205006085250162E51D0060C51DBA
:20EAA000014A1C3800301D40BFFFA8DCE051B21501322346020006481C38BFFF96DCE0514F
:20EAC000820DC3C70200B2050060E5050162C5050060A50500600C504206FF008900614AAC
:20EAE000F62D460EFFFF2166A03663620058EB254C0004000C0014001C000477AB8D47771A
:20EB00000000017A487F0000C51D0487AA8D47870000018A488F0000C5150497A98D479756
:20EB20000000019A489F0000C50D0467A88D47670000016A486F0000C505015AA505015AE7
:20EB40000B507F0005020457AC8DE051AA250132203E2000BFFFBEE60132043A0AE8BFFF0C
:20EB6000B4E6EAE9CA0D0467AD8D5F624467AD8D046FA98D416A446FA98DB50D0477AD8D52
:20EB800041724477AD8D047FAA8D417A447FAA8D0487A88D41824487A88D230201624467A8
:20EBA000AC8D045FAD8D4407AD8D4407AC8D046FAB8DCB69446FAB8D0B507F008C0721001E
:20EBC0004407AD8D4407AC8D4407AB8D4407AA8D4407A98D4407A88D205681006357010074
:20EBE000015A635F0500635F09002C06FFFF000063670C00036A636F1100450E00002176E8
:20EC000094386377150023360000BFFFE0D44C063F00190200D006C83C06B04D000000E8FD
:20EC20001D38C33ADC3927370100FAE9273F0500E2470000BFFFA6E541EA65EAA6F52036E3
:20EC40003B0180FFA01A3D06D84D000000D81B38C33ADD3927370100273F0500BFFFB6E576
:20EC60001B60E5674002245E8880CC59DA59E051E28700004B875000246E0081CC69DA6962
:20EC80008B8701008B3F29008B375100105007510D7F000006514F514681478110514D578C
:20ECA00000000B9728004B9700000B7F50004B7F28001980CC810D570000DA815057000090
:20ECC00041DA68DAD6C541D265D2F6A537028A07E1103D06B04D000000D81B38C33ADD391E
:20ECE000273701000040273F0500BFFFF0E41B80C382DD81307F0100637F010030870500EB
:20ED00006387050043070800018A438F090023E60000430710001C30BFFF4CE541DA65DA54
:20ED2000D6DD3D06D84D000000D81B50C352DD512A9F0100639F01002A5705006357050020
:20ED400043070800430709001C30BFFF1AE541DA68DAC6ED4A06FF100002E0310060EA0D2C
:20ED60000457B18D61528A0D0C3280FFDC194407B18D4407B08D0162C5056132AA0501621B
:20ED80000C501E02860721000632BFFF12EC6457B48D0532BFFF08EC6457B28D81FFF40101
:20EDA000E0518A252467B48D0C06B2FEB11D046FB18DE069EA250C72637701002F06A0865A
:20EDC0000100637F0500450E000021867A3B63870900018A448FB18D2336000080FF9E197E
:20EDE00085150497B18D61928A0D0C3280FF5A194407B18D4407B08D0732013A80FF4E3A5A
:20EE0000049FB08D619AFA054407B08D0732003880FF3A3A46063F006407B48D6407B28D4B
:20EE20004407B18D4407B08D7F004407B18D01524457B08D7F00E457B38D7F00E457B58D98
:20EE40007F0088006142EA0D210681C90000E1319A0DE039F20507670000446728810050C5
:20EE6000A50501527F008900210681C90000E1318A15E039E20DE041C20D614AA60D0467AA
:20EE8000288147670000016A486F00000050A50501527F008C072100025263570900205EE4
:20EEA0002A00635F0D00433710002336000080FF86FBA3670100836F0100D0628377030049
:20EEC000D86ACD61A37F0300C872CE61CF61636715002336080080FFA6000030BFFFF2D0EF
:20EEE00004872881E081C20580FF8E0CE5FD4C063F0024572D817F00040263370100633F3F
:20EF0000050063470900634F0D00A45F3181846731814162EC59A2356462B605E059E22DA0
:20EF2000BFFFD2FF2337010064320A58FE258B00E659CF25847F3181236E00000F76010042
:20EF40008E0044773081C47A2486B88D2D970100CF81709701002D9F0500709F05002D5704
:20EF60000900705709002D6F0D00706F0D00047730816472B10544073081220200020648FB
:20EF800026370100293F050029470900294F0D00BFFF68FF1E02880721008800210682C9B9
:20EFA0000000E131EA15E039C2156142AA15025263570100206E2B00636F050043070800FD
:20EFC00063070D0023360000BFFFB4FF0050A505015248063F008807E1F0870006C007C89A
:20EFE00080FF5A530AD080FFB84F0AD8BFFF8CE40AE0BFFF78E40AE8BFFF44FECA00E05184
:20F00000BE0D0A3081FF282106384036004F81FF9E210688D5050A3081FF14210688403685
:20F020001C42113881FF3C22063826066666E63E81FF7C2181FF0423860002526357010098
:20F0400063C7050043CF0800C832C4DA1AD9DB31D0E2DC31400E40000131D8EADD316337E7
:20F060000D0023360000BFFF16FF4806FFF08C072100870002526357090063370D00433F9F
:20F0800010002336000080FFAEF9A35F010083670100D05A836F0300D862CC59A377030058
:20F0A000C86ACD59CE59635F150023360800BFFFCEFE4C063F006432BE0564372D817F005D
:20F0C000501A23560000A46F3181249EB88D0D6601008C0044673181C46ACD9933870100D5
:20F0E0006A870100338F05006A8F0500339709006A970900339F0D006A9F0D00046731816A
:20F100006462B105440731812A6F0100666F01002A870500668705002A8F0900668F09009E
:20F120002A970D0066970D0048061F00045F308104673181EC59E25700007F0084573581CB
:20F140007F00050206E82606903102001F3A81FFA23F80FF321DE0E9C205015A445F348181
:20F16000BFFFACEC80FF661CC5FD88076100E03100E8EA2D03320038BFFFA0F00332BFFFC8
:20F1800032F004320038BFFF92F00432BFFF24F02036710280FF4E1580FF3453E051FA05B6
:20F1A00002320038BFFF74F001EAF525026263670100206E1600636F0500017243770800DD
:20F1C00063070D0023360000BFFFB4FDE5156132CA150232013ABFFF42F02036881380FFB5
:20F1E00004150332BFFF62EF0432BFFF5CEF0432013ABFFF26F001EA1D5048067F00000207
:20F200000232BFFFEEEF6152DA1580FFC252E0519A150432BFFFDCEF61528A0D0432003893
:20F22000BFFFF8EF0432BFFF8AEF02320038BFFFEAEF1E020A02BFFF4EF004320038BFFF65
:20F24000DAEF03320038BFFFD2EF02320038BFFFCAEF01320038BFFFC2EF20EE6A1800E0CC
:20F260001D3080FF8014BFFFA6EB41E26AE296FD01320638BFFFA4EF1D3080FF6814BFFF15
:20F280008EEB0232013ABFFF92EF2036881380FF5414013A0030BFFF82EF0432013ABFFFA6
:20F2A0007AEF28020002E03182156132EA0DBFFF50EB01524457658104676781200E140025
:20F2C000E161B30544076781A45765811E021402C700C80023DF1500045738816152006815
:20F2E00006D0AA451A06ECFFFE3D3D066C4E00001A60C362DD61EC5F0500EB39DE3507801B
:20F30000C881EB819F35246E2C8EE0410DE00070A3152C8F01000998CD89C789CE89CE9921
:20F32000139F0000519F00004172CE00E871A1F5EC5F05002C370100CD310B3EFEFFC700FC
:20F3400080FF78101A98C39ADD99338F0100F39F0500DC89D3897157FEFF247E3981DA7992
:20F360004FDF0000016A0D503202C700C800046F3881616A0058FA3D0606ECFFCE3DC33257
:20F380002C066C4E0000C661EC570500EA39BE350778C879EA790058A71DA751E051D715A8
:20F3A00024562C8E09882C9F0100CB89CA99C799CB99139F0000519F0000415ACB00EC77D6
:20F3C0000500A771EE59F6ED015AD515E041A31524562C8E09782C970100CB79CA91C79158
:20F3E000CB91129700004F970000415ACB00E859A1F5015A0B507F008407E10080FF54353C
:20F4000023EE070000E00E3201421C381D48BFFF5CFFA3670700205E7FFF4C59435F060045
:20F420000B0681FFD615200E1000E1E1D21DCC768000A21D0E320142234E0600634701003B
:20F440001C38BFFF8CFE1C3080FF682FD50D0C860100438707000E320142634701001C38E6
:20F460001D48BFFF6CFE41E29C001C06E1FFC6CD4406FF00840761004307070024EE2C8E59
:20F4800004577E8163528B350132234E070000380640BFFFD8FEE051F225A35F0700E05956
:20F4A0009A150142434706000D32234E0600634701000038BFFF1AFE8337070080FFD4E760
:20F4C000B515615A9A150272437706000D320142234E0600634701000038BFFFF4FD83377F
:20F4E000070080FFAEE72606684E0000023A80FFCA0E400E0000E187714EDD817057FEFFE5
:20F50000400E0000218F684E7D8F0000400E0000E13F714E00301D40BFFFB8E8203690012C
:20F52000400E0000E13F714E1D40BFFFA6E844067F00C800E041E30D00500758CA59066813
:20F54000CA690D6F00004B6F00004152CA00E851D1F57F000F028700200E1400E13100E893
:20F5600006D8B60580079401E039B23D243E3C8F3C066C4E00001B40C342DC41287F010080
:20F5800024362C8ECF31E8470500BFFFA8FF1B80900044876181246E3981DB690D8F0000BA
:20F5A000448F62814D070000440784814407648144078381A4676181C362DC61EC9F050093
:20F5C000819ACCC70400F205335601008A0044578281C5059300449F82810182448763815B
:20F5E000846763812C8EFFFF648ADB0D510005000500090005000700035AE505025AC505D1
:20F60000015AA505035A8437858184778381EE31F12544078481635AB2050058C50D049F02
:20F620006481E099B2050058E505015244576481A45F638101EA445F6381E059EA5D626203
:20F64000CA5D047F8381617AEA050432003880FF5426B5550038003080FF4A26E54DA4870D
:20F6600061812D066C4E0000C382D069635A0060FA05048F6481E089B20520669001625AB6
:20F68000BA052066900106960100EE918A0D2D5F0400CB5E0100CA05025AA505025A8477FB
:20F6A000858124463C8FC172CE412D370100CC31CE310B38BFFF1CE7E0510AE8BA15017AFB
:20F6C000447F83810E32003880FF82314407748124366C81BFFFA8F8845F8581415A8B00C5
:20F6E000F5050E32013A80FF6431845F85810B8E01009100448F84811D502D02206614005F
:20F7000084576181205EFF00EC518E150A68245639810A78CD790F7F0000E079B2050D585E
:20F72000D505416A8D00EC69D6F50B0601FFEA15848F6181E089A3152456398100600A983B
:20F74000CC99139F0000E099B2050C58F50541628C00847F6181EF61B1F50B507F000A0214
:20F7600020EE1400A4576781FD5100E087250467638161628A0DA43761810038BFFFD8FD79
:20F780000AE0D515045F6181415A8B00FD59445F6081B60544076081BFFF64FFFD510A5898
:20F7A000EE05013A0B30BFFFAEFD0AE01C5028020002E45F5F81200EFF030B560600E15109
:20F7C0000660CF050B06DFFCDE05206E2103646F5E818C77050044774D810C7F0800447FD5
:20F7E0004E810C360C00243E4F810442BFFF46FDE4375F81063A24464D81BFFFD6E5018204
:20F8000044877D811E0282072100C6000606DFFCF60D060601FCCF0D0656DFFC43570300EC
:20F8200020362003013A23460300BFFFA6E542063F0024563981005800600A70CB710E77B1
:20F840000000E071B2050162D505415A0B06ECFFD6F50C507F008807610004576781200EC5
:20F860001400E1519315BFFFCCFF6152D20D046F6381616A920DA467818141628C006262BE
:20F88000C7050262A5050060446781816262AA25047F7D81617AAA15E45F5F81465ACB0045
:20F8A0000B0601FCB705205E2103645F5E810B30BFFF56FF44077D81D50DBFFF72F8E05168
:20F8C0009A0D23EE00001D30BFFFF8F71D30BFFFE2FE48067F000F020162200E1400E131F6
:20F8E00008E006D8CE4D3D066C4E00001B60C362DD61EC5F05000B68826A8D00CB7E0300C4
:20F90000B205416A8D00E0392C770100CA05CE000E60C5050E669001CC0084776981ED7152
:20F92000D91D0E9E0100F369EA05CB6E0300CA05046AA505046AC272CE61CEE11C400C309E
:20F940000D38BFFFA6E3E051F205048F6881418A9100448F68810060A5150B3EFEFFC70038
:20F960001C3080FF560AC3DADDD9FBDF0500DCD9FBDFFFFFEAD9EA67000041620C502D025B
:20F980001402205E1400A46F6781EB69B6058007DA01845781813A06244F000024DE2C8E07
:20F9A0006352B3058007A8014A0004000D002800490044077F814407688101624467808150
:20F9C000800790012446F88D00380D30BFFF0AFF61520A588A0D44076881026244678081F4
:20F9E00080077001625AB205800768014407688103624467808180075A01013A2446F88D5B
:20FA00000D30BFFFD4FE61520A58DA054407808180074001625AB20580073801A47F6781D3
:20FA2000245E3981CF590B870000E081CA05058A4B8F0000440780818007180124E6F88DBC
:20FA4000013A1C400D30BFFF90FE61520A589A2524EE3981A46767811D98CC99139F000027
:20FA6000E099CA15C36228066C4E0000CC41283F0100E8470500DB391C30BFFFB8FAA48F75
:20FA800067810352DD8951570000440780819565625AFA5D24E63981A46F67811C98CD99E9
:20FAA000139F0000E099AA3D2F0684500000CD790F7F0000E079A2353D066C4E0000C36AFD
:20FAC000DD692D5F0100ED470500CBD11B38CB391A30BFFF60FAA43F6781C33ADD39273789
:20FAE0000100E73F0500DB315E3AC70080FFCC08A4976781C392DD91328F0100F2970500E6
:20FB0000DB89D2897157FEFFA49F67810472DC9953770000017A447F7F8104577F81E051B7
:20FB2000BA150038003080FF242D018244877481A49767816497798124366C81BFFF40F42A
:20FB4000018A448F7F8144078081B505440780818467818144678081E061DA0D049F6781A9
:20FB6000419A449F6781F505EB69DA050D760100447767813202050280FF1EF48A00046FC2
:20FB80006681E0690AE8A20D02724477748124366C81BFFFEAF344076681BFFFE6FDBFFFFD
:20FBA000B8FCBFFFBCFB400E0000A17F694E84877F81F079970DBFFFBEF8400E0000018F8D
:20FBC000694E448F7E81049765816192CA1563EAB20562EA8A1544076581BFFF1EF881FFD5
:20FBE0005A09BFFF5AF5E051E20520361100003880FF5A2C23028207610020362003013A16
:20FC000023460300BFFFE4E0E05100E8E20DA3EF03001DEE2103DD001D06DFFCEE051D0639
:20FC200001FCB70520EE21031D5042067F000F0286002C06244F0000245E2C8EE0310BD839
:20FC4000A22D204610010C300B38BFFFE8F83D066C4E000000E01C38C33ADD39273701009E
:20FC6000E73F0500DB315E3AC70080FF4E071C90C392DD91328F0100F2970500DB89D2899C
:20FC80007157FEFFBFFF88E141E2DC001C06ECFFB6E5F5153D066C4E000000E01C38C33A99
:20FCA000DD39273701001B40E73F0500C641BFFF3AE0BFFF5AE141E2DC001C06ECFFF6ED82
:20FCC000BFFF36FF64575E810192449738812D020F0220E610003D069850000000D81B30CC
:20FCE000C4321D401C38BFFFEAE0BFFF22E141DADB001B06C0FFC6F52D020F0224DE2C8E87
:20FD0000BFFFD0FF0132BFFF28FF3D066C4E000000E01C38C33ADD39273701001B40E73F1A
:20FD20000500C641BFFFACE0BFFFE4E01C38C33ADD39275F01001B400B369001E73F0500A5
:20FD4000CB41BFFF8EE0BFFFC6E041E29C001C06ECFF86E52036210364375E81BFFFAAFA7A
:20FD6000019A449F66812D0282076100BFFF92E00152445765812036D43080FF680924EEA5
:20FD80006E8F400E0000E13F714E1D400030BFFF5ADFE051F23D400E0000A167694E44679D
:20FDA0007E81046F6E8F636AC205BFFF50FFA535A45F6F8FEB61DE050030BFFF74FEA52DF7
:20FDC000EB61D725445F7E810030BFFF64FE04776F8F6472FB1D02422906684E0000017ADE
:20FDE000637F010000300038BFFFE6F420361300014229062E500000634701000038BFFF26
:20FE0000D0F4208E1400448F6781C5050030BFFF20FE0A32400E0000E147C14E00381D486D
:20FE2000BFFF4AF5E051B20DC4D76E8FD205019244977C81F50544077C81C505019A449F71
:20FE40007C8120362A000C3ABFFF26F242067F0084577D817F008207E1108800200E1400A6
:20FE6000E13107E006D8DE2D1B50C3522C066C4E0000CA61EC6705000C5EFEFFEB41F20527
:20FE8000615ABA056242B7050562B52502EA63EF01001C481B3000380C40BFFF34F461523C
:20FEA000EA0D6ADA1D608A0DDCD70000D205017244777C81E50D44077C81B50D0462950D3A
:20FEC0001B0680FFDA05BFFF0AFE0060A50505620C504206FF100A02C700C800200E1400DC
:20FEE000E1310058076809E808E0AE25C3322E066C4E0000C671EE670500EC699E1D2E5F6C
:20FF00000100CD590B5E90010D80DC81EC81A70DAD61CC000C381D400B30BFFFCEDD0A5834
:20FF2000F5051D400B301C38BFFFC0DD0A580B50280214028900E03908D0065800E009D8EA
:20FF400000E80760BA0501EA9565206E1400ED598E150B50C3523C066C4E0000CAE1FCE729
:20FF600005001C400C4800380B30BFFF00F4E54D0B06C0FFAE1D20361F00E6590DE0BF1565
:20FF8000ED599615E659AA0504E2F45F40020B5E90011C380C400B30BFFF50DDE051EA35F7
:20FFA00001EAC53505EAA5350B0680FFFE150B76C0FF8E00ED718E150E90C3923C066C4E32
:20FFC0000000D2E1FCE705001C400C4800380E30BFFF06FFB51D05EA951D207633000DE074
:20FFE0000B6E80FF8D00EE698B15EE690D58AA0504E2EB5E14001C380C400B30BFFFECDC76
:020000040001F9
:20000000E051CA0501EAA50505EAFBE1FF05E0D1D2055AE700001D50C50501525A070000C8
:2000200032028407E1F187008800663A06B8C60505C2800708020750C25231060C4F0000A2
:20004000CA89318F0100F18F01005E8AE889C20504C28007E80102DA653A00C81BC0079000
:20006000B3058007CA0152000600310074008800B300BE000A32014263DF01001748003827
:20008000BFFF4EF2E0510AC8BA058007A201D7D70000D205017A447F7C81B50544077C81B4
:2000A00023EE07000332014200381D48BFFFBEF2C3370700033201426347010000381D48E4
:2000C000BFFF0EF20AC88007660123E607000332014200381C48BFFF94F220EE80FFA38F7B
:2000E00007005D89EAD70000E0D1EA1D05322046110063DF010017480038BFFFD4F16152DC
:200100000AC8AA15039707001D9143970700033201426347010000381C48BFFFB4F1615249
:200120000AC8AA0501D2E0D1BA058007020104322046110063DF010000381748BFFF92F1A9
:2001400061520AC8CA752036100080FFF826F56D977701006272B76F0100DF0D656ABF0DE5
:200160000B3263DF0100003818401748BFFF62F10AC8D55D05C2B55D975F01000B06DDFF3E
:20018000DF25B76F0100636A962520661E00EC69DF1D976F0300636A961DEC69FF15976FBF
:2001A0000500616AB6156A6A9F15B76F0500616AD60DEC69BF0D0C32064263DF0100003821
:2001C0001748BFFF0CF10AC8A53505C2853509322046200063DF010000381748BFFFF2F09D
:2001E0000AC8D525975F0100E059D205615AB20505C2D51D20361300014263DF01000038DA
:200200001748BFFFCCF023EE07000332014200381D48BFFF58F1C32F0700033201426347B6
:20022000010000381D48BFFFA8F00AC8E0C9DA0562C2CA0504C2A5051BC018504406FFF190
:200240000A02870048070000663A066808E0C60505EA80072001653A006000E80750B3056E
:20026000800702014A0006001A002E00420056006A00400E0000E147C14E0A325E42C80031
:2002800000380D48BFFFE6F0400E00002187C04E5E825C8700000A60D565400E0000E1475C
:2002A000914E04325E42C80000380D48BFFFBEF0400E00002197904E5E925C9700000A6097
:2002C0009555400E0000E147C94E0B325E42C80000380D48BFFF96F0400E00002177C84E35
:2002E0005E725C7700000A60D53D400E0000E147D14E0C325E42C80000380D48BFFF6EF0FB
:20030000400E00002187D04E5E825C8700000A60952D400E0000E147B94E09325E42C800BA
:2003200000380D48BFFF46F0400E00002197B84E5E925C9700000A60D515400E0000E14783
:20034000094F203613005E42C80000380D48BFFF1CF0400E00002177084F5E725C7700003D
:200360000A601C87000041825C870000E061AA0504EA1D502802C7002B06FFFF0000E03946
:20038000871D5F3AC7002A06AC54000006804132908701002B819000C182CA81F0870100D6
:2003A000A85A2B8107685F3AC700E0691058FFEDAB56FFFFCA007F000002C700BFFFBAFF9B
:2003C0001E02E031A215E0398215067E010086770100C872677700000F360100EE008F7FA8
:2003E0000100CF716777000006507F00E031A215E0398215067E010086770100C8726777F6
:2004000000000F360100EE008F7F0100CF716777000006507F00E031D225E039B225068E1A
:20042000010086770100D872677701001176010027870100918F0100D08AD18167870100A1
:200440000E860100278F01008E770100C872CE89678F01001036010090870100D089678F14
:20046000010006507F00E031C21DE039A21D06960100276F0100867F0100D07ACF69676F4C
:200480000100127E010092970100C892D269676F01000F3601008F7F0100CF69676F0100D0
:2004A00006507F00E031921DE039F215A69F0300D89A679F010086770300D072CE99679F17
:2004C0000100A68F0100C88AD199679F0100865F0100CB99679F010006507F00E031921D3C
:2004E000E039F215869F0100D89A679F0100A6770100D072CE99679F0100868F0300C88A05
:20050000D199679F0100A65F0300CB99679F010006507F00E700E031B20D065601000760A7
:200520008862466700000A3601004A3F000006507F00C700E031B20D065601000760886240
:20054000466700000A3601004A3F000006507F00E031F2150666010007709872467700008C
:200560000C5E01000778907A4C7F00000B560100078088824B8700000A3601004A3F00002D
:2005800006507F00E031F2150666010007709872467700000C5E01000778907A4C7F000004
:2005A0000B560100078088824B8700000A3601004A3F000006507F0087005F3AA700E039F7
:2005C00000600750C6150A58E4674E020680CB8190870100D07EF000847AEA7ACF61D0867C
:2005E0000F00D0615F5AAB00E059FEED0C507F008C076100205EB4002466A08F00680C50B5
:20060000CD516A0701000C70CD716E0705000C78CD794F0708004C6AEB69A6F503826387DA
:20062000010063070500048A638F090020967C0063970C00450E0000219ECE53639F15003F
:2006400023EE00001D30BFFFA4BA025263570100635705000572637709001D30BFFF8EBAA5
:200660004C067F000002E031BA050162F50561320060CA05BFFF7CFF01620C501E020A0294
:2006800024EEA08F00E01C60EC6740021D50CC510A6F0800616AAA251D58CC590B702E7FC1
:2006A00001005F7A6B7F01001D80CC81308F0100E089CA151D90CC91520708001D98CC99FE
:2006C00033570500E051A20D1D68CC692D770500450E000021FE2A546E0041E26FE2C6D5DB
:2006E00028020A02C60006E00232BFFF90B80AE8BFFF1CD70232BFFF84B8FD510A58D30585
:200700000B60BD61FC61BE0DEBE9B3F51D68AB692E06FFFF0000BC71EE69BFED28026F32E6
:2007200000608E152456A08FEC3740020A68C6690D77080061720658DA05CB510A782F6737
:2007400001000C507F006F328E1D2456A08FEC3740020A60C6610C6F0800616A0658DA0D3F
:200760000A70CB714E0708000A78CB796F070500CB510A80700701007F00E0319225266F2B
:2007800001006F6ADE1D2456A08FEC6F40020A70CD710E7F0800E0790D58AA150A80268F35
:2007A0000500CB81708F01000A90269F0900CB91729F0500CB51017A0A704E7F08007F00A9
:2007C0000002BFFF4AD62056BF00005F28F800004A59405FFCF10000405F28F80000000097
:2007E0000000000000000057C2F6E051DA05005FC2F6E059D2FDBFFF16D6C0072CF80067BF
:2008000024F8CC660100E205006F24F8CD6E0100CAFDC00F2CF8BFFFF6D5205EF7000067BC
:2008200028F800004B614067FCF10000406728F800000000000000000000007728F8CE76B6
:200840001000E205007F28F8CF7E1000CAFDBFFFBED51E020002BFFFB6D50852005F28F849
:2008600000000A59405FFCF10000405F28F800000000000000000000005728F8CA56100023
:20088000EA05005F28F8CB5E1000C2FDBFFF80D5C0872CF820664000005F28F800000B61C3
:2008A0004067FCF10000406728F8000000000000000000001E028A076100E03100609A556B
:2008C000BFFFD4D0BFFF60BEBFFF62B7203E7C0000300040BFFF06C9013200400638BFFFBD
:2008E000FCC80132083A0040BFFFF2C80532023A0142BFFFE8C80632033A0040BFFFDEC8CA
:200900000732013A0040BFFFD4C80632203EC0000142BFFFC8C8015263570100206E100036
:20092000636F05004307080023EE0000430709001D30BFFF32C9077263770100027A637F72
:200940000500018243870900430708001D30BFFF16C90732023A0040BFFF82C80162A51D1E
:2009600061328A1DBFFF48B6BFFFB2BFBFFF52D0018A638F01002096100063970500438F5D
:200980000800025263570D0023360000BFFFD8C801620C504A067F000002BFFF80BFBFFF32
:2009A00020D0BFFFAAD01E0214028800210692C90000E13100D0EA35E041BA2D20DE1400B4
:2009C00024EE50B51BE0E8E74402DDE1084200381C3081FFAE091C3608000842003881FFD1
:2009E000A2091C3610000842003881FF96091C361C000842003881FF8A091B585FDAE05961
:200A0000AAE5640799B864079DB86407A1B8B50D6142EA05076700004467E381C50501D299
:200A2000A50501D21A5032020F028900210692C90000E131077008D89A3D205E3500EB4958
:200A4000D635A46FE381200E1500E16900E0EE254E6F0000245799B82E7E01006F57010097
:200A600024879DB82E8E0500718701002497A1B82E9E090073970100A47FE3810E360D00F0
:200A8000EF7E2800243E50B5CF39204628000BE881FF84065BEF0000A50D208E15004E8F2B
:200AA000000001825B870000A50501E21C502D028800210691C90000E131DA1D6642BA1D18
:200AC000076700004467DD81076F0100446FDE81077702004477DF81077F0300447FE081CE
:200AE000078704004487E181078F0500448FE2810050A50501527F008900210691C9000090
:200B0000E1318A25664AE61D0467DD8147670000046FDE81476F01000477DF8147770200C6
:200B2000047FE081477F03000487E18147870400048FE281478F05000692489700000050B1
:200B4000A50501527F008800210690C90000E1319A0D6142FA05076700004467DC810050F0
:200B6000A50501527F008900210690C90000E131CA0D614AA60D0467DC8147670000016AC8
:200B8000486F00000050A50501527F0004575490E0518A15045F5590415A445F559084676D
:200BA000DD81A46F5590ED61DE05047755904477DC817F00A45755907F008C07210004524E
:200BC0006357010063070500065A635F09002066340C63670C00450E0000216EDC58636F3C
:200BE0001500440755904407549023360000BFFFFCB44C063F008407E1F03A0690570000A6
:200C000024DE888100C81978C27ADA792F7FFD000FE0C27ADB792F7F01002F7F0D00E079F4
:200C2000F21D23EE00001D3080FFE6871C90C292DB9132970100003032970D00450E0000CC
:200C400021FE96597200E8E74402244650B5DC41083E0800084620001D3080FF608620EEF7
:200C6000150041CAFDC986D5246F9DB8416A646F9DB8BFFFE2FB047751824172447751824E
:200C800080FFBA366352CA25BFFF84D100E01C90C292DA913297A9001260C292DB91329776
:200CA000010032970900E091C20DC262DB612C770100450E00002E77090021FE105A6E0025
:200CC00041E2FDE1D6E580FF74366352E2DDBFFFF2FA00C01890C292DA913297510112C8F5
:200CE000C292DB913297010032970D00E091F21D23E600001C3080FF188701321970C272B1
:200D0000DB712E770100450E00002E770D0021FE645A6E00E8CF4402244650B5D941083EC5
:200D20001000084624001C3080FF928541C2FDC1A6D52487A1B841826487A1B8BFFF7EFECE
:200D4000048F4F82418A448F4F824406FFF08407E1703B069057000024E6888100C8195837
:200D6000C25ADB592B5F55000B70C272DC712E7701002E770500E071E21D23EE00001D304A
:200D80000BD080FF8C861A88C28ADC89318F0100450E0000318F050021FEEE5A7100E8D724
:200DA0004402244650B5DA41083808461C001D3080FF0A8541CA1906EBFFA6D5249F99B8BB
:200DC000419A649F99B84406FF70000280FF6E3563520A68CB1D4D00040004000400180087
:200DE000047F5590E079E30D018244875490048F55905F8A448F559044075490BFFF52FFB9
:200E0000E50580FFA6F7B505BFFFEEFD1E028407E1703B069057000024E6888100C81958F9
:200E2000C25ADB592B5F01000B70C272DC712E7701002E770100E071822523EE00001D3039
:200E40000BD080FFCC851A88C28ADC89318F0100450E0000318F010021FEAE5B71003D37B2
:200E600001003D3F050080FF3E85E8D74402249E50B5DA997357190041CA1906EBFF86D51D
:200E80004406FF70000280FF0834BFFF8EB480FF9C850232BFFF22E2BFFF76FFBFFF1EFD3A
:200EA00080FFFAD804574F82415244574F821E028207E110880008E806D807E080FF525AB4
:200EC0006452D20580FF4A5A6852BA25210605E20000E1D9EA1DE0E1A21D61EA8A1D9C5F8D
:200EE0000100635AAF15615A86150D320142026A636F010000381C48BFFFD6E3E051E267CC
:200F00000000C1624262E5050562C5050162A50507620C504206FF1014028900E03909D82D
:200F2000075808D0F21DE0D1D21D210605E20000E13100E0AA150D32014200380B48BFFF41
:200F40002CE4E05100E8F20561DAB60501E2E50501EAC50501EAA50504EA5AE700001D50C8
:200F6000A505015232028207E110880006D807E008E880FF9C596452D20580FF9459685262
:200F80009A1D210602C90000E1D9CA15E0E1821564EAEA0D023204426337010000381C48C1
:200FA000BFFF2EE3E051EA6700004162C5050162A50507620C504206FF1014028900E03992
:200FC00009D8075808D0F21DE0D1D21D210602C90000E13100E0AA150232044200380B48A2
:200FE000BFFF8AE3E05100E8F20564DAB60504E2E50501EAC50501EAA50504EA5AE7000074
:201000001D50A505015232028207E110880008E806D807E080FF261A6152BA05046285253A
:2010200080FFEE586852BA1D210639C90000E1D9EA15E0E1A21564EA8A1520361200044265
:20104000026A636F010000381C48BFFF84E2E051EA6700004162C5050162A50507620C50D0
:201060004206FF108007E1F0890009D806C007C808D080FF9C58685200E800E08A2521061F
:2010800039C90000E1C1BA1DE0C9C215E0D1A21520361200044200381948BFFFD0E2E05105
:2010A000F20564DAB60504EAE50501E2C50501E2A50501E25AEF00001C50A505075240064D
:2010C000FFF08207E110880008E806D807E080FF40586452D20580FF38586852BA1D2106FF
:2010E00031E20000E1D9EA15E0E1A21564EA8A1506320442026A636F010000381C48BFFFA8
:20110000D0E1E051E2670000C1624262C5050162A50507620C504206FF1014028900E03932
:2011200009D8075808D0F21DE0D1D21D210631E20000E13100E0AA150632044200380B48F4
:20114000BFFF2AE2E05100E8F20564DAB60504E2E50501EAC50501EAA50504EA5AE7000073
:201160001D50A5050152320214028900E03909D8076808D0E235E0D1C2352B0600E300001E
:20118000EB3100E0962D210604E30000E131CF25EB3100E8FA0D4D0700004D0701004D0774
:2011A0000200053201420D4E03000038BFFFBEE1D50DC2322106FD73FCFFC13186000638A2
:2011C000053204420D48BFFFA4E164DAB60504E2C50501EAA50504EA5AE700001D50A50576
:2011E0000152320214028900E03909D8076808D0E235E0D1C2352B0600D20000EB3100E0CA
:20120000962D210604D20000E131CF25EB3100E8FA0D4D0700004D0701004D0702000432C8
:2012200001420D4E03000038BFFF42E1D50DC2322106FDB7FCFFC131860006380432064016
:201240000D48BFFF28E164DAB60504E2C50501EAA50504EA5AE700001D50A5050152320267
:201260008207E1108900046AE03908E007D8006009E8BA058007FC00E0E1B27D210603C9A7
:201280000000E131E215210604C90000E131922D210600E20000E131E23D2106F2E6000047
:2012A000E131C2552106F3E60000E131D255955D203F0505633F0100273F01001B30BFFF5E
:2012C000C6F2235F01000B770C00E071DA050B7F0D00E079B205DB3F0000046200689545AC
:2012E0002336000080FF1C99233F0100273F01001B30BFFF92F2235F01000B970C00E09168
:20130000DA050B9F0D00E099B205DB3F000004620068F5252336000080FFE898237F01000A
:201320000F7F12005B7F0000238F0100118F13005B8F01002397010032971000129694F81A
:201340005B97020003620068C50D0E9A5B9F000001620068E5050C725B7700000162006888
:20136000ECE9B905016A00605C6700000D50A50501524206FF100002E0310060DA05BFFF8B
:201380008ECA0162E5056132CA05BFFF9ACA01620C501E020002BFFF8ECA1E025C1A8657BA
:2013A00003006852EF05877F0100637F0100A515200E1000E151EF05E7870100638701001A
:2013C000950D206E2000ED51DF05278F0100638F0100206E200086770100A65F0100ED5101
:2013E000EE050162EA67C0005F62A5051F62ED51BF3D23370100EB67C000EB37C0004C3194
:20140000CE41087F0000068090001079487F0000088AAB89F1510868B70D6172960D069088
:2014200088920D9FFFFF920013914D97FFFF20861000AB81F051B70D6272960D0678907AEA
:201440000D8FFEFF8F0011794D7FFEFF209E1800AB99F351970D6372F6050D87FDFF9832E5
:2014600010314D37FDFF42061F00C90020562000EA499F5D865F0300866F0100A6670100CA
:20148000EA59EE050132EB37C0005F32A5051F32CD4188870100685A0870D735AE8FFFFFD6
:2014A000207E1000C88A1089EF59F71D8E97FFFF207E1800D0921191EF59970DAE57FDFF6D
:2014C000D8521251EC5780004651B52DAC79EF591250F705636AD605AE87FDFFD8821051E4
:2014E000EC5780004651D51DAC79EF591150F705626AD6058E9FFFFFD09A1351EC57800073
:201500004651F50D10500882AC81F059F705616AD605AE8FFFFFC88A1151EC5780004651E7
:20152000675701007F002456E58100580A60CB614C070000415A6E5AA6FD00507F008900EE
:201540000058EB49E70D0760CB612476E581CB710E7700004C770000415ACB006E5AA6F52B
:20156000485F000000507F00000280FF5EF080FFE2181E02000280FFF80C013280FFC4147E
:2015800080FFA81480FFCC1380FFFA1D1E02020263370100633F0500C700613A0658CA0D1F
:2015A0008B37010023460400204EFF000B3880FF281A0A58A505045AE059EA05E3370500D9
:2015C00080FF264DC50D26068C610000CB318637010080FF2C53003080FF0E4D20028607BD
:2015E000210063370500633F0900C700623A06588A158B370100AB3F0100234E0800207663
:20160000FF00637701000B4080FF781B0A58A505045AE059EA05E337090080FFCC4CC50D75
:2016200026068C610000CB318637010080FFD252003080FFB44C46063F000202633701005B
:20164000633F0500C700623A0658BE05045AB50D8B37010023460400204EFF000B3880FFE0
:20166000A21B0A58E059EA05E337050080FF7A4CA515625ADA05016A446FE481C50D2606E9
:201680008C610000CB318637010080FF7452003080FF564C200282072100C700430703002D
:2016A000865F01000457F28141524457F281613A0660BA0D23460300204EFF000B300C38B5
:2016C00080FF8E0C0A58A505045AE059EA05A337030080FF144CC50D26068C610000CB31BC
:2016E0008637010080FF1A52003080FFFC4B42063F0082072100C70043070300865F010020
:20170000C85AA66F0100CD59CB000477F18141724477F181623A0660BA0D23460300204E30
:20172000FF000B300C3880FF180D0A58A505045AE059EA05A337030080FFAE4BC50D2606A2
:201740008C610000CB318637010080FFB451003080FF964B42063F0084072100C70043078A
:20176000070086670100A65F0100C85A86770300CE59CB00047FF081417A447FF081633ADA
:20178000EA0D234E0700208EFF00638F010006400B380C3080FFFA0C0A58A505045AE0594D
:2017A000EA05A337070080FF404BC50D26068C610000CB318637010080FF4651003080FFE5
:2017C000284B44063F007F007F007F0000028600060606FFD2052036120080FF24511E02A4
:2017E00000022036220080FF18511E02000280FFDC14003080FF540B013280FF461280FF5F
:201800002A1280FF601B80FFC00E1E027F007F0000022036220080FFE850003080FFCA4A33
:201820001E021402C70086EF0100A66F0100C8EACDE9633A06D000E007D8BE050462E53542
:201840001D3080FFC0140477E88141724477E881E0510A60A22D9A5F0300E059FA0D2C5FFC
:201860001100E059920D450E000021FEC2651D306B000A60B51D0562951D675ACA152C5FAE
:201880000D00E059E20D1A3E03001B46FDFF8800450E000021FEEC651D306B000A60E50504
:2018A0000562C5050562A5050562E061EA051C36030080FF344AA5156262DA05038A448F40
:2018C000E481C50D26068C610000CC318637010080FF2E50003080FF104A32028607E170E5
:2018E000C70086DF0100A6E7010086EF0300C8EAA6670300CCE9DD005A3A433F0B000477C5
:20190000E98141728E004477E98106C880FF0250685200D0B20506EA953D67DAAA15033220
:20192000194E0600237E0B00637F01002086FF00638705001C381D4080FF0A090AE8E525D8
:2019400066DA8A1580FFF610E051AA0D193E0600A3470B001C30BFFF00E50AE8F51504EA10
:20196000D51568DAAA150532194E0600238E0B00638F01002096FF00639705001C381D40C4
:2019800080FFC2080AE8A50504EAE0E9EA051A36040080FF5449A51562EADA050462446756
:2019A000E481C50D26068C610000DD318637010080FF4E4F003080FF304944EFEB814606DC
:2019C000FF708607E13043070B0086DF0100A6E7010086EF0300C8EAA6770300CEE9DD00D3
:2019E000047FE981417A447FE98106D080FF224F6852B20506EAA56D67DAAA1501321A4E3E
:201A0000040023860B0063870100208EFB00638F05001C381D4080FF2C080AE8F55565DAA4
:201A2000CA0D1A3E040023460B00204EFB001C30BFFF02E50AE8A54D68DAAA1504321A4E22
:201A4000040023960B0063970100209EFB00639F05001C381D4080FFEC070AE8F53569DA81
:201A6000CA35BA6701009A7F0300D862BA870300D07ACF619A8F0500C882D061D161BA5F3D
:201A80000500200E8AFDE161EB1D615A00E89A0D0C9700005A970500019A439F0B00E515DD
:201AA000625AFA0D0C5700005A5706000C7E01000F8700005A870500028A438F0B00E505EF
:201AC00005EAC50504EAA50504EAE0E9AA1569DAEA05A35F0B00455A8B00D505A35F0B00EF
:201AE000445A8B00435F0B000B3080FFFC47A51562EADA05049A449FE481C50D26068C615D
:201B00000000DD318637010080FFF64D003080FFD84744EFEA814606FF301402C70086EFFE
:201B20000100A66F0100C8EACDE90477EB8141724477EB8106D007D880FFD64D645200E078
:201B4000F20580FFCC4D6852B2050762F51D63DABE050462B51D1D3080FFAA11E0510A60B0
:201B6000C2152C5F0500E059E20D1A3E02001B46FEFF8800450E000021FED0681D306B0034
:201B80000A60C5050562A5050562E061EA051C36020080FF5447A5156262DA05028A448F3F
:201BA000E481C50D26068C610000CC318637010080FF4E4D003080FF304732020A02C700D3
:201BC00006E007E880FF4A4D6452F20580FF424D6852B205075AB52562EABE05045AF51D34
:201BE0009C5F0100615AB20D1C3601001D46FFFF88000B38BFFF2EE40A58951580FF3E0E49
:201C0000E051CA0D1C3601009C3F01001D46FFFF8800BFFF10E40A58A505085A625ADA05E9
:201C2000017A447FE481A515E059DA05013280FFB846C50D26068C610000CB3186370100DA
:201C400080FFBE4C003080FFA046280282072100C700613A0658BA0D0B3601008B3F0100FE
:201C600023460300BFFFDCE50A58A505045A625ADA0501624467E481B515E059EA05A33735
:201C8000030080FF6446C50D26068C610000CB318637010080FF6A4C003080FF4C464206B5
:201CA0003F0000028700205E10000457E58141528A004457E5814437E681443FE781E03111
:201CC00007608A0D8437E581CC31C60080FF1A46F50D6A32FE052B068C610000C6598B5F7B
:201CE00001000B3080FF1A4C003080FFFC451E028207E100C7004307030086EF0100C8EA0D
:201D0000A66F0100CDE90477E98141728E004477E981623A06E0DA1D1D3080FFE80FE0513F
:201D20000A60D2152C5F0100E059F20D1C3E020023460300204EFD00450E000021FE946AEB
:201D40001D306B000AE8E50505EAC50505EAA50504EAE0E9AA0DA3370300423286004337DE
:201D6000030080FF8445A51562EADA0502824487E481C50D26068C610000DD3186370100C8
:201D800080FF7E4B003080FF604544EFEA814206FF008407E130C7004307070086E70100A0
:201DA000A6EF0100D0EA86670300A66F0300C862CCE9CDE90477EE8141724477EE8106D099
:201DC00007D880FF4C4B6452F20580FF444B6852B205075AD52561DAD20564DAB205045A22
:201DE000F51D61E2C61D62E2AF1D61E2DA0561DAB205045AD51562E2DA0564DAB205045AC9
:201E0000F50D234E0700207EFF00637F01001A401C301D3880FF320C0A58A505055AE0596C
:201E2000EA05A337070080FFC044E50D26068C610000CB318637010080FFC64A003080FF4C
:201E4000A84480FFE60B4406FF3000020132BFFF46D01E020002C700613A9A0D065700001C
:201E60006152DA05003080FF8044A50D400E00008137916180FF8A4A003080FF6C441E02E1
:201E80000A0206E080FF12D18A000AE880FF824A9C5F0100200E8100E1590A68820D0B0630
:201EA0007BFFF21D0B0679FFF20D8535646AEA2D63EAC22D62EAA22D400E0000A1378D6107
:201EC00080FF3E4AB525616A9A2563EAF21D62EAD21D400E0000A1378D6180FF244AE51505
:201EE000616AEA0D63EAB20562EAAA0D207F1105450E000021FE4C6C00306F00F505400E53
:201F00000000A1378D6180FFF84928020A0283E70D000252445778900467FC8141628C0080
:201F20004467FC814467799044377A90443F7B900868886A8D00446F7C9044477D9044E741
:201F40007E90E0E100E80958F70524367F901C400B3880FFC2F10477F481E071BA1D2436C1
:201F600058901C3E0700C70024467890450E0000214E8C6E80FFFA18E0510AE8EA05640715
:201F8000F9814407F581E50501824487F4814487F5811D5028028207E10002EA06E080FFC6
:201FA00070496152F20580FF68496852B20507EAE51D630701001C40004800381D30BFFFD8
:201FC0004EFFE051DA056407F98101EA85151C06E89CB205E0E1BA0D4407FD8180FFAECF90
:201FE0006B52D20503320038BFFF30C21D504206FF008207E1F0880002DA01E206C007C846
:2020000008D080FF0C496152F20580FF04496852B20507DA955520EE1863FDC1A21D18063E
:20202000C08EDA2D61D2B20504DA853D196700006662B30505DAA53564CFF9811B3863D7CE
:20204000010018401B301948BFFFC4FE0AE0E52561D2B20504DAA525196F0000616AB3056A
:2020600005DAC51D64CFF9811B3863D7010018401B301948BFFF98FE0AE0851580FF92482F
:202080006852CA0D64CFF9811B3863D7010018401B301948BFFF78FE0AE0E0E1DA05640747
:2020A000F98101DA950DFDC1FA05013A443FFD810332BFFF66C11B504206FFF0820761008A
:2020C00002EA643FF981013A63070100004806401D30BFFF3AFEE051CA056407F98101EAB0
:2020E0001D5042067F0082076100880002EA643FF9810748013A6347010006400030BFFFC8
:202100000EFEE051CA056407F98101EA1D5042067F008207610002EA643FF9816307010051
:202120000038004806400030BFFFE4FDE051CA056407F98101EA1D5042067F00000286007E
:20214000E0319A0D4407F5816407F98103320038BFFF52FB4407F4811E020A02C60004579C
:20216000EF8141524457EF81875F0100615A00E00760EA05016A023A03EA0B70D50502721C
:20218000033A04EA0E68047FF581E079D24D0C58CD598B5F0100645AF245060601FFEF3D8B
:2021A0006172920D62728A450C8F01000497FC81F289AA3DE059CA25249FF981E099B21D47
:2021C0000C58C7598B5F0100E0590B68A7150D0610FFAE050BE00678BD79EFE1B7058600A2
:2021E00006E02437F981DD611C400C3880FF28EF6407F98100301C38BFFFAAFAC50D615A58
:20220000EA0501320038BFFF9CFAD50504320038BFFF92FA4407F581F50501320038BFFF9A
:2022200084FA4407F5812802A457FD817F00820721006307010000400048BFFFD2FC4206CC
:202240003F0005025C1AC80023570D0002EA644FF9810A57000063570100BFFFB2FCE051A1
:20226000CA056407F98101EA1D50441A230200020B5244575C90245F5D90200EFFF04159C2
:202280008B5E0002645F5D9024365890450E0000213EAA6E80FFB0116407F9814407F481B2
:2022A0004407F5811E0224567891005800600A70CB710E770000E071B20541628C00415AF5
:2022C0006F5AE6F50C507F0024568891005800600B70C272CA710E770000E071B20541621A
:2022E0008C00415A0B06E1FFC6F50C507F000F028900E03900E808E007D88225E0E1E21D67
:20230000614AC61D060600FE920D0606FEFDE20D05EA01725C770000A515BFFFAEFF5B5784
:20232000000001625C670000A50DBFFF7CFF5B570000016A5C6F0000A50501EA1D502D0273
:202340000002BFFF86FF1E02643701827F000A0286008900E03908E00658C215E0E1A215B2
:20236000614A8615E059870D625AEF050B30BFFFDAFF00E8A50504EA01525C5700001D50D5
:20238000A5050152280284072100200E1F00E1310658DE0D430707000E32CB000142234EB2
:2023A0000700634701000B38BFFF26CF44063F000F0220E61F00FC310660CA2520EE1D0009
:2023C00000D8FDD9A21D1B50C252245E8891CA592B6F0100100A41696B6F0100CBA70000A7
:2023E0002B770100200E9FFF41716B770100CBBF00001B30BFFF92FF41DA9B00FCD9A6E59F
:20240000E51DE061C61DFC61AE1D0C80C282245E8891D0592B8F0100100A41896B8F010040
:20242000CBA700002B970100200E9FFF41916B970100CBBF00000C30BFFF4EFF2D020A02BA
:20244000C6008900E03908E0E215E0E1C215624AA615210600FF0000E13100588A0D2036B9
:202460001F00BFFF4EFF025A00E8A50505EA5C5F0000A50501EA245EE58100600B50CC5145
:202480004A07000041626E62A6FD1D50280205028600C70083770900210600FF0000E139A7
:2024A000005800608A7DE031DA3D015A24EE8891003800500A68C26ADD692D870100D98233
:2024C0009E82E081822D0B8E0300EE89BF250A90C3923306D4610000D2990878F38705000E
:2024E000CB7988824F870000415A8B000890339F0400CB91529F0000415A8B0008800D8F8D
:202500000000CB81508F0000415A8B00413A8700A505056241520A06E1FFD6CD483F0000AA
:20252000B53D6132EA35015A00680B7E0300EE79EF250D80C3822A06D4610000D051088845
:20254000EA970500CB89889251970000415A8B0008782A870400CB794F870000415A8B0004
:202560000890CB910D98C29A24868891D3811087000052870000415A8B00A5050562416AFD
:202580000D06E1FFB6D5209E1F00489F0000C5050462A5050562495F00000C502302820706
:2025A0006100200E1F00E13100E80658FE0D0E32CB000142234E03000B38BFFFB0CDA35FC8
:2025C0000300CB5E8000A20501EA1D5042067F00245701827F000F02870006D807E0BFFFF1
:2025E000EAFC81E2FC511C5800E80A60C705C15A0B38C505C1628C000C38243688910058CD
:202600000B90C292C69112970000E091C21D1D7601008E000B50C3523306D4610000CA9918
:202620001B78F3870500DD7988824F8700000EEE01009D001B90339F0400CE91529F0000E7
:20264000E7E9E905415A8B000B06E1FFA6DD2D020F02870006D807E0BFFF4EFC81E2FC51DE
:202660001C5800E80A60C705C15A0B38C505C1628C000C382436789100580690CB91129757
:202680000000E091C21D1D7601008E000B50EC523306CC620000CA991B78F3870900DD79F9
:2026A00088824F8700000EEE01009D001B90339F0800CE91529F0000E7E9D905415A8B00F7
:2026C0006F5AC6DD2D022456789100580A60CB614C070000415A6F5AA6FD7F008407E100A9
:2026E0004307070006E0BFFFEAFE6252F21D1C06E1FFCE1D23EE07000E321C38C700014297
:202700001D48BFFF68CCA36F07000D0680FFE20D20768000437707000E32DC0001426347E8
:2027200001001D481C38BFFFA8CB4406FF001402880008E007D806D0BFFF98FE625200E83A
:202740008255E0D1C64D1A06E1FF9E4D63DA1B60CB454C000400120022003200C2D2245E5F
:202760008891DA592B7F0100DC860F00100A417910796B7F0100E535C2D2245E8891DA592D
:202780002B970100DC9E0100C49A200EEFFF419113916B970100E525C2D2245E8891DA599C
:2027A0002B670100DC6E0300C56A200E9FFF41610D616B670100E515C2D2245E8891DA59FF
:2027C0002B870100DC7E0100C77A200E7FFF41810F816B870100E50505EAC50505EAA5057D
:2027E00001EA1D5032020502200E1F00E13106E8EE0D013A1D300040BFFF36FF023A0342C2
:202800001D30BFFF2CFF1D30BFFFD4FE230200020F5A0606E1FFC705065EE0FF8B006F5AC6
:202820008E1524667891CB61016A4C6F0000EC5A2606CC620000CB3126370500BFFFAAFFAB
:202840001E020002BFFF6CFB1E028207E10006E007E8BFFFEAC5200E1F00E1E10A58EE3DC9
:202860000B06B2FEC7050B06A1FDB60567E2BA3D046704826162FA35E0E9FA0D013A1C30E7
:202880000040BFFFACFE023A03421C30BFFFA2FE1C30BFFF4AFEF5250E321C38C70001425B
:2028A000234E0300BFFFC6CAC3FF0300C20D013A1C300040BFFF7AFE023A01421C30BFFF3C
:2028C00070FE9515013A1C300040BFFF64FE023A00401C30BFFF5AFEE505E0E9CA051C304D
:2028E000BFFF2EFF4206FF008207E110245E889120E61F0000600C50C252CB514A0700002F
:202900004162FC6196FD23EE030000D80E3201421D481B38BFFF56CAA35F0300CB5E800071
:20292000435F0300E059F20D1B06E3FFF205023A01421B30BFFFFAFDE505023A03421B308B
:20294000BFFFEEFD41DA9B00FCD996E54206FF1000020152445704820030BFFFEEF9BFFF68
:202960008AFF1E02E0310058F62D0606E1FFCE2D633A07609B2D4C0004000D0016001F00DD
:20298000C232245E8891C6592B5F0100CB5E0F00B51DC23224968891C691D2E70000EA5FD4
:2029A0000000A515C232245E8891C6592B5F0100D95A9E5A950DC23224868891C681D0FF8A
:2029C0000000EA5F00000B507F000A028900210600D10000E13107E008E8DA25614AB625D9
:2029E00080FF2E3F61520A60F20D62620C589215645AC2152086FA005C870000018A5D8F71
:202A0000000000509515206E81005C6F0000F5F5207685005C770000A5F5207E87005C7F70
:202A20000000D5ED01522802440706924407059244070492440708827F0024570D827F00D4
:202A400064370D827F008607E1F0860083D7290007E808C009C806E080FFB63E645200D8F7
:202A6000920D80FFAC3E6852D20507DA005880074602DC7E0100B2058007C0010487088246
:202A8000E081BA058007B401048F0692438F02000497059243970300049F0492439F0400AD
:202AA000025243570500207EFE00437F06002086AC0043870700208E5600438F0800209608
:202AC000E10043970900249FA5B8400E00FF41992106A941C5000199649FA5B80030236E5A
:202AE0000200C66900588D870100D0560100C4C7A4B8EA7F00002F5181824D8700001F3A11
:202B0000248FA5B8883A4789818A249FA5B8400E00FF41991199649FA5B8D7520A99649FE8
:202B2000A5B8DC9A9F9AC4FFA6B8EA5700002A992487A5B8C39A170A418113816487A5B840
:202B4000C8829F82C4EFA4B8EA8F000031812497A5B8C582200EDFFF419110916497A5B89A
:202B6000C8929F92C4E7A5B8EA7F00002F912457A5B8CC92200EFFEF415112516457A5B83A
:202B8000C8529F52C4FFA5B8EA9F00003351248FA5B8CF522106FF7FFFFF41890A89648FD9
:202BA000A5B8C88A9F8AC4E7A6B8EA8700003089D18E0100C205C427A6B8B505C4A7A6B817
:202BC000415A685A9695413286006832968D245FA5B8249FA5B8D45A9C5AC45A2467A5B88D
:202BE000D89A9C9A13592487A5B8D0629C62C462246FA5B8C8829C821061247FA5B8CD6E5F
:202C00000F00C46ACC7A9C7A0F691D98909A9300EB99EA0D1D9088929200EC919A0D9D009C
:202C2000EDE9EA050030BFFF1AFE015AB50509DA005844070882F53DDC8E0100618A8A3D55
:202C4000BFFFFAFDE0519A0D580701005807020058070300045AF52D0030BFFF2093D05281
:202C600001320AE8BFFF1693CAE9CA053D06563412001D809000448706921D78887A8F00B1
:202C8000447F059290EA9D0044EF049204570692585701000487059258870200047F04923B
:202CA000587F0300045A01EA44EF0882C50501DAA35F0100EBD1D105595F00001B50C5050D
:202CC0000152590700004606FFF00A023D06A863000000E01C68EC6ADD692D6F0500E069C2
:202CE000B20D2D671100E061F205450E000021FE467A00306C0041E29C001C06C3FFB6ED24
:202D0000280214023D06A863000000E000D806D01C58EC5ADD59EB6F0100FA699F15EB77D3
:202D20000300FA71D60D80FFE83B1C60EC62DD610C8708004A81C2052CDF0500E50541E24E
:202D40009C001C06C3FFD6E51B503202000224574D9261528A256232B20D0606EFFFC20DBF
:202D6000060662FFD20D060661FFE20DC515043280FF90D58515043280FF98D1C50D0432F8
:202D800080FF90CF850D036264674D920632053ABFFF9EF41E02000224374992BFFFB0FF28
:202DA0001E020F02C60007E006D8BFFF92C00AE880FFE6C124774D9261720A60BA1D8C0015
:202DC00063628A1D1D068BFED7151D06A1FDAE151B06E0FFFE0DBC670100E061C20565626D
:202DE000E205850D1C3080FF0AD0C5051C3080FFBECF2D020502890066320858006009E88B
:202E0000EE251D06E0FFBF25015244570892046F1082416A8D00446F1082446F09924437E6
:202E20000A92443F0B9244EF0C9224360D921D400B3880FFE2E2243628921D3E0500C700EE
:202E400024460892004880FF280A0A600C50230288076100BFFFE8BF0AE880FF3CC1245F44
:202E60004D92615A0A68B20580074A018D00636AB205800740011D068BFEBF0580073601B6
:202E80001D06A1FDB60580072C012487499262829A1D003080FF6CD4E051DA05023280FF2F
:202EA00062D48515013280FF5AD461528A0D043280FF50D4028A648F4D92C505033280FF63
:202EC00042D4249749921206EFFF9A1D003080FF42D0E051DA05023280FF38D08515013230
:202EE00080FF30D061528A0D043280FF26D0029A649F4D92C505033280FF18D02477499204
:202F00000E0662FFEA25003080FF08CEE051DA05023280FFFECDD51D013280FFF6CD615200
:202F20008A0D043280FFECCD027A647F4D929515053280FFDECD61529A0D64074992640738
:202F40004D92043280FFCCCDC505033280FFC4CD24874992100661FFCA1D80FF4CCEE05188
:202F6000DA05028A648F4D92C51580FF3CCE6152EA0564074D9264074992B50D80FF2ACE46
:202F80006252DA05029264974D92B50580FF1ACE249F4992130655FFDA1D2336000080FF35
:202FA00064DC237701006272DA15027A647F4D929515615A9A0D24374992BFFF92FD038221
:202FC00064874D92F505635ADA0524374992BFFF7EFD48067F008807E1F08900623207C809
:202FE00008D000E009D8005806C082151806EFFFD20D180662FFA20D180655FFF2051806E3
:2030000061FFC20505E28007700124574992EAC1B2058007620124674D9262629A6D62C2AF
:20302000F20D1806EFFFC20D180662FFB225180661FF822D180655FFD22D80073C01BFFF40
:2030400002F359C70000E0510AE8F20D016A596F0100193602001B38BFFF7EF5C1EA42EA59
:203060009D001D588007120159070100025A8007080159C7000080FFC4CD59570100025A1A
:20308000B57D59C7000080FF20CD59570100025AB5752336000080FF1EDB237F0100627AEB
:2030A000AA1D23870D006182EA0D208EAB00598F0000019259970100239F0900599F02002E
:2030C000035AA55D206EAB00596F000059070100025AA5552076AB005977000001525957C5
:2030E0000100237F0900597F0200035AD54563628A4562C2F20D1806EFFFC20D180662FFC2
:20310000E235180661FFE205180655FF920D05E2B535025A59C70000595F0100D52D2336C1
:20312000000080FF92DA238701006282AA1D238F0D00618AEA0D2096AB0059970000019AC1
:20314000599F0100236F0900596F0200035AC5152076AB005977000059070100025AC50D3A
:20316000025A59C70000595F0100E50501E2C50503E2A50501E25A5F00001C504806FFF0AF
:203180008007E1F083DF1D00623200E000E808C809D006C0C20D1806EFFF920D180662FF94
:2031A000E205180661FFB20505E2A525245F4992EBC1DA1D24574D9261529A1DE039DA1575
:2031C0000B30BFFF8AFB036264674D9262DAB60DE0C9920D59C70000206E6400596F010040
:2031E00002EAE50501E2C50505E2A50501E2E0D1D2055AEF00001C50A50501524006FFF069
:203200008607E1F3890009C807B808C006B0BFFF2EBC0AE080FF82BD8A000AE8BFFF1EF816
:20322000247F4D92617A00D800D00A60BA058007140163EAB20580070C011C068BFEBF05BD
:20324000800702011C06A1FDB6058007F80062B2E2651606EFFFB265160662FF920D160636
:2032600061FFC22D160655FFE23D05D2C56D188700006382EA05173080FFE8CB0AD0A505F7
:2032800004D262D28A6564B7499201DA64DF4D9257B700000E9263970100330650C300004D
:2032A000639F0500450E0000216EE67A636F090023360000BFFFC6D4E545187700006272AC
:2032C000DA0580FF7ECB0AD0A50504D2E0D1B20562D29A3D64B7499201DA64DF4D9257B779
:2032E000000095358C00E0618A1D188F0000628ACA05B7370100B5052036FF0080FF6ED86B
:203300007F52920D64B7499201DA64DF4D9257B70000951D01D2F51501D2D515189F000039
:20332000629AEA0D176F0100E069B20505D2B50D64B7499201DA64DF4D9200D0C50504D217
:20334000A50501D2FBC9B10558DF00001A504606FFF3C6002056AB006457499264374D92A0
:203360007F000002245F49920B0655FFA20D0B30BFFFDCF96407499264074D9280FF12CBA0
:203380001E0200020D5244572C92245F2D92200EFFF04159645F2D9224362892450E000071
:2033A000213EF27A80FFA0006407499264074D9280FFDECA1E028900210680C90000E13141
:2033C0008A45245F2582E0590050F23500700B30867F0500EE79831D0A860700F049C715DC
:2033E000065A0A604152CA000790CC91520700000B685F5AE0698B00DAF541728E0086873C
:203400000500EE81ABED0A8E0700F149E71500600A5841520798CB990680CC8110871800F1
:20342000CA005387000041626762B6F541728E0026370100E031DACD485700000050A505E1
:2034400004527F00245F2582663F1500C6A70500E0590050A215206E6300866705008B7F14
:203460000500EC79A90D0B502B5F0100E059D2050D705F6AE071CAF5E059F205068704001F
:203480000B8F0400F1818215E0518A0D249725826697010064372582F5052A9F0100669F52
:2034A00001006A37010001527F0000020732450E0100213E748CBFFF9EA3015244573C82FE
:2034C000205E1800445F739644077496440750924407949824679598200EFFF041618C6648
:2034E000000364679598243690980038BFFF58FF440772961E020002245F258244073C825A
:20350000E0590B609215CCA705006C070D0000580C50CB514A071800415A675AA6FD2C679D
:203520000100E0619AF564072D8264072982206E1800446F7396440774964407509244075B
:203540007296BFFF2AA01E020002E0310060DA05BFFFA6FF0162E5056132CA05BFFF4EFF4C
:2035600001620C501E028007E1F004577496615200C09A2544077496247F2982E079F2157A
:20358000245F29822B5F1100E059B20D450E010021FEE88200306B00248F2982710711000B
:2035A00024972982D2A7050064072982209EFF00449F739624572982E051B205800798013A
:2035C000047F7396E079BA0580078C0124772D82E071BA0580078001245E759664772982BE
:2035E0002E870D0064872D8218660100248F29820B6871070D00D869245729820A570400CE
:20360000E0519A1520CE50004DCF0000247729828E7705000B80CC81507700000CC60100AE
:203620002EC9D565249F2982200EFF00339F0600E199AB2D20CE53004DCF000024772982F1
:203640008E7705000B78CC794F7700000CC601002EC9243F2982873F07000B98D899533F87
:20366000000041C227C9844F31820B7804873082D8794F87000041C229C9049730824192D5
:2036800044973082C53520CE54004DCF0000247729828E7705000B50CC514A7700000CC6EA
:2036A00001002EC9243F2982E73F0700883A0B90D891523F000041C227C9244F2982894F97
:2036C00007000B80D881504F000041C229C984E731820B90049F3082D891529F000041C200
:2036E0003CC9047F3082417A447F3082248F2982F18F0700E0890070F315246F29822D6FC0
:203700000900CE698D6F01000B50D8514A6F000041C2D8002DC94172CE0024972982F297EE
:203720000700EE91BBED0B98D89953CF000018360100C60044077396450E01002146048C71
:203740000B38BFFF86A0247F29820F8F1A00418A4F8F1A004006FFF000028600870064379A
:203760001582443F1C826447218224361482BFFF0EB81E028600245F2582E059F20D005077
:203780008B670500E661A20D2B5F0100E059E20541528A000A06E0FFC9F50B507F000A02E1
:2037A000860004577396E05106E09A6520EE1800FDE1C2051C067FFFDA5544E7739600300B
:2037C000BFFF86CF44077496247F39822106400D0300E1799A2D24872982E081D2250132AA
:2037E000BFFF3ECF248F39829151200E2C01E1510A68830D247729820E9F1E00419A4E9F46
:203800001E00247729828E671D00C862AE871D001061ED61990D0D5088524E571C00248FA6
:203820002982516F1D000132BFFF1ECF245F2982E059D21D2B6F1100E069F20DFDE1E237E2
:203840000000450E010021FE9C856D00245F29826B071100245F2982CBA7050064072982FB
:20386000E505033A00301C40BFFFF0FE28020A02C70004573C82E05106E000E80758A23D96
:20388000E0E1823DDCE70500DA35E059B7350B06EEFD8F35246F2D827C5F06007C470900FD
:2038A0007C4F1100DC2705007C070D0001EAE069006082153C5F0500D45A9C5A2D7F0500F4
:2038C000D47A9C7AEB79E1050D602D6F0D00E069EAF5E0618A0D24872D827C870D0064E76F
:2038E0002D82A5152C8F0D007C8F0D006CE70D00B50DE0E1920D9C470500023AD0420B417B
:203900000030BFFF56FEE0E1D20D1C57180041525C571800E0E9EA051C7F1900417A5C7FDA
:2039200019001D5028020F0224576E94247F7094EF51BA0580072805BFFFD4A4E46F6F9463
:20394000016224E67294CDE19CE70100416ACD000D0600FEA605006804973D82E091920DBC
:2039600044073D821C0602FFE20D44077296B50D1C0602FF8A0D049F3182659ACA0544678D
:203980003D820060E061BA058007C404646F6E94845F7396200E2D00E15900D80B78B30550
:2039A000800792044F002E0046024602460246024602460246024602460246028300E0003A
:2039C000FC0046024602460246024602460246029C00BE00E0002701460246024602460271
:2039E000460246029C00BE00D800E00027014602460246024602460283018B019301B6003B
:203A0000F001DC8EF0001106B0FFB20580072A04DC9E0F00449F318244075292640754928A
:203A200064075A92659A9B3D530006000B0014001D0026002F000B7A447F72968007FA039A
:203A4000018244875792208E1500448F72968007E803029244975792209E1500449F729609
:203A60008007D603015244575792207E1F00447F72968007C403028244875792208E1F0034
:203A8000448F72968007B2034407579220962900449772968007A2030132A4473182083ADA
:203AA00088460050BFFFB4FC80078E0344E75892E0E1D20D0132A4473182073AC8421C4134
:203AC000BFFF98FC4407729680076E03415A8B00018264875492445F729680075C031C061C
:203AE000B0FF86150132073AA447318284975992C8421241BFFF64FC4407729601DA800734
:203B0000380344E75892415A8B00445F72968007280344E75892415A8B00445F7296800765
:203B20001803E46F5592C86ACD00DC69CD00046757925F628C0044675792646F5492E061F0
:203B4000B7058007F402415A8B00445F7296646F54928007E40244E75692415A8B00445F59
:203B600072968007D402E4675B92249E5C920C8E0100648F5A92CC9953E70000245F549276
:203B80005F5ACB00E059645F5492B7058007AA02047F7296417A447F729680079C028467AF
:203BA000539244077296ECE1DA1584375992BFFFC6FB84375D920AE8BFFFE6FBE0E9BA0529
:203BC000800776021D971B0041925D971B00800768020132053AA4473182849F5992D8420C
:203BE0001C78D09A1341C87A0F410C41BFFF6CFB8007460284575392EAE1E2EF0000E0E97B
:203C0000EA970000F29697FF129681004497519224369098013A244651920048BFFF52FCC0
:203C2000E0E98235049F3182639AF105047F3382048F5692F179F23584375992BFFF38FBE0
:203C40000487569244873382E0510AE8C2153D5F1500E0598215E4375B92243E5C92450E4B
:203C6000010021FEB8896B001D9F1B00419A5D9F1B00951D043A844759920030BFFFDCFA45
:203C8000A5150132053AA44731821C50D842848F599284875392D08A1141C8520A41104184
:203CA000BFFFB8FA4407729680078E0144E73382415A8B00445F729680077E0144E7569261
:203CC000415A8B00445F729680076E01A46F5792E069CA2DDC8E80009A0D64E75492415A84
:203CE0008B00445F7296800750012066E000016A1C804C810C78C17AEF81EA052C905C91B5
:203D000064975492850DA1628C668000416A8D00666AF7ED446F5792666ABE0580071A01FE
:203D2000016A446F579280071001E4775592C672CE00DC563F000A715F6A8D00446F5792BE
:203D400064775492E0698F7D0E06EEFDC715446F57920132063A84475992A4973182D042AD
:203D600064775492D8920E911241BFFFEEF944077296A565415A8B00445F7296446F5792B7
:203D800064775492955D845F5392EBE1E2EF0000E0E98A150132053AA447318284575992CD
:203DA000D8421C80D0520A41C88210410B41BFFFAAF9845F57920B0680FFF2058497338275
:203DC000F259B20500E8850D047F3282417ACF7E7F00447F3282E0E9EA370000E63697FF96
:203DE000063681008600BFFFB8F9E0E9822524575A92E051C31D84375992BFFF7AF9E05121
:203E00000A60F20D2C5F1500E059B20DE4375B92243E5C92450E010021FE6E8B6B00F50578
:203E2000043A844759920030BFFF30F944077296B50544077296848753923C8144875292BB
:203E4000E0D9B205BF074CFBE46F6F94646F6E94E48F7194F169B205BF07E0FA2D02000260
:203E6000BFFFC6FABFFF02F7045750926152CA1580FF9E2A6852821544075092203615000E
:203E80000038BFFFC8E9203622000A3ABFFF4AB10030BFFF02B01E020152445750927F00F7
:203EA0000002015244577496093A00400A30BFFFAAF81E0286076100245F29820B57040049
:203EC000E051F225630701002066881363670500450E0100216EF08B636F090023EE0000F5
:203EE000440774961D30BFFF94C8017263770100247F3982637F0500450E01002186E88B05
:203F000063870900440750921D30BFFF70C8950D208E1800448F7396CBA70500640729826D
:203F200046067F00860020560002E46F719424767294CD714E370000047F3482417A8F007A
:203F4000447F3482246F7094416ACD00EA69A6050068E4676F94646F7094EC69AA0D0C5ED8
:203F60000100CB00645F6E94EA59B60564076E947F0000020132BFFFD0C72A06400D0300BC
:203F80006457398201521E0200020132BFFFBAC72A06C02709006457398201521E02246F28
:203FA00025820058005004773482E0710060A3050162E069D20D0D7F1A00CF598B000D87B0
:203FC0001B00D0518A002D6F0100E069DAF5E059B7058C660200E051B7058C6604000C503E
:203FE0007F00245690982A66200006582A6F01002A7705006B6F01006B7705002A6F0900EE
:204000002A770D000A5610006B6F0900EA616B770D002B5E1000BAED7F000A0288002106EB
:20402000B0C90000E13108E006600768F2052106B1C90000E161C21D9535246742822D57E2
:204040000000EC51B205055AA52D205E00022D770200CE61EC0064674282EB61D61D0C66BA
:2040600000FEEC00EB61CEFD64674282D515200E6400E1E1B305055AA51524EEB0981D30FA
:204080001C400D3880FF90D02436149B1C3800481D40BFFFDCF70058A505065A0B50280226
:2040A0008007E1F789002106B0C90000E13107A809B808B0DA4D24C7428255C7000002CA80
:2040C0001850885255570100247F4082EFC1C23D24E614995EBA1C58D8598B6701009700DF
:2040E000ECB9A63520EE00020CD01888DA89FD8997151DD8B8D91530D9311B400B3880FF2D
:2041000016D0DBC91B989300B3B99700BBD11C5800C01530D9311A400B3880FFFACFDAC13D
:20412000FDC1D60518C600FEFDC1DEFDDAC924874082F0C1920DBAB91C58D8598BD7010096
:204140009700FAB9BED556CF00000050A50506524006FFF7190224674082246F428286D7B3
:204160000100EC6906C8823520E600020D50AC510A560002FC578052FA51EE25245E1499EE
:204180000B60CD618C670100E061DA05640742820060A51DCC69ED00FC69E6050D6E00FE36
:2041A000ED00FC69CEFD24674082646F4282EC69B20D646F42820D80AC8110860002FC877E
:2041C0008082FA81E6DD20E600021C58AC59FA59FE0D24EE14991D30CC31646740820BD847
:2041E00019380B4080FF30CFBBD10060C50524EE149900D8CCE9DBC9646740821D301A40CB
:20420000193880FF12CF245F4082DA59EB00645F4082FC59860D0B5E00FEEB00FC59CEFDAB
:20422000645F408237020002C60062320758A70D0B570000E051BA054B3700000B30BFFF84
:2042400016FF24674082246F4282EC69CA05205E0002950DAC690D6E0002200E0002E16F4D
:20426000806A0D58027A447FB09801824487B1980B88888A448FB298445FB3982436149B18
:20428000043A2446B0980048BFFFE6F51E0200020C524457189B245F199B200EFFF0415991
:2042A000645F199B2436149B450E0100213E768FBFFF94F11E02501AB207610063376D00D8
:2042C000633F710063477500634F79002346700023360200233F6D0080FFBAD0200E5000F7
:2042E000E1510AE8B7051952D50D1D6E0200436F000004724377010023360000BFFF58FEB4
:204300001D5072066000031E10007F00E031BA054407349B01527F0000020457349BE0518F
:20432000C20D80FF8401845F53820B0601FFDE050B660100446752821E02050280FF9001D6
:204340000AE880FF6C01E0510A58DA05E0E9BA050362E50DE059DA0561EABA050262850D16
:20436000615ADA05E0E9BA050060A50501620C50230288076100BFFFC4FF233600000AE871
:2043800080FF82C8236F0100616A924D80FFEC6744EF4E8244574B8263EA0A601D70CB25A6
:2043A0004E003D00040013003D00E0618A3D003080FF7E00845F51820B0601FF8E350B86CE
:2043C000010044875082B52D61629A2D013280FF6000845F53820B0601FF9E250B8E01009B
:2043E000448F5282C51D20EEFF00845F4B82FD59DE050B96010044974A82E061DA050030A5
:2044000080FF2E00C505013280FF2600A45F4982FD59DE050B9E0100449F498248067F0021
:204420004407349B7F0001524457349B7F008807610001EAE031EA0500300038BFFFDC9D2D
:20444000C5256132AA250232BFFFA89DE0519A1D026263670100206E1600636F05004307FD
:20446000080063070D0023360000BFFF12AB02321D38BFFFA69D20368813BFFF68C200E89E
:20448000013A0030BFFF949D1D5048067F00000201626132FA050C30BFFF96FF44074482F1
:2044A0000A600C501E020152445744827F0000020030BFFF3E9D046F4482E0690A58B2057D
:2044C0000152C505E059EA5700001E0200020632203E2000BFFF3E8DE051EA5700001E0252
:2044E0008800210606CA0000E1319A15E039F20DE041DA0D2456488200580A60CB614C07D7
:204500000000415A6B5AA6FD0050A50501527F0014028900210606CA0000E13109E008D85B
:2045200007D0CA2DE0D1A22DE0D9822D015244574882BFFF7CFF8A0044574C8224EE4C8201
:20454000BFFF8CFF1D7F0000C4528A000A795D7F00000058EBE1E30D1A88CB89249E4882E1
:20456000CB99139F0000519F0000415A8B006B5AA6F55B5F00000050A50501523202000074
:204580002506B0B2000024065C7EFF03C521230684EEFF033E0600B0FF03005A405FFCF129
:2045A000405FFCF9015240576EF020A6FF003506FFFF00002D0648BDFF032C0684ECFF0343
:2045C000EC69E9056D070100446AEC69C1FD2D0684ECFF032C0684EEFF03EC69E9056D0760
:2045E0000100446AEC69C1FD2C06B0B20000ECA720002D06FB8F0000606F64F02A0600B0F2
:20460000FF032B0600F0FF031F72008A6A7701002A870100EE81CA0D6A0701002A8701005C
:20462000E081EA054452EB51AAF580071000018A6A0701004452EB51CAFD5C1A638F010023
:2046400080FF2A00238F0100441A440EFFFF618FF57F440EFFFF2137F57F440EFFFF213E21
:20466000F87FBFFFE0AAE0072001015A405F6EF006624067C0F64007FCF1400728F8006F4C
:20468000C2F6E069DA050077C2F6E071D2FD037A407FC1F6C0072CF8008724F8E081D20532
:2046A000008F24F8E089DAFD01924097FCF11298409F60F8C00F2CF8805729F84057FCF168
:2046C000405728F8205E8300405F0CF84007B0F820661F004067D0F640072FF87F007F0012
:2046E0007F007F007F007F007F000152445754827F00440754827F00845755827F007F00AC
:20470000000280FF84641E02000280FF74641E02000280FF6C641E028600E031E257000056
:204720007F0000022036110080FFD621003080FFB81B1E0200022036110080FFC42100307C
:2047400080FFA61B1E0200022036110080FFB221003080FF941B1E027F007F007F007F00C4
:204760007F007F000002063826370500E6370D008232273F090080FF5C6E00501E027F0014
:20478000C700045F5982E059DA150706F0FDFF050162446759822456789BE515A457898476
:2047A0000A0601FFDE050A6E0100446F89840050B50DA45789840A0601FFDE050A7601003F
:2047C0004477898400507F0000028600A45F8984200EFF00E1590660DE050B5601004457FD
:2047E0008984440759820C3080FFD44C1E0205028600C7000740243E789B06E880FF5C8230
:20480000440759821D3080FFB64C2302C700045F5882E059DA150706F0FDFF050162446747
:2048200058822456389BE515845789840A0601FFDE050A6E0100446F88840050B50D845757
:2048400089840A0601FFDE050A7601004477888400507F0000028600845F8984200EFF009C
:20486000E1590660DE050B56010044578884440758820C3080FF484C1E0205028600C700C4
:204880000740243E389B06E880FFD081440758821D3080FF2A4C2302000280FF060D0A6054
:2048A000E0076001245FB99D5F5A645FB99DE059BA0D00682D7704F1247FAC9DCE76FF874E
:2048C0000F71607704F1CC862000BA05E08760011E028607210080FFCA0C0A60E0076001BE
:2048E000245FB99DE0598A25206F04F1CD6E0078636F000000702E7F04F18F7E0078607F78
:2049000004F1238E0000319701002486AC9D70970100319F0500709F0500315709007057EC
:204920000900245FB99D0B6E0100646FB99DCC762000BA05E087600146063F000467BC9DBA
:204940005F620C50AA004457BC9DE0519A0D245FC19DCB6E2000CA050B50E08760017F0019
:204960000002045FBC9DE059AA0D80FF360C0A58E0076001645FC19D045FBC9D0B660100CF
:204980004467BC9D1E0219022B0600C0FE036437A99D2B570000CA560100615200D006C811
:2049A000E20D400E00000187B66C2F0602C0FE034F870000208E00016B8F00003D0650C046
:2049C000FE033D970000D2961800D21D3D9F0000D39E18001306E8FFDA05205610007D57F5
:2049E00000003D7F0000CF7E0800687ACA0508827D8700001D8831970000D29618001D5805
:204A00006B970000029A400EFF03619F0EC13D570000CA560700E20D077A7D7F00003D87EE
:204A20000000D0860700E2053D8F0000D18E0700CAFD1958C15A3306926C0000CB99339F40
:204A400000002A065AC0FE034A9F00003006946C0000CB813087000031065CC0FE0371879D
:204A600000002A06906C0000CB512A570000330656C0FE0373570000247E889D647FC9B828
:204A800000D8048FC49DD18E04001BE0D20D1B80C1822496D49DD091F25F01006C5ACE05B8
:204AA0000B3080FF801FC1E22456D49DDC512F06FFFF00006A7F00001B58C55A4B0EFF03D9
:204AC000218F0EC1D18E0100D20D01824B0EFF0361870EC14B0EFF0321970EC1D296010038
:204AE000DAF5209E1C004B0EFF03619F0EC101524B0EFF03415709C1207E00084B0EFF03D2
:204B0000617F0EC141DA9B0061DAC6BD0A680D58C55A4B0EFF0321870EC1D0860100D20D74
:204B200001924B0EFF0361970EC14B0EFF03219F0EC1D39E0100DAF520661E004B0EFF0396
:204B400061670EC14B0EFF03410709C1416A676AF6DD076A0D58C55A4B0EFF0321570EC16B
:204B6000CA560100D20D017A4B0EFF03617F0EC14B0EFF03218F0EC1D18E0100DAF5203651
:204B800000094B0EFF0361670EC109824B0EFF03418709C10D96F9FFD200C1922A06F46955
:204BA0000000D2512A5700004B0EFF0361570CC14B0EFF0361370EC1416A0D06E1FFB6CD8E
:204BC000205EE0034B0EFF03217F0EC1CF7E0100D20D018A4B0EFF03618F0EC14B0EFF037D
:204BE00021870EC1D0860100DAF54B0EFF0361670EC11A90C39212961000920092960100B4
:204C00004B0EFF03419709C1C3CAC1D22A06AE6C0000D951DA512A5700004B0EFF03615744
:204C20000AC13106A66C0000D989DA89318F00004B0EFF03618F0CC14B0EFF0361370EC101
:204C40002C069E6C0000D9612C870000320640C0FE03728700002B06966C0000D9592B9FCA
:204C600000002A0642C0FE036A9F00002C7F0200310644C0FE03717F00002B970200300625
:204C800046C0FE03709700002C570400330648C0FE03735700002B8F04002F064AC0FE0375
:204CA0006F8F00002C87060032064CC0FE03728700002B9F06002A064EC0FE036A9F0000E7
:204CC0002F0658C0FE030F88319700006F970000208620007D870000205606017D57000006
:204CE000370200022437A99DBFFF9EFC01521E022A0650C0FE032A5F0000CB5E1800C21D23
:204D00002A670000CC6618000C06E8FFDA05206E10006A6F00002A770000CE7608006872A2
:204D2000CA05087A6A7F00000A80308F0000D18E18006A8F000007926A9700002A9F00001D
:204D4000D39E0700E2052A5F0000CB5E0700CAFD01527F002B0650C0FE0308626B67000024
:204D60002D0658C0FE03207620006D77000001527F002D0600C0FE032C06008000002D7731
:204D80000000CE760080EE61EA0D205600082B0650C0FE036B5700002D7F0000CF7E00800E
:204DA000EF6192FD300658C0FE03308F0000D18E0300920D320650C0FE03089A729F000009
:204DC0000058A505015A00000B507F00045FC49DCB5E01000B507F008457D39D7F00050203
:204DE000860006E880FFBC070A58E00760010467D29D5D618C004467D29DCB6E2000DA05DD
:204E0000245ED29DE087600123020502860006E880FF90070A58E00760010467D29D1D6121
:204E20008C004467D29DCB6E2000DA05245ED29DE0876001230205024407D19D00E80457B3
:204E4000C49DCA560400B20D2466C59DDD610C670000E061C2051D3080FFCA1B246EC59DC4
:204E6000DD694D07000041EADD006CEA96ED2302000280FF2E070A60E0076001245EC49D47
:204E80000B680D770000CE76FE004B770000CC7E2000BA05E0876001BFFF9EFF1E020002A9
:204EA00080FF00070A60E0076001245EC49D0B680D7700008E7601004B770000CC7E2000AF
:204EC000BA05E08760011E0214028600C7002A0653C0FE030A7F0000CF7E100006D007D8E9
:204EE000C20DC1D2248ED49DDA893206FFFF0000719700000050A57D1A60C5621B98C19A6B
:204F00002F064C690000D3792F7F00004C0EFF03617F0CC1310664690000DB89118F00009C
:204F20004C0EFF03418F08C11B90C2923D0670690000D2E93DEF0100E0E91AE0D21D80FF48
:204F400062060A68E00760011A78C57A2B0600C1FE03CF5900600B80CC811D88CC89119769
:204F600000005097000041626862E1F5CD9E2000BA05E087600180FF2A060A58E00760019C
:204F80002466D49D1C70C1720C78CE79EF8F0100F1D9EA150487C49DD086010092151A60E0
:204FA000C562209600014C0EFF0361970EC1209E00024C0EFF03619F0EC1016A95150C5094
:204FC000CE51EA7F0100EFD9E28F0000E58A0C80CE813206FFFF0000709700001168CB9EA6
:204FE0002000BA05E08760010D503202190286000658C55A4B0EFF0321570EC1CA56010098
:2050000006D006C8D20D016A4B0EFF03616F0EC14B0EFF0321770EC1CE760100DAF524E6C8
:20502000D49D1978C17ADC79EFEF01002106FFFF0000E1E9BA05800714012106FEFF000091
:20504000E1E9F22D80FF5C050A60E00760013006DC690000DD81908F0100245EC0B8D159B8
:205060003206E8690000DD91129F00000B6F00000D994B9F0000CC762000BA05E087600195
:205080001D78C27A2B06A0690000CF592B5F0100E059F205450E010021FEF09D1D306B006A
:2050A00080FF00050A58E00760010487D19DE0818245CB8E2000BA05E08760010BDA24EEAA
:2050C000C59D1D68DB690D6F0000E069A22D80FFD2040A58E0076001049FD19DE099B20DC9
:2050E0001D70DB714E070000047FD19D5F7A8F00447FD19DCB862000BA05E0876001C1D26D
:20510000DCD11A8871DF00001B38C7001930BFFFBAFD6552BA1DDB001B3080FF0819E515CA
:205120005FDAE0D9FECD80FF7A040A58E00760011A98C19ADC992E06FFFF0000737700006D
:20514000CB7E2000BA05E087600137020502C60006E880FF4E040A60E00760012D068C6BBE
:205160000000DD698D770100245EC4B8CE592F06A46B0000DD790F8700000B8F0000118163
:205180004B870000CC962000BA05E08760011D98C29A2B062C6B0000D3592B5F0100E0596B
:2051A000F205450E010021FEFE9E1D306B0023021402C6003C06546A00006437B8B81C68A1
:2051C000C6698D6F0100247FB1B88F7F0900EF6906D0B7050058A55524DEACB81B3080FF14
:2051E00024186152B2050058954D1A80C2822C06CC6A0000D0612C8F0100E089F20D64D7F9
:20520000BCB8450E01002C97010021FE629F1B307200E051BA05005895353D066C6A0000FA
:205220001A70C272DD712E770100E071E22580FF72030A60E00760011C78DA790F7F000049
:20524000E0790058D3151A80C282DD81308F01003B970900CB89CB91129F0000519F00008D
:20526000415A1C70DA718E570100EB51DBEDCC6E2000BA05E0876001015A0B5032020A02FB
:2052800086000670C572210600C1FE03C1716477B1B86477B5B82E770C00CE760080D0727D
:2052A000E07106E09A251C7EF9FFCF00C17A2C06246A0000CF61EC6701002106FFFF0000F3
:2052C000E161A2150C300CE8BFFFE8FE6152CA0DC5E204921C88510EFF0361970EC11D3021
:2052E000BFFF6CFE850DC5E2046A1C98530EFF03616F0EC1280200022456889D6457B1B83A
:205300006457B5B82F06FFFF0000647FB8B8246FB1B8ED6F0D00CD8E0080D08AE0899A152D
:20532000CD96001E200E0014E1910D60AA0D2436ACB8CC9EFC01829A449FBAB880FF363C8D
:205340001E0200022B0658C0FE032B570000CA561C00C21D2B670000CC661800D205206E03
:2053600018006B6F00002B770000CE760400C205047A6B7F0000300653C0FE03108F000039
:20538000D18E1000B20580FF483E1E020F02C6000457C49DCA56010006D8BA050060E575B7
:2053A0003006D0690000DB8110870000848FD39D5181B2050262A56D320653C0FE03129F0C
:2053C0000000D39E1000B2050060856580FFD40100E80A5800E0E0076001047FC49DCF7E54
:2053E00001008A0DCB8E2000BA05E08760010060D54D246ED49D1D70C1720D80CE81F0976D
:2054000001002C06FFFF0000EC91821D2466C59DDB610C9F0000E099AA0D01524C57000046
:20542000047FD19D417A8F00447FD19DCB8E2000BA05E08760010162952D0D80CE81F09778
:205440000100EC91DA1D1C98C59A530EFF0321570EC1CA560300CA150D78CE796FDF0000FE
:20546000CB8E2000BA05E08760011B381C30BFFF5AFA65520A58AA0500580B60F505CB86A5
:205480002000BA05E087600100600C502D020A02C6006C3206E0AE2D80FF08010AE8E007E8
:2054A0006001245EC59DDC590B670000E061C20D046FD19D5F6A8D00446FD19D4B07000046
:2054C0001C3080FF6015E477D59DEEE100589A0D2F06FEFF0000647FD49D1C3080FF461545
:2054E000DD862000BA05E0876001280200024407BC9D245EC4B800600B50CC514A070000AB
:2055000041626362A6FD4407C0B84407C49D6407ADB86407B99D4407D29DBFFF1CF90030C3
:20552000BFFF66F4245EC49D0B680D7700008E7605004B7700001E028600C5322B0600C11F
:20554000FE03C6592456889D006806600A70CD710B80CD81108700004E870000416A686A44
:20556000E6F54C0EFF03018F08C1448F909D4C0EFF0321970AC16497929D4C0EFF03219F76
:205580000CC1649F949D4C0EFF03217F0EC1647F969D04724C0EFF0361770EC17F00D50557
:2055A000E55740007F007F00C5FD0002BFFFA8F780FF6A041E025C1A630F0100A40721008E
:2055C00063374500633F410063473D00634F390063573500635F310063672D00636F290063
:2055E00063772500637F210063871D00638F190063971500639F1100E00F4000630F0D00C7
:20560000E10F4000630F0900F00F4000630F0500F10F4000630F01002A0658C0FE032A5FA4
:205620000000CB5E2000B205BFFF82FF230F0100E18F2000230F0500E1872000230F09006E
:20564000E10F2000230F0D00E1072000239F110023971500238F190023871D00237F2100FC
:2056600023772500236F290023672D00235F310023573500234F390023473D00233F4100A2
:205680002337450064062000230F0100441AE00740015C1A630F0100A40721006337450094
:2056A000633F410063473D00634F390063573500635F310063672D00636F29006377250062
:2056C000637F210063871D00638F190063971500639F1100E00F4000630F0D00E10F4000B5
:2056E000630F0900F00F4000630F0500F10F4000630F0100BFFF4EFC230F0100E18F2000FB
:20570000230F0500E1872000230F0900E10F2000230F0D00E1072000239F11002397150096
:20572000238F190023871D00237F210023772500236F290023672D00235F31002357350081
:20574000234F390023473D00233F41002337450064062000230F0100441AE00740015C1AFC
:20576000630F0100A407E11063374500633F410063473D00634F390063573500635F3100A4
:2057800063672D00636F290063772500637F210063871D00638F190063971500639F1100E1
:2057A000E00F4000630F0D00E10F4000630F0900F00F4000630F0500F10F4000630F010027
:2057C0002A0658C0FE03026A6A6F0000E08760013C0660C0FE03FC670100CC760200AA2D91
:2057E000CC5E00FF885A0B80C582500EFF03218F0EC1D18E0400648A0BE8FA151D90C59296
:20580000520EFF03219F0EC1D39E0020EA0D1D06E1FFDE051D30BFFF68FAF5051D30BFFFB7
:205820001AFD1D30BFFFD2FAFC670100CC7E020082DDCC860100D23D20EE1F00018A7C8F46
:2058400000001DD81B58C55A4B0EFF0321970EC1D296040064928A154B0EFF03219F0EC1F4
:20586000D39E00209A0D1B308600BFFFCEFC1B308600BFFF84FA41DA1B06E0FFC9E507E2D8
:205880001C58C55A4B0EFF0321770EC1CE7604006472CA0D4B0EFF03217F0EC1CF7E002087
:2058A000DA051C308600BFFFD8F941E2FDE191EDE0076001230F0100E18F2000230F0500E7
:2058C000E1872000230F0900E10F2000230F0D00E1072000239F110023971500238F190041
:2058E00023871D00237F210023772500236F290023672D00235F310023573500234F3900E0
:2059000023473D00233F4100233745006406E010230F0100441AE00740015C1A630F0100A2
:20592000A407610063374500633F410063473D00634F390063573500635F310063672D00EE
:20594000636F290063772500637F210063871D00638F190063971500639F1100E00F4000E7
:20596000630F0D00E10F4000630F0900F00F4000630F0500F10F4000630F01002A0658C04C
:20598000FE0301726A770000E08760013D0664C0FE03FD6F0100CD7E0200BA0DCD3600FFFF
:2059A0008832BFFF4AF6FD6F0100CD960200F2F5E0076001230F0100E18F2000230F050034
:2059C000E1872000230F0900E10F2000230F0D00E1072000239F110023971500238F190040
:2059E00023871D00237F210023772500236F290023672D00235F310023573500234F3900DF
:205A000023473D00233F41002337450064066000230F0100441AE00740010002015244572A
:205A2000E19DA45FDF9D0B0601FFEA0D0467CCB8E061CA05026A446FCCB80477CEB8E0716D
:205A4000BA0580FF6A041E020002BFFFD0FF80FF18051E02000201524457CEB880FF200515
:205A60001E020F0287008800890009E808E007D8BFFFF0EE245ECDB80B50DC510A770000F9
:205A80005D71DA2DA46FCDB8DC590B600C7F00001D794C7F0000E069AA25845FCFB8E05952
:205AA000BA0D80FF12040487CCB8E081AA15038A448FCCB8E50D615ACA0D0497D0B8E0915F
:205AC0008A0D049FCCB8E099CA0503524457CCB82076FF004477DE9D44DFDF9DBFFF60EED6
:205AE0002D020502845FCFB8625ACE25E0598A0DA457E19D0A0601FFBA0580FFB20302EA1F
:205B000044EFCEB8400E0000A1470967014A00380030BFFF50FF2066F4016467D89D046F38
:205B2000CCB8E069BA0544EFCCB8A437DF9D80FFE80380FF7A042302000280FF1C041E027E
:205B400000024407E09D0457DB9D61528A0D80FF7E03BFFF02F24407DB9DF5050467D0B8FC
:205B6000E061BA05BFFFF0F1016A446FD0B81E020002BFFFCEFF1E02000280FFE4031E028B
:205B80007F000002BFFFDCEDBFFFEAF101624467CEB8E0510A588215445FD0B84407E09DB3
:205BA00080FF22034407CEB8016A446FDB9D80FFF602845FD1B8445FD0B80B30BFFF5CEB8C
:205BC0004457E09D4407CCB8A477DF9D0E0601FFA20D047FD0B8E079B20580FFDA02038289
:205BE0004487CCB8BFFF58ED1E02000280FFA403BFFF92FF1E024407DC9D7F00015244576B
:205C0000DC9D7F000F0287008800890009E808E007D8BFFF4EED245ECDB80B50DC510A7722
:205C200000005D719235DC590B780F8700003D88910051810B604C870000A46FCDB8E0693A
:205C4000BA25205EFF00A497DF9DEB91EA0544DFDE9D44DFDD9DC515049FCEB8E099AA0D58
:205C6000A457E19DEA59CA0D80FF3C024407CCB8F505A477DD9DEE59B20544DFDE9D207E3C
:205C8000FF00447FDF9DBFFFB6EC2D028457CFB87F00000280FF50031E02000280FF4A0394
:205CA0001E0200022066FF00400E0000A16F09674467E19D4407E09D01524457D0B8037293
:205CC0004477CEB84457DC9D4407CFB84407DB9D400E000081870B67F069FF0D245ECDB8A6
:205CE0000B88CD8951070000416A8D00400E0000819F0B67F369D7F5845FDB9D4467DF9DA1
:205D00004467DE9D4467DD9D6407D89D615ABA1D400E0000C1C70867C215400E0000A14774
:205D20000967014A00380030BFFF3AFD2056F4016457D89D01724477CCB8845FDB9DB505E9
:205D40004407CCB8615ABA0580FFA0021E02000280FF86011E0200024407DA9DBFFFF2FF1E
:205D6000BFFF42FF80FFA802400E0000C1C70867A2150038400E0000A1470967014A0030A6
:205D8000BFFFE2FC2056F4016457D89D015A445FCCB8B5054407CCB801624467DA9D1E021C
:205DA00005020457DC9D6152DA7DBFFFB6EB20EEFF00A45FDF9DFD59922D2467D89DE061BD
:205DC000CA050B3080FF5201046FCEB8626AB915400E0000C1C70867E20D400E0000A147EA
:205DE0000967014A00300038BFFF7AFC2076F5016477D89D037A447FCEB844EFDF9D44EFC8
:205E0000DD9D44EFE19D4407E09D845FDF9DEBE9B20D028A448FCEB80B3080FFCA0044EF01
:205E2000DE9D44EFDD9D049FE19D619A8A250467CEB86262A91D02524457CEB880FFB2004E
:205E40004407E09D400E0000C1C70867E20D400E0000A1470967014A00300038BFFF06FC2D
:205E6000206EF501646FD89D44EFE19D047FE09DE079B205BFFF0EFDE45FD99DE059821543
:205E80005F5ACB00645FD89DE059AA0D400E0000A1470967014A00300038BFFF6AFDBFFF1A
:205EA0009EEA23020002BFFF5AE81E020002BFFF5AE81E020002BFFF5AE81E022056FF005A
:205EC0007F0000020030BFFF007D1E0200020132BFFFF67C1E020002BFFF167D0132BFFFED
:205EE000E87C1E020002003080FFD22A1E0200020457CCB86352DA05043280FFC611850DBE
:205F0000045FCCB8625ACA05023280FFB611013280FFAA2A1E020002BFFF74FDE0510A582B
:205F2000F205615ACA150467D0B8E0618A15046FCCB8636ADA05043280FF8811850D0477FF
:205F4000CCB86272CA05023280FF7811013280FF6C2A00501E020002BFFFA6E71E020002B7
:205F6000BFFF8AE71E02000280FFCE0C80FFE20C01524457CFB8BFFF72E71E020002440711
:205F8000CFB8BFFF64E780FFE00C80FFF40C1E02000280FF040D80FF1A0DBFFF4AE71E0220
:205FA000000280FF280D80FF980D1E027F00000280FF640C80FF700C80FF7210BFFFE4FDDC
:205FC00080FF943580FFEA0780FF1C3A845FE59DE059CA0580FF582A025A0B56FFFF445770
:205FE000E49D1E027F007F0000020030BFFF9AE980FF6C0D013280FFCA10013280FFE82849
:2060000003524457CEB8BFFFD8E61E0200024407E49DBFFFDAF480FF460D013280FFA410DC
:20602000013280FFC22803524457CEB880FFA64480FFC6081E020002860087000352445779
:20604000F4B920667F004467F5B94437F6B9443FF7B94407F8B94407F9B94407FAB9440796
:20606000FBB9400E0000E137BD6BBFFF22F31E020457DBB861529A0DC4C7F0B9A20D205E42
:20608000F401645FEAB9D5052066F4016467EAB97F000502860006E80030BFFFD6FF61EADA
:2060A000B20563EAFA058437E1B8203E7200BFFF88FF230200028600C4D7F0B90658820D96
:2060C0000B3080FFFA33C497F0B9C497D5B81E020F02E65F0D003D06776C0000DD598B5F24
:2060E0000100E05906D8B205015A95653B870500108708006882B9050058955DC4D7D5B8FC
:20610000C20DC4D7F0B99A0DC4DFF0B9FA4D0030BFFF60FF0058B54D3B6709008C770100DC
:20612000CE6EF000822D20361000E669FA3DEE31FA15AC6F0100686ABE15E069C70D8C37C9
:206140000300203E7500BFFFF0FEFB5F0D00DD598B5F01000B30BFFF5EFF0058852DC4D73A
:20616000F0B9C205C497D5B8B505C417F0B9C48FDCB8C51DC48FDCB801E23B6709000C9FA0
:206180000000D39E0F00679A870DAC370100203E1200BFFFA4FE00E0FB370D00DD3186374C
:2061A0000100BFFF12FF1C58A505015A0B502D0200022056F4016457EAB9BFFFA6E7C4072B
:2061C000F0B9BFFF7AE71E020002BFFFE6FF1E020002BFFFDEFF1E020002BFFFD6FF1E02A0
:2061E0000002BFFFCEFF1E020002BFFFC6FF1E020002BFFFBEFFC4CFF0B9820D8437EDB9A4
:20620000BFFF0AECBFFF0AB6950D8437EDB926308600BFFFCCEBBFFFF6B51E0200028600E7
:206220000457DAB8E051DA05E031BA05C42FD5B80030BFFF3EFEC49FF0B96407E8B9640764
:20624000E6B9245FD5B8200EFFE74159645FD5B8C48FDCB8BFFF0CE7C497D5B8BFFFE0E68D
:206260001E020502C60024EEE0B86407EAB96407E0B90457DAB8E051B21D6407E8B9640711
:20628000E6B9BFFFDEE6C407D5B8BFFFB2E61D6700005D670100206E7F005D6F0000047792
:2062A000DAB85D770200037A647FD8B8C51D06860100D0006487D8B8848FD5B8330610677C
:2062C0000000F18E1400D199139F0000449FE0B86407E8B96407E6B9BFFF88E6C407D5B8FA
:2062E000BFFF5CE623020002C600C487DCB8C4F7D5B8C205BFFF6EFFC5050030BFFF20FFC1
:206300001E020002C700633A06600758EA350C5700006152E205207E1200447FDAB8953547
:20632000AC6F0100616AE705208631004487DAB8852DCD8E0100C205C40FF0B9B505C48FF8
:20634000F0B98C7703006172820D6272E20D205631004457DAB8D51504924497ECB90C3059
:206360000B38BFFFF6E3D50D019A449FECB90C300B38BFFFE6E3D505207E1200447FDAB859
:206380000030BFFF64FF1E020002BFFFD6E5C4B7D5B8BFFFAAE51E020A02C700613A06E048
:2063A00007E8BA159C6701006162D20562628A0DBFFFD8FF1C301D38BFFFA2E3A50D205685
:2063C00012004457DAB8D505206E1200446FDAB80030BFFF14FF2802000286004437DBB8FE
:2063E000BFFFEAB31E020002A467D1B8200E8100E1610C58C20D2056F4010B067BFF6457B7
:20640000EAB9F20D0B0679FF8215B5150132BFFFCAFFBFFF4EE5C407F0B9BFFF22E5C50D3A
:206420000232BFFFB6FF850D0432BFFFAEFFC5050832BFFFA6FF4407D1B81E020002C7005E
:20644000613A06700760AA1D8E5F0100200E8100E1590B68F2050D067BFFC2050D0679FFDD
:206460008A0D445FD1B80E300C38BFFF16BAA50D0B300C38BFFF58B3D50520561200445752
:20648000DAB80132BFFF62FE1E026407EAB97F0000026407E8B96407E6B9C487F0B9045705
:2064A000DBB86152C2050132BFFF30FF2036FA00BFFF2EE9BFFF58B3BFFF34B31E020002FA
:2064C0006407EAB9BFFFCCFFC497D5B81E0200022036FA00BFFF0AE9BFFF34B34407F0B981
:2064E00001524457DBB81E0200028600C7004407DAB805526457E8B9206675176467E6B9A0
:20650000C437D5B8643FD8B8C40FD5B8246FD5B8200EFFE741698D6E0008646FD5B880FFA0
:206520009E2FC497F0B91E0200028600C800C4CFDCB80668C20DC4D7DCB80760BA150C57EE
:2065400000004457E0B8C417DCB8C50DEC6A2486FCB9CD81F08705002436E0B8D03180FFD6
:20656000B6AB1E02C700C4D7D5B8DA0D070601FFD705C40FDCB8C497DCB8C417D5B82456A3
:20658000E0B8A50500507F000002C600C407DCB8BFFFD2FC1E0200028700C4DFDCB80758F8
:2065A000C205C49FDCB8851DC4C7DCB8A215E059BA0D05526457E8B9206675176467E6B976
:2065C000C42FD5B8950DC487DCB8C497D5B8C5050B30BFFF4AFC1E02000286008700BFFFDC
:2065E000B8FF00501E02000287000730BFFFA6FAC48FDCB8C497D5B81E02C41FF0B97F005C
:206600000002C4DFDCB80670A20D2E37050003422E3F090080FF00AB00509525EE6F0D0059
:20662000E069E315245EE0B800602E870500E497E1B9CC81CC91D200CB9112970000509768
:2066400000004162CC00EE6F0D00EC69FBED247FE0B9CD79CF00647FE0B900501E020F02D6
:20666000E4DFD9B8E0D9BA0DC4B7D5B8205611004457DAB80030BFFF70FC8575846FE1B8AA
:2066800024E6E0B8CD66C000B2150C0680FFF215205EFF000B0601FF9A1D445FD2B82086EE
:2066A00011004487DAB80030BFFF3EFCF5552B06C8680000CD598B5F0100D5ED2B06086924
:2066C0000000CD598B5F81FFE5E5445FD2B8C4CFDCB8920D208E1200448FDAB80030BFFF5A
:2066E00008FCC53D445FD4B8EB5E14003D0610670000DD592B9F0500A457DBB8D39E0F003B
:2067000053510B689A0D207622004477DAB80030BFFFD6FBB5252D670900E061E20D450EFD
:20672000010021FE78B46C00047FDAB8E079D2050030BFFFB4FBA5151C3601001B3EFFFF5B
:206740008497D3B8C700F2961400450E0100DD9132970D0021FEAAB472002D02000264070D
:20676000EAB96407E8B96407E6B9C49FDCB8C487D5B8C48FD5B8C497D5B82457D5B8200E93
:20678000FFE741516457D5B8C4AFD5B8C437D5B8205EFF00445FD4B86407D8B84407DAB82D
:2067A000C48FDCB84407D1B8BFFF26FD1E020002C4EFD5B8821DBFFFAAE1C4AFD5B8BFFF35
:2067C0007EE18457D5B82B0610670000EA561400CA592B5F1100E059E205450E010021FEA5
:2067E00034B56B00BFFF7CE1E45FEBB9E05992155F5ACB00645FEAB9E0598A0DBFFF40E1CA
:20680000BFFF90FCC497D5B8E505BFFF32E1B505BFFF2CE12477E6B9E071F215BFFF44E191
:20682000247FE6B95F7A647FE6B9BFFF12E12487E6B9E081AA0D6407E8B96407E6B9BFFFD4
:206840001EFFBFFF84AFF555248FE8B9E0898235BFFF10E12497E8B95F926497E8B9BFFF16
:20686000DEE0249FE8B9E099BA2520567F004457E2B90467E0B84467E3B9206E7800446F70
:20688000E4B9C41FDCB8243EE2B90342003080FF3435E051EA05207690016477E8B9850D35
:2068A000247FE8B9417A647FE8B9C49FDCB8C4CFD5B8C20D0030BFFFBAF7BFFFA6E0C48F39
:2068C000D5B8BFFF7AE0BFFF98FDC4C7D5B8B215243EE0B8E447D9B8003080FFE834E0512F
:2068E0008A0DBFFF7EE0C487D5B8BFFF52E0B5056407E0B91E020002BFFF64FE1E02860077
:206900000457DAB8E051BA054437DAB87F00A457DBB87F00E457D9B87F002456E1B87F0024
:206920007F007F007F007F0000028600C800EC322486FCB9C68130370100F0870500D03162
:2069400080FF6C421E020002064026370500283F0900E8470D0080FF564200501E027F008E
:206960007F0001527F007F007F0000507F007F007F00C600246E2FBBC6698D6F0100200E5F
:20698000FF00E1690058AA05015A247629BBC6710E7F0000CF7E8000B2058B5E02000B5040
:2069A0007F000F02C4CF28BB822524E62FBB20EEFF0000D81C58DB598B570100FD519A15C9
:2069C0004B070000BFFF9CDF245E29BBDB590B600C6F00008D6E80004B6F0000BFFF60DF7A
:2069E00041DADB0065DAF6E52D02C600245629BBC6510A580B6700008C6680004A67000026
:206A00007F00265F0C000B06EBFFB9050152950D046728BBCC660C00BA050050A505015220
:206A20007F00C6002A06FC6C000000580B68C16ACA69ED6F0100E669EA0524762FBBCB71F5
:206A40004E070000415A655AA6F57F000F02C60006D8BFFF0EDF24EE2FBB24E629BB1C58AF
:206A6000DB590B500A670000CC667F004B6700001D68DB692076FF004D770000BFFFC0DE35
:206A80001B78C17A2606FC6C0000CF31E6370100BFFFFCE861529215BFFFC8DEDBE11C90AE
:206AA000129F0000939E80001C584B9F0000DBE95D070000BFFF88DE2D021902C4CF28BB0A
:206AC000B25D05CA24D62FBB20DEFF005FCAD9001A58D9598B5F0100FB59E20DE059C70D16
:206AE000BFFF80DE1A58D9590B8700005F824B870000BFFF4ADE24E629BB1C88D98911970F
:206B00000000D2960100E22524EEE89D1D68D9698D670100E061F205D9E95F625D67000033
:206B20008C001D68E061EA152E06156D0000D9710E7700004D770000BFFF28DE1C58D95951
:206B40000B780F870000908680004B870000BFFFEEDDD9E11C8811970000D2968000A20D8E
:206B60001A50D9510A570000E051CA051930BFFFDEFEE0C9CAAD37028007E1F1045728BB4D
:206B8000CA560300E24505BA3906FC6C00003A06FFFF00005FBAD7001758C15AD959EB5F11
:206BA0000100FA59C2353D06E86900003C06DC69000024DEC0B81C78CB798F7F01001D9061
:206BC000DB790F870000CB919297010052810BC0E21DBFFF8EDDD8E19C5F0100DB59D8E9D5
:206BE0009D6F01002D680B7700008D004E694B6F0000247E2FBBD7793206106D0000D7917A
:206C0000129700004F970000BFFF34DDE0B9BAC54006FFF10002BFFF62FFBFFFA0FE1E022B
:206C20007F007F000002BFFFFCFFBFFFF6FF1E02045728BB7F00845729BBCA5E0100F2052C
:206C4000CA66FE008C660200446728BB7F00845729BBCA5E0400F205CA66FB008C660800FE
:206C6000446728BB7F00845729BBCA5E0200F205CA66FD008C660100446728BB7F0084571F
:206C800029BBCA5E0800F205CA66F7008C660400446728BB7F000002845F29BBCB560300D2
:206CA000F205CB66FC00446728BB80FF9C3E1E020002845F29BBCB560C00F205CB66F30098
:206CC000446728BB80FF9A3E1E020002C4CF28BBEA3526060B6D0000243EE89D246629BB1F
:206CE0002D06066D000024762FBB00580C50CB510D80CB81108700004A8700000E88CB896F
:206D0000510700000790CB910678CB790F7F0000527F0000415A655AA6ED24362EBB013A9C
:206D200080FFAC3E80FFEA1980FF2A3E045728BBCA56FE008A560200445728BB1E020002A3
:206D4000C4DF28BBBA0D80FF243E045728BBCA56FB008A560800445728BB1E020F024407CA
:206D600028BB3D066C6A000000E01C58C25ADD592B5F0100E059A20D2706546A0000DC39FE
:206D8000873F01000B3080FF463E41E2DC001C06EBFFC6EDBFFFDCFB3C06FC6C00003D06AE
:206DA0007069000000D81B70C172DC71EE7701000E68C26ADD692D6F0100E069B21D2C06E2
:206DC00064690000CE618C6701001B78C27A2B06E86C0000CF592B5F0100E059F2050D304F
:206DE0000B380C4080FFA83DD5050D300C3880FFDE3D248E29BBDB895107000024962FBBB5
:206E0000DB9152070000249EE89DDB995307000041DADB0065DA86CD24362EBB013A80FF13
:206E2000AE3D80FF543D2D020002BFFF32FF1E0201527F000A023D06066D000000E01D5036
:206E4000DC51CAEF0000C2051C30BFFFA0FB41E29C0065E2D6F528020002C4D7F89DB205FC
:206E6000015AA5050058E059F255C4C7009EB205015AA5050058E059F21DC4C7FC9DB205D5
:206E8000015AA5050058E059920DBFFF40FEC407049EBFFFA2FFC487FC9DC4D7FC9DB20526
:206EA000015AA5050058E059F2054407F09DC497F89DC497FC9DC4D7009EB205015AA50594
:206EC0000058E059922DC4DFFC9DB205015AA5050058E059F205BFFFF4FDBFFFA4D8C49F96
:206EE000FC9DC4C7FC9DB205015AA5050058E059F205C407049EBFFF3EFFC487FC9DC4D7AA
:206F0000FC9DB205015AA5050058E059D205C497F89DC497FC9DC4D7F89DB205015AA505E4
:206F20000058E059BA25BFFF0AFFE051FA1DC4C7009EB205015AA5050058E059F21584676A
:206F4000F19D6262BE15C4CFFC9DB205015AA5050058E059BA05E0619A0DC407049E0C6E05
:206F60000100446FF09DC48FFC9D1E020002C4CFF89DB205015AA5050058E059E235846F43
:206F8000A9B80A5AE477F59D4172CE00207E6400AD794B78EF71BA05C41FFC9D2086FA0098
:206FA000AD814B80F071BA05C407FC9D208EF401AD894B88F171DA0DC417FC9DC4C7009EC2
:206FC000B2050162A5050060E061BA05C48FF89D6477F49D2096EE02AD914B90F271DA0538
:206FE000C40FFC9DC48FF89DC4C7F89DB205015AA5050058E059921D245FF29D5F5ACB008B
:20700000E059645FF29D9A15C487F89DC4DFF89DB205015AA5050058E059F205C49FF89DE2
:20702000C497F89DBFFFA6FC1E020002BFFF40FFBFFF28FE1E02C6006437F29DC407F89D8D
:207040007F006407F49DC487FC9DC497FC9DC49FFC9DC40FF89D7F007F007F000002C4D75F
:20706000F89DB205015AA5050058E0598A15C4C7F89DB205015AA5050058E059CA1DBFFF7D
:20708000B6FD20361900BFFFB0FFD515C4DFF89DB205015AA5050058E059D20DBFFF2EFC2B
:2070A000BFFF94FDC49FF89DC497F89D20361900BFFF86FF1E020002BFFFA4FF00501E02F4
:2070C000050286004407049E4407009E4407FC9D4407F89D06E8BFFF82FF61EACA05C40777
:2070E000009E850D62EACA05C40F009EB505C417009EC417F89DBFFF4CFFBFFF44FCC4CF97
:20710000009EB205015AA5050058E059D20DC41FF89D2036FA008467A9B80A0AAC3141302F
:20712000C600BFFF14FF23020002860024575DBAC3529D52EA318215245F5DBAC6660700F6
:20714000DA622106FFFFFFE341590C59645F5DBA0432BFFF98F81E0200028600C4CF5FBA3B
:20716000EA570000EA31C20DC65E0100C205C40F5FBAB505C48F5FBA0432BFFF70F81E026A
:2071800000028600C4C75FBAEA570000EA31C20DC65E0100C205C4075FBAB505C4875FBAAA
:2071A0000432BFFF48F81E020002860024575DBAC8529D52EA318215245F5DBAC6660700D9
:2071C000D5622106FFFF1FFF41590C59645F5DBA0432BFFF18F81E020002860024575DBA1E
:2071E000CB529E52EA318215245F5DBAC6660300D3622106FFFFE7FF41590C59645F5DBAEE
:207200000432BFFFE8F71E020002860024575DBACD529E52EA318215245F5DBAC6660300D7
:20722000D1622106FFFFF9FF41590C59645F5DBA0432BFFFB8F71E0200028600C4C75EBA37
:20724000EA570000EA31C20DC65E0100C205C4075EBAB505C4875EBA0432BFFF90F71E027C
:207260000002860024575DBAD0529E52EA318215245F5DBAC6660300CE622106FF3FFFFFD4
:2072800041590C59645F5DBA0432BFFF60F71E0200028600C4EF5DBAEA570000EA31C20D2D
:2072A000C65E0100C205C42F5DBAB505C4AF5DBA0432BFFF38F71E0200028600C4E75DBA07
:2072C000EA570000EA31C20DC65E0100C205C4275DBAB505C4A75DBA0432BFFF10F71E023E
:2072E00000028600C4DF5DBAEA570000EA31C20DC65E0100C205C41F5DBAB505C49F5DBA07
:207300000432BFFFE8F61E0200028600C4D75DBAEA570000EA31C20DC65E0100C205C4174F
:207320005DBAB505C4975DBA0432BFFFC0F61E0200028600C4CF5DBAEA570000EA31C20DE3
:20734000C65E0100C205C40F5DBAB505C48F5DBA0432BFFF98F61E0200028600C4C75DBA67
:20736000EA570000EA31C20DC65E0100C205C4075DBAB505C4875DBA0432BFFF70F61E027E
:207380000002860024575DBAD8529C52EA31F20D245F5DBAC6660F00C462200E0FFF4159D0
:2073A0000C59645F5DBA0432BFFF42F61E0200028600C4DF5CBAEA570000EA31C20DC65EB2
:2073C0000100C205C41F5CBAB505C49F5CBA0432BFFF1AF61E0200028600C4D75CBAEA571B
:2073E0000000EA31C20DC65E0100C205C4175CBAB505C4975CBA0432BFFFF2F51E0200029E
:207400008600C4CF5CBAEA570000EA31C20DC65E0100C205C40F5CBAB505C48F5CBA0432E4
:20742000BFFFCAF51E0200028600C4C75CBAEA570000EA31C20DC65E0100C205C4075CBA8E
:20744000B505C4875CBA0432BFFFA2F51E0200028600C4FF5BBAEA570000EA31C20DC65EB7
:207460000100C205C43F5BBAB505C4BF5BBA0432BFFF7AF51E0200028600C4F75BBAEA57BE
:207480000000EA31C20DC65E0100C205C4375BBAB505C4B75BBA0432BFFF52F51E0200025F
:2074A0008600245759BAC2529A52EA318215245F59BAC6663F00D8622106FFFFFFC041594D
:2074C0000C59645F59BA0432BFFF22F51E0200028600C4FF5ABAEA570000EA31C20DC65E98
:2074E0000100C205C43F5ABAB505C4BF5ABA0432BFFFFAF41E0200028600C4F75ABAEA57C2
:207500000000EA31C20DC65E0100C205C4375ABAB505C4B75ABA0432BFFFD2F41E02000261
:207520008600245759BACA529A52EA318215245F59BAC6663F00D0622106FFFFC0FF4159CC
:207540000C59645F59BA0432BFFFA2F41E0200028600C4FF59BAEA570000EA31C20DC65E99
:207560000100C205C43F59BAB505C4BF59BA0432BFFF7AF41E0200028600C4F759BAEA57C4
:207580000000EA31C20DC65E0100C205C43759BAB505C4B759BA0432BFFF52F41E02000263
:2075A0008600245759BAD2529A52EA31F20D245F59BAC6663F00C862200EFFC041590C5976
:2075C000645F59BA0432BFFF24F41E0200028600C4FF58BAEA570000EA31C20DC65E0100FC
:2075E000C205C43F58BAB505C4BF58BA0432BFFFFCF31E0200028600C4F758BAEA570000C7
:20760000EA31C20DC65E0100C205C43758BAB505C4B758BA0432BFFFD4F31E0200028600DD
:20762000245759BACA563F00EA31E20D245F59BAC6663F00200EC0FF41590C59645F59BA90
:207640000432BFFFA8F31E0200028600C4EF47BAEA570000EA31C20DC65E0100C205C42F35
:2076600047BAB505C4AF47BA0332BFFF80F31E0200028600245745BAC8529852EA31E2054D
:20768000443746BA0332BFFF64F31E0200028600245745BAD0529852EA31E205443745BA7B
:2076A0000332BFFF48F31E0200028600C4FF43BAEA570000EA31C20DC65E0100C205C43F1A
:2076C00043BAB505C4BF43BA0332BFFF20F31E0200028600C4F743BAEA570000EA31C20DE2
:2076E000C65E0100C205C43743BAB505C4B743BA0332BFFFF8F21E0200028600C4EF43BA3F
:20770000EA570000EA31C20DC65E0100C205C42F43BAB505C4AF43BA0332BFFFD0F21E0263
:2077200000028600C4E743BAEA570000EA31C20DC65E0100C205C42743BAB505C4A743BAF8
:207740000332BFFFA8F21E0200028600C4DF43BAEA570000EA31C20DC65E0100C205C41F5A
:2077600043BAB505C49F43BA0332BFFF80F21E0200028600C4D743BAEA570000EA31C20D22
:20778000C65E0100C205C41743BAB505C49743BA0332BFFF58F21E0200028600C4CF43BA9E
:2077A000EA570000EA31C20DC65E0100C205C40F43BAB505C48F43BA0332BFFF30F21E02A3
:2077C00000028600C4FF42BAEA570000EA31C20DC65E0100C205C43F42BAB505C4BF42BA13
:2077E0000332BFFF08F21E0200028600C4F742BAEA570000EA31C20DC65E0100C205C4372B
:2078000042BAB505C4B742BA0332BFFFE0F11E0200028600245741BACA529B52EA3182159E
:20782000245F41BAC6661F00D1622106FFFFC1FF41590C59645F41BA0332BFFFB0F11E02F6
:2078400000028600C4C742BAEA570000EA31C20DC65E0100C205C40742BAB505C48742BA3A
:207860000332BFFF88F11E0200028600C4FF41BAEA570000EA31C20DC65E0100C205C43F1C
:2078800041BAB505C4BF41BA0332BFFF60F11E0200028600C4F741BAEA570000EA31C20DE8
:2078A000C65E0100C205C43741BAB505C4B741BA0332BFFF38F11E0200028600C4EF41BA44
:2078C000EA570000EA31C20DC65E0100C205C42F41BAB505C4AF41BA0332BFFF10F11E0267
:2078E00000028600C4E741BAEA570000EA31C20DC65E0100C205C42741BAB505C4A741BA3D
:207900000332BFFFE8F01E0200028600C4DF41BAEA570000EA31C20DC65E0100C205C41F5C
:2079200041BAB505C49F41BA0332BFFFC0F01E0200028600C4D741BAEA570000EA31C20D28
:20794000C65E0100C205C41741BAB505C49741BA0332BFFF98F01E0200028600C4CF41BAA4
:20796000EA570000EA31C20DC65E0100C205C40F41BAB505C48F41BA0332BFFF70F01E02A7
:2079800000028600C4C741BAEA570000EA31C20DC65E0100C205C40741BAB505C48741BAFC
:2079A0000332BFFF48F01E0200028600C4FF40BAEA570000EA31C20DC65E0100C205C43F1D
:2079C00040BAB505C4BF40BA0332BFFF20F01E0200028600C4F740BAEA570000EA31C20DEB
:2079E000C65E0100C205C43740BAB505C4B740BA0332BFFFF8EF1E0200028600C4EF40BA48
:207A0000EA570000EA31C20DC65E0100C205C42F40BAB505C4AF40BA0332BFFFD0EF1E0269
:207A200000028600C4E740BAEA570000EA31C20DC65E0100C205C42740BAB505C4A740BAFE
:207A40000332BFFFA8EF1E0200028600C4DF40BAEA570000EA31C20DC65E0100C205C41F5D
:207A600040BAB505C49F40BA0332BFFF80EF1E0200028600C4D740BAEA570000EA31C20D2B
:207A8000C65E0100C205C41740BAB505C49740BA0332BFFF58EF1E0200028600C4CF40BAA7
:207AA000EA570000EA31C20DC65E0100C205C40F40BAB505C48F40BA0332BFFF30EF1E02A9
:207AC00000028600C4C740BAEA570000EA31C20DC65E0100C205C40740BAB505C48740BABE
:207AE0000332BFFF08EF1E0224573DBA24673DBACA529A52C85298620C517F000002860008
:207B0000C4FF3EBAEA570000EA31C20DC65E0100C205C43F3EBAB505C4BF3EBA0232BFFF71
:207B2000CCEE1E0200028600C4F73EBAEA570000EA31C20DC65E0100C205C4373EBAB5056C
:207B4000C4B73EBA0232BFFFA4EE1E020502C60006E8BFFF96FFEAE9921DBFFF06CE1D606F
:207B60008862CC663F00246F3DBAD0622106FFFFC0FF41690C69646F3DBA9D0044EF3FBA58
:207B8000BFFFBCCD0232BFFF64EE230200028600C4FF3DBAEA570000EA31C20DC65E0100A3
:207BA000C205C43F3DBAB505C4BF3DBA0232BFFF3CEE1E0200028600C4F73DBAEA57000019
:207BC000EA31C20DC65E0100C205C4373DBAB505C4B73DBA0232BFFF14EE1E020002860015
:207BE000C4EF3DBAEA570000EA31C20DC65E0100C205C42F3DBAB505C4AF3DBA0232BFFFC4
:207C0000ECED1E0200028600C4E73DBAEA570000EA31C20DC65E0100C205C4273DBAB5058E
:207C2000C4A73DBA0232BFFFC4ED1E0200028600C4DF3DBAEA570000EA31C20DC65E0100AD
:207C4000C205C41F3DBAB505C49F3DBA0232BFFF9CED1E0200028600C4D73DBAEA57000079
:207C6000EA31C20DC65E0100C205C4173DBAB505C4973DBA0232BFFF74ED1E020002860055
:207C8000C4CF3DBAEA570000EA31C20DC65E0100C205C40F3DBAB505C48F3DBA0232BFFF83
:207CA0004CED1E0200028600C4C73DBAEA570000EA31C20DC65E0100C205C4073DBAB505CE
:207CC000C4873DBA0232BFFF24ED1E0200028600C4FF3CBAEA570000EA31C20DC65E0100AE
:207CE000C205C43F3CBAB505C4BF3CBA0232BFFFFCEC1E0200028600C4F73CBAEA5700001D
:207D0000EA31C20DC65E0100C205C4373CBAB505C4B73CBA0232BFFFD4EC1E020002860017
:207D2000C4EF3CBAEA570000EA31C20DC65E0100C205C42F3CBAB505C4AF3CBA0232BFFF85
:207D4000ACEC1E0200028600C4E73CBAEA570000EA31C20DC65E0100C205C4273CBAB50590
:207D6000C4A73CBA0232BFFF84EC1E0200028600C4DF3CBAEA570000EA31C20DC65E0100AF
:207D8000C205C41F3CBAB505C49F3CBA0232BFFF5CEC1E0200028600C4D73CBAEA5700007C
:207DA000EA31C20DC65E0100C205C4173CBAB505C4973CBA0232BFFF34EC1E020002860057
:207DC000C4CF3CBAEA570000EA31C20DC65E0100C205C40F3CBAB505C48F3CBA0232BFFF45
:207DE0000CEC1E0200028600C4C73CBAEA570000EA31C20DC65E0100C205C4073CBAB505D0
:207E0000C4873CBA0232BFFFE4EB1E0200028600C4FF3BBAEA570000EA31C20DC65E0100B0
:207E2000C205C43F3BBAB505C4BF3BBA0232BFFFBCEB1E0200028600C4F73BBAEA5700001F
:207E4000EA31C20DC65E0100C205C4373BBAB505C4B73BBA0232BFFF94EB1E020002860019
:207E6000C4EF3BBAEA570000EA31C20DC65E0100C205C42F3BBAB505C4AF3BBA0232BFFF47
:207E80006CEB1E0200028600C4E73BBAEA570000EA31C20DC65E0100C205C4273BBAB50592
:207EA000C4A73BBA0232BFFF44EB1E0200028600C4DF3BBAEA570000EA31C20DC65E0100B1
:207EC000C205C41F3BBAB505C49F3BBA0232BFFF1CEB1E0200028600C4D73BBAEA5700007F
:207EE000EA31C20DC65E0100C205C4173BBAB505C4973BBA0232BFFFF4EA1E02000286005A
:207F0000C4CF3BBAEA570000EA31C20DC65E0100C205C40F3BBAB505C48F3BBA0232BFFF06
:207F2000CCEA1E0200028600C4C73BBAEA570000EA31C20DC65E0100C205C4073BBAB505D2
:207F4000C4873BBA0232BFFFA4EA1E0200028600C4FF3ABAEA570000EA31C20DC65E0100B2
:207F6000C205C43F3ABAB505C4BF3ABA0232BFFF7CEA1E0200028600C4F73ABAEA57000022
:207F8000EA31C20DC65E0100C205C4373ABAB505C4B73ABA0232BFFF54EA1E02000286001B
:207FA000C4EF3ABAEA570000EA31C20DC65E0100C205C42F3ABAB505C4AF3ABA0232BFFF09
:207FC0002CEA1E0200028600C4E73ABAEA570000EA31C20DC65E0100C205C4273ABAB50594
:207FE000C4A73ABA0232BFFF04EA1E0200028600C4DF3ABAEA570000EA31C20DC65E0100B3
:20800000C205C41F3ABAB505C49F3ABA0232BFFFDCE91E0200028600C4D73ABAEA57000082
:20802000EA31C20DC65E0100C205C4173ABAB505C4973ABA0232BFFFB4E91E02000286005B
:20804000C4CF3ABAEA570000EA31C20DC65E0100C205C40F3ABAB505C48F3ABA0232BFFFC8
:208060008CE91E0200028600C4C73ABAEA570000EA31C20DC65E0100C205C4073ABAB505D4
:20808000C4873ABA0232BFFF64E91E0200028600C4FF39BAEA570000EA31C20DC65E0100B4
:2080A000C205C43F39BAB505C4BF39BA0232BFFF3CE91E0200028600C4F739BAEA57000025
:2080C000EA31C20DC65E0100C205C43739BAB505C4B739BA0232BFFF14E91E02000286001D
:2080E000C4EF39BAEA570000EA31C20DC65E0100C205C42F39BAB505C4AF39BA0232BFFFCB
:20810000ECE81E0200028600C4E739BAEA570000EA31C20DC65E0100C205C42739BAB50596
:20812000C4A739BA0232BFFFC4E81E0200028600C4DF39BAEA570000EA31C20DC65E0100B5
:20814000C205C41F39BAB505C49F39BA0232BFFF9CE81E0200028600C4D739BAEA57000085
:20816000EA31C20DC65E0100C205C41739BAB505C49739BA0232BFFF74E81E02000286005D
:20818000C4CF39BAEA570000EA31C20DC65E0100C205C40F39BAB505C48F39BA0232BFFF8A
:2081A0004CE81E0200028600C4C739BAEA570000EA31C20DC65E0100C205C40739BAB505D6
:2081C000C48739BA0232BFFF24E81E02C4C736BAEA570000246735BAC85298620C517F001D
:2081E00000028600245735BACB529C52EA318215245F35BAC6660F00D1622106FFFFE1FFEB
:2082000041590C59645F35BA0132BFFFE0E71E020502C60006E8BFFFB6FFEAE9D215BFFF2F
:2082200042C71D608862CC660100C205C40736BAB505C48736BA9D0044EF37BABFFF00C7DE
:208240000132BFFFA8E7230200028600245735BAD8529C52EA31F20D245F35BAC6660F00A8
:20826000C462200E0FFF41590C59645F35BA0132BFFF7AE71E0200028600245735BACA5667
:208280000F00EA31D20D245F35BAC6660F00100A41590C59645F35BA0132BFFF50E71E0215
:2082A00000028600245731BAC5529D52EA318215245F31BAC6660700D8622106FFFFFFF821
:2082C00041590C59645F31BA0132BFFF20E71E0200028600C4FF32BAEA570000EA31C20D77
:2082E000C65E0100C205C43F32BAB505C4BF32BA0132BFFFF8E61E0200028600C4F732BA5C
:20830000EA570000EA31C20DC65E0100C205C43732BAB505C4B732BA0132BFFFD0E61E0277
:2083200000028600C4EF32BAEA570000EA31C20DC65E0100C205C42F32BAB505C4AF32BA07
:208340000132BFFFA8E61E0200028600C4E732BAEA570000EA31C20DC65E0100C205C4275D
:2083600032BAB505C4A732BA0132BFFF80E61E0200028600C4DF32BAEA570000EA31C20D47
:20838000C65E0100C205C41F32BAB505C49F32BA0132BFFF58E61E0200028600C4D732BABB
:2083A000EA570000EA31C20DC65E0100C205C41732BAB505C49732BA0132BFFF30E61E02B7
:2083C00000028600C4CF32BAEA570000EA31C20DC65E0100C205C40F32BAB505C48F32BAC7
:2083E0000132BFFF08E61E0200028600C4C732BAEA570000EA31C20DC65E0100C205C4079D
:2084000032BAB505C48732BA0132BFFFE0E51E0200028600C4FF31BAEA570000EA31C20D48
:20842000C65E0100C205C43F31BAB505C4BF31BA0132BFFFB8E51E0200028600C4F731BA5E
:20844000EA570000EA31C20DC65E0100C205C43731BAB505C4B731BA0132BFFF90E51E0279
:2084600000028600C4EF31BAEA570000EA31C20DC65E0100C205C42F31BAB505C4AF31BAC9
:208480000132BFFF68E51E0200028600C4E731BAEA570000EA31C20DC65E0100C205C4275E
:2084A00031BAB505C4A731BA0132BFFF40E51E0200028600C4DF31BAEA570000EA31C20D4A
:2084C000C65E0100C205C41F31BAB505C49F31BA0132BFFF18E51E0200028600C4D731BABE
:2084E000EA570000EA31C20DC65E0100C205C41731BAB505C49731BA0132BFFFF0E41E02BA
:2085000000028600C4CF31BAEA570000EA31C20DC65E0100C205C40F31BAB505C48F31BA88
:208520000132BFFFC8E41E0200028600C4C731BAEA570000EA31C20DC65E0100C205C4079E
:2085400031BAB505C48731BA0132BFFFA0E41E0200028600C4FF30BAEA570000EA31C20D4B
:20856000C65E0100C205C43F30BAB505C4BF30BA0132BFFF78E41E0200028600C4F730BA61
:20858000EA570000EA31C20DC65E0100C205C43730BAB505C4B730BA0132BFFF50E41E027B
:2085A00000028600C4EF30BAEA570000EA31C20DC65E0100C205C42F30BAB505C4AF30BA8B
:2085C0000132BFFF28E41E0200028600C4E730BAEA570000EA31C20DC65E0100C205C4275F
:2085E00030BAB505C4A730BA0132BFFF00E41E0200028600C4DF30BAEA570000EA31C20D4D
:20860000C65E0100C205C41F30BAB505C49F30BA0132BFFFD8E31E0200028600C4D730BAC1
:20862000EA570000EA31C20DC65E0100C205C41730BAB505C49730BA0132BFFFB0E31E02BB
:2086400000028600C4CF30BAEA570000EA31C20DC65E0100C205C40F30BAB505C48F30BA4A
:208660000132BFFF88E31E0200028600C4C730BAEA570000EA31C20DC65E0100C205C4079F
:2086800030BAB505C48730BA0132BFFF60E31E02245729BA84672DBA9852C8520C517F009D
:2086A000245729BA246729BAD0529852C852C86298620C517F000502C60006E8BFFFD4FF7C
:2086C000EAE9F20DBFFF9CC21D60886244672BBA9D0044EF2CBABFFF66C20030BFFF0EE33A
:2086E00023020502C60006E8BFFFB8FFEAE9F20DBFFF70C21D608862446729BA9D0044EF9E
:208700002ABABFFF3AC20030BFFFE2E223020002BFFF50C2245EC0B80B500A670000CC661A
:20872000E0004B670000BFFF16C21E020002BFFF32C2246EC4B84D0700002466C5B84C0781
:208740000000245EC6B80B500A770000CE76E0004B770000BFFFE8C11E02000204572EBB8A
:208760008A563F0044572EBB80FFDA4280FFFE4080FF3A4180FF764180FFB24180FFEE41AE
:2087800080FF2A4280FFA84280FF1C3580FF6C3580FFE45480FFAA4080FF904080FF4E4217
:2087A00080FF724080FF584080FF58421E02000280FF364080FF1C4080FF024080FFE83FFF
:2087C00080FFCE3F80FFB43F80FF9A3F80FF803F80FF663F80FF4C3F80FF323F80FF183F11
:2087E00080FFFE3E80FFE43E80FFCA3E80FFB03E80FF963E80FF7C3E80FF623E80FF483E79
:2088000080FF2E3E80FF143E80FFFA3D80FFE03D80FFC63D80FFAC3D80FF923D80FF783DDE
:2088200080FF5E3D80FF443D80FF2A3D80FF103D80FF723C80FF583C80FFEE3C80FFD43CF4
:2088400080FFBA3C80FFA03C80FF863C80FF6C3C1E02000280FF1E7480FF047480FFEA73DA
:2088600080FFD07380FFB67380FF9C7380FF827380FF687380FF4E7380FF347380FF1A73C0
:2088800080FF007380FFE67280FFCC7280FFB27280FF987280FFC03F80FF7A7280FF6072EC
:2088A00080FF467280FF2C7280FF127280FFF87180FFDE7180FF62411E020002BFFFA4C045
:2088C000C497109EBFFF78C01E020002BFFF94C0C417109EBFFF68C01E02C487109EC4B762
:2088E000119E7F000002860044370C9EBFFF74C04407109E4407119E44070E9E44070D9ECB
:2089000044070A9E206E5C00446F0B9E440720BB440721BBBFFFC6FF847F0D9E0A72447769
:20892000089E667A8B2D4F00260007002B000A000F0026001200C417109EA525C417109E25
:20894000C43F109ED51DC43F109EA51DBFFF24C5C417109EC43F109EC43F119EC427109ED5
:20896000078A448F0C9EBFFF84D2BFFF16D2BFFFCEBF951544070C9EBFFFC4BFC50DBFFF74
:20898000F2D1BFFF1CC5BFFF5CD1019244970C9EBFFFACBF1E0200020030BFFF4AFF1E02D0
:2089A00000020132BFFF40FF1E028457119E7F000457109E465700007F00050206E8BFFF84
:2089C000A2BFE0E9CA05C43F109EF50561EADA05C4BF109EC4BF119EBFFF64BF2302C42F6D
:2089E000119E015244570E9E045F0A9E0B5E1000445F0A9EC487109EC4B7119E246721BBD5
:208A0000200EFFF041618C660001646721BB046F099E446F20BBC4FF109EC205C42721BB56
:208A2000B505C4A721BBC4AF21BB7F000502BFFF32BFA45F0D9EE059D7050B56FFFF4457F4
:208A40000D9EBFFFFABEBFFF1ABF84670D9ECC667F00046F0A9ECD6EF000846A686AA70D5D
:208A60002076100044770A9E207E3200447F0D9E046244670C9EE0610C58BE0580079E0463
:208A80000B0680FFB70580079404655ABA0580076C02655AFF15635ABA058007F201635A72
:208AA000BF0D615AD21D615ABF0580077004625AA27D80076804645ABA058007400280072B
:208AC0005C04675ABA0580073004675AB70580074C04665ABA0580077E0380074004BFFF97
:208AE000FCFD20EE5C004407119EC4B7109EC4AF109EC4A7109EC49F109EC487109EC48F59
:208B0000109E44070E9E44EF0B9E04870A9E418244870A9EBFFF8AC3C4D7109E922DC42F65
:208B2000119E018A448F0E9E04970A9E1296100044970A9E44EF20BB44EF099E249F21BB77
:208B4000200EFFF04199939E0001649F21BBC4AF21BBC4A721BB440722BB440723BB4407DB
:208B600024BB440725BB440726BB440727BB04570A9ECA560F0064529F0D056A446F0D9E31
:208B8000027244770C9E8007B403207E1000447F0A9E2086320044870D9E048A448F0C9E4C
:208BA00080079A03C4D7109E9A15C4FF109EC205C43F119EB505C4BF119E0C9A449F0D9E8F
:208BC000035244570C9E80077403C4DF119EB205BFFF0EFEC4CF119E9215C4D7119EE20510
:208BE000046A446F0D9E800754030C7244770D9E037A447F0C9E8007440304870D9EE08198
:208C0000B20580073803A45F099EC42F119E018A448F0E9E04970A9E1296100044970A9E07
:208C20000B06A4FFD215C4FF119EF205C4FF109EC205C42F21BBB505C4AF21BBC4FF109EAF
:208C4000C205C42721BB850DC4A721BBD505C4AF21BBC4A721BBC4F7119EC205C407109E93
:208C6000B505C437119E245721BB200EFFF041518A560002645721BB445F20BB0C6A446F6A
:208C80000D9E037244770C9E8007B202C4CF119E9215C4D7109EB20DC4D7119E820D047ACC
:208CA000447F0D9E028244870C9EC5050C8A448F0D9EC4D7109EF205C4DF119EC215BFFF48
:208CC00020FD9515C4F7119EC205C407109EB505C437119EC4FF109EC205C43F119EB5051B
:208CE000C4BF119E049F0D9EE099B20580074E02015244570C9E80074402BFFFE0FBC41F0C
:208D0000109E046F0A9ECD6EF000446F0A9EC4C7119EB205C427119EC4E7119E8215C4D7ED
:208D2000109ED20504770A9EE0719A0D44070A9E207E8100447F0C9E8007020204870C9E54
:208D40006482EA55048F0D9EE0899A3DC4CF109ED205C48F109EBFFFE2CDBFFF44C1C4D78C
:208D6000109E922DC4FF109EC205C43F119EB505C4BF119EC42F119E019A449F0E9E20566E
:208D8000100044570A9E246F21BB200EFFF041698D6E0004646F21BB0477099E447720BBE4
:208DA000C4AF21BBC4FF109EC205C42721BBB505C4A721BB2086320044870D9EC4D7109ECD
:208DC0009A0DC4FF109EC205C43F119EB505C4BF119EC4FF119EBA05800762010C92449782
:208DE0000D9E209E8500449F0C9E80075001C4FF119EF225C4CF119EE2050C5244570D9ECA
:208E000080073A01046F0D9EE069B20580072E01BFFF60C0C42F109EC4AF119E44070E9E24
:208E2000C4CF109ED205C48F109EBFFF0ECD20764B0044770D9E067A447F0C9E8007FE00C7
:208E4000C4A7119E2086320044870D9E048A448F0C9EC575BFFF86FAC4A7119E44070A9E1A
:208E600004970D9E1206B6FFBA05BFFFEACBC4FF119EEA25C4AF109EBFFF26C0C4DF109E16
:208E8000821D209E1000449F0A9EC4CF109E920D0457089EE051D305026A446F0D9ED5054C
:208EA0002076320044770D9E047A447F0C9ED5052086810044870C9EBFFF90CBF53DA45FD5
:208EC0000D9E615ABA0DBFFFAABFC4AF119E44070E9E0030BFFFB2BA9535E059FA2DC4AF2E
:208EE000109EC427109EBFFF04CDBFFF96CC078A448F0C9EB525C49F109EC4FF119EEA1D0A
:208F0000C4A7109EBFFF6CCCBFFF96BFBFFFD6CB2096810044970C9E9515BFFFC0F94407A8
:208F2000109E4407119E44070E9E44070D9E44070A9E209E5C00449F0B9E0457119ECA56D9
:208F4000F0004457119EBFFFF6B9C4FF0C9EB205BF07F6FA046F0E9E616ABA0DC4D7109E96
:208F6000820D0232BFFF28C46152BA0544070E9E2302000226770500EE770D0082728E005E
:208F8000CE767F0044770B9E265F09000B7F0100CF7E0F00627A82150B870100D0860F00CA
:208FA0006182A20D0B8F0100D18E0F00648A8A75C407119ED56D205E5C00A467099EC40716
:208FC000119EEB61A70DA46F0B9EEC69E90DEB69C70D446F099E950DA46F0B9EEC69B105F0
:208FE000EB69B705446F099E26970900129F0100D39E0F00629A8A4DC40F119E2667090024
:209000008C570100EA59822D8C770100A47F0B9EEE79A225C497119E266709008C870100C8
:20902000EB81CE0DA46F0B9E8C8F0100F1698635EB69EE2DC41F119EB52DA46F0B9E8C973A
:209040000100F269EE05EB69BE25C41F119E8525C41F119ED51DC417119E269F0900935788
:209060000100EA59DA15C4EF119EAA15440722BB440723BB440724BB440725BB440726BBCA
:20908000440727BBD505C487109EC4B7119EC4C7119EF245047F0A9ECF7EF000447F0A9E62
:2090A000265F09000B770100200E1000CE761000E171CA05C4E7109ED205C4BF119E265F05
:2090C00009000B870100D08620001006E0FF9A2DC4E7109EEA25C4EF109EBA25C4FF109EA9
:2090E000B215BFFF8EBDC43F119EC42F109EC4AF119E44070E9E208E4B00448F0D9E069225
:2091000044970C9EE50D845F0D9E645AB205655A8A0DC4CF109ED205C48F109EBFFF1CCAC2
:2091200000501E020002C4AF119E04570A9ECA560F0044570A9E0A624467089E245F21BB0A
:20914000D45A9C5A625ABA2DC4FF119EA215C4EF21BBF20DBFFF1CBDC42F109E44070E9E62
:2091600020764B0044770D9E067A447F0C9EF52DC4FF109EE205C4E721BBB205C43F119E51
:20918000C4EF109ECA25C497119EC49F109E0C8244870D9E038A448F0C9E951D645ABA0D1F
:2091A000C4D7109EC215C4E7119E9215019244970C9ED50D615ABA0D845F0D9E645AB2050F
:2091C000655ADA05209E1000449F0A9E1E020002BFFFA0BCC40F109E0030BFFFACB7C4FFC7
:2091E000119EF205C4E7109E8A2DC4EF109EDA250457119ECA56F0004457119EC4A7119EDB
:20920000C4AF119E44070E9E2066100044670A9E046F0C9ECD6E7F00656AF20D845F099E1D
:20922000E059EF770000EE76D0FF0E76320044770D9E047A447F0C9E845F099EE059D705B6
:209240000B86FFFF4487089EBFFF30C91E028C072100630701006307050002526357090092
:20926000205E3100635F0C00450E01002166E4DF6367150023360000BFFF722E4C063F00AC
:20928000050201EAE031D2056132BA05BFFFC2FF1D50230224565C8200680D60C162CA6116
:2092A0002C7F0000417ACF000F586C5F0000E059CA05416A646AA6F57F008407E11023E627
:2092C0000000247E5C822F8F01001C80708F01002F970500709705003D06FFFF000000702B
:2092E000004800D800500A60C1621C88CC89F18F01000680CC81F0870100B089A989FD89BB
:20930000EB4F00001178CF000A98C49AF37FC0000F710768CC69ED5F0100D100D159DB59E9
:20932000FD59EBDF00006D5F000041526452C6DD288F0100EE89B905687701004406FF102F
:20934000581A234E0000247E5C822F8F01000980708F01002F970500709705002806FFFF5F
:2093600000000038005000700A58C15A0960CB61EC6701000668CB69ED8F01000C80B181B2
:20938000A781E881EB3F0000D0000A78C47AEF87C00010716D67000041526452E6E50E5085
:2093A000481A7F00501A63370900633F0D0023460000247E5C822F8F01000880708F0100E0
:2093C0002F970500709705002606FFFF0000233E08000060006800500A58C15A0878CB79CA
:2093E000EF7F01000780CB81F0870100B079AD79E679EB6F0000CF000A98C49AF37FC000AA
:209400000F614152645296ED0C5048061F00E031C20D24565C822A67010006586B6701004C
:209420002A6F05006B6F05007F00000224365C820842003880FF4C7FBFFF16FE1E028600B2
:20944000C332245E209EC659CB9704007F008600C332245E209EC659CB1704007F0086000E
:20946000025A24564CBB8A670B00E661CA0D0B68C36A2476209ECD71CECF0400C2058B00CC
:209480000B50F5055F5A5452E059EEED2056FF007F008600C3322456209EC6512A670100B4
:2094A0001F32883246616A670100CA870400CA8F0400CA970400CA9F04007F008600C232AB
:2094C0002456149EC6512A6701002106FFFFFFF041616A670100CAA70300CAAF0300CAB7BE
:2094E0000300CABF03007F008600C2322466149EC661CCEF0300B2050152A50500507F0040
:209500000F02860024E6FCB906D8EC320038DC310C4280FF6E7E24EE149E1B30C232DD31EA
:209520000442003880FF5C7E1B68EC6A2076FF00DC694D7708001B78C27ADD794F07020058
:20954000C1DA2606C26B0000DB31E6370100BFFF40BF2D020A0202E224EE149E1C70C2728D
:20956000DD712E770100C4729C72E0719255BFFFF2B31C58C25ADD59EB6F0100E069E24587
:209580000D8EFFFF6B8F0000F100E089CA3D2B6F0100C46A9C6A616AE205646AC21DBFFFEB
:2095A0009EB3E5351C308600033A1C508A00C2522F06206C0000CA792F7F0100450E010020
:2095C00021FE16E36F001C308600BFFF36FFBFFF6EB3E51D1C308600043A1C909200C292BC
:2095E0002A06206C0000D2512A570100450E010021FE46E36A001C308600BFFF06FFBFFFB1
:209600003EB3E505BFFF38B3B505BFFF32B35FE2E0E1DEA528020A02860024EE34BB06E041
:20962000EC320038DD310C4280FF587D1C60C3622436209ECC310842003880FF467D1C701E
:20964000EC72207EFF00DD714E7F0A00C1E22606BC6B0000DC31E6370100BFFF34BE2802EF
:209660008807E170860024DE209E24D634BB0658EC5A43370000DA592B7F0100EB87050068
:209680000660D079637F0900C362DB612C6701009862200E1000E16106C882150C06E0FF6B
:2096A000827D0C06D0FFBA058007EE010C06C0FFBA058007E4018007E8023D06BC6B0000BE
:2096C0003C06706900001930C132DD31E63701000038C232DC3126370100084280FFA47C87
:2096E0001978C17A1988EC8ADD79DA89EF9F0100C29ADC99339F0100318706005387000003
:20970000EF7F0100C27ADC792F7F0100417A637F0500318F0600638F0C0023360000199032
:20972000C2923006F86B0000D28130870100450E010021FE88E47000E051BA058007620207
:20974000203E21001978C27A3206D46B0000CF9132970100450E010021FEB0E4193072005A
:20976000E051AA15C3CADBC9398701001F328832468179870100D9870400D98F0400D99FEC
:20978000040080071C021930BFFF8EFE8007120206EA2C06706900001978C17A2E06BC6BD0
:2097A0000000CF71EE970100C292CC91329701002056100052570000EE6F0100C26ACC697A
:2097C0002D6F01002B870600D086000F0D7F000088820F814D870000EE970100C292CC919E
:2097E000329701002B57060052570100EE7F0100C27ACC792F7F0100427A637F050063EFDA
:209800000C00233600001980C2823206F86B0000D09132970100450E010021FE70E5720006
:20982000E051F225203E21001998C29A3006D46B0000D38130870100450E010021FE94E5E7
:2098400019307000E051AA151958C35ADB592B9701001F32883246916B970100CB8704009F
:20986000CB8F0400CB9F0400C5051930BFFFAAFD1958EC5ADA596BEF04002B7F0900210682
:20988000FFFFFFF041796B7F0900C3CADBC95907020080070C013D06BC6B00003C06706982
:2098A00000001968C16ADD69ED970100C292DC9132970100209E2000529F0000ED67010082
:2098C000C262DC612C6701002B870900C4820C5700009C820A814C870000ED970100C292DA
:2098E000DC9132970100419263970500079A639F0C00233600001978C27A3006F86B0000F1
:20990000CF8130870100450E010021FE60E67000E051F225203E21001988C28A3306D46BEA
:209920000000D199339F0100450E010021FE84E619307300E051AA151958C35ADB592B87ED
:2099400001001F32883246816B870100CB870400CB8F0400CB9F0400C5051930BFFFBAFC98
:209960001960EC62DA612C5F0400475A6C5F0400CB00EC670700EC59B315C1CADDC9F93753
:209980000100C232DC31263701000038CC312B88418AD1314832AC590B4080FFE6794806BC
:2099A000FF700502860006E8BFFFB8FC1D50C352246E209ECA692D6F0100986AE0698215C7
:2099C000C1EA2606BC6B0000DD31E6370100BFFFBEB96152B2050058C505015AA50500583F
:2099E0000B5023028407E10002E224EE209E1C70C372DD712E7701009872E071BA05800771
:209A00000A02BFFF5EAF1C58C35ADD59EB6F0100E069BA058007F0010D8EFFFF6B8F00003A
:209A2000F100E089B2058007D8012B6701009862616282256262B24D6462BA0580078C0162
:209A4000200E1000E161BA05800728010C06E0FFBA0580071E010C06D0FFBA058007140185
:209A60000C06C0FFBA0580070A01BFFFD2AE80079A011C308600203E23001C508A00C25207
:209A80002F06D46B0000CA792F7F0100450E010021FEE6E76F00E051AA151C58C35ADD59FA
:209AA0002B8F01001F32883246896B8F0100CB870400CB8F0400CB9F0400D5051C30860048
:209AC000BFFF56FBBFFF78AE80074001BFFF70AE1C98EC9F4002246E34BBD3692D67090014
:209AE00063670500C4629C626F6289150C7E010023570500CF7E0F00D87A2106FFFFFFF038
:209B000041510F516D570900950D238705002106FFFFFFF041816D8709001C58C35ADD599B
:209B20002B97010063970100ED9F0500ED7707005972EE99C60D237F01001F3288324679D9
:209B4000400E004001796B7F0100B50D235701001F3288324651400E003001516B570100A0
:209B600006826B8700001C308600BFFF38FED54D1C308600203E22001C989300C29A2F0659
:209B8000D46B0000D3792F7F0100450E010021FEE4E86F00E051AA151C58C35ADD592B8F6C
:209BA00001001F32883246896B8F0100CB870400CB8F0400CB9F0400D5051C308600BFFF43
:209BC00058FABFFF7AAD9525BFFF74AD1C60C362DD612C5F01001F3288324659CCD70400F9
:209BE000CA0D6C5F0100CC870400CC8F0400CC970400CC9F0400950D6C5F0100E505BFFF20
:209C00003EADB505BFFF38AD5FE2E0E1B605BF07E0FD4406FF00C6002456149E2D066B6C57
:209C20000000C6698D6F01000D80C282CA8130870100C4829C8264829A15C26ACA69099231
:209C40006D9700002D9F01002106FFFFFFF04199400E000101996D9F01007F000002C60008
:209C6000243E209E2E066B6C0000C6718E7701000E58C372C7712E7701009872200E1000BB
:209C8000E171C20D0E06E0FF822D0E06D0FFE2450E06C0FFB20580072A010B60C362C76103
:209CA00002926C970000400E00042C9F01001F328832469901996C9F01000B30C25A3106D1
:209CC000C86B0000CB89318F0100450E010021FE26EA00387100D5750B60C362C761099A6B
:209CE0006C9F0000400E00012C5701001F328832465101516C570100CCA70400063A0B30DC
:209D0000C25A3206E06B0000CB9132970100450E010021FE68EA7200C5550B68C36AC7695D
:209D20008D670300E061B22D0C7EFFFF4D7F0200AF00E079FA0D09826D870000400E0001D9
:209D40002D8F01001F328832468901896D8F0100A52D0B90EC974202245634BBD251AA5724
:209D600009006D570000400E00022D7F01001F328832467901796D7F0100D5150B80EC8700
:209D80004202249634BBD091B29709006D970000400E00022D9F01001F328832469901997E
:209DA0006D9F0100073A0B30C25A3106E06B0000CB89318F0100450E010021FE10EB710088
:209DC0001E028207E1308600C80024EE209E0668C36ADD692D6F0100986AE06908E006D024
:209DE00007D8B2050362A555BFFF78AB1A58C35ADD59CBCF0400D205BFFF44AB0362E54517
:209E0000CB0F0400BFFF38AB1A78EC7A245E34BBCF596BDF01006B0704001A606BE706009F
:209E2000C362DD612C8F0100638F010067E2CF0D239701001F3288324691400E001001915E
:209E40006C970100B50D239F01001F3288324699400E002001996C9F010006526C57000060
:209E60001A30BFFF40FB61528215C3D2DDD17A070000DA8F04003A7701001F3288324671B0
:209E80007A7701000162A50500600C504206FF30050286002B06706900000650C15206E8A2
:209EA0002606C26B0000CA31E6770100C272CB712E770100207E30004E7F0000E68F0100C9
:209EC000C28ACB89318F010051070100E69F0100C29ACB99339F010053070200E66F0100FD
:209EE000C26ACB692D6F01004D070300E67F0100C27ACB792F7F01004F070400E68F0100A9
:209F0000C28ACB89318F010051070500E69F0100C29ACB99339F010053070600E66F0100B4
:209F2000C26ACB692D6F01004D0707001D70C272247E149ECE794F070200E6370100BFFF39
:209F40004EB46152B215023A1D88C28A3306206C0000D199339F0100450E010021FEB4EC43
:209F60001D3073001D30BFFF9AF523028207E13006D8BFFF5EC1E051CA05006080072A05F7
:209F8000FB7F0D003A06776C0000CFD19AD701003B5F09000B8F0000D166F000A215200EBC
:209FA0001000E161E20D0C06E0FFBA0580078402206E3000ED61BA0580077E048007E8045C
:209FC00024E6149E1A58C25ADC59CBEF0300F21D2B9F0100C49A9C9A649ACA050060800723
:209FE000C804063A1A78C27A3106206C0000CF89318F0100450E010021FE50ED1A30710040
:20A000001A30BFFFFEF41A58C25ADC5924EEFCB91A60EC674002CB2F0300DD616C070400FB
:20A020003B6F09000D7F0000CF76F000BA0580072801200E1000E171B20580076A043B8F37
:20A040000500118F0800688AE205CBAF03000060800756040D970000D2960F00C8926C9744
:20A0600006003B9F0900B35701002C7F06000F516C570600EA006752EB05CBAF03000060A2
:20A08000800726041A90C2922F06506C0000D2792F7F0100450E010021FEF0ED1A306F001D
:20A0A0001A38EC3F4002450E0100DD39E73F07001A90C2922F062C6C0000D2792F7F010085
:20A0C00021FE18EE1A306F001A58EC5F4002DD596B570100E0518A0DC2D2DCD1DAAF030015
:20A0E00000608007C4033B3F0900450E0100423A06421A50C2523106086C0000CA89318FDB
:20A10000010021FE5AEE1A3071001A68EC6F4002065ADD696D5F04002D9F0900200EFFF095
:20A120004199939E00016D9F09001A60C262DC612C5701002106FFFFFFF04151400E0004A7
:20A1400001516C5701006C5F00001A30BFFF44FD0060800754038D8F01006C8F06003B9F9F
:20A160000500939F0900F19911301170EF05CBAF03000060800732036732E705CBAF0300C4
:20A180000060800724031A50C25231062C6C0000CA89318F0100450E010021FEF4EE1A30B1
:20A1A0000E3871001A60EC674002DD616C570100E0518A0DC2D2DCD1DAAF0300006080075B
:20A1C000E8023B3F0900450E0100413AEC4707001A90C2922F06086C0000D2792F7F010068
:20A1E00021FE38EF1A306F001A58C25ADC592B8F01002106FFFFFFF04189400E0004018928
:20A200006B8F01001A38EC3F4002DD39E73F07001A30C2D23106146C0000DA89318F010088
:20A22000450E010021FE7AEF7100006080077A0224E6149E1A90C292DC9132970100C49227
:20A240009C926192B20580075E0224EEFCB93B7705001A60EC6740028E770900DD61EC3743
:20A260000500EC6F0700068E0700ED89C65DA669EE690DD8C605006080072E021A682C97D1
:20A280000900C26AD4920B9F00009C92D39E0F00F391C215013A3106206C0000CD89318F5C
:20A2A0000100450E010021FEFEEF1A3071001A30BFFF50F200608007F0010B3E01009B007B
:20A2C0003006086C0000CD8130870100450E010021FE2AF01A301B4070001A58C25ADC5969
:20A2E0002B5701002106FFFFFFF04151400E000401516B5701006B0700001A38EC3F40029D
:20A30000DD39E73F07001A30C2D22A06146C0000DA512A570100450E010021FE70F06A0082
:20A32000800712016872B20580070A011A68C26A2C9F0900D49A0B7F00009C9ACF7E0F0054
:20A34000EF99C215013A2A06206C0000CD512A570100450E010021FEAEF01A306A001A30F8
:20A36000BFFFA0F10060800740010B3E010007423006086C0000CD8130870100450E0100CF
:20A3800021FED8F01A3070001A68EC6F4002DD692D97040047926D9704002D6709006367A7
:20A3A0000100D4629C626F62F90D0C7E010023870100CF7E0F00C87A200EFFF041810F814E
:20A3C0006D870900850D238F0100200EFFF041896D8F09001A60C262DC618C5F0300E0594D
:20A3E000B21D0B9EFFFF4C9F0200B300E099CA152C7F01002106FFFFFFF04179400E000423
:20A4000001796C7F010006826C8700001A30BFFF82FA0060954D09526C5700002C970100B3
:20A420002106FFFFFFF04191400E000101916C9701000060953D1A98C39A2466209ED36194
:20A440002C7F0100987A617AEA2D3B8F0500118F0800638AE1258B770100EE69820D0E06E5
:20A46000CFFFFA1D09526C570000B51DECD74002247E34BBDA79019A4F9F09004C07020037
:20A480004F070800AF7F09006C7F0000400E00022C8701001F328832468101816C870100F0
:20A4A0000060A50500600C504206FF300A0202EA1DE01C308600BFFF4AF05FE2E0E1AEFDF3
:20A4C0001DE01C308600BFFF50F15FE2E0E1AEFD28020002BFFFD8FF1E020F02045A20EEA3
:20A4E0000005460EFFFF2156001C6D5207D808E0B3058007A0014A000E00CD001C002900A2
:20A50000CD003600450053006100730086009800AA00BC00203E26011B30BFFF18600272CE
:20A520005B770200037A5C7F0000005880076601203E67031B30BFFFFC5F03625B67020054
:20A540005C670000005880074C01203E04041B30BFFFE25F03625B6702005C670000005818
:20A5600080073201203E34021B30BFFFC85F208610005B870200038A5C8F0000005880076C
:20A580001401203E41011B30BFFFAA5F209610005B970200039A5C9F00000058B57D203EBA
:20A5A00026041B30BFFF8E5F206E52005B6F020003725C7700000058D56D3D3F0900E73F42
:20A5C00001001B30BFFF6E5F3D970900129702005B970200039A5C9F00000058B55D206E98
:20A5E00010005B6F0000207611005B770100207E22005B7F020006825B8703005C5F000043
:20A600000058854D3D3F0900E73F05001B30BFFF245F3D6F09000D6F06005B6F020003725C
:20A620005C7700000058E5353D3F0900E73F09001B30BFFF005F3D97090012970A005B9737
:20A640000200039A5C9F00000058C5253D3F0900E73F0D001B30BFFFDC5E3D8709001087BF
:20A660000E005B870200038A5C8F00000058A5153D3F0900E73F11001B30BFFFB85E3D77CF
:20A6800009000E7712005B770200037A5C7F000000580B502D0220562500245E64820060A9
:20A6A0000B68CC694D0700004162EA61A6FD00507F000F028900015244576482247F399E56
:20A6C000447F658209E807D808E0BFFF66C52E0654C0FE03310650C0FE03280656C0FE0359
:20A6E000270658C0FE0326065CC0FE0344576682F1870100888244876782918F0100448F1D
:20A700006882330652C0FE03139F0000449F69822A0653C0FE030A57000044576A82EE87E2
:20A720000100888244876B828E8F0100448F6C82E8970100889244976D82289F0000449F69
:20A740006E82E77F0100887A447F6F82875701004457708231065AC0FE03118F0000448FBB
:20A760007182E6970100889244977282269F0000449F73820058EBE9F70D1B78CB79248631
:20A780006482CB81108700004F870000415ACB000B06DBFF96F55C5F000000502D02613271
:20A7A0008A0D2C0658C0FE032C6700004467748201527F000002BFFFA00FE051A20DBFFFA4
:20A7C000689C2467399E6162C205026A646F399E1E0200022457399E6152B20580072401E9
:20A7E000BFFF50C40A708E006A720A609215A45F8982CB7E0200CA0D8B8602004487898279
:20A8000044677F82048F7982418A448F79822B0600C0FE03EB970100210601800000E191D6
:20A82000F215A46F8982CD9E2000AA15EB6701008D562000445789820C708872447780827A
:20A8400044678182047F7A82417A447F7A822B0650C0FE038B8701001006DFFFF215A46FEE
:20A860008982CD8E0100AA15EB6701008D960100449789820C98889A449F828244678382F8
:20A8800004577B82415244577B822B0653C0FE030B770000E071B215A46F8982CD7E0400E9
:20A8A000EA0D8B6701008D8604004487898244678482048F7C82418A448F7C822C0656C09B
:20A8C000FE03EC6701000C06D9FFBA0580074C01A45F8982CB9E0800B20580073E018B56C9
:20A8E0000800445789820C7088724477858244678682047F7D82417A447F7D8280071C011C
:20A900002487399EE081B20580071001BFFF24C30A889100E0890A589215A4678982CC9653
:20A920000200CA0D8C9E0200449F8982445F7F82047779824172447779822B0600C0FE03AF
:20A940002B7F0000617AF215A46F8982CD862000AA15EB6701008D562000445789820C888B
:20A96000888A448F80824467818204977A82419244977A822B0650C0FE038B9F0100699A91
:20A98000F215A46F8982CD760100AA15EB6701008D7E0100447F89820C80888244878282FD
:20A9A0004467838204577B82415244577B822B0653C0FE030B8F0000E089B215A46F898237
:20A9C000CD960400EA0D8B6701008D9E0400449F89824467848204777C82417244777C8273
:20A9E0002C0656C0FE03EC6701000C06D9FFD215A45F8982CB8608008A158B56080044575F
:20AA000089820C88888A448F85824467868204977D82419244977D82E06705F1E09F05F1FF
:20AA200021063F840000E199D215A45F8982CB7610008A158B7E0100447F89820C8088825F
:20AA4000448787824467888204577E82415244577E821E02000224578D822467399EEC5199
:20AA6000920D246F399E646F8D824407898264079082E45F91820B0630F8E6056407908221
:20AA8000BFFF52FDD5050B760100647790821E020002BFFF1CB5BFFFBEFF1E020002245E90
:20AAA0003C9E00600B50CC514A07000041626262A6FD016A646F399EBFFF821FBFFFB20C99
:20AAC000BFFF96B2BFFF6C1F440789821E020002245E3C9E0B50C6514A07000000680060C8
:20AAE0000B78CD790F7F0000E079A2050162416A626AF6F5E061FA05024A00380040003006
:20AB0000BFFF04B11E020A0224EE3C9E0058006006E01D68CC690D6F0000E069A205015A8B
:20AB200041626262F6F5E059FA05024A003800400030BFFF30AFDCE9017A5D7F00002802B4
:20AB400024563C9E7F00045778824152445778827F00045776824152445776827F000457D3
:20AB600077824152445777827F00045775824152445775827F007F002457399E7F0001529D
:20AB80006457399E7F006407399E7F00C800E041D70D5F42C8000658C8590768C8690D6F12
:20ABA00000004B6F0000E041DFF57F00C800E041D70D5F42C8000658C8590768C8690D6F96
:20ABC00000004B6F0000E041DFF57F00C700E039970D5F3AC7000658C7594B070000E0397A
:20ABE0009FFD7F008700C800E041970D5F42C8000658C8594B3F0000E0419FFD7F007F00F9
:20AC00002A067C6E0000665701007F00140289002B0622990000EB3109E008D807D0FA5D3F
:20AC2000E0D1D25DE0D9B25DBFFF5A2F625200E80A58BE050058954D645ABE05025AD54533
:20AC4000665ABE05045A9545685ABE05065AD53D6A5ABE05085A953D6C5ABE050A5AD53590
:20AC60006E5ABE050C5A95356F5ABF050E5AD52D0B06EEFFCE05205E1000F5250B06ECFFAD
:20AC8000CE05205E120095250B06EAFFCE05205E1400B51D0B06E8FFCE05205E1600D5151D
:20ACA0000B06E6FFCE05205E1800F50D0B06E4FFCE05205E1A00950D200E1E00E159EE5F5F
:20ACC0000000C15A0B5E1C005A5F0000016A5B6F000061E299155BE70000E50DEB31F205AE
:20ACE00005EAE0D9920D5B070000E50504EAE0D9B2055B0700001D50320286072100BFFFF4
:20AD0000C22E0532013ABFFF1235035263570100205E8813635F0500450E01002166AAFB5C
:20AD2000636709004407429E016A446F419E4407409E23360000BFFF445A4407948246068D
:20AD40003F000002E0310060BA150332BFFFFA594407429E4407419E4407409E053200383F
:20AD6000BFFFB8340532BFFF4A340162950D6132FA050532BFFFD233BFFF82FF01620C5027
:20AD80001E028607210080FF104263520A588215645AE20D2066FF00446744BA053200381C
:20ADA000BFFF78344407419E4407429ED555BFFF202D445744BABFFF8040046F409E616A6C
:20ADC0000A58AA4D0B068AFDD70D05320038BFFF4A344407419E4407429E0172447794825A
:20ADE000852D047F9482617AFA050B068EFD9E2544079482E51D0487419E6182BA15845F6D
:20AE0000439E415A8B00445F429E0B06CFFF961505320038BFFF04344407419E4407429E64
:20AE2000850D0532013ABFFFF23301924497419E039A639F01002066881363670500450EFB
:20AE400001002156AAFB635709004407409E23360000BFFF285946063F0001524457409EFA
:20AE60007F002A0604CA0000EA31FA0DE039D20D2456A282006000580A68CB694D070000EB
:20AE8000415A655AA6FDD505EA31EA67000044620C507F00140289002B0604CA0000EB3134
:20AEA00009E008D807D0EA1DE0D1C21DE0D9A21DBFFF80BD8A004457A682005800E8EBE18F
:20AEC000E70D1A70CB712486A282CB81108700004E870000415ACB00655AA6F55B5F0000B8
:20AEE000E50DEB31F20505EAE0D9920D5B070000E50504EAE0D9B2055B0700001D50320259
:20AF000000020632BFFF42580732BFFF3C580832BFFF36580932BFFF30580A32BFFF2A5891
:20AF200044079B8244079C821E0200020732BFFF18580A32BFFF125844079C821E028C0737
:20AF400061003D0650C30000075263570D0063EF1100450E0100215EE400635F15002336D0
:20AF60000C00BFFF18580A626367010063EF0500450E0100216EDC00636F09002336000016
:20AF8000BFFFFA57017244779C824C067F00920761003D0650C3000006526357190063EFB8
:20AFA0001D00450E0100215EFC00635F210023361800BFFFC857086263670D0063EF1100D0
:20AFC000450E0100216EF400636F150023360C00BFFFAA5709726377010063EF0500450E8F
:20AFE0000100217EEC00637F090023360000BFFF8C57018244879B8252067F009E07610098
:20B00000BFFF78FB6152B2058007AA01046F9B82E069BA05BFFF7AFF80FF7E3F845F9D8256
:20B02000E0590A608A0D6362B2056462CA05BFFF10FF950DE059F2056362D2056462B2050D
:20B04000BFFFEAFE04779D826172FA1D80FF4A3F6352DA0501320038BFFFF27780FFF00C1D
:20B0600044079D82067A637F3100300650C3000063873500450E0100218EFC00638F390041
:20B0800023363000BFFFF65604979E8261928A2580FF063F6352DA0502320038BFFFAE7719
:20B0A000003080FFBA3E44079E82079A639F25002D0650C30000636F2900450E010021768A
:20B0C000E40063772D0023362400BFFFB056047F9F82617AFA1D80FFC03E6352DA05033268
:20B0E0000038BFFF687780FF763244079F82088263871900310650C30000638F1D00450EAF
:20B1000001002196F4006397210023361800BFFF6C56049FA082619ACA2580FF7C3E6352DA
:20B12000DA0504320038BFFF247780FFF24780FF0635013280FF3C3E4407A082096A636F19
:20B140000D002E0650C3000063771100450E0100217EEC00637F150023360C00BFFF1E5643
:20B160000487A1826182EA35BFFFE84C0AE880FF283E6352AA0D61EA8A0D05320038BFFFDB
:20B18000CC76013280FF6A474407A1820A8A638F0100320650C3000063970500450E010077
:20B1A000219EDC00639F090023360000BFFFCE559515046F9B82616ADA0DBFFF46FD440777
:20B1C0009D8244079E8244079F824407A0824407A1825E067F008607E1306337050007D0A7
:20B1E00080FFFC03E0510A70D3552B064082000000680D60C462CB61EC870100E38F0500F9
:20B20000F089CA450C970800E09100E00CD893253BEF0D001C50EC52CAE93D370100233EA4
:20B220000000084A1A40BFFF44623D5F0500E059A20DFD370900450E0100233F010021FE62
:20B2400094FF6B0041E29C009B970900F2E196E53B6705002C570100E051C21D2C5F0100E1
:20B2600000E8FB370100450E010021FEC2FF1A386B0041EA9D003B5F05001D80C282D05951
:20B280002B5F0100E059EAEDD505416A8D00EE6991B54606FF300F0204579982E05106D853
:20B2A0000758BA0500E0D53DE0599235E0D9F22D24EE449E08E2843F9B82EC3ADD39423A30
:20B2C0001C400B3080FF505EE051F21D846F9B82EC6ADD692D7700007B770000BFFFF695DF
:20B2E000047F99825F7A8F00447F9982BFFFAC95845F9B82415A8B00445F9A820B06E0FF96
:20B30000861544079A82D50D1FE2B50DA45FA3821FE20B0601FFDE050B8E0100448FA382D7
:20B320001C502D028607E11080FF6E3C2A6EFFFF636AAB0D4D00080004000400040001321C
:20B34000BFFFC6F7C5050132BFFF86F723E60A0023EE020000D81C301D38BFFF3CFFE05171
:20B36000B70DE3370B001D38BFFF6EFE41DA9B001B06E0FF97F5BFFF86FC4606FF1044073D
:20B3800098824407998244079A827F0001524457A1827F00015244579E827F00015244573C
:20B3A000A0827F00015244579F827F00015244579D827F0086072100C6000606A0FCBA25D7
:20B3C000E039922504579C826152EA150A32BFFF78530A5A635F01002C0650C30000636777
:20B3E0000500450E0100216EDC00636F090023360000BFFF88530532013ABFFF5074003098
:20B4000080FFEE4446063F0086072100C6000606F7FB8A25E039E21D04579B826152EA158D
:20B420000932BFFF2453095A635F01002C0650C3000063670500450E0100216EEC00636FC1
:20B44000090023360000BFFF34530432013ABFFFFC7346063F0086072100C6000606ADFCF3
:20B460008A25E039E21D04579B826152EA150832BFFFD652085A635F01002C0650C3000051
:20B4800063670500450E0100216EF400636F090023360000BFFFE6520332013ABFFFAE738D
:20B4A00046063F0086072100C6000606D0FC8A25E039E21D04579C826152EA150732BFFFCC
:20B4C0008852075A635F01002C0650C3000063670500450E0100216EE400636F090023365F
:20B4E0000000BFFF98520232013ABFFF607346063F0086072100C60006060EFD8A25E039C6
:20B50000E21D04579B826152EA150632BFFF3A52065A635F01002C0650C300006367050049
:20B52000450E0100216EFC00636F090023360000BFFF4A5201320638BFFF127346063F005F
:20B540001402C60020E62000A4579982FC5106D0D60D845FA3821FDA0B0601FF9E3D0B666F
:20B5600001008C004467A282B53524EE449E846F9982EC6ADD690D360200084280FF985BE6
:20B58000E05100D8C22584779982EC72DD716ED70000047F9982417A8F00447F99828487E3
:20B5A000A582A48F9982F181DE05049799824497A482049F9882419A9300449F98828467F7
:20B5C0009982FC61D60544079882A5051FDA1B5032020002C600BFFF6AFF1E0220561C00D0
:20B5E0007F006132BA054407458301527F000457FA8344578B84045F7E83445F8C847F007D
:20B600000002045744836152FA05A4370984BFFF72BD440744831E020A028600E636180007
:20B6200024769084C6712EEF09000E6F0000446FD6A10E7701004477D7A12436D8A13D3F50
:20B6400005009D47090080FFCE5AE05100E08215243658BB9D3F0900450E0100423AC700C0
:20B660002446D6A1214EF605BFFF06820AE01C5028021402860024D6C69FE636180024DE88
:20B680009084C6D924EEC49F2046120200381D3080FFF05CFB6F0500200E1202426AE16911
:20B6A00000E0B70D845F81840B0601FFDE350B7601004477808485359B7F0300E07900E089
:20B6C000D3153B3F09001C88C48AD139FB4F050027370100273F05001A40BFFFC25C41E291
:20B6E0009C009B6F0300FC69DBED1B7700004477C49F1B7F0100447FC59F243658BBFB3F5B
:20B7000005001D40423AC700450E0100214EF605BFFF5E810AE01C50320205020457428378
:20B7200061528A5D047740836172CA5524EE9084A46F4183ED6E1800DD690D870C00618206
:20B74000EA3D2D5F1100E0590060BA0D2D8F1500E089FA05A4374183BFFF1AFF0A60E515B2
:20B76000625ABA0D2D971500E091FA05A4374183BFFFA8FE0A60A50D845F81840B0601FFE5
:20B78000DE050B9E0100449F80846162FA0DA4774183EE761800DD714E070C00047F41831A
:20B7A000447F438344074283A50DA45F7D840B0601FFDE050B86010044877D84A45F418321
:20B7C000415A8B00445F41830B06ECFFB6054407418323022456908400700E68ED6E18000A
:20B7E000CA692D871500E081BA0D2D5F1100E0590D60B205625ACA05018A4C8F0C0041727B
:20B800000E06ECFFB6ED7F000002845F5584625AEA0D01524457418344574283BFFFB8FF0F
:20B8200001624467408344075484F505615ADA054407408344075484046F4083446F83845F
:20B8400004774283447784841E02000204574583E0519A0D013244374583BFFF36BA013271
:20B86000BFFFBEBCBFFFA4FFBFFFB2FE80FF8813BFFF90FDBFFF7AFD1E0200020252445716
:20B880005CBB24675DBB200EFFF0416164675DBB243658BB450E0100213EF206BFFFA87B53
:20B8A00080FF50141E028600015244574283E031CA15A45F438324669084EB5E1800CB6168
:20B8C0004C570C0084777F840E0601FFEE05047F7E84417A447F7E847F00050286005F3212
:20B8E000643207E80650CB554A00050021005B005B003D00016A646F49830D30BFFFBCB970
:20B90000017244770E840030BFFFD8B944070D84200EFF00E1E9E305207EFF00447F4C83FE
:20B9200085459D001D8044874C83B53D028A648F49830132BFFFACB9019244970D840030A7
:20B94000BFFF78B944070E84200EFF00E1E9E305209EFF00449F4C83C5259D001D5044573E
:20B960004C83F51D6CEAD30D845F8384440709840B0601FF9E0D0B66010044678284C50545
:20B980009D0044EF0984017244774483A50D845F83840B0601FFDE050B7E0100447F828472
:20B9A00023028207E130C600E03907D0BA058007B4019A6F0100BA3F01000676FEFFCE00CC
:20B9C0002436908400580B60EC661800C6618C8F0100ED89B20580077C01EC5F0500EE59C1
:20B9E0000CD8B20580075A01BB970100E791B20580074E013B5F1100E059E215635ABA051B
:20BA000080072601645ABA0580072801A45F81840B0601FFB60580075E010B8E0100448F24
:20BA20008184800752019B9F0300E099BB058007460100E03BEF09001C78C47ACFE9FB4FFC
:20BA400005001A4602003D370100233E0000BFFF1C5A9D5F0900615ADA1D236701003D6F87
:20BA600005000C888D9701009100F289E2554D6700003D5F0D002B5F0100E059E24D3D3701
:20BA80000500450E01008637010021FEE0076B00C545625ADA1D236701003D6F05000C8099
:20BAA000ED8F0100D000F181823D6D6700003D5F0D002B5F0100E05982353D370500450E44
:20BAC0000100E637010021FE1C086B00E525645ABA1D236701003D6F05002D570100EA61EE
:20BAE000C21D6D6701003D5F0D002B5F0100E059C2153D370500450E01002637010021FE04
:20BB000054086B00A50DA45F81840B0601FFDE050B9E0100449F818441E29C009B5703006A
:20BB2000FC519B8D852D1A87020044875484B5259A3703009A3F0700BFFFA2FDC51DA45FC8
:20BB400081840B0601FFFE150B96010044978184A515415A8B000B06ECFFBE05BF076AFE6D
:20BB6000A50DA45F81840B0601FFDE050B7E0100447F81844206FF30000284672FBBCC5655
:20BB800001000668920DCC76FE0044772EBB8D000D30BFFFE4B81E02000284672FBBCC5676
:20BBA00002000668920DCC76FD0044772EBB8D000D30BFFF9CB81E02000284672FBBCC569E
:20BBC00004000668920DCC76FB0044772EBB8D000D30BFFF54B81E02000284672FBBCC56C6
:20BBE00008000668920DCC76F70044772EBB8D000D30BFFF0CB81E02000284672FBBCC56EE
:20BC000010000668920DCC76EF0044772EBB8D000D30BFFFC4B71E02000284672FBBCC5616
:20BC200020000668920DCC76DF0044772EBB8D000D30BFFF7CB71E028700E0310058B22570
:20BC4000643A07608B254C0005000500110011001100205664000658EA5F82028B00C75AF5
:20BC6000EA37823286000659E50D2056E8030658EA5F82028B00C75AEA3782320A0A413086
:20BC8000860006590B507F000002843F4D84BFFFAAFFE0510A58BA05205EFF3F0B30BFFFE1
:20BCA000AEBE1E020002245749836252DA250030BFFF08B644070E84045F0D84615AEA15C5
:20BCC0000030BFFF1EB644070D8404674C83E061B315046F4C835F6A446F4C8304774C83AC
:20BCE000E071AA0D64074983F5050132BFFFF4B5017A447F0D841E02000224574983615286
:20BD0000DA250030BFFFDCB544070D84045F0E84615AEA150030BFFFA2B544070E8404678D
:20BD20004C83E061B315046F4C835F6A446F4C8304774C83E071AA0D64074983F5050132E8
:20BD4000BFFF78B5017A447F0E841E020002025A44076C8344076D8344076E83445F6F8364
:20BD600044077083440771834407728344077383440774834407758301524457768344070E
:20BD80007783440778834407798344077A8344077B836407758444077C8344077D83440747
:20BDA0007E8344077F83440780834407818344078283440783834407848344078583440707
:20BDC000868344078783440788834407898344578A8344078B8344078C8344078D83440757
:20BDE0008E8344078F83440790836407798444079183640792834407948344079583440720
:20BE0000968344079783440798834407998344079A8344079B8344079C8344079D834407E6
:20BE20009E8344079F834407A0834407A1834407A2834407A3834407A4834407A583440786
:20BE4000A6834407A7834407A8834407A9834407AA834407AB834407AC834407AD83440726
:20BE6000AE834407AF834407B0834407B1834407B2834407B3834407B4834407B5834407C6
:20BE8000B6834407B7834407B8834407B9834407BA834407BB834407BC834407BD83440766
:20BEA000BE834407BF834407C0834407C1834407C2834407C3834407C4834407C583440706
:20BEC000C6834407C7834407C8834407C9834407CA834407CB834407CC834407CD83206E63
:20BEE000FF00446FCE834407CF834407D0834407D1834407D2834407D3834407D483440737
:20BF0000D5834407D6834407D7834407D883445FD9834407DA834407DB836407DD83640754
:20BF2000E1836407E5836407E9836407ED836407F1836407F5834407F8834407F9830C724B
:20BF40004477FA83440750834407518344075283440753836407548364075683640758835F
:20BF600064075A8364075C8364075E8364076083243669840842003880FF085424366184B2
:20BF80000842003880FFFC53BFFF4CF81E020502860001EA44370B84BFFF98B31D50230212
:20BFA000A4570B847F00E031860D6D32EF05015286004437FA83A50500507F008457FB839E
:20BFC0007F000A02C600200EFC06E13107E0EA15E0E1C21524EE698408421C381D3080FFE7
:20BFE000D653E051B20D08421C381D3080FF2851E051C205016244674C8628020A02C60071
:20C00000200E0903E13107E0EA15E0E1C21524EE618408421C381D3080FF9C53E051B20D16
:20C0200008421C381D3080FFEE50E051C205016244675C852802C60006588B00CB5E7F00F0
:20C040000B069DFFC70DA4577F84205E63000A0601FFDE050A6E0100446F7F84873286001F
:20C06000C6367F00E636E803EA5ACB3106507F00C6002056630006588B00CB5E7F00EA59B6
:20C08000C70DA4677F84200EFF00E1610A58DE0541628C0044677F8487328600C6367F0073
:20C0A000EA310660C70DA4577F84206663000A0601FFDE050A8E0100448F7F84EC6664002C
:20C0C000CB610C507F000002845FFB83635AE22D645AC22D655AD205665AB205675AAA4DB8
:20C0E000E4375783BFFF52FF6457DD83E4375983BFFF46FF6457E183E4375B83BFFF3AFF18
:20C100006457E583E4375D83BFFF2EFF6457E983E4375F83BFFF22FF6457ED83E4376183E9
:20C12000BFFF16FF6457F183D525E4375783BFFF42FF6457DD83E4375983BFFF36FF64574F
:20C14000E183E4375B83BFFF2AFF6457E583E4375D83BFFF1EFF6457E983E4375F83BFFFC0
:20C1600012FF6457ED83E4376183BFFF06FF6457F18301624467B484446741834407898386
:20C180004407C9834407CA834407CB834407CC834407CE83446774854407CF834407D083C2
:20C1A0004407D1834407D2834407D3834407D4834407D5834407D68344675C851E02000208
:20C1C000C600E039B23D045750836152FA35200EEC02E1310658B20D0B0611FDC20D0B0637
:20C1E0000EFDCA0D016244675183850D016A446F5283C505017244775383047F5183617AF6
:20C20000DA1D0487528361829A1D048F5383618ADA15440750834407518344075283440742
:20C220005383BFFFA4FE845F7D840B0601FFEE050B960100920044977C841E02C600200EBD
:20C240007400E1310050CA0D07588467F9838B00EC59B2158700443FF8830152E50D0606FE
:20C260008BFFBA0D0770A47FF9838E00EF71D2058700443FF983015261528A0D048F508309
:20C28000E089CA050192449750837F00C600063693FF6532005006589B4D4B000600110083
:20C2A0001C00270032003D000768E4775783CD00EE69C23DC700643F56830152F5350780BE
:20C2C000E48F5983D000F1819235C700643F58830152C52D0798E45F5B83D300EB99E2255E
:20C2E000C700643F5A83015295250768E4775D83CD00EE69B21DC700643F5C830152E515B7
:20C300000780E48F5F83D000F1818215C700643F5E830152B50D0798E45F6183D300EB99EB
:20C32000D205C700643F6083015261528A0D046F5083E069CA050172447750837F0000025C
:20C34000C600060642FFDF350750E4675583CA00EC51F22D845FFB83635AC21D645AA21D9C
:20C36000655A820D665AE205675AC205640754838525C700643F54830730BFFFBCFC6457AB
:20C38000F58304775083E071CA15017A447F34868515C700643F54830730BFFFD6FC645752
:20C3A000F583048F5083E089CA050192449734861E02C600060642FF9F2D0750845FFB8388
:20C3C0008A00EB51B22507608C004467FA838700633AD2150477FA8364729215047FFA8325
:20C3E000657AD20D0487FA836682920D048FFA83678AD205019244973486850D049F5083E8
:20C40000E099CA050152445750837F00C600C3322E062C870000C6710E500E770400617201
:20C420000058DA0D2A67010007788C8701008F00F07982254C3F0000015AC51D8A6705003B
:20C440006262DA0D2A6701000788EC970100D100F28982156C3F0000015AC50D6462AA0D54
:20C460002A6701002C9F0100F339C2056C3F0100015A615ABA0DAA6F0500017AED6E1800D6
:20C4800024769084CD714E7F0C007F00000204574784E051E205440747840030BFFFB8B7A5
:20C4A0001E02000204574984E051E205440749840030BFFFF2B71E02000204574A84E051EF
:20C4C000E20544074A840030BFFF34B61E02000204574284E051E205440742840030BFFF2A
:20C4E000AEB61E02000204574384E051E205440743840030BFFFC0B61E02000204574484C1
:20C50000E051E205440744840030BFFFD2B61E02000204574584E051E205440745840030D8
:20C52000BFFFE4B61E02000204574684E051E205440746840030BFFFF6B61E020002045718
:20C540003A84E051E20544073A840030BFFF80B71E02000204573B84E051E20544073B8479
:20C560000030BFFF92B71E02000204573C84E051E20544073C840030BFFFA4B71E020002B9
:20C5800004573D84E051E20544073D840030BFFFB6B71E02000204573E84E051E20544075E
:20C5A0003E840030BFFFC8B71E02000204573F84E051E20544073F840030BFFFDAB71E0247
:20C5C000000204574084E051E205440740840030BFFFECB71E02000204574184E051E20528
:20C5E000440741840030BFFFFEB71E02000204573284E051E205440732840030BFFF10B886
:20C600001E02000204573384E051E205440733840030BFFF22B81E02000204573484E0519E
:20C62000E205440734840030BFFF34B81E02000204573584E051E205440735840030BFFFF6
:20C6400046B81E02000204573684E051E205440736840030BFFF58B81E0200020457378452
:20C66000E051E205440737840030BFFF6AB81E02000204573884E051E20544073884003004
:20C68000BFFF7CB81E02000204573984E051E205440739840030BFFF8EB81E02000204579D
:20C6A0002A84E051E20544072A840030BFFFA0B81E02000204572B84E051E20544072B8437
:20C6C0000030BFFFB2B81E02000204572C84E051E20544072C840030BFFFC4B81E02000236
:20C6E00004572D84E051E20544072D840030BFFFD6B81E02000204572E84E051E20544070C
:20C700002E840030BFFFE8B81E02000204572F84E051E20544072F840030BFFFFAB81E02D3
:20C72000000204573084E051E205440730840030BFFF0CB91E02000204573184E051E205D4
:20C74000440731840030BFFF1EB91E02000204572284E051E205440722840030BFFF30B911
:20C760001E02000204572384E051E205440723840030BFFF42B91E02000204572484E0514C
:20C78000E205440724840030BFFF54B91E02000204572584E051E205440725840030BFFFA4
:20C7A00066B91E02000204572684E051E205440726840030BFFF78B91E02000204572784DF
:20C7C000E051E205440727840030BFFF8AB91E02000204572884E051E205440728840030B2
:20C7E000BFFF9CB91E02000204572984E051E205440729840030BFFFAEB91E02000204571A
:20C800001684E051E205440716840030BFFF4CA91E02000204571584E051E205440715848C
:20C820000030BFFF5EA91E02000204571384E051E205440713840030BFFFA0A91E0200029C
:20C8400004571184E051E205440711840030BFFFEAA91E02000204571A84E051E2054407F1
:20C860001A840030BFFF84BB1E020002845F0384615AD205200E1000E159BA0D04570384AE
:20C88000E051F205440703840030BFFFECABD50D635ABA0DC4F75BBA820D04670384E06121
:20C8A000CA050030BFFFD2AB1E020002845F0384615AD205200E1000E159BA0D04570484FE
:20C8C000E051F205440704840030BFFF84ABD50D635ABA0DC4FF5BBA820D04670484E0613F
:20C8E000CA050030BFFF6AAB1E020002845F0384615AD205200E1000E159BA0D0457058425
:20C90000E051F205440705840030BFFF1CABD50D635ABA0DC4C75CBA820D04670584E0619B
:20C92000CA050030BFFF02AB1E020002845F0384615AD205200E1000E159BA0D045706844B
:20C94000E051F205440706840030BFFFB4AAD50D635ABA0DC4CF5CBA820D04670684E061BA
:20C96000CA050030BFFF9AAA1E020002845F0384615AD205200E1000E159BA0D0457078473
:20C98000E051F205440707840030BFFF4CAAD50D635ABA0DC4D75CBA820D04670784E061D8
:20C9A000CA050030BFFF32AA1E020002845F0384615AD205200E1000E159BA0D045708849A
:20C9C000E051F205440708840030BFFFE4A9D50D635ABA0DC4DF5CBA820D04670884E061F7
:20C9E000CA050030BFFFCAA91E02000204571484E051E205440714840030BFFFAEA71E0294
:20CA0000000204571784E051E205440717840030BFFF18A71E02000204571B84E051E2053F
:20CA200044071B840030BFFFBAB71E02000204570984E051E205440709840030BFFF44A9D8
:20CA40001E027F0086006132CA0564076583C5050252645765837F0014028600C8000457FD
:20CA60006983665208D806D00760C10D845F8B841FE20B0601FF9E550B6E0100446F8A84F5
:20CA8000C54D200E1202E1D900E0C70DA45F878420DE12020B0601FFDE050B760100447783
:20CAA0008784847F6983EF7E180224EEFCA5DD790F3604001B400C3880FF5C46E051C22DC3
:20CAC00084876983F0861802DD8170DF0200848F6983F18E1802DD8951D700000497698373
:20CAE0004192920044976983A49F8584A46F6983ED99DE050477698344778584047F6883BD
:20CB0000417A8F00447F6883045768836652D10544076883A5051FE21C5032020F02C800EF
:20CB200004576983E05106D80760BA0500E09565845F6B8324EEFCA5EB5E18021D68CB69FF
:20CB4000ED770300E871F70D1D78CB796F470200A4878784100601FFEE05048F8784418AD8
:20CB6000448F8784E061EA0DE0D9CA0DA45F87841FE20B0601FFDE3D0B960100449787844C
:20CB8000853D845F6B831D50EB5E18021D38CB39443ACB51EA6F03000D400C3080FF78451E
:20CBA000E051E22584776B83EE761802DD710E7F00005B7F000084876B83F0861802DD813A
:20CBC000F0E70300BFFF0E7D048F69835F8A9100448F6983BFFFC47C845F6B83415A8B0085
:20CBE000445F6A83665AD60544076A83A5051FE21C502D028207610001EA24576583E05123
:20CC0000CA550477408361728A5523360300243EEAA320461002BFFF06FF0A68CD00646F6D
:20CC2000FAA5CA00E051B765A36703006162F2256262E22DA45F8784200EFF00E15900E827
:20CC4000DE050B56010044578784646FFAA561EAEA4D426ACD00243658BB2446E8A3450EC7
:20CC60000100214E9417646FFAA50D38BFFF026C6152FA15018264876583953D048FF084C5
:20CC8000448FE8A30497F1844497E9A3F5DD049F3885449FE8A3047739854477E9A3E5D5E5
:20CCA000028A648F6583B525249765836292FA1D049F4083619ABA1D845F87840B0601FF4E
:20CCC000DE050B76010044778684243658BBE43FFBA52446E8A3450E0100214E9417BFFFD9
:20CCE000906B6152CA051D78647F658342067F00440768834407698344076A837F002A063C
:20CD000001CA0000EA319A15E039F20D2056130024667C84005800680C70CD714E07000084
:20CD2000416AEA69A6FDD505EA31EA5F0000445A0B507F0089002A0601CA0000EA31AA1D36
:20CD4000E039821DE041E21500580050EA49F70D0760CA6124767C84CA710E7700004C7775
:20CD600000004152CA000A06EDFF96F548570000E50DEA31F205055AE041920D48070000BE
:20CD8000E505045AE041B205480700000B507F004407AAB200507F0088002A063481000067
:20CDA000EA31FA15E039D21561429A158757010061520058D2050A60AC007F628A0DAA00FE
:20CDC0004457ABB201724477AAB2F505045AD505EA31EA5F0000445A0B507F0089002A060A
:20CDE00034810000EA31AA15E0398215E041E20D0467ACB247670000016A486F0000614AA0
:20CE000000589915484F0000E50DEA31F205055AE041920D48070000E505045AE041B205E3
:20CE2000480700000B507F00210673C90000E1310068D205E031B205056A95152456ADB25B
:20CE4000245EB5B200600B70CC714E0700000A78CC794F07000041626862E6F50D507F003B
:20CE60008800210673C90000E131AA2DE039822DC87E0100BA25200E1000E141FF1D8142B1
:20CE8000E04100600868B7252436ADB22476B5B200500778CA790E800F8F0000CA81508FA3
:20CEA00000000690CA91CD790F7F0000527F000041528A00ED51E6EDA50D0462850D2106DD
:20CEC00034810000E131EA67000044620C507F008207E11006D8BFFF389A615200E000E856
:20CEE0000A58E205685AC20507E280075801E0D9BE0580070A012C061CC10000ECD9B705F9
:20CF00008007FC002B0601800000EBD9C25DEBD9FF1D205E0071EBD99245EBD9EF0D205E51
:20CF20002819EBD9D22DEBD9CF05E0D99225F5651B06ADCEC22DB5652B0600800000EBD971
:20CF4000B23DEBD9CF5D1B06DC8EF22D855D2B062D990000EBD9D245EBD9FF052106048021
:20CF60000000E1D9F235B54DECD9A245854D2F0654A00000637F010020EE23009545300603
:20CF80003C9F00006387010001EAA53D3106449F0000638F010001EAB53532064C9F0000F9
:20CFA0006397010001EAC52D3306549F0000639F010001EAD5252A065C9F0000635701009F
:20CFC00001EAE51D2F06649F0000637F01000DEAF5153006CC9F00006387010002EA851536
:20CFE0003106DC9F0000638F01000DEA950D320644A000006397010002EAA50505E265E218
:20D000009225E0E9F31D234701002436ADB2083A00580B78C37AC8792F7F010001820F5030
:20D0200047500670CA71C352AA79EF87C0000E8F0000308051814E870000415A8B00FD59CA
:20D0400091ED1C504206FF108207E1F0880007C806C008E0BFFFBA98615200D800D000E8DD
:20D060000A58E205685AC20507D28007EE01205E2819EBC1F61D2D061CC10000EDC1AF1D87
:20D080002C0601800000ECC1BA0580073401ECC1AF5520662471ECC1BA058007F600ECC153
:20D0A000CF4520665331ECC1E25DECC1AF3DEBC1A25505D265D2BA058007A001FDE1B205A0
:20D0C00080079601E0D9BB058007900123E70100084A24EEB5B200580B60C362DC612C87F3
:20D0E0000100013A107849781D70CF718E370100C37AAF81F03FC0008C9F0500D999939FE8
:20D100000100AC570500EA9FA000D39E0100619AB20580070C0107314E37000080070A01D6
:20D120001806008FB22DE5C5210600800000E1C1B23D85C52B062D990000EBC1925DEBC1F9
:20D14000FF05210604800000E1C1E245B5B5EDC1B25D85B52F063C9F0000637F010001DA28
:20D1600002EA95AD3006449F00006387010001DA400E0100A1EF319FE59D31064C9F00004F
:20D18000638F010001DA400E010081EF339FB5953206549F00006397010001DA400E010096
:20D1A000A1EF339F858D33065C9F0000639F010001DA400E010081EF359FBF07FAFE2A0668
:20D1C000649F0000635701000DDA400E0100A1EF359FBF07E2FE2F06CC9F0000637F0100CE
:20D1E00002DA400E010081EF379FBF07CAFE3006DC9F0000638701000DDA400E0100A1EFCE
:20D20000379FBF07B2FE310644A00000638F010002DA400E010081EF399FBF079AFE27803C
:20D2200046814E8700002436ADB22C570100019A0A904990D231C392B251067F0000EA9F9E
:20D24000C0000F99469F0000415A8B00FB59B905BF0788FEA50504D21A504206FFF0820753
:20D26000E1708900E0390068BA0580071002E041BA058007080220562819EA310060005800
:20D2800096252E0601C90000EE31CF1D3D0604800000FD31BA0580078201FD31FF652076E4
:20D2A0002471EE31BA0580072A01EE31AF5520765331EE31BA058007EC00EE31EF45EA314D
:20D2C000926D056A656ABA058007BC01E959A3050958E0590050A30D0778CA794F07000072
:20D2E00041528A00EB5191FD0050E061A32D23CF010008E224EEC5B20A70C372D9712E87D2
:20D30000010010305C300678C37AAF81018AF08FC0001D98C699939F01005389EA970000E7
:20D320008EDF0500AE870500C7D91B9F0000F097C00013915B97000041528A00EC51D1DD02
:20D34000485F0000800740010606008FE235A5BD2A0601800000EA31C255EA31BFB52106B1
:20D3600000800000E1319245D5AD2A061CC10000EA31BA058007D400EA31FF0521062D9974
:20D380000000E131E255E59DEE31BA058007D400959D2F063C9F0000637F01000162025AA5
:20D3A000A5953006449F0000638701000162400E0100A15F319FF58531064C9F0000638F1F
:20D3C00001000162400E0100815F339FBF07F8FE3206549F0000639701000162400E010054
:20D3E000A15F339FBF07E0FE33065C9F0000639F01000162400E0100815F359FBF07C8FE8E
:20D400002F06649F0000637F01000D62400E0100A15F359FBF07B0FE3006CC9F0000638760
:20D4200001000262400E0100815F379FBF0798FE3106DC9F0000638F01000D62400E0100C3
:20D44000A15F379FBF0780FE320644A00000639701000262400E0100815F399FBF0768FE04
:20D46000330654A00000639F010020662300400E0100A15F399FBF074EFE046AE041B20554
:20D48000480700000D504206FF708207610088002B0602CA0000EB310760AA15E0618215A0
:20D4A0006142EA0D013263370100003806400C48BFFF1E1EE05100E8FA0501EAD505EB313F
:20D4C000EAEF000044EA1D5042067F000A0289002B0602CA0000EB31096008E00768BA15D4
:20D4E000E0699215E0E1F20D013200380D480C40BFFF7A1EE05100E8AA0501EA01725C7721
:20D500000000E50DEB31F20505EAE0E1920D5C070000E50504EAE0E1B2055C0700001D5034
:20D52000280286072100E0310060DA0D0532BFFF18320432BFFF123244077186BFFF680AD2
:20D540000162C51D6132AA1D44077086BFFF70160552635701002D06804F1200636F0500AA
:20D56000450E01002176B229637709004407A8B223360000BFFF063201620C5046063F00C4
:20D580000002BFFF4E0AE051E205016244677186BFFF966E1E028A07E13000681F4208E819
:20D5A0002436C5B2083A2E066CA1000000D000D800E00D58C25ACE592B5F01000B6047604A
:20D5C0000C78C37A0B80AF81018AF08FC0000698CC99939F01005389BA0580071601615ADB
:20D5E0000162B20D655A920D625AF205635AD2050B06EBFFA20500606162BA059AD601006F
:20D60000665A01628225675AE21D685AC21D695AA21D0B06EFFFF215200E1000E159B21518
:20D620000B06ECFF82156C5AE20D6B5AC20D6E5AA20D6D5A820D0B06EDFFD2050B06EEFF6F
:20D64000A20500606162BA059BDE0100645A016292350B06E6FFE22D0B06EAFFB22D0B06F0
:20D66000E9FF822D0B06E8FFD2250B06E7FFA2250B06E5FFF21D0B06E4FFC21DE059A21D97
:20D680000B06E2FFF2150B06E3FFC2150B06D5FF92150B06D6FFE20D0B06D7FFB20D0B06AF
:20D6A000DCFF820D0B06DBFFD2050B06DAFFA20500606162BA059CE60100615A0162C20D5B
:20D6C000655AA20D625A820D635AE205645AC205E059A20500606162CA0D04577386655283
:20D6E0008E0D41EABD0023860200DD81505F0000416A0D06DDFFBE05BF07BAFE61D2F21DD2
:20D7000061DAD21D61E2B21D444773860532BFFF38300592639709003306804F1200639F36
:20D720000D00450E0100218EB229638F11004407A8B223360800BFFF4430A54D0457A8B21C
:20D740006152EA4561D2DA0509320038BFFFFE5061DADA050A320038BFFFF25061E2DA05A6
:20D760000B320038BFFFE650E0E90060A61D045F7386655AAE150B7E0100447F7386249676
:20D7800090B204877386238E0200C282D091CC89918F0100728F010041628C00FD6187EDF2
:20D7A0000532BFFFA42F057A637F09003006804F120063870D00450E0100219EB229639F39
:20D7C00011004407A8B223360800BFFFB02FE0D1DA050932013ABFFF7450E0E1DA050B3230
:20D7E000013ABFFF6850E0D9DA050A32013ABFFF5C504A06FF30046F7386E0690060B615A0
:20D80000245690B200580B78C27ACA792F7F0100E679BA050162F505415AAB00048F7386F6
:20D82000F159A7F50C507F009A07E13024E6C5B2084200381C3080FF4A3B047F7186E0794F
:20D8400000D0E21D04877086E081EA1DBFFF980744578CB2018A448F7086049263970100F5
:20D86000209E8813639F0500450E0100217EBA29637F090023360000BFFF022FD505BFFFA7
:20D88000840744578CB23D06709C000000D81B60C362DD618C8F050004978CB25191F2252D
:20D8A0002C5F01000B06CBFFAE250B30BFFF4AFFE0518A0D80FFE2166152CA05019A449FAD
:20D8C00071861B88C38ADD89318F010001921180080A41801C50D051C382B0890A580A5775
:20D8E0000000F197C0000A914B97000041DA9B0066DAE6CD23EE0C001D30BFFF1813047FE4
:20D90000A9B2617A0058CA2D2606989D00000B68C36AC6698D970500E592AD570500DD913B
:20D92000CA9112970000E091E2152D6701000C06CBFF9E150C98080A41981C50D351C39ADB
:20D94000B36101820A380A570000EC87C0000A8147870000415A0B06E3FFA6DDB52D2606E2
:20D96000A09C00000B68C36AC6698D7F0500E57AAD9F0500DD79D3790F7F0000E079E2155B
:20D980002D6701000C06CBFF9E150C50080A41501C98CA99C352AA61018A1338139F0000A5
:20D9A000EC8FC0001389478F0000415A0B06E1FFA6DD2606489C000000580B60C362C6618C
:20D9C0002C7F0500A4577983EF51BA152C8F0100080A119841981C50D351C39AB389019285
:20D9E0000A380A570000F197C0000A9147970000415A655AB6E5BFFFA611047F1984617A5E
:20DA00000AE8DA1D04877286E0819A1D049FAAB2619ABA0504EFABB2E0E99215018A448FAB
:20DA20007286E0E9F705448F10841130BFFF3498E505023244371084BFFF289880FF4E156A
:20DA40006B52BA05C41FCBB280FF3C15E051B205C427CBB22436B5B22476ADB200581C6834
:20DA6000CB690E60CB618C67010006500D9F00002C885199CB510A5700004C510A994D9F9B
:20DA80000000415A685AC6ED047FAAB2617ADA0504EFABB24407ABB2045F74860B0681FFF7
:20DAA0008E0D0B068000D7051D80CB8144877486048FACB2DD89448FACB23D06809E0000C7
:20DAC00000D81B70C372DD712E6F0500E069821D2E9F01001C881358080A41580B50C352DE
:20DAE000AA99017AF37FC000CB89918F0100450E01005179EA37000021FE4E286D0041DA65
:20DB00009B001B06EAFFE6DD24EEBDB200581C80CB81108700001D78CB790F7F0000EF816E
:20DB2000D21D01D20532BFFF202C0592639701002A06804F120063570500450E0100219E6D
:20DB4000B229639F09004407A8B223360000BFFF2C2C1F8A448F7386D505415A8B00685A94
:20DB6000F6D5E0D1B2151C3080FFAC02E051F21D00581D78CB791C98CB99139F00004F9FC0
:20DB80000000415A685AE6F5A51504677486E061E20DA45F7586655AA70D0C3080FF54027C
:20DBA000E051D2054407748644077586A45F75860B06ECFFEE050B8E0100448F7586B505C3
:20DBC0004407758680FFAC02BFFFCEF904877186E081DA050030BFFFF8CEC5050030BFFF1F
:20DBE00028CF5A06FF3086072100BFFF6C04BFFFE010BFFFCA0F80FF52022436BDB2084298
:20DC0000003880FF7E3744077086440771864407ACB24407AAB2245EADB22466B5B200688B
:20DC20000C70CD714E0700000B78CD794F070000416A686AE6F50582638701003106804FE6
:20DC40001200638F0500450E01002196B229639709004407A8B223360000BFFF202B46067F
:20DC60003F0001524457A8B27F0044077186440770867F00000204571084E051F205440738
:20DC800010840030BFFFDC95B505440772861E0286004437A9B27F000A020068243EC5B24C
:20DCA00008422E066CA10000003000E000E80D58C25ACE592B5F01000B6048600C78C37ADA
:20DCC0000B80AF81018AF08FC0000798CC99939F01005389BA058007E000615A0162B20DA9
:20DCE000655A920D625AF205635AD2050B06EBFFA20500606162BA0586360100665A01621B
:20DD00008225675AE21D685AC21D695AA21D0B06EFFFF215200E1000E159B2150B06ECFF38
:20DD200082156C5AE20D6B5AC20D6E5AA20D6D5A820D0B06EDFFD2050B06EEFFA20500605D
:20DD40006162BA059CE60100645A016292350B06E6FFE22D0B06EAFFB22D0B06E9FF822D50
:20DD60000B06E8FFD2250B06E7FFA2250B06E5FFF21D0B06E4FFC21DE059A21D0B06E2FF35
:20DD8000F2150B06E3FFC2150B06D5FF92150B06D6FFE20D0B06D7FFB20D0B06DCFF820D30
:20DDA0000B06DBFFD2050B06DAFFA20500606162BA059DEE0100416A0D06DDFFBE05BF077F
:20DDC000F0FE6132EA05203620000038BFFF7E4A61E2EA05203621000038BFFF704A61EAFB
:20DDE000EA05203622000038BFFF624A28027F000002A60001524457F0B24457F1B2443780
:20DE0000F2B22436D0B2033A2446F0B20048BFFF605A1E02050201524457F0B24407F1B2D4
:20DE200006382436F2B2084280FFEC32E05100E8A20D2436D0B20A3A2446F0B20048BFFFC5
:20DE4000305A0AE81D502302000206524457D4B22467D5B2200EFFF041616467D5B22436BC
:20DE6000D0B2450E0100213E3E2BBFFFDA551E02050204577A866152D205045F7B86615AEC
:20DE8000CA050132BFFFCA9604677A86E0618A0D046F7B86E069CA050030BFFFB4960477E0
:20DEA00078866172D205047F7986617ACA050132BFFFC69604877886E0818A0D048F79862E
:20DEC000E089CA050030BFFFB09680FF640744577D8604977D866192D205049F7C86619A46
:20DEE000CA050132BFFFD499045F7D86E0598A0D04677C86E061CA050030BFFFBE9980FF7E
:20DF00002A0761520AE8D205046F7E86616ACA050132BFFFE69AE0E98A0D04777E86E071A2
:20DF2000CA050030BFFFD49A80FFFA0661520AE8D205047F7F86617ACA050132BFFFA4995B
:20DF4000E0E98A0D04877F86E081CA050030BFFF929980FFCA0661520AE8D205048F808624
:20DF6000618ACA050132BFFF5A98E0E98A0D04978086E091CA050030BFFF489880FF9A06D6
:20DF800061520AE8D205049F8186619ACA050132BFFF5898E0E98A0D045F8186E059CA05DE
:20DFA0000030BFFF469823028600443781867F008600443780867F00860044377F867F00DE
:20DFC000860044377E867F00860044377C867F00860044377B867F00860044377A867F003A
:20DFE0008600443779867F008600443778867F000A0224EEFCB23D3701003D3F0500BFFFA4
:20E00000A6B3200E1027E15100E0812504678486E061C2054407848601E280FF700F246F44
:20E020000DB3ED51E20580FF640F64570DB301E2E0E1C20D243709B3243F0DB3244711B3B2
:20E0400080FF4E001D30BFFFC8B32802000280FFA200440784862436FCB2BFFFB4B31E027E
:20E06000C600E031BA0D245709B3E751F20D643F09B3015A445F8486950D6232FA0524676D
:20E0800011B3EC39B205643F11B37F007F00080263370100633F050063470900015244578E
:20E0A00014B3243615B3233E0000044280FF6830E05100E8C21D243619B3233E04000442F0
:20E0C00080FF5430E051B21524361DB3233E0800044280FF4230E051A20D243648B30D3AFF
:20E0E000244614B30048BFFF88570AE81D50260200020E5244574CB324674DB3200EFFF0DF
:20E10000416164674DB3243648B3450E0100213EDC2DBFFF32531E02050201EA0457CA8681
:20E12000E051AA2544EFCA86A437ED86A477E186AE3180FFA6326152AA35047FED86048743
:20E14000E186F079E30544EFC8864407C986D5054407C88644EFC986243688B3BFFFB2B240
:20E1600044EFCB86C51D0467CB866162FA15243E88B327370100273F0500BFFF2AB20A069A
:20E18000F0D8D90D4407C8864407C9864407CA864407CB864407ED86A50500E81D50230285
:20E1A0000002A45FED860B06C4FFFF250B06DCFFC625BFFF66FF6152A225A45FE186A46706
:20E1C000ED86EB61F20DEB61F305016A446FC8864407C986C5154407C88601724477C98647
:20E1E000E50D4407C8864407C9864407ED864407CA864407CB86B5054407ED861E02140257
:20E200008600E636140024D68886C6D124EE68B32046200000381D3080FF6831FA5F0500FB
:20E22000200E2000E15900E0B70DA45FF5860B0601FFEE350B6601004467F58695350BDEB5
:20E24000FEFF9B009A770300E07100E0D3153A3F09001C80C482D03927370100273F0500C2
:20E2600024466AB31B48BFFF363141E29C009A570300FC51DBED1A670000446768B31A6FF7
:20E280000100446F69B3243690B3FA3F0500450E0100214E86311D40BFFFD6550AE01C50BD
:20E2A00032020152445794867F000502A45FE986625ACA0D01524457C486BFFFE8FF016257
:20E2C0004467C6864407E986F505615ADA054407C6864407E986046FC486616AFA35047776
:20E2E000C6866172BA3524EE8886845FCD860B80F0861400DD8110870C006182DA1D0B308F
:20E30000BFFFFEFE6152FA0D848FCD86F18E1400DD8951070C000497CC864497C586440768
:20E32000C486A50D845FF5860B0601FFDE050B9E0100449FF486845FCD86415A8B00445F89
:20E34000CC86635AB6054407CC86046FC686446FF1860477C4864477F08623020002440705
:20E36000D08601524457D1864407D2864407D3864407D4864407D5864407D6864407D78621
:20E380004407D8864407D9864407DA864407DB864407DC864407DD864407DE864407DF8619
:20E3A0004407E0864407E1864407E2864407E3864407E4864407E5864407E6864407E786B9
:20E3C000BFFFE2FE1E02050280FFCE0BA45FC786200E6400E1590AE8D60D4407C78644EF64
:20E3E000F28663EAC205BFFF76FF850DBFFFB6FED5050B6601004467C786BFFFB0FE63EA5D
:20E40000CA05BFFF9EFDB5054407ED86230200020352445794B3246795B3200EFFF041616C
:20E42000646795B3243690B3450E0100213E5633BFFF14501E02860001524457C486E031DF
:20E44000CA15A45FC58624668886EB5E1400CB614C570C00A477F3860E0601FFEE05047FA1
:20E46000F386417A447FF3867F008207E170C700E03106C8BA0580077A01613ABF05800786
:20E4800072016A3AB70580076A01996F0100B977010007D6FEFFDA002436888600580B609E
:20E4A000EC661400C6618C870100ED81B20580073401EC9705001A8E0200F2890CD8B20592
:20E4C00080070E01BB9F0100EE99B205800702019B570300E051BB0580072A0100E03BEFE1
:20E4E00009001C80C482D0E93D370100233E0000194602001A48BFFF742F9D5F0900615ABE
:20E50000DA1D236701003D6F05000C908D9F01009200F391E2554D6700003D5F0D002B5FCB
:20E520000100E059E24D3D370500450E01008637010021FE88326B00C545625ADA1D23675C
:20E5400001003D6F05000C88ED970100D100F289823D6D6700003D5F0D002B5F0100E059A4
:20E5600082353D370500450E0100E637010021FEC4326B00E525645ABA1D236701003D6FA3
:20E5800005002D7F0100EF61C21D6D6701003D5F0D002B5F0100E059C2153D370500450EB5
:20E5A00001002637010021FEFC326B00A50DA45FF5860B0601FFDE050B5601004457F586A8
:20E5C00041E29C009B7F0300FC79AB8DB51DA45FF5860B0601FFEE150B8E0100448FF58666
:20E5E0009515415A8B00635ABE05BF07B4FEA50DA45FF5860B0601FFDE050B9E0100449FA2
:20E60000F5864206FF700002C600066007300C38BFFF5AFE1E02A457C9867F008457C986F6
:20E620007F008457ED867F00A457EB867F008457EB867F0000024407E886BFFF68FC1E02DB
:20E64000C6000606E8FFDF0D0750845FE9868A00EB51F2058700443FE886016A446F9486FF
:20E660007F000F02C600C3323D06DCA40000C6E907D880FF2409635200E0FA2D9D5F050095
:20E68000615ADA0D3D5F01001B608B6F01008C00ED61E21D4BDF000001E2A51D625ADA0D7A
:20E6A0003D5F01001B70EB7F0100CE00EF7182156BDF000001E2C50D645AAA0D3D5F0100F1
:20E6C0002B870100F0D9C2056BDF010001E261E2CA05018A448F94862D022A0603CA000013
:20E6E000EA31FA0DE039D20D2456F086006000580A68CB694D070000415A665AA6FDD50586
:20E70000EA31EA67000044620C507F0089002A0603CA0000EA319A1DE039F215E041D2158C
:20E7200000580050EA49E70D0760CA612476F086CA710E7700004C7700004152CA006652D0
:20E74000A6F548570000E50DEA31F205055AE041920D48070000E505045AE041B20548079E
:20E7600000000B507F000002C600E031E215E039C215875F0100615A8A1587370300A77FD7
:20E780000300C8320F3187870500A78F0500C88211811038BFFFB6401E0200020552445702
:20E7A000B4B32467B5B3200EFFF041616467B5B32436B0B3450E0100213EB634BFFF884C21
:20E7C0001E02000262320060F2056332D2056432B2056532BA3501524457FAB34437FBB329
:20E7E000076F0000446FFCB3077701004477FDB3077F0200447FFEB3078703004487FFB34D
:20E80000078F0400448F00B407970500449701B4049FF9B3E099AA152436D0B3083A244694
:20E82000FAB3450E0100214E723BBFFF445061520A60CA05016A446FF9B30C501E020757D9
:20E84000000046570000075F0100465F01000767020046670200076F0300466F0300077740
:20E86000040046770400077F0500467F05007F008407E1108800210670C90000E131AA459A
:20E8800066428A4507570000435707000767010043670600076F0200436F05000777030033
:20E8A00043770400077F0400437F0300078705004387020023E602001C30BEFFE8FBE051C4
:20E8C00000D8BA0501DAF51D038F060024EE10B45F8A438F06001D301C38BFFF64FF05328C
:20E8E0001D38BFFFE0FE6152EA054407F8B3640705B4950D01924497F8B3059A649FF5B366
:20E90000A50501DA1B504406FF108407E1108900210670C90000E13107D808E0AA2D664AE9
:20E92000862D23360200BEFF50FDE05100E8D21D036707005B670000036F06005B6F010041
:20E94000037705005B770200037F04005B7F0300038703005B870400038F02005B8F05000B
:20E9600006925C970000E5055C07000001EAA50504EA1D504406FF100002E03100609A0D5C
:20E98000BFFF4200640705B44407F9B3016285156132EA0DBFFF0800640705B44407F9B3F4
:20E9A0006407F0B32056C8006457F88601620C501E020657000047570000065F0100475FEC
:20E9C00001000667020047670200066F0300476F03000677040047770400067F0500477F53
:20E9E00005007F0006670000076F0000ED6100588A2506770100077F0100EF71AA1D0687A2
:20EA00000200078F0200F181CA1506970300079F0300F391EA0D06670400076F0400ED610E
:20EA20008A0D06770500077F0500EF71AA05015A0B507F008407610043070100430702006B
:20EA40004307030043070400430705004307060006E823360100BEFF20FCE051C21D036FD9
:20EA600001005D6F0000037702005D770100037F03005D7F0200038704005D870300038F0E
:20EA800005005F8A5D8F0400039706005D9705000152A505005044067F00840761000657A0
:20EAA0000000435701000667010043670200066F0200436F03000677030043770400067FB2
:20EAC0000400417A437F0500068705004387060023360100BEFFCEF9615200E8AA0501EA3B
:20EAE0001D5044067F000A02245F05B42457F0B341526457F0B3635AAA5524EE10B41D30AA
:20EB0000BFFF34FFE051821D05321D38BFFFB6FC6152EA054407F8B3640705B4F50501621F
:20EB20004467F8B3026A646FF5B30C32013ABFFF1C3D800792021D30BFFFFCFEE051821D18
:20EB400005321D38BFFF7EFC6152EA054407F8B3640705B4F50501724477F8B3027A647F03
:20EB6000F5B30C32013ABFFFE43C80075A020C320038BFFFD83C440710B4440711B4440701
:20EB800012B40182448713B4440714B4440715B405321D38BFFF2EFC80072C02615AAA5590
:20EBA00024EE10B41D30BFFF8EFEE051821D02321D38BFFF10FC6152EA054407F8B36407C2
:20EBC00005B4F505018A448FF8B302926497F5B30C32013ABFFF763C8007EC011D30BFFFDA
:20EBE00056FEE051821D02321D38BFFFD8FB6152EA054407F8B3640705B4F505019A449FA3
:20EC0000F8B302626467F5B30C32013ABFFF3E3C8007B4010C320038BFFF323C440710B4D4
:20EC2000440711B4440712B4016A446F13B4440714B4440715B405321D38BFFF88FB800753
:20EC40008601625A8A4D24EE08B41D30BFFF4EFE6152EA1D24EE10B41D30BFFFDAFDE051D2
:20EC6000BA058007620103321D38BFFF58FB6152FA054407F8B3640705B480074A0101723F
:20EC80004477F8B3037A647FF5B380073A011D30BFFF0AFE6152B20580072C0124EE10B43D
:20ECA0001D30BFFF92FDE051BA0580071A0103321D38BFFF10FB6152FA054407F8B36407C2
:20ECC00005B48007020101824487F8B3038A648FF5B3957DE059FA752497F0B3249FF88677
:20ECE000F39191756407F0B324E610B41C30BFFF46FDE0519235846711B424EEFC86EC66D3
:20ED00006400206E2823AC69646FF8861C301D38BFFFD4FC6152EA050C320038BFFF2E3BE2
:20ED2000A5551C301D38BFFF8CFC04321C38BFFF94FA6152EA054407F8B3640705B4F50566
:20ED400001724477F8B3047A647FF5B30C32013ABFFFFA3A853D1C30BFFFDCFCE051F22D72
:20ED6000848711B424EEFC86F0866400208E2823B089648FF8861C301D38BFFF6AFC61523A
:20ED8000EA050C320038BFFFC43AD51D1C301D38BFFF22FC04321C38BFFF2AFA6152CA05F5
:20EDA000640705B4F50501924497F8B3049A649FF5B30C32013ABFFF943AD5050C3200387E
:20EDC000BFFF8A3A0467F8B36162FA052437F5B3243E10B4BFFFEEF928020002BEFF7AFCAC
:20EDE000E051DA05BEFF04FCBEFF00FC6407F0B3640705B44407F9B34407F8B3076244675A
:20EE0000D4B3246FD5B3200EFFF04169646FD5B32436D0B3450E0100213E843BBFFF2846B3
:20EE20001E028600E031E25700004457F8B34407F9B37F00C600E031B235E0399235075F22
:20EE40000000615AAA2DA7570100E051E2056152820D640705B4E5250162646705B4A525E8
:20EE6000026A646F05B407770200447708B4077F0300447F09B40787040044870AB4078FE9
:20EE80000500448F0BB40797060044970CB4079F0700449F0DB4E505640705B4B505640718
:20EEA00005B47F00443F10877F000D6A2A06D0A6000000600C58C35ACA592B7F0500E77951
:20EEC000CA052B6F0100D50541628C006E62B6F56E62BE05646F0D877F002A06B0A6000045
:20EEE000006800600C58C35ACA592B7F0500E779CA052B6F0100D50541628C006462B6F5B3
:20EF00006462BE05646F09877F002A0680A60000006800600C58C35ACA592B7F0500E779B5
:20EF2000CA052B6F0100D50541628C006662B6F56662BE05646F05877F0086006132DF0585
:20EF4000015244371087A50500507F006D32DF05015264370D87A50500507F00E031F60549
:20EF60006332DF05015264370987A50500507F00E031F6056532DF05015264370587A50576
:20EF800000507F00845711877F0024570D877F00245709877F00245705877F00050201EA20
:20EFA000E031CA0544075388950D045750886B52DA0503321D38BEFF62F21D502302800726
:20EFC000E1F0860001C2E636180024CE1487C6C924EE58B42046400000381D3080FFA42338
:20EFE00039670400200E3E00E16100D0C30D845FAF880B0601FFDE050B6E0100446FAE88AE
:20F0000000C0A54599770300E07100D8D325399709001B80C482D091F98F050012E092974F
:20F020000900DA91F289F6151D30DA313C3F050042329C47090080FFDE20E051D2051C6F8E
:20F040000800CDD19A0041DA9B0099870300FB81FBDDA50500C0E0C1F215197F0000447FD6
:20F0600058B4198F0100448F59B42436D8B4F93F05001D40423AC700450E0100214E8044B1
:20F08000BFFFEE470AC018504006FFF00F028600E636180024DE1487C6D924EE18B42046CB
:20F0A000400000381D3080FFDA22FB5F0500200E3E00E15900E0B70D845FAF880B0601FF3C
:20F0C000EE350B6E0100446FAE8895359B770300E07100E0E3153B3F09001C80C482D03934
:20F0E000FB4F050027370100273F050024461AB4BFFFAC2241E29C009B570300FC51CBED7A
:20F100001B6F0000446F18B41B770100447719B42436D8B4FB3F05001D40423AC700450EB3
:20F120000100214E8044BFFF48470AE01C502D020502045704886152FA55047707886172FC
:20F14000BA5524EE1487A46F0588ED6E1800DD690D870C006182EA3D2D5F1100E0590060BA
:20F16000BA0D2D8F1500E089FA05A4370588BFFF1EFF0A60E515615ABA0D2D971500E0911C
:20F18000FA05A4370588BFFF38FE0A60A50D845FAF880B0601FFDE050B9E0100449FAE8827
:20F1A0006162FA0DA4770588EE761800DD714E070C00047F0588447F068844070488A50DC8
:20F1C000845FAD880B0601FFDE050B8601004487AC88A45F0588415A8B00445F05886A5AE8
:20F1E000B6054407058823022456148700600C58EB5E1800CA592B771500E071CA05017AA8
:20F200004B7F0C0041626A62B6F57F000002845F4F88625ABA0D015244570488445707889C
:20F2200044074E88BFFFC4FFF505615ADA054407078844074E88046707884467B088046F4D
:20F240000488446FB1881E028207210023360000BEFFF2E7A45F53880B06EBFFBF05615A25
:20F260009E0D23570100E051FA0504670E886162BA05015AA5050058846F6188EB69E20541
:20F28000445F608801724477B08742063F000502BEFF0AF1200E5000E1510AE88715045F97
:20F2A0001988E059E20504EF528844071988E50D20361E000038BFFF9435850D013A443F5F
:20F2C000198820361E00BFFF8435046F5288EDE9E20544EF528801724477208723029007FA
:20F2E000E11023DE000009322046200000381B48BFFF7A006152EA1520EE200024E67E8898
:20F300001B381D401C3080FFAE20E051B20D1B381D401C3080FF001EE051C2050162446715
:20F32000E0875006FF108807610023EE04000A3201421D480038BFFF34006152EA1D83377A
:20F340000500C67E0800E079EF5F000004871488E081FA05C68E0400E089B7050162A505A4
:20F360000060C6960200E091E76F0000C69E0100E099EF770000D505016A00600070005857
:20F38000A4575F88EB51E205445F5F88017A447FB08784875988EC81E20544675888018A13
:20F3A000448F988784970F88ED91B205446F0E88A49F6188EE99E2054477618801524457FF
:20F3C000B0870B3202421D480038BEFFA0FF6152EA0583670500A35F0500B5050060005872
:20F3E000847F6388EC79E2054467628801824487B087A48F6388EB89E205445F638801921F
:20F400004497B0870C3206421D480038BEFF5EFF0A326152EA0D835F0500A3470500833F1F
:20F420000700A3670700836F0900A3770900850D0B5A033A056A2076140006600640849F7A
:20F440006588EB99E205445F6488017A447FB087E4474C02E4876D88C800F0410858E20537
:20F46000645F6C88018A448FB087E43F4C02E4976B88C700F2390758E205645F6A88015221
:20F480004457B087849F6788EC99E20544676688017A447FB08784876988ED81E205446F0A
:20F4A0006888018A448FB087A4976588EE91E2054477658801524457B087A49F67886A9A36
:20F4C000E20544376788017A447FB0870D3201421D480038BEFF96FE6152CA05835F05008D
:20F4E000A505015A84876F88EB81920D445F6E88018A448FB0870B30BFFF98E706320442D6
:20F500001D480038BEFF66FE6152FA05243E10881D30BFFFCA0FB50564071188249771882B
:20F52000249F1188F391820D247F1188647F718801824487B0872036120004421D48003874
:20F54000BEFF2AFE6152FA05233E0C001D30BFFF8E0FB50563070D00248F758823970D0057
:20F56000F289820D239F0D00649F7588017A447FB087203613000142234E03000038BEFF28
:20F58000ECFD6152EA0DA35F0300CB5E0100A4876F88F059E205445F6F88018A448FB08728
:20F5A00048067F0005020030BEFFF4E302320AE8BEFFECE3E4675588FD610A58E20564EFDF
:20F5C0005488016A446F8087E4775788EB71E205645F5688017A447F808723020F02BFFFD3
:20F5E000B2F98A000AD8BFFFA4F98A000AE0BFFFA8F98A00A47F4F88FB790AE8E20544DFD2
:20F600004F88018244872087845F5188FC59821D4407188844E75088018A448F208744E750
:20F62000B2886BE28A0D03321138BEFFEEEB64071688C5152096640064971688F50D049F5D
:20F640001888619ABA0D440718886B5AFA050332013ABEFFC6EB6407168824671688E06148
:20F66000B715246F16885F6A646F1688BFFFBC2B24771688E0710A58FF05E059DA05033271
:20F680000038BEFF96EBA47F5188FD79820D44EF518801824487208744EFB3882D0205024E
:20F6A000BFFF3CFF20EE6400E4570988FD51D60564070888BFFFF0FEE45F0B88FD59F6051C
:20F6C00064070A88BFFF62FCBFFF16FCE4670D88FD61D60564070C88BFFFB6FBBFFF6CFB95
:20F6E000BFFF2CFBBFFF4CFA246F0888416A646F088824770A88417264770A88247F0C886C
:20F70000417A647F0C882302000204524457DCB42467DDB4200EFFF041616467DDB424367E
:20F72000D8B4450E0100213E2E46BFFF1A3D1E028600015244570488E031CA15845F07887F
:20F7400024661487EB5E1800CB614C570C00A477AD880E0601FFEE05047FAD88417A447FBB
:20F76000AD887F008207E1F3C700200E4000E13906B0B7058007540196BF010007CEFEFFB3
:20F78000D90024EE148700C01858EB5E1800DD598B7F0100F779B20580072201EB870500C9
:20F7A000F9810BD0B205800702019A8F0300E089BB058007080100D83AE709001B98C49ABB
:20F7C000D3E13C370100233E0000164602001948BFFF9A1C9C5F0900615ADA1D236701002C
:20F7E0003C6F05000C708D7F01008E00EF71E2554D6700003C5F0D002B5F0100E059E24D5C
:20F800003C370500450E01008637010021FE62456B00C545625ADA1D236701003C6F050035
:20F820000C90ED570100D200EA91823D6D6700003C5F0D002B5F0100E05982353C3705006C
:20F84000450E0100E637010021FE9E456B00E525645ABA1D236701003C6F05002D8F010032
:20F86000F161C21D6D6701003C5F0D002B5F0100E059C2153C370500450E01002637010015
:20F8800021FED6456B00A50DA45FAF880B0601FFDE050B7601004477AF8841DA9B009A8798
:20F8A0000300FB81AB8DA50DA45FAF880B0601FFDE050B8E0100448FAF8841C298006AC246
:20F8C000BE05BF07C6FEA50DA45FAF880B0601FFDE050B9601004497AF884206FFF300020B
:20F8E000C600066007300C38BFFF7CFE1E028600443714887F008600443728BA7F00860005
:20F900006132860D0606E6FFDF05015244375388A50500507F00245711887F0000024407EA
:20F920001C8844071D8844071E8844071F8844072088440721884407228844072388440733
:20F9400024880452445725884457268844072788440728884407298844072A8844072B8828
:20F9600044072C8844072D8844072E8844072F88440730884407318844073288BFFF6CF857
:20F980001E02C600C3322E06C4AC0000C6710E500E77040061720058DA0D2A6701000778A7
:20F9A0008C8701008F00F07982254C3F0000015AC51D8A6705006262DA0D2A67010007880A
:20F9C000EC970100D100F28982156C3F0000015AC50D6462AA0D2A6701002C9F0100F339E1
:20F9E000C2056C3F0100015A615ABA0DAA6F0500017AED6E180024761487CD714E7F0C005F
:20FA00007F002A0605CA0000EA31FA0DE039D20D2456AC88006000580A68CB694D070000EE
:20FA2000415A685AA6FDD505EA31EA67000044620C507F0089002A0605CA0000EA319A1DA5
:20FA4000E039F215E041D21500580050EA49E70D0760CA612476AC88CA710E7700004C77CC
:20FA600000004152CA006852A6F548570000E50DEA31F205055AE041920D48070000E505D9
:20FA8000045AE041B205480700000B507F00000204574388E051E205440743880030BFFFC3
:20FAA00032881E02000204574488E051E205440744880030BFFF44881E0200020457458810
:20FAC000E051E205440745880030BFFF56881E02000204574688E051E2054407468800307E
:20FAE000BFFF68881E02000204574788E051E205440747880030BFFF7A881E02000204576D
:20FB00004888E051E205440748880030BFFF8C881E02000204574988E051E205440749885E
:20FB20000030BFFF9E881E02000204573B88E051E20544073B880030BFFFD8881E020002DB
:20FB400004573C88E051E20544073C880030BFFFEA881E02000204573D88E051E20544075A
:20FB60003D880030BFFFFC881E02000204573E88E051E20544073E880030BFFF0E891E023D
:20FB8000000204573F88E051E20544073F880030BFFF20891E02000204574088E051E20523
:20FBA000440740880030BFFF32891E02000204574188E051E205440741880030BFFF44895C
:20FBC0001E02000204574288E051E205440742880030BFFF56891E02000204573388E0517B
:20FBE000E205440733880030BFFF68891E02000204573488E051E205440734880030BFFFF3
:20FC00007A891E02000204573588E051E205440735880030BFFF8C891E0200020457368849
:20FC2000E051E205440736880030BFFF9E891E02000204573788E051E20544073788003000
:20FC4000BFFFB0891E02000204573888E051E205440738880030BFFFC2891E020002045797
:20FC60003988E051E205440739880030BFFFD4891E02000204573A88E051E20544073A88F0
:20FC80000030BFFFE6891E0289002A06A0C90000EA318A35E039E22DE041C22D0852E477FE
:20FCA000B788887247770000247FB688477F0100E0870D45888247870200208F0C45478F3C
:20FCC000030020660C450C909892479704000C98909A479F05000C70887247770600476701
:20FCE000070048570000684A00689915484F0000E50DEA31F205056AE041920D480700007D
:20FD0000E505046AE041B205480700000D507F000502653200E80650DB454A0006000C0030
:20FD2000120025003B003E00246F0189E069EAEF0000853D247701896272E2EF0000A5356E
:20FD40002446BE88024A00380030BFFFAA304457BC88E051F225017A647F01894407C48801
:20FD60004407BB88F51D0487BC8861829A0D048FBB88618AFA15029264970189B51524466D
:20FD8000BE88024A00300038BFFF6C304457BC88950D64070189E505049FC488E099A205A0
:20FDA00001EA1D5023022457C1887F000002865F0300625ACA056407C188A51D615A9A0D36
:20FDC00000300038BFFFDE1E03526457C1888515645ADA0502626467C188A50D655A8A0DF1
:20FDE00001320038BFFFBE1E016A646FC1881E020502865F0300625A06E8CA0D0E32BFFFE9
:20FE000048091D5704004457BA8801624467BB88C515655ACA0D0E32BFFF2E0901320038DB
:20FE2000BFFF821E016A446FC488F505615ADA0500300038BFFF6E1E23028457BB887F00F2
:20FE4000050206EA03526457C1880532004000480038BFFFA22F6152AA0502EA1D502302EC
:20FE6000A65701006457BE88C852866F0300CD51CA006457BE880A0650E2860D6457BE88B2
:20FE80000A06D0D5BF050252A50505527F004407BB887F00E6390058930D06508A670100A9
:20FEA000CC59CB004152EA39ABFD0B507F000502E477B988E07100E8BA056407F8B4CA722C
:20FEC0000E7600410E6600042106FFFF0300E16199150C380E30BFFFBEFF247FF8B4CA793E
:20FEE000647FF8B42487B88841826487B8881D50F50D403E04000E30BFFF9CFF248FF8B4B3
:20FF0000CA89D100648FF8B4648FB688015223020A02643200E00650B3058007DC014A0037
:20FF200005000C0013002500E8002477E988E071EAE700008007C601247FE988627AE2E75B
:20FF400000008007B8016407B4882436F088BFFFE6EAE051820D6407ED8801826487E988DB
:20FF600080079A0100E0800794012497ED88248FB488418AD100648FB4886892B305800740
:20FF80006A01520009001B00220038005100720086009A00AE0020361F00BFFF1624BFFF6A
:20FFA00028270030BFFFA4236407B88880FF8C05016A646FED8880074401BFFFDEDC027217
:20FFC0006477ED8880073601BFFFE6FEE051BA0580072A0120361A00BFFFC625E051E2059E
:20FFE000203623000038BFFF6428037A647FED8880070A0120361000BFFFA625E051E20598
:020000040002F8
:20000000203629000038BFFF44280D32BFFF9225E051E20520362A000038BFFF30280482DF
:200020006487ED88B56D248FB488200E9001E189D36524EEF8881D30BFFFFCE9E051E25DFC
:200040002436F0881D38BFFF9EE96152AA0D0C320038BFFFF827203627000038BFFFEE27EF
:2000600005926497ED88A54D249FB488200E0802E199C3450632BFFF2825E051E20520361D
:200080002C000038BFFFC627066A646FED88E5352477B488200EEA03E17183350732BFFF8C
:2000A0000025E051E20520362B000038BFFF9E27077A647FED88A5252487B488200EEB0321
:2000C000E181C31D0832BFFFD824E051E205203628000038BFFF7627088A648FED88E50DD5
:2000E00002926497E988A50D089A649FED88E5056407E988B5056407E9881C5028028207B9
:200100006100673207E8FA1D245FE188E059BF058007CC01675AB6058007C40107524357E7
:200120000300023223460300014A0638BFFFC82CE051BA058007A8016407E1886407E48816
:2001400080079C01E467E588247FE1884162CC00677AB30580077A014F0008001C00350005
:200160004E00630078008D00A1006467E48843070300023223460300014A0038BFFF782C1F
:20018000E051BA0580075801018A648FE18880074E016467E4880C069CFFBE058007400163
:2001A000014A434F03000232234603000038BFFF462CE051BA0580072601029A649FE188B1
:2001C00080071C016467E4880C0638FFBE0580070E01047243770300023223460300014A84
:2001E0000038BFFF122CE051BA058007F200037A647FE188C5756467E4880C06D4FEF66DE1
:20020000058243870300023223460300014A0038BFFFE42BE051B265048A648FE188F55D16
:200220006467E4880C0670FEA65D069243970300023223460300014A0038BFFFBA2BE05198
:20024000E24D059A649FE188A54D6467E4880C060CFED64503724377030002322346030032
:20026000014A0038BFFF902BE051923D067A647FE188D5356467E4880C06A8FD86350232CF
:200280004337030023460300014A0038BFFF682BE051D225078A648FE18895256467E4889B
:2002A0000C0644FDC61D079243970300023223460300014A0638BFFF3E2BE05182150B9AD5
:2002C0007D9F01006407E1886407E488850D0B727D7701006407E1886407E48842067F00E0
:2002E00000020432003800400048BFFF0A2B1E0200020332003800400048BFFFFA2A1E02FA
:200300000A02643200E00650B305800726024A0005000C001300250008012477C988E071C5
:20032000EAE7000080071002247FC988627AE2E70000800702022436D088BFFFFAE6E051AE
:20034000A20D6407B4886407CD8801826487C9888007E40100E08007DE012497CD88248F53
:20036000B488418AD100648FB4886B92B3058007AA0152000C001E00250034003B0051002E
:200380006B008C00A000B400C800CE0020361F00BFFF2020BFFF32230030BFFFAE1F6407D0
:2003A000B88880FF9601016A646FCD8880078801BFFF40FF02726477CD8880077A01247FFE
:2003C000B488200E6400E179BB0580076A01BFFF12FF03526457CD8880075C01BFFFBCD8D9
:2003E00004826487CD8880074E01BFFFC4FAE051BA058007420120361A00BFFFA421E05107
:20040000E205203623000038BFFF4224058A648FCD888007220120361000BFFF8421E051A5
:20042000E205203629000038BFFF22240D32BFFF7021E051E20520362A000038BFFF0E24CC
:2004400006926497CD888007EE00249FB488200E9001E199837524EED8881D30BFFFD8E5D5
:20046000E051926D2436D0881D38BFFF7AE56152AA0D0C320038BFFFD423203627000038DE
:20048000BFFFCA23076A646FCD88D5552477B488200E0802E171F34D0632BFFF0421E05101
:2004A000E20520362C000038BFFFA223087A647FCD8895452487B488200EEA03E181B33D30
:2004C0000732BFFFDC20E051E20520362B000038BFFF7A23098A648FCD88D52D2497B48829
:2004E000200EEB03E191F3250832BFFFB420E051E205203628000038BFFF52230A9A649FE2
:20050000CD88951D243ECC880030BFFFF4FBB515026A646FC988F50D0B726477CD88B50D76
:200520000732243ECC88BFFFD8FB6407C988B5056407C9881C5028024407048964070689A1
:2005400024570989645711897F000002245F0D8924671189EB61D90D2C570000246F0689A3
:20056000CA69646F06890C76020064771189C51D017A447F048924870689308064870689DC
:20058000EB8F0100E4970789F191A20D20361A000038BFFFB82200380030BFFFB022249FA9
:2005A0000989649F11891E020002BFFF0A06E051BF0D04670489E061BA05BFFF90FFBFFF1C
:2005C000F605E051F7F51E0282072100BFFFCAE98A0063528A15BFFF2241E051820D0632D1
:2005E0000038BFFF6822BFFF0C41D5050632013ABFFF5A220030BEFF60D9E051FA0520363D
:200600001600013ABFFF4622E505203616000038BFFF3A220332BEFF86D3200E0A03E15103
:200620000A589F0D6A5AF60520361200013ABFFF1C22E505203612000038BFFF102203329F
:200640000142234E03000038BEFF22EDE051B225A37F0300200E80FF4179FA0520361000E6
:200660000038BFFFE821D50520361000BFFFD621A35F0300208640FF4B81920D208E20FF64
:200680004B89D2050D32BFFFBC21D5050D320038BFFFBA2142063F00060263370100233668
:2006A0000000043ABEFF14FF245F1589625A00E88A1D8B00445F0EB5037244770FB5243681
:2006C00010B50A38BEFFC0FEE051E225243618B5083A24460EB50048BFFF96310AE8C51D29
:2006E000635A0A609A1D8B00445F0EB5038244870FB5440710B5243611B50C38BEFF88FE60
:20070000E051A20D243618B5083A24460EB50048BFFF5E310AE81D50240200025C1A245F4E
:200720001589625A0060AA45445F02B50252445703B523360000BFFFCAA4243604B5233F15
:200740000100273F0100BEFF3EFEE051D20D236701000C7F0C00E079DA050C870D00E081CD
:20076000B205C43F04B5203F0505633F0100243608B5273F0100BEFF0EFEE051D20D235F21
:2007800001000B970C00E091DA050B9F0D00E099B205C43F08B5243618B50C3A244602B525
:2007A0000048BFFFCC300A60D545635ABA45445F02B5026A446F03B5440704B52336000069
:2007C000BFFF40A4243605B5233F0100273F0100BEFFB4FDE051D20D236701000C870C00F1
:2007E000E081DA050C8F0D00E089B205C43F05B5203F0505633F0100243609B5273F0100A9
:20080000BEFF84FDE051D20D235F01000B9F0C00E099DA050B6F0D00E069B205C43F09B5B1
:20082000243618B50C3A244602B50048BFFF42300A600C50441A1E020502045718896152B8
:20084000AA0DBFFFD8FE6152EA0544071889016244671989BFFFC2F0246F2989EA690AE815
:20086000DA05047719896172AA0D1D30BFFF2CFE6152DA0564EF298944071989245F2D8900
:20088000E059B20D6A5A9E0D203625008B000B38BEFFDEE764072D8923020002640739B585
:2008A00064073DB50252645745B52066FF00646741B50F6A446F1CB524771DB5200EFFF005
:2008C000417164771DB5243618B5450E0100213E2C56BFFF722B440718891E020002C6002E
:2008E000E0390760BA058007CC01E031BF058007C4018C5F0100615A9A35645F1589AC576A
:200900000100645739B58C7F0300647F45B5248741B5100601FFDA05AC8F0300648F41B585
:20092000249739B56292BA0D249F45B5E099FA0520361D00BFFF0E1FBFFF3A36247F39B501
:20094000617AB20580076E0120361D000038BFFFFC1EBFFF363680075C01625AAA45645F10
:200960001589AC6F0100616AEA2D8C870300648739B5AC8F0300648F45B5249741B51206F8
:2009800001FFDA058C9F0500649F41B5247F39B5627ABA0D245745B5E051FA0520361D0003
:2009A000BFFFA21EBFFFCE35248739B56182B2058007020120361D000038BFFF901EBFFF66
:2009C000CA35857D626AEA758C8F0300648F1D89AC97030064972189019A449F1889A56D18
:2009E000635A8A6D645F1589AC7701006172DA35AC7F0300647F39B58C870500648745B5E0
:200A0000245741B50A0601FFDA05AC8F0500648F41B5245F39B5625ADA0D249745B5E09113
:200A20009A0D20361D00BFFF1C1EBFFF4835245F39B5615ACA0D20361D000038BFFF0E1ED1
:200A40000132BFFF1029BFFF4235C535625AAA350232BFFF0029E52D64729A15AC9F0300A2
:200A6000649F1D898C7F0500647F21890C87050044872489018A448F1889C51D6572EA0579
:200A80000C36030080FF7606D5156772EA050C36030080FF4E06E50D6872EA050C3603004C
:200AA00080FF2606F5056672DA05AC97030064972D891E02581A2457218963570500245FEA
:200AC0001D89635F0100237E00002F770100667701002F7F0500667F050044061F0000027F
:200AE000245F1589615A0060AA158B00445FFCB44437FDB4443FFEB4243618B5033A2446EE
:200B0000FCB40048BFFF6A2D0A60E52D625ADA158B00445FFCB401724477FDB44437FEB477
:200B2000443FFFB4243618B5043A2446FCB40048BFFF3E2D0A60851D635AEA158B00445F99
:200B4000FCB44407FDB44407FEB44437FFB48700443F00B5243618B5063A2446FCB4004836
:200B6000BFFF0E2D0A600C501E0205021FEA245739B56152B21D64373DB506380030BFFFE2
:200B800060FF6152BA150162646739B5026A646F45B52076FF00647741B520361D0000380E
:200BA000BFFFAA1CBFFFE43300E81D502302045724897F00501A23560000248638B5306FC2
:200BC00001006A6F0100307705006A770500307F09006A7F090030870D006A870D002A8F83
:200BE0000100668F01002A970500669705002A9F0900669F09002A6F0D00666F0D00480680
:200C00001F00247E38B52F670100666701002F6F0500666F05002F770900667709002F7F01
:200C20000D00667F0D007F008207E110880008E806D807E0BFFFDA5C64520A58D205685ADA
:200C4000B2050762C51D210610E60000E1D9EA151D06E8FFB2050462A51507322046180024
:200C6000026A636F010000381C48BEFF64E6E051E2670000C1624262A50504620C5042069D
:200C8000FF1000028700E03100600658C20D0706E8FF960D07322046180000380B48BEFF88
:200CA000CCE60A600C501E028E07610006E823360300203E1800BFFFCCFF6152AA0D036789
:200CC0000F0043670000036F1000436F0100950D0477388943770000047F3989437F010086
:200CE00023960000329700007D9700004E067F008207210023360000BFFFB0FF03570000C1
:200D00000A56BFFF65529B154A00060009000C00060009000C0004673589950D04673689D9
:200D2000E50504673789B505046738890C5042063F008407E1008700E031006006E09225D4
:200D40000706E8FFE61D2046180000381C3080FF3206BFFF9EFF0AE8BFFF56FE270644B261
:200D6000000028064FB2000063EF0100290654B20000635705001C3080FF6A062066180024
:200D80000C504406FF0005028700E03100E80658D20D643AB60D270672B2000004420B30B7
:200DA00080FF7403E051A20504EA1D502302820761008700E031006006E8D245623AB64567
:200DC00023360200BFFFE4FEBFFFE6FD206EFF005D6F01005D6F00002D06A8B1000000586D
:200DE0000A600B70C372CD710E870200048F3089F089BA250E970100039F0300F299DA1D93
:200E00000E570300EA619A1D0E7F0000038F0200EF89BA15AE8705000E9F0600C582138138
:200E20005D8701008E970500C192AE57050083520A915D970000E505415A8B000B06EFFFD3
:200E400099D502620C5042067F0005028700E03100E80658C20D643AA60D243E3189044236
:200E60000B3080FFB202E051A20504EA1D502302840761008700E031006006E88225070626
:200E8000E8FFD61D2046180000381D3080FFF404BFFF60FE27065BB20000635701002806BF
:200EA00066B20000046F308929066BB20000636F05001D3080FF2E05206618000C50440688
:200EC0007F000A0289002D0617E20000ED31075808E000E80960BE058007E2012E0611E6C4
:200EE0000000EE31B7058007D401270688E20000E731BA0580073201E731DF252E0686E2DB
:200F00000000EE31BA0580070401EE31BF152E0619E20000EE31E25DEE31DF05ED31B24DC7
:200F200080079A0121061AE20000E131926580078C01210687E20000E131BA0580071C014A
:200F400080077A012D0610E60000ED318215ED31AF0D210689E20000E131BA0580072E01BE
:200F600080075A01EE31F2158007520107322046180000380B48BEFFF4E3E051F205207EF3
:200F800018005C7F000080073C015C07000004EA800732010C380B30BFFFD8FEE0510A58E9
:200FA000D2055C5F000080071C0101EA5CEF0000800712010C380B30BFFF92FE64520A5846
:200FC000DA055C5F00008007FC0001EA5CEF0000957D0C380B30BFFFD8FD62520A58CA05B5
:200FE0005C5F0000F56D01EA5CEF0000B56D0C380B30BFFF94FD64520A58CA055C5F00000C
:20100000956501EA5CEF0000D55D0C380B30BFFF24FDE0510A58C2055C5F0000B55501EA06
:201020005CEF0000F54D04876889E081EA0504EA018A5C8F0000E545243E49890E420B300A
:2010400080FFD400E051D2050E925C970000A53D5C07000004EAE535049F6789E099EA055A
:2010600004EA017A5C7F0000D52D243E3A890E420B3080FFA200E051D2050E825C870000DE
:2010800095255C07000004EAD51D048F6989E089DA0501EA5CEF0000D515243E58890E42D3
:2010A0000B3080FF7200E051D2050E9A5C9F0000950D5C07000001EAD50504EA017A5C7F4B
:2010C00000001D50280200020638243658890E4280FF4400E051C2050162446769891E02D3
:2010E00000020638243649890E4280FF2A00E051C2050162446768891E02000206382436DA
:201100003A890E4280FF1000E051C2050162446767891E0206506042920D413A070FFFFFF1
:201120004132460FFFFF5F429AFD7F00541A6032C23D633F010063470500634F09000640E0
:20114000AC0580410848203E9E00904ACA050848503AD0420908884ACA050148583AC842A5
:20116000844ABA055C3AC4426042940D5F3AC142E4055F3AC142B4055F3AC1429F32DF32AB
:20118000D73A07310808C10A890A0131D942F905CA05C60E0100B20506360100233F010052
:2011A00023470500234F09004C1A7F00800F7002206E14000B0E01FFE23D090E01FFD24557
:2011C0000B080C09E24509080A09B235604AE20F0000B2054A560080C149605AE20F00008E
:2011E000B2054C660080C159AB49810D090EE0FFFC1DE9678000C959F5058049090EE0FFB0
:201200008C1DE95780002639C40DCA61890D0B0E02FFD225415A81624C66008080073E02EC
:20122000AA61B21DC9FD273180618007300207308007BC024062BA0DEB49BAFD4052FA05BB
:201240002639FCF58007EA02C051A2F58007E8020A49EAED4731D5ED8007B6028007C202C4
:20126000800FBC01206E0A002731090E01FFB24D0B0E01FFE2550B080C09F255C13AB2555B
:20128000400E0080604ADA05414A5F4AC152ECFD0151605ADA05415A5F5AC162ECFD01611A
:2012A000094E7F0089590B0E1700B7450B0E00FFAE450A38813A0C48914A49388862CC6676
:2012C000FF01C746FF7FEC40000007088F0AE1600000E9080000CF62CC41D80AC141C7662E
:2012E000FF7FE9600000C852C962C8618A61C5624960CE3AC761CC61C405CC610B5EFFFF44
:20130000800794016052FA05E959FA056062BA0580071E02800720020B61920D8007060254
:2013200060629AFD8007EE010A49B2F58007EE018007DA018007EA010608C109980A010E11
:2013400081FFD61D010EE0FFAE1D21086032FC0DC932813246360080E1378000EC05C13277
:20136000E2370000DF327F0080317F00C932813246360080E1378000A4057F0000327F0079
:2013800006506042E2054132463FFFFF5F42CAFD7F00541A63FF0900205600076357010080
:2013A000633705002336000080FF020223FF09004C1A7F0008560000F20D41320657FFFF77
:2013C000413A074FFFFFCA56FF00C94EFF00A951BA055F42BAF57F006032AC058031065037
:2013E0007F00031EE4FF63FF090063370D00633F110063471500634F1900205600076357E4
:20140000010063370500233600002346140080FF9C0123FF0900031E1C007F00031EE0FF53
:20142000633F01006337050063470900634F0D0063571100635F150063671900636F1D0084
:201440000748C949984A0750C95281520658CB59985A0660C962816261004062A42D404EBA
:201460008000E961E905695AC105585AC862A5FD5F5AF21DCC61D41D5F5AB21DCC61941D61
:201480005F5AF215CC61D4155F5AB215CC619CF5851500000B3E01FFBC45605AAF0D2B387B
:2014A000423A074EE8FFAC35E7678000205E0000404E0080CC3EFF00073E80FFE90DCA05A7
:2014C000CC3E0001A20D09610C660001E9050B3E02FFE1250B5E01004931C16289620C3108
:2014E000D75AE23F00000B31603A8A2D23470900234F0D0023571100235F15002367190056
:20150000236F1D00031E20007F00023AC5050032E5ED003A9F32DF3285ED043AC505033A7F
:20152000A505003A9F32DF324636807FE5DD053A1F32B5DD003A1F3285DD23570100235F9C
:201540000500031ED8FF639F2D0063972900638F250063872100637F1D0063771900633F86
:20156000010024666C89CD616367050063570900635F0D006337110063FF150023360000E1
:2015800080FFD00323FF15002337110023771900237F1D0023872100238F25002397290060
:2015A000239F2D00031E2800A5A5031ECCFF63FF090063EF0D0063E7110063DF150063D707
:2015C000190063CF1D0063C7210063BF250063B7290063AF2D0063A73100C6C7010008D8E6
:2015E00006B807E0BA058007360337570100CA56FE00B2058007280364BF49B51C6041E2F1
:201600000C670000CC66FF00E06100D0BA058007FE0220B62500F661F2050C3080FF380390
:2016200041D28007D8021C6041E20C670000CC66FF00F661FA050C3080FF1C0341D2800729
:20164000BC0200E80C06E0FF92250C06DDFFC2250C06D5FFE2150C06D3FFD20D0C06D0FFE6
:20166000D20D20AE2A00F5618A2544DA3BCFFDFF0000C5259DEE100095159DEE0100E50DBD
:201680009DEE0800DDEEFBFF950DDD7E0800EA059DEE0400B5059DEE02001C6041E20C6716
:2016A0000000CC66FF00F5CD5FE2233E00001C3080FFCA0223E701000AC8E0C9BE0500C8ED
:2016C000E505205EFF01EBC9A7050BC81F621C6841E20D6F0000CD6EFF000D06D2FFAA25DE
:2016E0001C6841E20D6F0000CD6EFF00F569EA0544DA3B67FDFF0000A50D5FE2233E000030
:201700001C3080FF780223E701000A60205ED600EB61A7050B601C6841E20D6F0000CD6EFA
:20172000FF000D06B4FF920D0D0698FF820D0D0694FFDA0D1DEE40001DEE20001DEE2000DE
:201740001C6841E20D6F0000CD6EFF0020A64500F469BE058007B8010D0688FFB7058007E4
:20176000AE010D0699FFBA0580075E010D0699FFEF2D205E6300EB69927DEB69CF15207691
:201780004700EE69BA0580073801EE69FF05F469BA0580073001800776010D06A8FFA25D46
:2017A00080076C0120766500EE69BA0580071E01EE69EF050D069CFFF22D800752010D0679
:2017C0009AFFBA0580070A0180074401205E7000EB69C22DEB699F1520766E00EE69A25DC0
:2017E000EE69EF050D0697FFF215800722010D0691FFE2258007180120767500EE69E215A1
:20180000EE69EF050D068DFFB23D800702010D0688FFA225C57D44DA3B87FDFF63870500F7
:20182000450E010021C62A67C55D44DA3B8FFDFF638F0500450E010021C63C68A55544DAE8
:201840003B97FDFF63970500450E010021C62E69854D9DEE000144DA3B9FFDFF639F050090
:20186000450E010021C6286AC53D44DA3B7FFDFF637F0500450E010021C6826BA53544DABE
:201880003B57FDFF63570500450E010021C6E86B852D44DA3B8FFDFF638F0500E089E22D68
:2018A000DD962000F205239F0500000073D70000D525237F05006FD701000000F51D1DEE88
:2018C00000011DEE00031DEE00011DEE000144DA3B57FDFF63570500450E010021C63E738A
:2018E0002336040063C70100450E010021FE48660C4019481D387800CAD11C6041E20C6718
:201900000000CC66FF00B205BF070EFDD7D70100C205003080FF40001A50A5051F5223A75A
:20192000310023AF2D0023B7290023BF250023C7210023CF1D0023D7190023DF150023E71F
:20194000110023EF0D0023FF0900031E34007F0000527F00243F49B5C656FF00274F050090
:2019600027470100000049570000C80E0004D205414A674F050000007F0006670000200E47
:201980002B00E16100500058F205200E2D00E1610C70DA050152413206770000247EA08935
:2019A0000F60CE79CFD701008215C15A0B88C28AD159CE590B5ED0FF4132067700000C9024
:2019C000CE91D2D70100AAF567370100E051C2052B504152A5050B507F00031ED0FF63FFE4
:2019E000110063EF150063E7190063DF1D0063D7210063CF250063C7290063BF2D00E04138
:201A000000D008C009C806E007B8BE0501C2B505D7BEFEFF3C3701000000BFFFBEF9E051CC
:201A20000A60B21523EE0C000A3A1D400C3080FFAA0C23760000DA71237F0D004E7F0000E6
:201A400041D2E0510A609AF5F8D1B7051A68A505186801623C5F0100E059D605D7860C009C
:201A6000AA050060CD6119E0ACE11C400CD817380B3080FFC80CFAC1970D20EE30001D309C
:201A8000BFFFD4FE5FC2FAC1BFFDE0D1821523EE00005FD21D30DA3106370000C636FF0004
:201AA00006363000BFFFB0FEE0D1CAF5D79E1000E205203620001C3880FFF80CFBC9B705A5
:201AC0001950A5051B5023BF2D0023C7290023CF250023D7210023DF1D0023E7190023EFE0
:201AE000150023FF1100031E30007F00031ED0FF63FF110063EF150063E7190063DF1D0042
:201B000063D7210063CF250063C7290063BF2D00E04109C807B800D008C0BE0501C2B505E8
:201B2000D7BEFEFF26670100E061C21523EE0C000C580A3A1D400B3080FFA00B236E000055
:201B4000DA6923770D004D77000041D2E0510A589AF5F8D1B7051AD8A50518D819E0BBE1FC
:201B600017301C3880FF7E0CFAC1970D20EE30001D30BFFFE2FD5FC2FAC1BFFDE0D182155A
:201B800023EE00005FD21D30DA3106370000C636FF0006363000BFFFBEFDE0D1CAF5D78EB9
:201BA0001000E205203620001C3880FF060CFBC9B3051950A5051B5023BF2D0023C72900B7
:201BC00023CF250023D7210023DF1D0023E7190023EF150023FF1100031E30007F00031E46
:201BE000D4FF63FF0D0063EF110063E7150063DF190063D71D0063CF210063C7250063BF6B
:201C00002900E04109C807B800D008C0BE0501C2B505D7BEFEFF265F0100E059E20D0B6067
:201C2000235E00000B50DA51CC6E07004A6F0000836241D2E061FAF5D7760200820D1A582B
:201C400041D2237E0000CB794F070000F8D1B7051AD8A50518D819E0BBE117301C3880FF76
:201C6000840BFAC1970D20EE30001D30BFFFE8FC5FC2FAC1BFFDE0D1821523EE00005FD227
:201C80001D30DA3106370000C636FF0006363000BFFFC4FCE0D1CAF5D7961000E2052036A0
:201CA00020001C3880FF0C0BFBC9B3051950A5051B5023BF290023C7250023CF210023D7F9
:201CC0001D0023DF190023E7150023EF110023FF0D00031E2C007F00031ED8FF63FF09002C
:201CE00063EF0D0063E7110063DF150063D7190063CF1D0063C7210063BF2500E04100D8A6
:201D000008C809D006B807C0BE0501CAB505D8C6FEFF376F0100E0698215235E00000D603D
:201D20000B50DB51CC760F004A770000846241DAE061FAF5376F0100F9D9B7051BE0A505FF
:201D400019E0E069C205D87E0200CFE1D8EE11009A0D203620001A38BC3980FF560A376FB2
:201D60000100E069A215D88E0200F20D20363000BFFFE4FBD8960001C20520365800B5053A
:201D800020367800BFFFD0FB61EAFA05203630001A38BC3980FF1C0AFBC9970D20EE30008A
:201DA0001D30BFFFB2FB5FCAFBC9BFFDE0D992255FDA23EE00001D68DB690D6F0000CD6E88
:201DC000FF00696AC70DD87E0001C20520664100B505206661000C5EF6FFB505205E300010
:201DE000CB690D30BFFF70FB1B585FDAE059CAE5D88E1000F205203620001A38BC3980FF0C
:201E0000B209FCD1B3051A50A5051C5023BF250023C7210023CF1D0023D7190023DF1500B7
:201E200023E7110023EF0D0023FF0900031E28007F00501A63FF010063EF050063E70900FE
:201E400063DF0D00C756100007E009E806D8FA05203620001D3EFFFF80FF58093B3701002F
:201E60000000BFFFF2FADC6E1000F205203620001D3EFFFF80FF3C0961EAB7051D50A505B6
:201E8000015223DF0D0023E7090023EF050023FF0100031E10007F00031EE4FF63FF01007C
:201EA00063EF050063E7090063DF0D0063D7110063CF150063C71900265F0100E04109D8CC
:201EC00006C007C808D0C6150B570000E0510068D20DE0D1B70D0B660100416A0C770000CB
:201EE000E071C2054162FA6996FD0DD0D5050B3080FF1E090AD0D97E1000FA0520362000E3
:201F00001B38BA3980FFAC08E0D1E70D38EF010000E01D3041EA063700000000BFFF38FAF6
:201F200041E2FAE1F6F5D9961000F205203620001B38BA3980FF7C08FAD9B7051B50A505DF
:201F40001A5023C7190023CF150023D7110023DF0D0023E7090023EF050023FF0100031E85
:201F60001C007F00031EC4FF63FF110063EF150063E7190063DF1D0063D7210063CF250094
:201F800063C7290063BF2D0063B7310063AF350063A7390023A73D0009660100696207D8A9
:201FA00008A806D0B70509EAA5050CE8234607001D381A3008C880FF6808E051A20541DA8D
:201FC000E0D9C6051BE60100A50500E01D66FFFFFCE9B715205E30001970DD710E77FFFFB7
:201FE000EB71BA0D5F625FEAFCE9F7051980CC8110870000F059F2F5E0E1DA051DC0BBC12D
:2020000041C2F505FDE1B6051CC0B5051DC601003A5F0600E059C605D5960C00A20541C2EC
:202020001440B8416347010015380B3080FF0E07E0E100D0EA0520363000BFFF1AF9B51DE3
:20204000FDE1B7051DB0A5051CB0E0B1B70D1930DA31063700005FEABFFFFCF841D2F6D1E8
:20206000F6F5B6E1820D20BE30001730BFFFE8F85FE2CAFDE0E9B21D20362E00BFFFD8F8AA
:202080007FDA9E0D20E6300041DA1C30BFFFC8F87FDAB6FDE0E9B20D1930DA3106370000FC
:2020A0005FEABFFFB2F841D2E0E9FAF5D58E1000820D20362000233F0100000080FFF40650
:2020C000F4C1B7051850A505145023A7390023AF350023B7310023BF2D0023C7290023CFF0
:2020E000250023D7210023DF1D0023E7190023EF150023FF1100031E3C007F00031EC8FF40
:2021000063FF0D0063EF110063E7150063DF190063D71D0063CF210063C7250063BF2900EF
:2021200063B72D0063AF310063A7350023CF39000958C759415A695A06E807B008B809C09E
:20214000B70509D2A5050BD0E0D1D60D234603001A381D3080FFCA06E051D20541B2E0D1C9
:20216000AA0501D2E0B1C60516DE0100A50501DAE0C1E2051860DB610CDE0100D505D76EC1
:202180000200A20541DA3D5F0600E059C605D7760C00A20541DA19E0BBE11C4017380B303F
:2021A00080FF9A05E0B100E8E61DE0B19615E0D1F70D23AE03001530DD3106370000000030
:2021C000BFFF94F741EAF6E9BF05FAE9D6F5F6E9EF0D20AE30001530BFFF7CF741EAF6E9E1
:2021E000B7FDD50520363000BFFF6CF7E0C1CA05D78E0200D22D20362E00BFFF5AF7E0C1A0
:20220000F20D7FB2DE0D20AE300016A601001530BFFF44F75FC2C2057FA214B0F6F5FAE90F
:20222000EE0D23B603001630DD31063700000000BFFF24F741EA5FC2FAE9E6F5E0C1820D23
:2022400020EE30001D30BFFF0EF75FC2CAFDD7661000E205203620001C3880FF5605F9D99E
:20226000B7051B50A505195023A7350023AF310023B72D0023BF290023C7250023CF2100EE
:2022800023D71D0023DF190023E7150023EF110023FF0D00031E38007F00541A63FF0100F2
:2022A00063EF050063E70900C756000406E0C20520364500B50520366500BFFF9AF6E0E187
:2022C000E6370000C13206362B00BFFF8AF61C30BFFF08F10AEA0A305D30063630000AE035
:2022E000BFFF74F61D301C3880FF300606363000BFFF64F623E7090023EF050023FF01008F
:202300004C1A7F00031ED0FF63FF0D0063EF110063E7150063DF190063D71D0063CF2100B2
:2023200063C7250063BF290063B72D0023C73100684A08B806E007B0B70508CAA50509C889
:2023400023460300393E01001C3008E880FFD204E051A20541B2E0C99215205E30001D68BA
:20236000D9690D6F0000EB699A0D5FCAF2051D78D9790F7F0000EB7992FDE0C9C20519D6BD
:202380000600A50505D23C5F0600E059C605D7860C00A20541D218D8BAD91B4017380B3086
:2023A00080FF9A03033703000000BFFFAAF5E0C9A21520362E00BFFF9EF561CAC60D01E251
:2023C0001D30DC31063700000000BFFF8AF541E2F9E1F7F517381630BFFFC2FED79E1000A8
:2023E000E205203620001B3880FFC803F8D1B7051A50A505185023B72D0023BF290023C7E6
:20240000250023CF210023D71D0023DF190023E7150023EF110023FF0D00031E30007F0011
:20242000031ECCFF63FF0D0063EF110063E7150063DF190063D71D0063CF210063C725002B
:2024400063BF290063B72D0063AF310023C7350009660100696206E007A808B009B8B70583
:2024600009CAA5050CC82346030019381C3008E880FFAE03E051A20541AAE0B9EA05D66E53
:202480000200BA0505D2B50517D606003C5F0600E059C605D6760C00A20541D218D8BAD9BD
:2024A00016381B400B3080FF9402033703000000BFFFA4F4E0B9CA05D67E0200C21D20369D
:2024C0002E00BFFF92F401E261CAB70D1D30DC31063700000000BFFF7EF441E2F9E1F6F509
:2024E000F7E19F0D20EE30001D30BFFF6AF441E2F7E1B7FD16381530BFFFA2FDD696100096
:20250000E205203620001B3880FFA802F8D1B7051A50A505185023AF310023B72D0023BFF5
:20252000290023C7250023CF210023D71D0023DF190023E7150023EF110023FF0D00031E8C
:2025400034007F00031EECFF63FF010063EF050063E7090063DF0D0063D71100400E800047
:202560002156FFFF465107D008D8F205400E010021E678B205EAD50D06EAE031EE05400E0E
:20258000010021E67EB2D505400E010021E685B2E0D1FA05203620001B38BD3980FF140298
:2025A0001C5F0000E059A20DCB36FF00BFFFA8F341E21C5F0000E0598AFDE0D1F205203603
:2025C00020001B38BD3980FFEA01FBE9B7051D50A5051B5023D7110023DF0D0023E70900D9
:2025E00023EF050023FF0100031E14007F00031EE0FF63FF0D0063EF110063E7150063DF7A
:20260000190063D71D00405E807F265701000A604B51EA5907D008D809E006688A0DDA3E29
:2026200010000C301C40BFFF1EFFA54DE0D9AE0506DA233E04002D37010007E880FF960308
:202640001A58885ACB5E03000A60B215615AE215E0D9AA0541DAFB61BF1D7C62961DDA866B
:2026600002009215450E0100215E4C6EACD9D51D450E0100215E4C6E851D450E0100215EAB
:202680007071B515450E0100215EB46CE50D5FDADA8E0200E205450E0100215E7071D50592
:2026A000450E0100215E547063E70100450E010021FE0E741D300C381A401B486B0023D790
:2026C0001D0023DF190023E7150023EF110023FF0D00031E20007F000650C73EFF7F603A1E
:2026E000F21581520A5847500A70806F2A00CB59C6360100C6590B504750806F1A00CE71FA
:20270000CE516042C205685F010000007F00005A005285FD0A48C90EFF7F8F4AE70800004D
:20272000C966FF7F8F4AE7600000E7480000CF62DE4AC149CC49A9596D00501A63FF0100E9
:2027400063EF050063E7090063DF0D00E03108D8CE0520E62D00E50DC7560400C20520E6A9
:202760002000850DC75E0800C20520E62B00A50500E0C7EE1100EA05203620001B3880FFFB
:202780003200E0E1C2051C30BFFFCCF161EAEA05203630001B3880FF1A0023DF0D0023E7F3
:2027A000090023EF050023FF0100031E10007F00541A63FF010063EF050063E70900E03992
:2027C00006E007E8F7051C30BFFF8CF15FEAE0E9BFFD23E7090023EF050023FF01004C1A20
:2027E0007F005C1A63FF0100C65610000760CA0DC66E0100C20520363000B5052036200065
:202800000C38BFFFAEFF23FF0100441A7F001F524152060F00004132600ABAFD7F00031EBC
:20282000DCFF63FF090063EF0D0063E7110063DF150063D7190063CF1D0063C72100E0393B
:2028400008D006C000D807C8872D183080FF58021A5841D20A7630004B770000E0510A60CC
:20286000A215233E000007E80C3080FF4E0238E706003C78637F060018301D3880FF500217
:2028800078E70600400E0100213E8CB2183080FF720241DAF9D9A6DD183080FF0A026552B2
:2028A000912DE0D9FA05208631005A8700000152A5255FD2E0C900D8D715205E39001A6FEF
:2028C0000000416AD86AB86A5A6F0000EB69A70D1A605FD2209630004C97000041DAF9D9B7
:2028E000F6EDFBC9FA05209E31005A9F01000152A505005023C7210023CF1D0023D71900CF
:2029000023DF150023E7110023EF0D0023FF0900031E24007F000000031EECFF63470100C0
:20292000634F050063570900635F0D00636711000040E031D24DBE0526304132E039824D8F
:20294000CE052738413A0142204EFF7F0650A951D90D204EFF7F0750A951890D07584638B5
:202960001F00E6380000A7599525005A004A06600C30E937C000B10D0750A651922DF10579
:20298000414A200E2000E149A205B5F5010AA149E049B60DC15A0C30E937C0000750A6517D
:2029A000E1F5A639415AB5F507580B306142B6052630413223671100235F0D0023570900AF
:2029C000234F050023470100031E14007F000030A5F5031EE4FF63FF090063EF0D0063E77F
:2029E000110063DF150063D7190006E807D080FF46013A570100E051FE451D3080FF50016E
:202A00000A3080FF52010A30BFFF30E906D826304132233E000080FF92011A300A3880FF74
:202A2000E20020EE81003A5F0400FD59B71D400E01002177A0B2EE599A0D3A7F0100400E2F
:202A4000010021879DB2F079D60D400E0100213E94B21A3080FFAC0041DA3A5F0400FD59BB
:202A6000FFE520E67F00FC598E15400E010021EE9CB21A301D3880FF8A005FDA3A8F04009B
:202A8000FC8986FDA50500D81B5023D7190023DF150023E7110023EF0D0023FF0900031E91
:202AA0001C007F00263F040026470100000080772C0108507F0000000640076080773401D0
:202AC0006C3F05006C47010000007F0026660000274F060027570400275F01002C37060099
:202AE0002C3F04002C4701000000807748016C3705006C3F04006C47010000007F00000029
:202B000026660000274F060027570400275F01002C3706002C3F04002C4701000000807761
:202B200094016C3705006C3F04006C47010000007F000000276E00008077FA016D37050046
:202B40006D3F04006D47010000007F000650C15281527F008077CE016042BC156032841D6A
:202B60005C1A8077FE01441A004A20567D00205EA9D84B5E5CDE80773C01004A8007AC02B9
:202B8000603AC20D070E01FF9AFD6032FCF5054A4046FF7F203EFF02D505034A203EFF0067
:202BA0001F32206E5200B5ED581A63FF010063EF050007E880FF5403400E0100213EA4B24D
:202BC0001D30BFFF3EFF1D3080FF64031D5023EF050023FF0100481A7F002708010E7F0035
:202BE000EC05010E2000E14780006E0000426E006042E21D203E9E000848904ACA05084809
:202C0000503AD0420908884ACA050148583AC842844ABA055C3AC4426042940D5F3AC14279
:202C2000E4055F3AC142B4055F3AC1426E00003A6E006042C235605A92358751960DC21538
:202C40000B08EA5F80000A56E0FF8C2D950D8051CA390808EA4780000A56E0FFDC25805158
:202C6000EA0FC00001502649BC15AB418225B905293180418051E10F0000A141F40D5F3A61
:202C8000CA51E10F0000C841C141ACFD6E00CB41D905413A8142484600806E00605ABA05EA
:202CA00049316E000A380B4009306E000032003A6E00293108084B09A235CA39073E81FFC1
:202CC000CB4E03000808910AE1480000C80E03000B509152EA080000825ACB5EFF7FC1496E
:202CE0008242C80EFF7FEB0800008D0AC149C80EFF7F8F42E8580000EA080000EA400000A7
:202D0000824ACB49C1498D4AE10F0000C242C941C405C142C1416E00413A6E00003A004253
:202D20006E0019781A801B881C901D98581A633705000640C94281420638C739983AF205CA
:202D4000070E01FF820D484600806E006042E2FD800736026042A2FD073E00026E0000001D
:202D60006377050008E820CE7F00074681FF400E05B5E1E9B1055FCA414208680846000058
:202D8000AC058041BF776CFE20567E00205EF7174B5E72B1BF771EFF9F6ACF6A0769636FFE
:202DA000000008E019381D4063CF020020567F00405E0080264E0000BF777AFE80DF0202B1
:202DC00007C808D00032233F02001D401F4A20567F00405E0080BF775CFE004A19501A5828
:202DE000BF77D2FE9F32CF3207316337020008E807500858BF77BEFE00320562246EA48A35
:202E000080DF3A02234F02001D58C956FF00BF77A4FE1C58234F000023770500C956FF0095
:202E20000000BF0710FE00000FC810D011D812E013E86042CC15603AE71D0808D90AA90D67
:202E4000CA05C80E0001E20508460001E10F0000C139070E01FFAE1D603AD71D9F32DF325C
:202E6000C14289420831D73A0731604AEA1D481A06507F00275042520A0EE7FFAC15EA471F
:202E8000800048460080003A95DD0042203EFF00034AD5E50808C109890AD205014AF5DDF1
:202EA000003A0042024AB5DD235F010023570500031EECFF634F0100240ED48AC169636F6B
:202EC000050063570900635F0D0063371100634F150063FF19000330BFFF78EA6052DA0D82
:202EE00080FF9C01234F1500090EFBFFEA0F0000010E21006A0F010023FF190023571100B5
:202F0000031E1C007F00000006460000AC058041276600006C3705000000BF77D6FC6C3F4F
:202F200004006C47010000007F000000031EE8FF6337010063CF050063D7090063DF0D00EE
:202F400063E7110063EF150026470100263F040026370600000080EF2E0123EF150023E7A6
:202F6000110023DF0D0023D7090023CF050023670100031E18006C0706006C3F04006C4798
:202F8000010000007F00013A08609062CA050860503AD0420C088862CA050160583AC8427F
:202FA0008462BA055C3AC4426042940D5F3AC142E4055F3AC142B4055F3AC1426E0008D0D1
:202FC00007CE81FF404E00409142484809508F520860EA600000C95EFF7F0808EB080000D7
:202FE000CF62C161400E00408161CF621A08820AC10EFF7FE1500000E1580000CF52CB513B
:20300000AA614860CF4ACC49203E7F00B4055F3AC94909400760086807500858BF7796FCEF
:203020001A5820567F00BF778CFC0C5041520D582648BF7700FCB9397B009F32DF32C7CE93
:20304000FFFF06C908D02D3701002D470500C63EFFFF486A19481950D052B0521A58BF77A3
:2030600054FC486A2D4FF9FF2D5FFDFFC956FFFF0000BF77C0FB5F62EAED7B0024564CB5B6
:203080007F000000613A87359F32DF32070E8AFF8715204E2000A1490850E95780000A3173
:2030A000E147C000BF774CFB603AB205073ED8FF06E000320462246E9C8BBFDF80FF0FD209
:2030C000246EC48BA1E2890D2D5701002D5F05000000BF77E0FB486A5FD2DAF560E28C0D42
:2030E0001DD8BF07DCFE203E7F00404600807D00267F0100400E5000210E524DE179B205B8
:203100001F52E545266705006162E6057F3ACA0500400C48850D613AA63DE761863D074650
:20312000FFFF0748065E0800C462CB61E9410C50CE2D2A87FDFFC6812A97F9FFD2810B9860
:203140000850C452D3512A9701002A670D00C6612A5709001258CA91E691D305F059B905B1
:203160001F52E515E051E70D5F520B70415A0C884162118F00004E8F00000A685F52E069D8
:20318000DFF54142E941D6DD0050A5051F527F00524D50000200000000B1FF0300B1FF03BA
:2031A0000C000000280000000CB1FF030CB1FF033C0C0000340000000000000008B1FF0326
:2031C0000000000000000000010000000000000000000000000000000200000000000000EC
:2031E0000000000000000000000000000000000000000000000000000300000000000000CC
:203200000000000000000000050000000000000000000000000000000000000000000000A9
:20322000090000000000000000000000030000000000000000000000000000000000000082
:20324000170000000000000000000000000000000000000000000000000000000000000057
:2032600000000000000000000000000000000000000000000000000000000000000000004E
:2032800000000000000000000000000000000000000000000000000000000000000000002E
:2032A00000000000000000000000000000000000000000000000000000000000000000000E
:2032C0000000000000000000000000000000000000000000000000000000000000000000EE
:2032E0000000000000000000000000000100000003000000000000000000000000000000CA
:203300000000000000000000000000000000000000000000000000000000000000000000AD
:20332000000021030000000000000000000000000000000033000000000000000000000036
:203340000100050000000000000000007C57000068570000FC590000544E0000506D000021
:2033600084660000946E000018870000C8A40000B0AC0000BC6E0000C066000058A60000AC
:20338000184E000098540000F8A100005CA200009861000094B10000D4660000246D00003B
:2033A00000000000000000000200000000000000000000000000000000000000000000000B
:2033C0000000000000000000000000000000000001000000000000000000000022000000CA
:2033E00000000000000000000000000000000000000000000000000000000000C0270900DD
:203400000000000000000000000000000000000000000000000000000000000000000000AC
:2034200000000000000000000000000000000000000000000000000000000000000000008C
:2034400000000000000000000000000000000000000000000000000000000000000000006C
:203460000000000000000000000000000000000000000000BEC1010000000000BEC101004C
:2034800000000000BEC10100F2B40100000000000000000000000000000000000000000005
:2034A000FCBF01000000000000000000000000000000000000000000000000000000000050
:2034C00000000000A4B401000000000056B4010000000000B4B30100000000000000000020
:2034E0000000000008B4010000000000C2BF0100000000000000000000000000000000008D
:203500000000000000010100000000000000000000000000000000000000000000000000A9
:20352000000000000000000000000000000000000000000200000000000001000000000088
:203540000000000000001F000000000000000100000000000000000000000000000000004B
:2035600000000000000000000000000000000000000000000000000000000000000000004B
:20358000000000000000000000000000000000000000FF000000000000000000000200002A
:2035A00000000000000000000000000000000000000000000000000000000000000000000B
:2035C000000B000001000000000000000000000000000001000000000000000000010000DD
:2035E0000000000000000000000000000000000000000000000000000000000000000000CB
:203600000000000000000000000000000000000000000000000000000000000000000000AA
:20362000010000000100000000000000000000000000000000000000000000000000000088
:20364000000000000000000000000000000000000000000000030300010000003892000099
:2036600001000000000000000000000001040A0012000000989100000100000000000000FE
:20368000000000000203100007000000489000000100000000000000000000000303260009
:2036A000050000006892000001000000000000000000000004020000000000000000000004
:2036C0000000000001000000000000000503040003000000F895000001000000000000004C
:2036E0000000000006071A0007000000789700000000000000000000010000000702000083
:203700000000000000000000000000000100000000000000080300000800000058970000A6
:203720000100000002000000000000000903130008000000C8940000010000000000000002
:20374000000000000A03050003000000489100000100000000000000000000000B03060066
:2037600005000000389600000100000000000000000000000C030A00060000009896000028
:203780000100000000000000000000000D042C000800000018990000000000000000000032
:2037A000010000000E04050006000000D89B00000000000000000000010000000F03000065
:2037C0000100000000000000000000000300000001000000100300000500000000000000CC
:2037E0000000000004000000010000001104020004000000389700000000000000000000DA
:20380000000000001202000008000000689700000100000002000000000000001301020074
:2038200006000000289C0000010000000000000000000000000000FF0000000000000000BE
:20384000000000000000000000000000000119000A00000070A20000010000000000000031
:20386000010101000300000000A400000000000001000000020104000400000010A40000DE
:20388000000000000100000001000000000000000000000000010000000000000000000025
:2038A00000000000000000000000000000000000000000000000000000000000B80B000045
:2038C000000000010000000000000000000000000D000000000000000007050005000000C9
:2038E00040A70000010000000000000000000000010217000800000090A700000100000086
:20390000000000000000000002031B000800000000A90000000000000000000001000000D5
:203920000302010001000000B0AA0000000000000200000001000000040202000400000017
:20394000C0AA00000100000000000000000000000502070003000000E0AA00000100000060
:203960000000000000000000060510001300000050AB00000100000000000000000000001D
:20398000070104000500000050AC00000100000000000000000000000801010020000000EF
:2039A00090AC00000100000001000000000000000901010003000000A0AC0000000000006F
:2039C000000000000100000001000000000032001900010000000000010000000001000097
:2039E0000000000000000000000404000000000000000000000000000000000000000000BF
:203A000000000000000000000000000000000F070F000000FF010000000000000000000081
:203A200000000000000000020B140A0A05002C01E803000000000000000000000000000034
:203A4000000000000000000000000000000000000000000000000000000000000000000066
:203A600000000000000201010001000101000000000000000000000000000000000000003F
:203A8000000000000300000000000000000000000000000000000001000000000000000121
:203AA000000000000000000000000000000000000000000000000001000000000000000104
:203AC00000000000000000000100000000410000FEFF030000410000010000000000000062
:203AE00011000000040000003900000000000000000000004E180A08024142433939415233
:203B000037392D3139483232372D393900415237392D3134473138302D3939004152373905
:203B20002D3139483232372D39390000000000005F5F5F6D756C662E73005F5F5F6469769A
:203B4000662E73005F5F5F616464662E73005F5F5F737562662E73005F5F5F636D70662EB2
:203B600073000000002020202020202020202828282828202020202020202020202020204A
:203B80002020202020881010101010101010101010101010100404040404040404040410D5
:203BA00010101010101041414141414101010101010101010101010101010101010101010B
:203BC0001010101010104242424242420202020202020202020202020202020202020202D1
:203BE000101010102000000000000000000000000000000000000000000000000000000065
:203C00000000000000000000000000000000000000000000000000000000000000000000A4
:203C2000000000000000000000000000000000000000000000000000000000000000000084
:203C4000000000000000000000000000000000000000000000000000000000000000000064
:203C600000000000000000007C000000A38B2EBA7C000000E4388EE37D000000922449929B
:203C80007D000000CDCCCCCC7E000000ABAAAAAA800000000000008061636F73660061736F
:203CA000696E66006174616E66006174616E326600636F73660073696E660074616E66007D
:203CC000636F7368660073696E68660074616E6866006578706600667265787066006C649A
:203CE00065787066006C6F6766006C6F6731306600706F776600737172746600666D6F64CE
:203D00006600737472746F64660061746F66660067616D6D6166006572666600657266637B
:203D20006600793066006A316600793166006A6E6600796E66006C6F673266006879706FD8
:203D400074660061636F736866006173696E6866006174616E686600636272746600000019
:203D60007A000080ABAAAAAA7C000080ABAAAAAA7E000000000000807F00000000000080FE
:203D80007F000000000000807F000000154080807F000000AB0001817F0000005B0504823F
:203DA0007F000000002B10847F000000BC5A41887F0000002E020B917F000000E2F15AA4CC
:203DC0007F000000714C09D3800000005954F8AD81000000C62573EC84000000718164DA7A
:203DE0008A000000EA534FBA96000000855E9787AD00000062FEA18FDB00000068C12CA14E
:203E0000FFFFFFFFFFFFFFFFFFFFFFFFFFFFFFFFFFFFFFFFFFFFFFFFFFFFFFFFFFFFFFFFC2
:203E2000FFFFFFFFFFFFFFFFFFFFFFFFFFFFFFFFFFFFFFFFFFFFFFFFFFFFFFFFFFFFFFFFA2
:203E4000FFFFFFFFFFFFFFFFFFFFFFFFFFFFFFFFFFFFFFFFFFFFFFFFFFFFFFFFFFFFFFFF82
:203E6000FFFFFFFFFFFFFFFFFFFFFFFFFFFFFFFFFFFFFFFFFFFFFFFFFFFFFFFFFFFFFFFF62
:203E8000FFFFFFFFFFFFFFFFFFFFFFFFFFFFFFFFFFFFFFFFFFFFFFFFFFFFFFFFFFFFFFFF42
:203EA000FFFFFFFFFFFFFFFFFFFFFFFFFFFFFFFFFFFFFFFFFFFFFFFFFFFFFFFFFFFFFFFF22
:203EC000FFFFFFFFFFFFFFFFFFFFFFFFFFFFFFFFFFFFFFFFFFFFFFFFFFFFFFFFFFFFFFFF02
:203EE000FFFFFFFFFFFFFFFFFFFFFFFFFFFFFFFFFFFFFFFFFFFFFFFFFFFFFFFFFFFFFFFFE2
:203F0000FFFFFFFFFFFFFFFFFFFFFFFFFFFFFFFFFFFFFFFFFFFFFFFFFFFFFFFFFFFFFFFFC1
:203F2000FFFFFFFFFFFFFFFFFFFFFFFFFFFFFFFFFFFFFFFFFFFFFFFFFFFFFFFFFFFFFFFFA1
:203F4000FFFFFFFFFFFFFFFFFFFFFFFFFFFFFFFFFFFFFFFFFFFFFFFFFFFFFFFFFFFFFFFF81
:203F6000FFFFFFFFFFFFFFFFFFFFFFFFFFFFFFFFFFFFFFFFFFFFFFFFFFFFFFFFFFFFFFFF61
:203F8000FFFFFFFFFFFFFFFFFFFFFFFFFFFFFFFFFFFFFFFFFFFFFFFFFFFFFFFFFFFFFFFF41
:203FA000FFFFFFFFFFFFFFFFFFFFFFFFFFFFFFFFFFFFFFFFFFFFFFFFFFFFFFFFFFFFFFFF21
:203FC000FFFFFFFFFFFFFFFFFFFFFFFFFFFFFFFFFFFFFFFFFFFFFFFFFFFFFFFFFFFFFFFF01
:203FE000FFFFFFFFFFFFFFFFFFFFFFFFFFFFFFFFFFFFFFFFFFFFFFFFFFFFFFFFFFFFFFFFE1
:20400000FFFFFFFFFFFFFFFFFFFFFFFFFFFFFFFFFFFFFFFFFFFFFFFFFFFFFFFFFFFFFFFFC0
:20402000FFFFFFFFFFFFFFFFFFFFFFFFFFFFFFFFFFFFFFFFFFFFFFFFFFFFFFFFFFFFFFFFA0
:20404000FFFFFFFFFFFFFFFFFFFFFFFFFFFFFFFFFFFFFFFFFFFFFFFFFFFFFFFFFFFFFFFF80
:20406000FFFFFFFFFFFFFFFFFFFFFFFFFFFFFFFFFFFFFFFFFFFFFFFFFFFFFFFFFFFFFFFF60
:20408000FFFFFFFFFFFFFFFFFFFFFFFFFFFFFFFFFFFFFFFFFFFFFFFFFFFFFFFFFFFFFFFF40
:2040A000FFFFFFFFFFFFFFFFFFFFFFFFFFFFFFFFFFFFFFFFFFFFFFFFFFFFFFFFFFFFFFFF20
:2040C000FFFFFFFFFFFFFFFFFFFFFFFFFFFFFFFFFFFFFFFFFFFFFFFFFFFFFFFFFFFFFFFF00
:2040E000FFFFFFFFFFFFFFFFFFFFFFFFFFFFFFFFFFFFFFFFFFFFFFFFFFFFFFFFFFFFFFFFE0
:20410000FFFFFFFFFFFFFFFFFFFFFFFFFFFFFFFFFFFFFFFFFFFFFFFFFFFFFFFFFFFFFFFFBF
:20412000FFFFFFFFFFFFFFFFFFFFFFFFFFFFFFFFFFFFFFFFFFFFFFFFFFFFFFFFFFFFFFFF9F
:20414000FFFFFFFFFFFFFFFFFFFFFFFFFFFFFFFFFFFFFFFFFFFFFFFFFFFFFFFFFFFFFFFF7F
:20416000FFFFFFFFFFFFFFFFFFFFFFFFFFFFFFFFFFFFFFFFFFFFFFFFFFFFFFFFFFFFFFFF5F
:20418000FFFFFFFFFFFFFFFFFFFFFFFFFFFFFFFFFFFFFFFFFFFFFFFFFFFFFFFFFFFFFFFF3F
:2041A000FFFFFFFFFFFFFFFFFFFFFFFFFFFFFFFFFFFFFFFFFFFFFFFFFFFFFFFFFFFFFFFF1F
:2041C000FFFFFFFFFFFFFFFFFFFFFFFFFFFFFFFFFFFFFFFFFFFFFFFFFFFFFFFFFFFFFFFFFF
:2041E000FFFFFFFFFFFFFFFFFFFFFFFFFFFFFFFFFFFFFFFFFFFFFFFFFFFFFFFFFFFFFFFFDF
:20420000FFFFFFFFFFFFFFFFFFFFFFFFFFFFFFFFFFFFFFFFFFFFFFFFFFFFFFFFFFFFFFFFBE
:20422000FFFFFFFFFFFFFFFFFFFFFFFFFFFFFFFFFFFFFFFFFFFFFFFFFFFFFFFFFFFFFFFF9E
:20424000FFFFFFFFFFFFFFFFFFFFFFFFFFFFFFFFFFFFFFFFFFFFFFFFFFFFFFFFFFFFFFFF7E
:20426000FFFFFFFFFFFFFFFFFFFFFFFFFFFFFFFFFFFFFFFFFFFFFFFFFFFFFFFFFFFFFFFF5E
:20428000FFFFFFFFFFFFFFFFFFFFFFFFFFFFFFFFFFFFFFFFFFFFFFFFFFFFFFFFFFFFFFFF3E
:2042A000FFFFFFFFFFFFFFFFFFFFFFFFFFFFFFFFFFFFFFFFFFFFFFFFFFFFFFFFFFFFFFFF1E
:2042C000FFFFFFFFFFFFFFFFFFFFFFFFFFFFFFFFFFFFFFFFFFFFFFFFFFFFFFFFFFFFFFFFFE
:2042E000FFFFFFFFFFFFFFFFFFFFFFFFFFFFFFFFFFFFFFFFFFFFFFFFFFFFFFFFFFFFFFFFDE
:20430000FFFFFFFFFFFFFFFFFFFFFFFFFFFFFFFFFFFFFFFFFFFFFFFFFFFFFFFFFFFFFFFFBD
:20432000FFFFFFFFFFFFFFFFFFFFFFFFFFFFFFFFFFFFFFFFFFFFFFFFFFFFFFFFFFFFFFFF9D
:20434000FFFFFFFFFFFFFFFFFFFFFFFFFFFFFFFFFFFFFFFFFFFFFFFFFFFFFFFFFFFFFFFF7D
:20436000FFFFFFFFFFFFFFFFFFFFFFFFFFFFFFFFFFFFFFFFFFFFFFFFFFFFFFFFFFFFFFFF5D
:20438000FFFFFFFFFFFFFFFFFFFFFFFFFFFFFFFFFFFFFFFFFFFFFFFFFFFFFFFFFFFFFFFF3D
:2043A000FFFFFFFFFFFFFFFFFFFFFFFFFFFFFFFFFFFFFFFFFFFFFFFFFFFFFFFFFFFFFFFF1D
:2043C000FFFFFFFFFFFFFFFFFFFFFFFFFFFFFFFFFFFFFFFFFFFFFFFFFFFFFFFFFFFFFFFFFD
:2043E000FFFFFFFFFFFFFFFFFFFFFFFFFFFFFFFFFFFFFFFFFFFFFFFFFFFFFFFFFFFFFFFFDD
:20440000FFFFFFFFFFFFFFFFFFFFFFFFFFFFFFFFFFFFFFFFFFFFFFFFFFFFFFFFFFFFFFFFBC
:20442000FFFFFFFFFFFFFFFFFFFFFFFFFFFFFFFFFFFFFFFFFFFFFFFFFFFFFFFFFFFFFFFF9C
:20444000FFFFFFFFFFFFFFFFFFFFFFFFFFFFFFFFFFFFFFFFFFFFFFFFFFFFFFFFFFFFFFFF7C
:20446000FFFFFFFFFFFFFFFFFFFFFFFFFFFFFFFFFFFFFFFFFFFFFFFFFFFFFFFFFFFFFFFF5C
:20448000FFFFFFFFFFFFFFFFFFFFFFFFFFFFFFFFFFFFFFFFFFFFFFFFFFFFFFFFFFFFFFFF3C
:2044A000FFFFFFFFFFFFFFFFFFFFFFFFFFFFFFFFFFFFFFFFFFFFFFFFFFFFFFFFFFFFFFFF1C
:2044C000FFFFFFFFFFFFFFFFFFFFFFFFFFFFFFFFFFFFFFFFFFFFFFFFFFFFFFFFFFFFFFFFFC
:2044E000FFFFFFFFFFFFFFFFFFFFFFFFFFFFFFFFFFFFFFFFFFFFFFFFFFFFFFFFFFFFFFFFDC
:20450000FFFFFFFFFFFFFFFFFFFFFFFFFFFFFFFFFFFFFFFFFFFFFFFFFFFFFFFFFFFFFFFFBB
:20452000FFFFFFFFFFFFFFFFFFFFFFFFFFFFFFFFFFFFFFFFFFFFFFFFFFFFFFFFFFFFFFFF9B
:20454000FFFFFFFFFFFFFFFFFFFFFFFFFFFFFFFFFFFFFFFFFFFFFFFFFFFFFFFFFFFFFFFF7B
:20456000FFFFFFFFFFFFFFFFFFFFFFFFFFFFFFFFFFFFFFFFFFFFFFFFFFFFFFFFFFFFFFFF5B
:20458000FFFFFFFFFFFFFFFFFFFFFFFFFFFFFFFFFFFFFFFFFFFFFFFFFFFFFFFFFFFFFFFF3B
:2045A000FFFFFFFFFFFFFFFFFFFFFFFFFFFFFFFFFFFFFFFFFFFFFFFFFFFFFFFFFFFFFFFF1B
:2045C000FFFFFFFFFFFFFFFFFFFFFFFFFFFFFFFFFFFFFFFFFFFFFFFFFFFFFFFFFFFFFFFFFB
:2045E000FFFFFFFFFFFFFFFFFFFFFFFFFFFFFFFFFFFFFFFFFFFFFFFFFFFFFFFFFFFFFFFFDB
:20460000FFFFFFFFFFFFFFFFFFFFFFFFFFFFFFFFFFFFFFFFFFFFFFFFFFFFFFFFFFFFFFFFBA
:20462000FFFFFFFFFFFFFFFFFFFFFFFFFFFFFFFFFFFFFFFFFFFFFFFFFFFFFFFFFFFFFFFF9A
:20464000FFFFFFFFFFFFFFFFFFFFFFFFFFFFFFFFFFFFFFFFFFFFFFFFFFFFFFFFFFFFFFFF7A
:20466000FFFFFFFFFFFFFFFFFFFFFFFFFFFFFFFFFFFFFFFFFFFFFFFFFFFFFFFFFFFFFFFF5A
:20468000FFFFFFFFFFFFFFFFFFFFFFFFFFFFFFFFFFFFFFFFFFFFFFFFFFFFFFFFFFFFFFFF3A
:2046A000FFFFFFFFFFFFFFFFFFFFFFFFFFFFFFFFFFFFFFFFFFFFFFFFFFFFFFFFFFFFFFFF1A
:2046C000FFFFFFFFFFFFFFFFFFFFFFFFFFFFFFFFFFFFFFFFFFFFFFFFFFFFFFFFFFFFFFFFFA
:2046E000FFFFFFFFFFFFFFFFFFFFFFFFFFFFFFFFFFFFFFFFFFFFFFFFFFFFFFFFFFFFFFFFDA
:20470000FFFFFFFFFFFFFFFFFFFFFFFFFFFFFFFFFFFFFFFFFFFFFFFFFFFFFFFFFFFFFFFFB9
:20472000FFFFFFFFFFFFFFFFFFFFFFFFFFFFFFFFFFFFFFFFFFFFFFFFFFFFFFFFFFFFFFFF99
:20474000FFFFFFFFFFFFFFFFFFFFFFFFFFFFFFFFFFFFFFFFFFFFFFFFFFFFFFFFFFFFFFFF79
:20476000FFFFFFFFFFFFFFFFFFFFFFFFFFFFFFFFFFFFFFFFFFFFFFFFFFFFFFFFFFFFFFFF59
:20478000FFFFFFFFFFFFFFFFFFFFFFFFFFFFFFFFFFFFFFFFFFFFFFFFFFFFFFFFFFFFFFFF39
:2047A000FFFFFFFFFFFFFFFFFFFFFFFFFFFFFFFFFFFFFFFFFFFFFFFFFFFFFFFFFFFFFFFF19
:2047C000FFFFFFFFFFFFFFFFFFFFFFFFFFFFFFFFFFFFFFFFFFFFFFFFFFFFFFFFFFFFFFFFF9
:2047E000FFFFFFFFFFFFFFFFFFFFFFFFFFFFFFFFFFFFFFFFFFFFFFFFFFFFFFFFFFFFFFFFD9
:20480000FFFFFFFFFFFFFFFFFFFFFFFFFFFFFFFFFFFFFFFFFFFFFFFFFFFFFFFFFFFFFFFFB8
:20482000FFFFFFFFFFFFFFFFFFFFFFFFFFFFFFFFFFFFFFFFFFFFFFFFFFFFFFFFFFFFFFFF98
:20484000FFFFFFFFFFFFFFFFFFFFFFFFFFFFFFFFFFFFFFFFFFFFFFFFFFFFFFFFFFFFFFFF78
:20486000FFFFFFFFFFFFFFFFFFFFFFFFFFFFFFFFFFFFFFFFFFFFFFFFFFFFFFFFFFFFFFFF58
:20488000FFFFFFFFFFFFFFFFFFFFFFFFFFFFFFFFFFFFFFFFFFFFFFFFFFFFFFFFFFFFFFFF38
:2048A000FFFFFFFFFFFFFFFFFFFFFFFFFFFFFFFFFFFFFFFFFFFFFFFFFFFFFFFFFFFFFFFF18
:2048C000FFFFFFFFFFFFFFFFFFFFFFFFFFFFFFFFFFFFFFFFFFFFFFFFFFFFFFFFFFFFFFFFF8
:2048E000FFFFFFFFFFFFFFFFFFFFFFFFFFFFFFFFFFFFFFFFFFFFFFFFFFFFFFFFFFFFFFFFD8
:20490000FFFFFFFFFFFFFFFFFFFFFFFFFFFFFFFFFFFFFFFFFFFFFFFFFFFFFFFFFFFFFFFFB7
:20492000FFFFFFFFFFFFFFFFFFFFFFFFFFFFFFFFFFFFFFFFFFFFFFFFFFFFFFFFFFFFFFFF97
:20494000FFFFFFFFFFFFFFFFFFFFFFFFFFFFFFFFFFFFFFFFFFFFFFFFFFFFFFFFFFFFFFFF77
:20496000FFFFFFFFFFFFFFFFFFFFFFFFFFFFFFFFFFFFFFFFFFFFFFFFFFFFFFFFFFFFFFFF57
:20498000FFFFFFFFFFFFFFFFFFFFFFFFFFFFFFFFFFFFFFFFFFFFFFFFFFFFFFFFFFFFFFFF37
:2049A000FFFFFFFFFFFFFFFFFFFFFFFFFFFFFFFFFFFFFFFFFFFFFFFFFFFFFFFFFFFFFFFF17
:2049C000FFFFFFFFFFFFFFFFFFFFFFFFFFFFFFFFFFFFFFFFFFFFFFFFFFFFFFFFFFFFFFFFF7
:2049E000FFFFFFFFFFFFFFFFFFFFFFFFFFFFFFFFFFFFFFFFFFFFFFFFFFFFFFFFFFFFFFFFD7
:204A0000FFFFFFFFFFFFFFFFFFFFFFFFFFFFFFFFFFFFFFFFFFFFFFFFFFFFFFFFFFFFFFFFB6
:204A2000FFFFFFFFFFFFFFFFFFFFFFFFFFFFFFFFFFFFFFFFFFFFFFFFFFFFFFFFFFFFFFFF96
:204A4000FFFFFFFFFFFFFFFFFFFFFFFFFFFFFFFFFFFFFFFFFFFFFFFFFFFFFFFFFFFFFFFF76
:204A6000FFFFFFFFFFFFFFFFFFFFFFFFFFFFFFFFFFFFFFFFFFFFFFFFFFFFFFFFFFFFFFFF56
:204A8000FFFFFFFFFFFFFFFFFFFFFFFFFFFFFFFFFFFFFFFFFFFFFFFFFFFFFFFFFFFFFFFF36
:204AA000FFFFFFFFFFFFFFFFFFFFFFFFFFFFFFFFFFFFFFFFFFFFFFFFFFFFFFFFFFFFFFFF16
:204AC000FFFFFFFFFFFFFFFFFFFFFFFFFFFFFFFFFFFFFFFFFFFFFFFFFFFFFFFFFFFFFFFFF6
:204AE000FFFFFFFFFFFFFFFFFFFFFFFFFFFFFFFFFFFFFFFFFFFFFFFFFFFFFFFFFFFFFFFFD6
:204B0000FFFFFFFFFFFFFFFFFFFFFFFFFFFFFFFFFFFFFFFFFFFFFFFFFFFFFFFFFFFFFFFFB5
:204B2000FFFFFFFFFFFFFFFFFFFFFFFFFFFFFFFFFFFFFFFFFFFFFFFFFFFFFFFFFFFFFFFF95
:204B4000FFFFFFFFFFFFFFFFFFFFFFFFFFFFFFFFFFFFFFFFFFFFFFFFFFFFFFFFFFFFFFFF75
:204B6000FFFFFFFFFFFFFFFFFFFFFFFFFFFFFFFFFFFFFFFFFFFFFFFFFFFFFFFFFFFFFFFF55
:204B8000FFFFFFFFFFFFFFFFFFFFFFFFFFFFFFFFFFFFFFFFFFFFFFFFFFFFFFFFFFFFFFFF35
:204BA000FFFFFFFFFFFFFFFFFFFFFFFFFFFFFFFFFFFFFFFFFFFFFFFFFFFFFFFFFFFFFFFF15
:204BC000FFFFFFFFFFFFFFFFFFFFFFFFFFFFFFFFFFFFFFFFFFFFFFFFFFFFFFFFFFFFFFFFF5
:204BE000FFFFFFFFFFFFFFFFFFFFFFFFFFFFFFFFFFFFFFFFFFFFFFFFFFFFFFFFFFFFFFFFD5
:204C0000FFFFFFFFFFFFFFFFFFFFFFFFFFFFFFFFFFFFFFFFFFFFFFFFFFFFFFFFFFFFFFFFB4
:204C2000FFFFFFFFFFFFFFFFFFFFFFFFFFFFFFFFFFFFFFFFFFFFFFFFFFFFFFFFFFFFFFFF94
:204C4000FFFFFFFFFFFFFFFFFFFFFFFFFFFFFFFFFFFFFFFFFFFFFFFFFFFFFFFFFFFFFFFF74
:204C6000FFFFFFFFFFFFFFFFFFFFFFFFFFFFFFFFFFFFFFFFFFFFFFFFFFFFFFFFFFFFFFFF54
:204C8000FFFFFFFFFFFFFFFFFFFFFFFFFFFFFFFFFFFFFFFFFFFFFFFFFFFFFFFFFFFFFFFF34
:204CA000FFFFFFFFFFFFFFFFFFFFFFFFFFFFFFFFFFFFFFFFFFFFFFFFFFFFFFFFFFFFFFFF14
:204CC000FFFFFFFFFFFFFFFFFFFFFFFFFFFFFFFFFFFFFFFFFFFFFFFFFFFFFFFFFFFFFFFFF4
:204CE000FFFFFFFFFFFFFFFFFFFFFFFFFFFFFFFFFFFFFFFFFFFFFFFFFFFFFFFFFFFFFFFFD4
:204D0000FFFFFFFFFFFFFFFFFFFFFFFFFFFFFFFFFFFFFFFFFFFFFFFFFFFFFFFFFFFFFFFFB3
:204D2000FFFFFFFFFFFFFFFFFFFFFFFFFFFFFFFFFFFFFFFFFFFFFFFFFFFFFFFFFFFFFFFF93
:204D4000FFFFFFFFFFFFFFFFFFFFFFFFFFFFFFFFFFFFFFFFFFFFFFFFFFFFFFFFFFFFFFFF73
:204D6000FFFFFFFFFFFFFFFFFFFFFFFFFFFFFFFFFFFFFFFFFFFFFFFFFFFFFFFFFFFFFFFF53
:204D8000FFFFFFFFFFFFFFFFFFFFFFFFFFFFFFFFFFFFFFFFFFFFFFFFFFFFFFFFFFFFFFFF33
:204DA000FFFFFFFFFFFFFFFFFFFFFFFFFFFFFFFFFFFFFFFFFFFFFFFFFFFFFFFFFFFFFFFF13
:204DC000FFFFFFFFFFFFFFFFFFFFFFFFFFFFFFFFFFFFFFFFFFFFFFFFFFFFFFFFFFFFFFFFF3
:204DE000FFFFFFFFFFFFFFFFFFFFFFFFFFFFFFFFFFFFFFFFFFFFFFFFFFFFFFFFFFFFFFFFD3
:204E0000FFFFFFFFFFFFFFFFFFFFFFFFFFFFFFFFFFFFFFFFFFFFFFFFFFFFFFFFFFFFFFFFB2
:204E2000FFFFFFFFFFFFFFFFFFFFFFFFFFFFFFFFFFFFFFFFFFFFFFFFFFFFFFFFFFFFFFFF92
:204E4000FFFFFFFFFFFFFFFFFFFFFFFFFFFFFFFFFFFFFFFFFFFFFFFFFFFFFFFFFFFFFFFF72
:204E6000FFFFFFFFFFFFFFFFFFFFFFFFFFFFFFFFFFFFFFFFFFFFFFFFFFFFFFFFFFFFFFFF52
:204E8000FFFFFFFFFFFFFFFFFFFFFFFFFFFFFFFFFFFFFFFFFFFFFFFFFFFFFFFFFFFFFFFF32
:204EA000FFFFFFFFFFFFFFFFFFFFFFFFFFFFFFFFFFFFFFFFFFFFFFFFFFFFFFFFFFFFFFFF12
:204EC000FFFFFFFFFFFFFFFFFFFFFFFFFFFFFFFFFFFFFFFFFFFFFFFFFFFFFFFFFFFFFFFFF2
:204EE000FFFFFFFFFFFFFFFFFFFFFFFFFFFFFFFFFFFFFFFFFFFFFFFFFFFFFFFFFFFFFFFFD2
:204F0000FFFFFFFFFFFFFFFFFFFFFFFFFFFFFFFFFFFFFFFFFFFFFFFFFFFFFFFFFFFFFFFFB1
:204F2000FFFFFFFFFFFFFFFFFFFFFFFFFFFFFFFFFFFFFFFFFFFFFFFFFFFFFFFFFFFFFFFF91
:204F4000FFFFFFFFFFFFFFFFFFFFFFFFFFFFFFFFFFFFFFFFFFFFFFFFFFFFFFFFFFFFFFFF71
:204F6000FFFFFFFFFFFFFFFFFFFFFFFFFFFFFFFFFFFFFFFFFFFFFFFFFFFFFFFFFFFFFFFF51
:204F8000FFFFFFFFFFFFFFFFFFFFFFFFFFFFFFFFFFFFFFFFFFFFFFFFFFFFFFFFFFFFFFFF31
:204FA000FFFFFFFFFFFFFFFFFFFFFFFFFFFFFFFFFFFFFFFFFFFFFFFFFFFFFFFFFFFFFFFF11
:204FC000FFFFFFFFFFFFFFFFFFFFFFFFFFFFFFFFFFFFFFFFFFFFFFFFFFFFFFFFFFFFFFFFF1
:204FE000FFFFFFFFFFFFFFFFFFFFFFFFFFFFFFFFFFFFFFFFFFFFFFFFFFFFFFFFFFFFFFFFD1
:20500000FFFFFFFFFFFFFFFFFFFFFFFFFFFFFFFFFFFFFFFFFFFFFFFFFFFFFFFFFFFFFFFFB0
:20502000FFFFFFFFFFFFFFFFFFFFFFFFFFFFFFFFFFFFFFFFFFFFFFFFFFFFFFFFFFFFFFFF90
:20504000FFFFFFFFFFFFFFFFFFFFFFFFFFFFFFFFFFFFFFFFFFFFFFFFFFFFFFFFFFFFFFFF70
:20506000FFFFFFFFFFFFFFFFFFFFFFFFFFFFFFFFFFFFFFFFFFFFFFFFFFFFFFFFFFFFFFFF50
:20508000FFFFFFFFFFFFFFFFFFFFFFFFFFFFFFFFFFFFFFFFFFFFFFFFFFFFFFFFFFFFFFFF30
:2050A000FFFFFFFFFFFFFFFFFFFFFFFFFFFFFFFFFFFFFFFFFFFFFFFFFFFFFFFFFFFFFFFF10
:2050C000FFFFFFFFFFFFFFFFFFFFFFFFFFFFFFFFFFFFFFFFFFFFFFFFFFFFFFFFFFFFFFFFF0
:2050E000FFFFFFFFFFFFFFFFFFFFFFFFFFFFFFFFFFFFFFFFFFFFFFFFFFFFFFFFFFFFFFFFD0
:20510000FFFFFFFFFFFFFFFFFFFFFFFFFFFFFFFFFFFFFFFFFFFFFFFFFFFFFFFFFFFFFFFFAF
:20512000FFFFFFFFFFFFFFFFFFFFFFFFFFFFFFFFFFFFFFFFFFFFFFFFFFFFFFFFFFFFFFFF8F
:20514000FFFFFFFFFFFFFFFFFFFFFFFFFFFFFFFFFFFFFFFFFFFFFFFFFFFFFFFFFFFFFFFF6F
:20516000FFFFFFFFFFFFFFFFFFFFFFFFFFFFFFFFFFFFFFFFFFFFFFFFFFFFFFFFFFFFFFFF4F
:20518000FFFFFFFFFFFFFFFFFFFFFFFFFFFFFFFFFFFFFFFFFFFFFFFFFFFFFFFFFFFFFFFF2F
:2051A000FFFFFFFFFFFFFFFFFFFFFFFFFFFFFFFFFFFFFFFFFFFFFFFFFFFFFFFFFFFFFFFF0F
:2051C000FFFFFFFFFFFFFFFFFFFFFFFFFFFFFFFFFFFFFFFFFFFFFFFFFFFFFFFFFFFFFFFFEF
:2051E000FFFFFFFFFFFFFFFFFFFFFFFFFFFFFFFFFFFFFFFFFFFFFFFFFFFFFFFFFFFFFFFFCF
:20520000FFFFFFFFFFFFFFFFFFFFFFFFFFFFFFFFFFFFFFFFFFFFFFFFFFFFFFFFFFFFFFFFAE
:20522000FFFFFFFFFFFFFFFFFFFFFFFFFFFFFFFFFFFFFFFFFFFFFFFFFFFFFFFFFFFFFFFF8E
:20524000FFFFFFFFFFFFFFFFFFFFFFFFFFFFFFFFFFFFFFFFFFFFFFFFFFFFFFFFFFFFFFFF6E
:20526000FFFFFFFFFFFFFFFFFFFFFFFFFFFFFFFFFFFFFFFFFFFFFFFFFFFFFFFFFFFFFFFF4E
:20528000FFFFFFFFFFFFFFFFFFFFFFFFFFFFFFFFFFFFFFFFFFFFFFFFFFFFFFFFFFFFFFFF2E
:2052A000FFFFFFFFFFFFFFFFFFFFFFFFFFFFFFFFFFFFFFFFFFFFFFFFFFFFFFFFFFFFFFFF0E
:2052C000FFFFFFFFFFFFFFFFFFFFFFFFFFFFFFFFFFFFFFFFFFFFFFFFFFFFFFFFFFFFFFFFEE
:2052E000FFFFFFFFFFFFFFFFFFFFFFFFFFFFFFFFFFFFFFFFFFFFFFFFFFFFFFFFFFFFFFFFCE
:20530000FFFFFFFFFFFFFFFFFFFFFFFFFFFFFFFFFFFFFFFFFFFFFFFFFFFFFFFFFFFFFFFFAD
:20532000FFFFFFFFFFFFFFFFFFFFFFFFFFFFFFFFFFFFFFFFFFFFFFFFFFFFFFFFFFFFFFFF8D
:20534000FFFFFFFFFFFFFFFFFFFFFFFFFFFFFFFFFFFFFFFFFFFFFFFFFFFFFFFFFFFFFFFF6D
:20536000FFFFFFFFFFFFFFFFFFFFFFFFFFFFFFFFFFFFFFFFFFFFFFFFFFFFFFFFFFFFFFFF4D
:20538000FFFFFFFFFFFFFFFFFFFFFFFFFFFFFFFFFFFFFFFFFFFFFFFFFFFFFFFFFFFFFFFF2D
:2053A000FFFFFFFFFFFFFFFFFFFFFFFFFFFFFFFFFFFFFFFFFFFFFFFFFFFFFFFFFFFFFFFF0D
:2053C000FFFFFFFFFFFFFFFFFFFFFFFFFFFFFFFFFFFFFFFFFFFFFFFFFFFFFFFFFFFFFFFFED
:2053E000FFFFFFFFFFFFFFFFFFFFFFFFFFFFFFFFFFFFFFFFFFFFFFFFFFFFFFFFFFFFFFFFCD
:20540000FFFFFFFFFFFFFFFFFFFFFFFFFFFFFFFFFFFFFFFFFFFFFFFFFFFFFFFFFFFFFFFFAC
:20542000FFFFFFFFFFFFFFFFFFFFFFFFFFFFFFFFFFFFFFFFFFFFFFFFFFFFFFFFFFFFFFFF8C
:20544000FFFFFFFFFFFFFFFFFFFFFFFFFFFFFFFFFFFFFFFFFFFFFFFFFFFFFFFFFFFFFFFF6C
:20546000FFFFFFFFFFFFFFFFFFFFFFFFFFFFFFFFFFFFFFFFFFFFFFFFFFFFFFFFFFFFFFFF4C
:20548000FFFFFFFFFFFFFFFFFFFFFFFFFFFFFFFFFFFFFFFFFFFFFFFFFFFFFFFFFFFFFFFF2C
:2054A000FFFFFFFFFFFFFFFFFFFFFFFFFFFFFFFFFFFFFFFFFFFFFFFFFFFFFFFFFFFFFFFF0C
:2054C000FFFFFFFFFFFFFFFFFFFFFFFFFFFFFFFFFFFFFFFFFFFFFFFFFFFFFFFFFFFFFFFFEC
:2054E000FFFFFFFFFFFFFFFFFFFFFFFFFFFFFFFFFFFFFFFFFFFFFFFFFFFFFFFFFFFFFFFFCC
:20550000FFFFFFFFFFFFFFFFFFFFFFFFFFFFFFFFFFFFFFFFFFFFFFFFFFFFFFFFFFFFFFFFAB
:20552000FFFFFFFFFFFFFFFFFFFFFFFFFFFFFFFFFFFFFFFFFFFFFFFFFFFFFFFFFFFFFFFF8B
:20554000FFFFFFFFFFFFFFFFFFFFFFFFFFFFFFFFFFFFFFFFFFFFFFFFFFFFFFFFFFFFFFFF6B
:20556000FFFFFFFFFFFFFFFFFFFFFFFFFFFFFFFFFFFFFFFFFFFFFFFFFFFFFFFFFFFFFFFF4B
:20558000FFFFFFFFFFFFFFFFFFFFFFFFFFFFFFFFFFFFFFFFFFFFFFFFFFFFFFFFFFFFFFFF2B
:2055A000FFFFFFFFFFFFFFFFFFFFFFFFFFFFFFFFFFFFFFFFFFFFFFFFFFFFFFFFFFFFFFFF0B
:2055C000FFFFFFFFFFFFFFFFFFFFFFFFFFFFFFFFFFFFFFFFFFFFFFFFFFFFFFFFFFFFFFFFEB
:2055E000FFFFFFFFFFFFFFFFFFFFFFFFFFFFFFFFFFFFFFFFFFFFFFFFFFFFFFFFFFFFFFFFCB
:20560000FFFFFFFFFFFFFFFFFFFFFFFFFFFFFFFFFFFFFFFFFFFFFFFFFFFFFFFFFFFFFFFFAA
:20562000FFFFFFFFFFFFFFFFFFFFFFFFFFFFFFFFFFFFFFFFFFFFFFFFFFFFFFFFFFFFFFFF8A
:20564000FFFFFFFFFFFFFFFFFFFFFFFFFFFFFFFFFFFFFFFFFFFFFFFFFFFFFFFFFFFFFFFF6A
:20566000FFFFFFFFFFFFFFFFFFFFFFFFFFFFFFFFFFFFFFFFFFFFFFFFFFFFFFFFFFFFFFFF4A
:20568000FFFFFFFFFFFFFFFFFFFFFFFFFFFFFFFFFFFFFFFFFFFFFFFFFFFFFFFFFFFFFFFF2A
:2056A000FFFFFFFFFFFFFFFFFFFFFFFFFFFFFFFFFFFFFFFFFFFFFFFFFFFFFFFFFFFFFFFF0A
:2056C000FFFFFFFFFFFFFFFFFFFFFFFFFFFFFFFFFFFFFFFFFFFFFFFFFFFFFFFFFFFFFFFFEA
:2056E000FFFFFFFFFFFFFFFFFFFFFFFFFFFFFFFFFFFFFFFFFFFFFFFFFFFFFFFFFFFFFFFFCA
:20570000FFFFFFFFFFFFFFFFFFFFFFFFFFFFFFFFFFFFFFFFFFFFFFFFFFFFFFFFFFFFFFFFA9
:20572000FFFFFFFFFFFFFFFFFFFFFFFFFFFFFFFFFFFFFFFFFFFFFFFFFFFFFFFFFFFFFFFF89
:20574000FFFFFFFFFFFFFFFFFFFFFFFFFFFFFFFFFFFFFFFFFFFFFFFFFFFFFFFFFFFFFFFF69
:20576000FFFFFFFFFFFFFFFFFFFFFFFFFFFFFFFFFFFFFFFFFFFFFFFFFFFFFFFFFFFFFFFF49
:20578000FFFFFFFFFFFFFFFFFFFFFFFFFFFFFFFFFFFFFFFFFFFFFFFFFFFFFFFFFFFFFFFF29
:2057A000FFFFFFFFFFFFFFFFFFFFFFFFFFFFFFFFFFFFFFFFFFFFFFFFFFFFFFFFFFFFFFFF09
:2057C000FFFFFFFFFFFFFFFFFFFFFFFFFFFFFFFFFFFFFFFFFFFFFFFFFFFFFFFFFFFFFFFFE9
:2057E000FFFFFFFFFFFFFFFFFFFFFFFFFFFFFFFFFFFFFFFFFFFFFFFFFFFFFFFFFFFFFFFFC9
:20580000FFFFFFFFFFFFFFFFFFFFFFFFFFFFFFFFFFFFFFFFFFFFFFFFFFFFFFFFFFFFFFFFA8
:20582000FFFFFFFFFFFFFFFFFFFFFFFFFFFFFFFFFFFFFFFFFFFFFFFFFFFFFFFFFFFFFFFF88
:20584000FFFFFFFFFFFFFFFFFFFFFFFFFFFFFFFFFFFFFFFFFFFFFFFFFFFFFFFFFFFFFFFF68
:20586000FFFFFFFFFFFFFFFFFFFFFFFFFFFFFFFFFFFFFFFFFFFFFFFFFFFFFFFFFFFFFFFF48
:20588000FFFFFFFFFFFFFFFFFFFFFFFFFFFFFFFFFFFFFFFFFFFFFFFFFFFFFFFFFFFFFFFF28
:2058A000FFFFFFFFFFFFFFFFFFFFFFFFFFFFFFFFFFFFFFFFFFFFFFFFFFFFFFFFFFFFFFFF08
:2058C000FFFFFFFFFFFFFFFFFFFFFFFFFFFFFFFFFFFFFFFFFFFFFFFFFFFFFFFFFFFFFFFFE8
:2058E000FFFFFFFFFFFFFFFFFFFFFFFFFFFFFFFFFFFFFFFFFFFFFFFFFFFFFFFFFFFFFFFFC8
:20590000FFFFFFFFFFFFFFFFFFFFFFFFFFFFFFFFFFFFFFFFFFFFFFFFFFFFFFFFFFFFFFFFA7
:20592000FFFFFFFFFFFFFFFFFFFFFFFFFFFFFFFFFFFFFFFFFFFFFFFFFFFFFFFFFFFFFFFF87
:20594000FFFFFFFFFFFFFFFFFFFFFFFFFFFFFFFFFFFFFFFFFFFFFFFFFFFFFFFFFFFFFFFF67
:20596000FFFFFFFFFFFFFFFFFFFFFFFFFFFFFFFFFFFFFFFFFFFFFFFFFFFFFFFFFFFFFFFF47
:20598000FFFFFFFFFFFFFFFFFFFFFFFFFFFFFFFFFFFFFFFFFFFFFFFFFFFFFFFFFFFFFFFF27
:2059A000FFFFFFFFFFFFFFFFFFFFFFFFFFFFFFFFFFFFFFFFFFFFFFFFFFFFFFFFFFFFFFFF07
:2059C000FFFFFFFFFFFFFFFFFFFFFFFFFFFFFFFFFFFFFFFFFFFFFFFFFFFFFFFFFFFFFFFFE7
:2059E000FFFFFFFFFFFFFFFFFFFFFFFFFFFFFFFFFFFFFFFFFFFFFFFFFFFFFFFFFFFFFFFFC7
:205A0000FFFFFFFFFFFFFFFFFFFFFFFFFFFFFFFFFFFFFFFFFFFFFFFFFFFFFFFFFFFFFFFFA6
:205A2000FFFFFFFFFFFFFFFFFFFFFFFFFFFFFFFFFFFFFFFFFFFFFFFFFFFFFFFFFFFFFFFF86
:205A4000FFFFFFFFFFFFFFFFFFFFFFFFFFFFFFFFFFFFFFFFFFFFFFFFFFFFFFFFFFFFFFFF66
:205A6000FFFFFFFFFFFFFFFFFFFFFFFFFFFFFFFFFFFFFFFFFFFFFFFFFFFFFFFFFFFFFFFF46
:205A8000FFFFFFFFFFFFFFFFFFFFFFFFFFFFFFFFFFFFFFFFFFFFFFFFFFFFFFFFFFFFFFFF26
:205AA000FFFFFFFFFFFFFFFFFFFFFFFFFFFFFFFFFFFFFFFFFFFFFFFFFFFFFFFFFFFFFFFF06
:205AC000FFFFFFFFFFFFFFFFFFFFFFFFFFFFFFFFFFFFFFFFFFFFFFFFFFFFFFFFFFFFFFFFE6
:205AE000FFFFFFFFFFFFFFFFFFFFFFFFFFFFFFFFFFFFFFFFFFFFFFFFFFFFFFFFFFFFFFFFC6
:205B0000FFFFFFFFFFFFFFFFFFFFFFFFFFFFFFFFFFFFFFFFFFFFFFFFFFFFFFFFFFFFFFFFA5
:205B2000FFFFFFFFFFFFFFFFFFFFFFFFFFFFFFFFFFFFFFFFFFFFFFFFFFFFFFFFFFFFFFFF85
:205B4000FFFFFFFFFFFFFFFFFFFFFFFFFFFFFFFFFFFFFFFFFFFFFFFFFFFFFFFFFFFFFFFF65
:205B6000FFFFFFFFFFFFFFFFFFFFFFFFFFFFFFFFFFFFFFFFFFFFFFFFFFFFFFFFFFFFFFFF45
:205B8000FFFFFFFFFFFFFFFFFFFFFFFFFFFFFFFFFFFFFFFFFFFFFFFFFFFFFFFFFFFFFFFF25
:205BA000FFFFFFFFFFFFFFFFFFFFFFFFFFFFFFFFFFFFFFFFFFFFFFFFFFFFFFFFFFFFFFFF05
:205BC000FFFFFFFFFFFFFFFFFFFFFFFFFFFFFFFFFFFFFFFFFFFFFFFFFFFFFFFFFFFFFFFFE5
:205BE000FFFFFFFFFFFFFFFFFFFFFFFFFFFFFFFFFFFFFFFFFFFFFFFFFFFFFFFFFFFFFFFFC5
:205C0000FFFFFFFFFFFFFFFFFFFFFFFFFFFFFFFFFFFFFFFFFFFFFFFFFFFFFFFFFFFFFFFFA4
:205C2000FFFFFFFFFFFFFFFFFFFFFFFFFFFFFFFFFFFFFFFFFFFFFFFFFFFFFFFFFFFFFFFF84
:205C4000FFFFFFFFFFFFFFFFFFFFFFFFFFFFFFFFFFFFFFFFFFFFFFFFFFFFFFFFFFFFFFFF64
:205C6000FFFFFFFFFFFFFFFFFFFFFFFFFFFFFFFFFFFFFFFFFFFFFFFFFFFFFFFFFFFFFFFF44
:205C8000FFFFFFFFFFFFFFFFFFFFFFFFFFFFFFFFFFFFFFFFFFFFFFFFFFFFFFFFFFFFFFFF24
:205CA000FFFFFFFFFFFFFFFFFFFFFFFFFFFFFFFFFFFFFFFFFFFFFFFFFFFFFFFFFFFFFFFF04
:205CC000FFFFFFFFFFFFFFFFFFFFFFFFFFFFFFFFFFFFFFFFFFFFFFFFFFFFFFFFFFFFFFFFE4
:205CE000FFFFFFFFFFFFFFFFFFFFFFFFFFFFFFFFFFFFFFFFFFFFFFFFFFFFFFFFFFFFFFFFC4
:205D0000FFFFFFFFFFFFFFFFFFFFFFFFFFFFFFFFFFFFFFFFFFFFFFFFFFFFFFFFFFFFFFFFA3
:205D2000FFFFFFFFFFFFFFFFFFFFFFFFFFFFFFFFFFFFFFFFFFFFFFFFFFFFFFFFFFFFFFFF83
:205D4000FFFFFFFFFFFFFFFFFFFFFFFFFFFFFFFFFFFFFFFFFFFFFFFFFFFFFFFFFFFFFFFF63
:205D6000FFFFFFFFFFFFFFFFFFFFFFFFFFFFFFFFFFFFFFFFFFFFFFFFFFFFFFFFFFFFFFFF43
:205D8000FFFFFFFFFFFFFFFFFFFFFFFFFFFFFFFFFFFFFFFFFFFFFFFFFFFFFFFFFFFFFFFF23
:205DA000FFFFFFFFFFFFFFFFFFFFFFFFFFFFFFFFFFFFFFFFFFFFFFFFFFFFFFFFFFFFFFFF03
:205DC000FFFFFFFFFFFFFFFFFFFFFFFFFFFFFFFFFFFFFFFFFFFFFFFFFFFFFFFFFFFFFFFFE3
:205DE000FFFFFFFFFFFFFFFFFFFFFFFFFFFFFFFFFFFFFFFFFFFFFFFFFFFFFFFFFFFFFFFFC3
:205E0000FFFFFFFFFFFFFFFFFFFFFFFFFFFFFFFFFFFFFFFFFFFFFFFFFFFFFFFFFFFFFFFFA2
:205E2000FFFFFFFFFFFFFFFFFFFFFFFFFFFFFFFFFFFFFFFFFFFFFFFFFFFFFFFFFFFFFFFF82
:205E4000FFFFFFFFFFFFFFFFFFFFFFFFFFFFFFFFFFFFFFFFFFFFFFFFFFFFFFFFFFFFFFFF62
:205E6000FFFFFFFFFFFFFFFFFFFFFFFFFFFFFFFFFFFFFFFFFFFFFFFFFFFFFFFFFFFFFFFF42
:205E8000FFFFFFFFFFFFFFFFFFFFFFFFFFFFFFFFFFFFFFFFFFFFFFFFFFFFFFFFFFFFFFFF22
:205EA000FFFFFFFFFFFFFFFFFFFFFFFFFFFFFFFFFFFFFFFFFFFFFFFFFFFFFFFFFFFFFFFF02
:205EC000FFFFFFFFFFFFFFFFFFFFFFFFFFFFFFFFFFFFFFFFFFFFFFFFFFFFFFFFFFFFFFFFE2
:205EE000FFFFFFFFFFFFFFFFFFFFFFFFFFFFFFFFFFFFFFFFFFFFFFFFFFFFFFFFFFFFFFFFC2
:205F0000FFFFFFFFFFFFFFFFFFFFFFFFFFFFFFFFFFFFFFFFFFFFFFFFFFFFFFFFFFFFFFFFA1
:205F2000FFFFFFFFFFFFFFFFFFFFFFFFFFFFFFFFFFFFFFFFFFFFFFFFFFFFFFFFFFFFFFFF81
:205F4000FFFFFFFFFFFFFFFFFFFFFFFFFFFFFFFFFFFFFFFFFFFFFFFFFFFFFFFFFFFFFFFF61
:205F6000FFFFFFFFFFFFFFFFFFFFFFFFFFFFFFFFFFFFFFFFFFFFFFFFFFFFFFFFFFFFFFFF41
:205F8000FFFFFFFFFFFFFFFFFFFFFFFFFFFFFFFFFFFFFFFFFFFFFFFFFFFFFFFFFFFFFFFF21
:205FA000FFFFFFFFFFFFFFFFFFFFFFFFFFFFFFFFFFFFFFFFFFFFFFFFFFFFFFFFFFFFFFFF01
:205FC000FFFFFFFFFFFFFFFFFFFFFFFFFFFFFFFFFFFFFFFFFFFFFFFFFFFFFFFFFFFFFFFFE1
:205FE000FFFFFFFFFFFFFFFFFFFFFFFFFFFFFFFFFFFFFFFFFFFFFFFFFFFFFFFFFFFFFFFFC1
:20600000FFFFFFFFFFFFFFFFFFFFFFFFFFFFFFFFFFFFFFFFFFFFFFFFFFFFFFFFFFFFFFFFA0
:20602000FFFFFFFFFFFFFFFFFFFFFFFFFFFFFFFFFFFFFFFFFFFFFFFFFFFFFFFFFFFFFFFF80
:20604000FFFFFFFFFFFFFFFFFFFFFFFFFFFFFFFFFFFFFFFFFFFFFFFFFFFFFFFFFFFFFFFF60
:20606000FFFFFFFFFFFFFFFFFFFFFFFFFFFFFFFFFFFFFFFFFFFFFFFFFFFFFFFFFFFFFFFF40
:20608000FFFFFFFFFFFFFFFFFFFFFFFFFFFFFFFFFFFFFFFFFFFFFFFFFFFFFFFFFFFFFFFF20
:2060A000FFFFFFFFFFFFFFFFFFFFFFFFFFFFFFFFFFFFFFFFFFFFFFFFFFFFFFFFFFFFFFFF00
:2060C000FFFFFFFFFFFFFFFFFFFFFFFFFFFFFFFFFFFFFFFFFFFFFFFFFFFFFFFFFFFFFFFFE0
:2060E000FFFFFFFFFFFFFFFFFFFFFFFFFFFFFFFFFFFFFFFFFFFFFFFFFFFFFFFFFFFFFFFFC0
:20610000FFFFFFFFFFFFFFFFFFFFFFFFFFFFFFFFFFFFFFFFFFFFFFFFFFFFFFFFFFFFFFFF9F
:20612000FFFFFFFFFFFFFFFFFFFFFFFFFFFFFFFFFFFFFFFFFFFFFFFFFFFFFFFFFFFFFFFF7F
:20614000FFFFFFFFFFFFFFFFFFFFFFFFFFFFFFFFFFFFFFFFFFFFFFFFFFFFFFFFFFFFFFFF5F
:20616000FFFFFFFFFFFFFFFFFFFFFFFFFFFFFFFFFFFFFFFFFFFFFFFFFFFFFFFFFFFFFFFF3F
:20618000FFFFFFFFFFFFFFFFFFFFFFFFFFFFFFFFFFFFFFFFFFFFFFFFFFFFFFFFFFFFFFFF1F
:2061A000FFFFFFFFFFFFFFFFFFFFFFFFFFFFFFFFFFFFFFFFFFFFFFFFFFFFFFFFFFFFFFFFFF
:2061C000FFFFFFFFFFFFFFFFFFFFFFFFFFFFFFFFFFFFFFFFFFFFFFFFFFFFFFFFFFFFFFFFDF
:2061E000FFFFFFFFFFFFFFFFFFFFFFFFFFFFFFFFFFFFFFFFFFFFFFFFFFFFFFFFFFFFFFFFBF
:20620000FFFFFFFFFFFFFFFFFFFFFFFFFFFFFFFFFFFFFFFFFFFFFFFFFFFFFFFFFFFFFFFF9E
:20622000FFFFFFFFFFFFFFFFFFFFFFFFFFFFFFFFFFFFFFFFFFFFFFFFFFFFFFFFFFFFFFFF7E
:20624000FFFFFFFFFFFFFFFFFFFFFFFFFFFFFFFFFFFFFFFFFFFFFFFFFFFFFFFFFFFFFFFF5E
:20626000FFFFFFFFFFFFFFFFFFFFFFFFFFFFFFFFFFFFFFFFFFFFFFFFFFFFFFFFFFFFFFFF3E
:20628000FFFFFFFFFFFFFFFFFFFFFFFFFFFFFFFFFFFFFFFFFFFFFFFFFFFFFFFFFFFFFFFF1E
:2062A000FFFFFFFFFFFFFFFFFFFFFFFFFFFFFFFFFFFFFFFFFFFFFFFFFFFFFFFFFFFFFFFFFE
:2062C000FFFFFFFFFFFFFFFFFFFFFFFFFFFFFFFFFFFFFFFFFFFFFFFFFFFFFFFFFFFFFFFFDE
:2062E000FFFFFFFFFFFFFFFFFFFFFFFFFFFFFFFFFFFFFFFFFFFFFFFFFFFFFFFFFFFFFFFFBE
:20630000FFFFFFFFFFFFFFFFFFFFFFFFFFFFFFFFFFFFFFFFFFFFFFFFFFFFFFFFFFFFFFFF9D
:20632000FFFFFFFFFFFFFFFFFFFFFFFFFFFFFFFFFFFFFFFFFFFFFFFFFFFFFFFFFFFFFFFF7D
:20634000FFFFFFFFFFFFFFFFFFFFFFFFFFFFFFFFFFFFFFFFFFFFFFFFFFFFFFFFFFFFFFFF5D
:20636000FFFFFFFFFFFFFFFFFFFFFFFFFFFFFFFFFFFFFFFFFFFFFFFFFFFFFFFFFFFFFFFF3D
:20638000FFFFFFFFFFFFFFFFFFFFFFFFFFFFFFFFFFFFFFFFFFFFFFFFFFFFFFFFFFFFFFFF1D
:2063A000FFFFFFFFFFFFFFFFFFFFFFFFFFFFFFFFFFFFFFFFFFFFFFFFFFFFFFFFFFFFFFFFFD
:2063C000FFFFFFFFFFFFFFFFFFFFFFFFFFFFFFFFFFFFFFFFFFFFFFFFFFFFFFFFFFFFFFFFDD
:2063E000FFFFFFFFFFFFFFFFFFFFFFFFFFFFFFFFFFFFFFFFFFFFFFFFFFFFFFFFFFFFFFFFBD
:20640000FFFFFFFFFFFFFFFFFFFFFFFFFFFFFFFFFFFFFFFFFFFFFFFFFFFFFFFFFFFFFFFF9C
:20642000FFFFFFFFFFFFFFFFFFFFFFFFFFFFFFFFFFFFFFFFFFFFFFFFFFFFFFFFFFFFFFFF7C
:20644000FFFFFFFFFFFFFFFFFFFFFFFFFFFFFFFFFFFFFFFFFFFFFFFFFFFFFFFFFFFFFFFF5C
:20646000FFFFFFFFFFFFFFFFFFFFFFFFFFFFFFFFFFFFFFFFFFFFFFFFFFFFFFFFFFFFFFFF3C
:20648000FFFFFFFFFFFFFFFFFFFFFFFFFFFFFFFFFFFFFFFFFFFFFFFFFFFFFFFFFFFFFFFF1C
:2064A000FFFFFFFFFFFFFFFFFFFFFFFFFFFFFFFFFFFFFFFFFFFFFFFFFFFFFFFFFFFFFFFFFC
:2064C000FFFFFFFFFFFFFFFFFFFFFFFFFFFFFFFFFFFFFFFFFFFFFFFFFFFFFFFFFFFFFFFFDC
:2064E000FFFFFFFFFFFFFFFFFFFFFFFFFFFFFFFFFFFFFFFFFFFFFFFFFFFFFFFFFFFFFFFFBC
:20650000FFFFFFFFFFFFFFFFFFFFFFFFFFFFFFFFFFFFFFFFFFFFFFFFFFFFFFFFFFFFFFFF9B
:20652000FFFFFFFFFFFFFFFFFFFFFFFFFFFFFFFFFFFFFFFFFFFFFFFFFFFFFFFFFFFFFFFF7B
:20654000FFFFFFFFFFFFFFFFFFFFFFFFFFFFFFFFFFFFFFFFFFFFFFFFFFFFFFFFFFFFFFFF5B
:20656000FFFFFFFFFFFFFFFFFFFFFFFFFFFFFFFFFFFFFFFFFFFFFFFFFFFFFFFFFFFFFFFF3B
:20658000FFFFFFFFFFFFFFFFFFFFFFFFFFFFFFFFFFFFFFFFFFFFFFFFFFFFFFFFFFFFFFFF1B
:2065A000FFFFFFFFFFFFFFFFFFFFFFFFFFFFFFFFFFFFFFFFFFFFFFFFFFFFFFFFFFFFFFFFFB
:2065C000FFFFFFFFFFFFFFFFFFFFFFFFFFFFFFFFFFFFFFFFFFFFFFFFFFFFFFFFFFFFFFFFDB
:2065E000FFFFFFFFFFFFFFFFFFFFFFFFFFFFFFFFFFFFFFFFFFFFFFFFFFFFFFFFFFFFFFFFBB
:20660000FFFFFFFFFFFFFFFFFFFFFFFFFFFFFFFFFFFFFFFFFFFFFFFFFFFFFFFFFFFFFFFF9A
:20662000FFFFFFFFFFFFFFFFFFFFFFFFFFFFFFFFFFFFFFFFFFFFFFFFFFFFFFFFFFFFFFFF7A
:20664000FFFFFFFFFFFFFFFFFFFFFFFFFFFFFFFFFFFFFFFFFFFFFFFFFFFFFFFFFFFFFFFF5A
:20666000FFFFFFFFFFFFFFFFFFFFFFFFFFFFFFFFFFFFFFFFFFFFFFFFFFFFFFFFFFFFFFFF3A
:20668000FFFFFFFFFFFFFFFFFFFFFFFFFFFFFFFFFFFFFFFFFFFFFFFFFFFFFFFFFFFFFFFF1A
:2066A000FFFFFFFFFFFFFFFFFFFFFFFFFFFFFFFFFFFFFFFFFFFFFFFFFFFFFFFFFFFFFFFFFA
:2066C000FFFFFFFFFFFFFFFFFFFFFFFFFFFFFFFFFFFFFFFFFFFFFFFFFFFFFFFFFFFFFFFFDA
:2066E000FFFFFFFFFFFFFFFFFFFFFFFFFFFFFFFFFFFFFFFFFFFFFFFFFFFFFFFFFFFFFFFFBA
:20670000FFFFFFFFFFFFFFFFFFFFFFFFFFFFFFFFFFFFFFFFFFFFFFFFFFFFFFFFFFFFFFFF99
:20672000FFFFFFFFFFFFFFFFFFFFFFFFFFFFFFFFFFFFFFFFFFFFFFFFFFFFFFFFFFFFFFFF79
:20674000FFFFFFFFFFFFFFFFFFFFFFFFFFFFFFFFFFFFFFFFFFFFFFFFFFFFFFFFFFFFFFFF59
:20676000FFFFFFFFFFFFFFFFFFFFFFFFFFFFFFFFFFFFFFFFFFFFFFFFFFFFFFFFFFFFFFFF39
:20678000FFFFFFFFFFFFFFFFFFFFFFFFFFFFFFFFFFFFFFFFFFFFFFFFFFFFFFFFFFFFFFFF19
:2067A000FFFFFFFFFFFFFFFFFFFFFFFFFFFFFFFFFFFFFFFFFFFFFFFFFFFFFFFFFFFFFFFFF9
:2067C000FFFFFFFFFFFFFFFFFFFFFFFFFFFFFFFFFFFFFFFFFFFFFFFFFFFFFFFFFFFFFFFFD9
:2067E000FFFFFFFFFFFFFFFFFFFFFFFFFFFFFFFFFFFFFFFFFFFFFFFFFFFFFFFFFFFFFFFFB9
:20680000FFFFFFFFFFFFFFFFFFFFFFFFFFFFFFFFFFFFFFFFFFFFFFFFFFFFFFFFFFFFFFFF98
:20682000FFFFFFFFFFFFFFFFFFFFFFFFFFFFFFFFFFFFFFFFFFFFFFFFFFFFFFFFFFFFFFFF78
:20684000FFFFFFFFFFFFFFFFFFFFFFFFFFFFFFFFFFFFFFFFFFFFFFFFFFFFFFFFFFFFFFFF58
:20686000FFFFFFFFFFFFFFFFFFFFFFFFFFFFFFFFFFFFFFFFFFFFFFFFFFFFFFFFFFFFFFFF38
:20688000FFFFFFFFFFFFFFFFFFFFFFFFFFFFFFFFFFFFFFFFFFFFFFFFFFFFFFFFFFFFFFFF18
:2068A000FFFFFFFFFFFFFFFFFFFFFFFFFFFFFFFFFFFFFFFFFFFFFFFFFFFFFFFFFFFFFFFFF8
:2068C000FFFFFFFFFFFFFFFFFFFFFFFFFFFFFFFFFFFFFFFFFFFFFFFFFFFFFFFFFFFFFFFFD8
:2068E000FFFFFFFFFFFFFFFFFFFFFFFFFFFFFFFFFFFFFFFFFFFFFFFFFFFFFFFFFFFFFFFFB8
:20690000FFFFFFFFFFFFFFFFFFFFFFFFFFFFFFFFFFFFFFFFFFFFFFFFFFFFFFFFFFFFFFFF97
:20692000FFFFFFFFFFFFFFFFFFFFFFFFFFFFFFFFFFFFFFFFFFFFFFFFFFFFFFFFFFFFFFFF77
:20694000FFFFFFFFFFFFFFFFFFFFFFFFFFFFFFFFFFFFFFFFFFFFFFFFFFFFFFFFFFFFFFFF57
:20696000FFFFFFFFFFFFFFFFFFFFFFFFFFFFFFFFFFFFFFFFFFFFFFFFFFFFFFFFFFFFFFFF37
:20698000FFFFFFFFFFFFFFFFFFFFFFFFFFFFFFFFFFFFFFFFFFFFFFFFFFFFFFFFFFFFFFFF17
:2069A000FFFFFFFFFFFFFFFFFFFFFFFFFFFFFFFFFFFFFFFFFFFFFFFFFFFFFFFFFFFFFFFFF7
:2069C000FFFFFFFFFFFFFFFFFFFFFFFFFFFFFFFFFFFFFFFFFFFFFFFFFFFFFFFFFFFFFFFFD7
:2069E000FFFFFFFFFFFFFFFFFFFFFFFFFFFFFFFFFFFFFFFFFFFFFFFFFFFFFFFFFFFFFFFFB7
:206A0000FFFFFFFFFFFFFFFFFFFFFFFFFFFFFFFFFFFFFFFFFFFFFFFFFFFFFFFFFFFFFFFF96
:206A2000FFFFFFFFFFFFFFFFFFFFFFFFFFFFFFFFFFFFFFFFFFFFFFFFFFFFFFFFFFFFFFFF76
:206A4000FFFFFFFFFFFFFFFFFFFFFFFFFFFFFFFFFFFFFFFFFFFFFFFFFFFFFFFFFFFFFFFF56
:206A6000FFFFFFFFFFFFFFFFFFFFFFFFFFFFFFFFFFFFFFFFFFFFFFFFFFFFFFFFFFFFFFFF36
:206A8000FFFFFFFFFFFFFFFFFFFFFFFFFFFFFFFFFFFFFFFFFFFFFFFFFFFFFFFFFFFFFFFF16
:206AA000FFFFFFFFFFFFFFFFFFFFFFFFFFFFFFFFFFFFFFFFFFFFFFFFFFFFFFFFFFFFFFFFF6
:206AC000FFFFFFFFFFFFFFFFFFFFFFFFFFFFFFFFFFFFFFFFFFFFFFFFFFFFFFFFFFFFFFFFD6
:206AE000FFFFFFFFFFFFFFFFFFFFFFFFFFFFFFFFFFFFFFFFFFFFFFFFFFFFFFFFFFFFFFFFB6
:206B0000FFFFFFFFFFFFFFFFFFFFFFFFFFFFFFFFFFFFFFFFFFFFFFFFFFFFFFFFFFFFFFFF95
:206B2000FFFFFFFFFFFFFFFFFFFFFFFFFFFFFFFFFFFFFFFFFFFFFFFFFFFFFFFFFFFFFFFF75
:206B4000FFFFFFFFFFFFFFFFFFFFFFFFFFFFFFFFFFFFFFFFFFFFFFFFFFFFFFFFFFFFFFFF55
:206B6000FFFFFFFFFFFFFFFFFFFFFFFFFFFFFFFFFFFFFFFFFFFFFFFFFFFFFFFFFFFFFFFF35
:206B8000FFFFFFFFFFFFFFFFFFFFFFFFFFFFFFFFFFFFFFFFFFFFFFFFFFFFFFFFFFFFFFFF15
:206BA000FFFFFFFFFFFFFFFFFFFFFFFFFFFFFFFFFFFFFFFFFFFFFFFFFFFFFFFFFFFFFFFFF5
:206BC000FFFFFFFFFFFFFFFFFFFFFFFFFFFFFFFFFFFFFFFFFFFFFFFFFFFFFFFFFFFFFFFFD5
:206BE000FFFFFFFFFFFFFFFFFFFFFFFFFFFFFFFFFFFFFFFFFFFFFFFFFFFFFFFFFFFFFFFFB5
:206C0000FFFFFFFFFFFFFFFFFFFFFFFFFFFFFFFFFFFFFFFFFFFFFFFFFFFFFFFFFFFFFFFF94
:206C2000FFFFFFFFFFFFFFFFFFFFFFFFFFFFFFFFFFFFFFFFFFFFFFFFFFFFFFFFFFFFFFFF74
:206C4000FFFFFFFFFFFFFFFFFFFFFFFFFFFFFFFFFFFFFFFFFFFFFFFFFFFFFFFFFFFFFFFF54
:206C6000FFFFFFFFFFFFFFFFFFFFFFFFFFFFFFFFFFFFFFFFFFFFFFFFFFFFFFFFFFFFFFFF34
:206C8000FFFFFFFFFFFFFFFFFFFFFFFFFFFFFFFFFFFFFFFFFFFFFFFFFFFFFFFFFFFFFFFF14
:206CA000FFFFFFFFFFFFFFFFFFFFFFFFFFFFFFFFFFFFFFFFFFFFFFFFFFFFFFFFFFFFFFFFF4
:206CC000FFFFFFFFFFFFFFFFFFFFFFFFFFFFFFFFFFFFFFFFFFFFFFFFFFFFFFFFFFFFFFFFD4
:206CE000FFFFFFFFFFFFFFFFFFFFFFFFFFFFFFFFFFFFFFFFFFFFFFFFFFFFFFFFFFFFFFFFB4
:206D0000FFFFFFFFFFFFFFFFFFFFFFFFFFFFFFFFFFFFFFFFFFFFFFFFFFFFFFFFFFFFFFFF93
:206D2000FFFFFFFFFFFFFFFFFFFFFFFFFFFFFFFFFFFFFFFFFFFFFFFFFFFFFFFFFFFFFFFF73
:206D4000FFFFFFFFFFFFFFFFFFFFFFFFFFFFFFFFFFFFFFFFFFFFFFFFFFFFFFFFFFFFFFFF53
:206D6000FFFFFFFFFFFFFFFFFFFFFFFFFFFFFFFFFFFFFFFFFFFFFFFFFFFFFFFFFFFFFFFF33
:206D8000FFFFFFFFFFFFFFFFFFFFFFFFFFFFFFFFFFFFFFFFFFFFFFFFFFFFFFFFFFFFFFFF13
:206DA000FFFFFFFFFFFFFFFFFFFFFFFFFFFFFFFFFFFFFFFFFFFFFFFFFFFFFFFFFFFFFFFFF3
:206DC000FFFFFFFFFFFFFFFFFFFFFFFFFFFFFFFFFFFFFFFFFFFFFFFFFFFFFFFFFFFFFFFFD3
:206DE000FFFFFFFFFFFFFFFFFFFFFFFFFFFFFFFFFFFFFFFFFFFFFFFFFFFFFFFFFFFFFFFFB3
:206E0000FFFFFFFFFFFFFFFFFFFFFFFFFFFFFFFFFFFFFFFFFFFFFFFFFFFFFFFFFFFFFFFF92
:206E2000FFFFFFFFFFFFFFFFFFFFFFFFFFFFFFFFFFFFFFFFFFFFFFFFFFFFFFFFFFFFFFFF72
:206E4000FFFFFFFFFFFFFFFFFFFFFFFFFFFFFFFFFFFFFFFFFFFFFFFFFFFFFFFFFFFFFFFF52
:206E6000FFFFFFFFFFFFFFFFFFFFFFFFFFFFFFFFFFFFFFFFFFFFFFFFFFFFFFFFFFFFFFFF32
:206E8000FFFFFFFFFFFFFFFFFFFFFFFFFFFFFFFFFFFFFFFFFFFFFFFFFFFFFFFFFFFFFFFF12
:206EA000FFFFFFFFFFFFFFFFFFFFFFFFFFFFFFFFFFFFFFFFFFFFFFFFFFFFFFFFFFFFFFFFF2
:206EC000FFFFFFFFFFFFFFFFFFFFFFFFFFFFFFFFFFFFFFFFFFFFFFFFFFFFFFFFFFFFFFFFD2
:206EE000FFFFFFFFFFFFFFFFFFFFFFFFFFFFFFFFFFFFFFFFFFFFFFFFFFFFFFFFFFFFFFFFB2
:206F0000FFFFFFFFFFFFFFFFFFFFFFFFFFFFFFFFFFFFFFFFFFFFFFFFFFFFFFFFFFFFFFFF91
:206F2000FFFFFFFFFFFFFFFFFFFFFFFFFFFFFFFFFFFFFFFFFFFFFFFFFFFFFFFFFFFFFFFF71
:206F4000FFFFFFFFFFFFFFFFFFFFFFFFFFFFFFFFFFFFFFFFFFFFFFFFFFFFFFFFFFFFFFFF51
:206F6000FFFFFFFFFFFFFFFFFFFFFFFFFFFFFFFFFFFFFFFFFFFFFFFFFFFFFFFFFFFFFFFF31
:206F8000FFFFFFFFFFFFFFFFFFFFFFFFFFFFFFFFFFFFFFFFFFFFFFFFFFFFFFFFFFFFFFFF11
:206FA000FFFFFFFFFFFFFFFFFFFFFFFFFFFFFFFFFFFFFFFFFFFFFFFFFFFFFFFFFFFFFFFFF1
:206FC000FFFFFFFFFFFFFFFFFFFFFFFFFFFFFFFFFFFFFFFFFFFFFFFFFFFFFFFFFFFFFFFFD1
:206FE000FFFFFFFFFFFFFFFFFFFFFFFFFFFFFFFFFFFFFFFFFFFFFFFFFFFFFFFFFFFFFFFFB1
:20700000FFFFFFFFFFFFFFFFFFFFFFFFFFFFFFFFFFFFFFFFFFFFFFFFFFFFFFFFFFFFFFFF90
:20702000FFFFFFFFFFFFFFFFFFFFFFFFFFFFFFFFFFFFFFFFFFFFFFFFFFFFFFFFFFFFFFFF70
:20704000FFFFFFFFFFFFFFFFFFFFFFFFFFFFFFFFFFFFFFFFFFFFFFFFFFFFFFFFFFFFFFFF50
:20706000FFFFFFFFFFFFFFFFFFFFFFFFFFFFFFFFFFFFFFFFFFFFFFFFFFFFFFFFFFFFFFFF30
:20708000FFFFFFFFFFFFFFFFFFFFFFFFFFFFFFFFFFFFFFFFFFFFFFFFFFFFFFFFFFFFFFFF10
:2070A000FFFFFFFFFFFFFFFFFFFFFFFFFFFFFFFFFFFFFFFFFFFFFFFFFFFFFFFFFFFFFFFFF0
:2070C000FFFFFFFFFFFFFFFFFFFFFFFFFFFFFFFFFFFFFFFFFFFFFFFFFFFFFFFFFFFFFFFFD0
:2070E000FFFFFFFFFFFFFFFFFFFFFFFFFFFFFFFFFFFFFFFFFFFFFFFFFFFFFFFFFFFFFFFFB0
:20710000FFFFFFFFFFFFFFFFFFFFFFFFFFFFFFFFFFFFFFFFFFFFFFFFFFFFFFFFFFFFFFFF8F
:20712000FFFFFFFFFFFFFFFFFFFFFFFFFFFFFFFFFFFFFFFFFFFFFFFFFFFFFFFFFFFFFFFF6F
:20714000FFFFFFFFFFFFFFFFFFFFFFFFFFFFFFFFFFFFFFFFFFFFFFFFFFFFFFFFFFFFFFFF4F
:20716000FFFFFFFFFFFFFFFFFFFFFFFFFFFFFFFFFFFFFFFFFFFFFFFFFFFFFFFFFFFFFFFF2F
:20718000FFFFFFFFFFFFFFFFFFFFFFFFFFFFFFFFFFFFFFFFFFFFFFFFFFFFFFFFFFFFFFFF0F
:2071A000FFFFFFFFFFFFFFFFFFFFFFFFFFFFFFFFFFFFFFFFFFFFFFFFFFFFFFFFFFFFFFFFEF
:2071C000FFFFFFFFFFFFFFFFFFFFFFFFFFFFFFFFFFFFFFFFFFFFFFFFFFFFFFFFFFFFFFFFCF
:2071E000FFFFFFFFFFFFFFFFFFFFFFFFFFFFFFFFFFFFFFFFFFFFFFFFFFFFFFFFFFFFFFFFAF
:20720000FFFFFFFFFFFFFFFFFFFFFFFFFFFFFFFFFFFFFFFFFFFFFFFFFFFFFFFFFFFFFFFF8E
:20722000FFFFFFFFFFFFFFFFFFFFFFFFFFFFFFFFFFFFFFFFFFFFFFFFFFFFFFFFFFFFFFFF6E
:20724000FFFFFFFFFFFFFFFFFFFFFFFFFFFFFFFFFFFFFFFFFFFFFFFFFFFFFFFFFFFFFFFF4E
:20726000FFFFFFFFFFFFFFFFFFFFFFFFFFFFFFFFFFFFFFFFFFFFFFFFFFFFFFFFFFFFFFFF2E
:20728000FFFFFFFFFFFFFFFFFFFFFFFFFFFFFFFFFFFFFFFFFFFFFFFFFFFFFFFFFFFFFFFF0E
:2072A000FFFFFFFFFFFFFFFFFFFFFFFFFFFFFFFFFFFFFFFFFFFFFFFFFFFFFFFFFFFFFFFFEE
:2072C000FFFFFFFFFFFFFFFFFFFFFFFFFFFFFFFFFFFFFFFFFFFFFFFFFFFFFFFFFFFFFFFFCE
:2072E000FFFFFFFFFFFFFFFFFFFFFFFFFFFFFFFFFFFFFFFFFFFFFFFFFFFFFFFFFFFFFFFFAE
:20730000FFFFFFFFFFFFFFFFFFFFFFFFFFFFFFFFFFFFFFFFFFFFFFFFFFFFFFFFFFFFFFFF8D
:20732000FFFFFFFFFFFFFFFFFFFFFFFFFFFFFFFFFFFFFFFFFFFFFFFFFFFFFFFFFFFFFFFF6D
:20734000FFFFFFFFFFFFFFFFFFFFFFFFFFFFFFFFFFFFFFFFFFFFFFFFFFFFFFFFFFFFFFFF4D
:20736000FFFFFFFFFFFFFFFFFFFFFFFFFFFFFFFFFFFFFFFFFFFFFFFFFFFFFFFFFFFFFFFF2D
:20738000FFFFFFFFFFFFFFFFFFFFFFFFFFFFFFFFFFFFFFFFFFFFFFFFFFFFFFFFFFFFFFFF0D
:2073A000FFFFFFFFFFFFFFFFFFFFFFFFFFFFFFFFFFFFFFFFFFFFFFFFFFFFFFFFFFFFFFFFED
:2073C000FFFFFFFFFFFFFFFFFFFFFFFFFFFFFFFFFFFFFFFFFFFFFFFFFFFFFFFFFFFFFFFFCD
:2073E000FFFFFFFFFFFFFFFFFFFFFFFFFFFFFFFFFFFFFFFFFFFFFFFFFFFFFFFFFFFFFFFFAD
:20740000FFFFFFFFFFFFFFFFFFFFFFFFFFFFFFFFFFFFFFFFFFFFFFFFFFFFFFFFFFFFFFFF8C
:20742000FFFFFFFFFFFFFFFFFFFFFFFFFFFFFFFFFFFFFFFFFFFFFFFFFFFFFFFFFFFFFFFF6C
:20744000FFFFFFFFFFFFFFFFFFFFFFFFFFFFFFFFFFFFFFFFFFFFFFFFFFFFFFFFFFFFFFFF4C
:20746000FFFFFFFFFFFFFFFFFFFFFFFFFFFFFFFFFFFFFFFFFFFFFFFFFFFFFFFFFFFFFFFF2C
:20748000FFFFFFFFFFFFFFFFFFFFFFFFFFFFFFFFFFFFFFFFFFFFFFFFFFFFFFFFFFFFFFFF0C
:2074A000FFFFFFFFFFFFFFFFFFFFFFFFFFFFFFFFFFFFFFFFFFFFFFFFFFFFFFFFFFFFFFFFEC
:2074C000FFFFFFFFFFFFFFFFFFFFFFFFFFFFFFFFFFFFFFFFFFFFFFFFFFFFFFFFFFFFFFFFCC
:2074E000FFFFFFFFFFFFFFFFFFFFFFFFFFFFFFFFFFFFFFFFFFFFFFFFFFFFFFFFFFFFFFFFAC
:20750000FFFFFFFFFFFFFFFFFFFFFFFFFFFFFFFFFFFFFFFFFFFFFFFFFFFFFFFFFFFFFFFF8B
:20752000FFFFFFFFFFFFFFFFFFFFFFFFFFFFFFFFFFFFFFFFFFFFFFFFFFFFFFFFFFFFFFFF6B
:20754000FFFFFFFFFFFFFFFFFFFFFFFFFFFFFFFFFFFFFFFFFFFFFFFFFFFFFFFFFFFFFFFF4B
:20756000FFFFFFFFFFFFFFFFFFFFFFFFFFFFFFFFFFFFFFFFFFFFFFFFFFFFFFFFFFFFFFFF2B
:20758000FFFFFFFFFFFFFFFFFFFFFFFFFFFFFFFFFFFFFFFFFFFFFFFFFFFFFFFFFFFFFFFF0B
:2075A000FFFFFFFFFFFFFFFFFFFFFFFFFFFFFFFFFFFFFFFFFFFFFFFFFFFFFFFFFFFFFFFFEB
:2075C000FFFFFFFFFFFFFFFFFFFFFFFFFFFFFFFFFFFFFFFFFFFFFFFFFFFFFFFFFFFFFFFFCB
:2075E000FFFFFFFFFFFFFFFFFFFFFFFFFFFFFFFFFFFFFFFFFFFFFFFFFFFFFFFFFFFFFFFFAB
:20760000FFFFFFFFFFFFFFFFFFFFFFFFFFFFFFFFFFFFFFFFFFFFFFFFFFFFFFFFFFFFFFFF8A
:20762000FFFFFFFFFFFFFFFFFFFFFFFFFFFFFFFFFFFFFFFFFFFFFFFFFFFFFFFFFFFFFFFF6A
:20764000FFFFFFFFFFFFFFFFFFFFFFFFFFFFFFFFFFFFFFFFFFFFFFFFFFFFFFFFFFFFFFFF4A
:20766000FFFFFFFFFFFFFFFFFFFFFFFFFFFFFFFFFFFFFFFFFFFFFFFFFFFFFFFFFFFFFFFF2A
:20768000FFFFFFFFFFFFFFFFFFFFFFFFFFFFFFFFFFFFFFFFFFFFFFFFFFFFFFFFFFFFFFFF0A
:2076A000FFFFFFFFFFFFFFFFFFFFFFFFFFFFFFFFFFFFFFFFFFFFFFFFFFFFFFFFFFFFFFFFEA
:2076C000FFFFFFFFFFFFFFFFFFFFFFFFFFFFFFFFFFFFFFFFFFFFFFFFFFFFFFFFFFFFFFFFCA
:2076E000FFFFFFFFFFFFFFFFFFFFFFFFFFFFFFFFFFFFFFFFFFFFFFFFFFFFFFFFFFFFFFFFAA
:20770000FFFFFFFFFFFFFFFFFFFFFFFFFFFFFFFFFFFFFFFFFFFFFFFFFFFFFFFFFFFFFFFF89
:20772000FFFFFFFFFFFFFFFFFFFFFFFFFFFFFFFFFFFFFFFFFFFFFFFFFFFFFFFFFFFFFFFF69
:20774000FFFFFFFFFFFFFFFFFFFFFFFFFFFFFFFFFFFFFFFFFFFFFFFFFFFFFFFFFFFFFFFF49
:20776000FFFFFFFFFFFFFFFFFFFFFFFFFFFFFFFFFFFFFFFFFFFFFFFFFFFFFFFFFFFFFFFF29
:20778000FFFFFFFFFFFFFFFFFFFFFFFFFFFFFFFFFFFFFFFFFFFFFFFFFFFFFFFFFFFFFFFF09
:2077A000FFFFFFFFFFFFFFFFFFFFFFFFFFFFFFFFFFFFFFFFFFFFFFFFFFFFFFFFFFFFFFFFE9
:2077C000FFFFFFFFFFFFFFFFFFFFFFFFFFFFFFFFFFFFFFFFFFFFFFFFFFFFFFFFFFFFFFFFC9
:2077E000FFFFFFFFFFFFFFFFFFFFFFFFFFFFFFFFFFFFFFFFFFFFFFFFFFFFFFFFFFFFFFFFA9
:20780000FFFFFFFFFFFFFFFFFFFFFFFFFFFFFFFFFFFFFFFFFFFFFFFFFFFFFFFFFFFFFFFF88
:20782000FFFFFFFFFFFFFFFFFFFFFFFFFFFFFFFFFFFFFFFFFFFFFFFFFFFFFFFFFFFFFFFF68
:20784000FFFFFFFFFFFFFFFFFFFFFFFFFFFFFFFFFFFFFFFFFFFFFFFFFFFFFFFFFFFFFFFF48
:20786000FFFFFFFFFFFFFFFFFFFFFFFFFFFFFFFFFFFFFFFFFFFFFFFFFFFFFFFFFFFFFFFF28
:20788000FFFFFFFFFFFFFFFFFFFFFFFFFFFFFFFFFFFFFFFFFFFFFFFFFFFFFFFFFFFFFFFF08
:2078A000FFFFFFFFFFFFFFFFFFFFFFFFFFFFFFFFFFFFFFFFFFFFFFFFFFFFFFFFFFFFFFFFE8
:2078C000FFFFFFFFFFFFFFFFFFFFFFFFFFFFFFFFFFFFFFFFFFFFFFFFFFFFFFFFFFFFFFFFC8
:2078E000FFFFFFFFFFFFFFFFFFFFFFFFFFFFFFFFFFFFFFFFFFFFFFFFFFFFFFFFFFFFFFFFA8
:20790000FFFFFFFFFFFFFFFFFFFFFFFFFFFFFFFFFFFFFFFFFFFFFFFFFFFFFFFFFFFFFFFF87
:20792000FFFFFFFFFFFFFFFFFFFFFFFFFFFFFFFFFFFFFFFFFFFFFFFFFFFFFFFFFFFFFFFF67
:20794000FFFFFFFFFFFFFFFFFFFFFFFFFFFFFFFFFFFFFFFFFFFFFFFFFFFFFFFFFFFFFFFF47
:20796000FFFFFFFFFFFFFFFFFFFFFFFFFFFFFFFFFFFFFFFFFFFFFFFFFFFFFFFFFFFFFFFF27
:20798000FFFFFFFFFFFFFFFFFFFFFFFFFFFFFFFFFFFFFFFFFFFFFFFFFFFFFFFFFFFFFFFF07
:2079A000FFFFFFFFFFFFFFFFFFFFFFFFFFFFFFFFFFFFFFFFFFFFFFFFFFFFFFFFFFFFFFFFE7
:2079C000FFFFFFFFFFFFFFFFFFFFFFFFFFFFFFFFFFFFFFFFFFFFFFFFFFFFFFFFFFFFFFFFC7
:2079E000FFFFFFFFFFFFFFFFFFFFFFFFFFFFFFFFFFFFFFFFFFFFFFFFFFFFFFFFFFFFFFFFA7
:207A0000FFFFFFFFFFFFFFFFFFFFFFFFFFFFFFFFFFFFFFFFFFFFFFFFFFFFFFFFFFFFFFFF86
:207A2000FFFFFFFFFFFFFFFFFFFFFFFFFFFFFFFFFFFFFFFFFFFFFFFFFFFFFFFFFFFFFFFF66
:207A4000FFFFFFFFFFFFFFFFFFFFFFFFFFFFFFFFFFFFFFFFFFFFFFFFFFFFFFFFFFFFFFFF46
:207A6000FFFFFFFFFFFFFFFFFFFFFFFFFFFFFFFFFFFFFFFFFFFFFFFFFFFFFFFFFFFFFFFF26
:207A8000FFFFFFFFFFFFFFFFFFFFFFFFFFFFFFFFFFFFFFFFFFFFFFFFFFFFFFFFFFFFFFFF06
:207AA000FFFFFFFFFFFFFFFFFFFFFFFFFFFFFFFFFFFFFFFFFFFFFFFFFFFFFFFFFFFFFFFFE6
:207AC000FFFFFFFFFFFFFFFFFFFFFFFFFFFFFFFFFFFFFFFFFFFFFFFFFFFFFFFFFFFFFFFFC6
:207AE000FFFFFFFFFFFFFFFFFFFFFFFFFFFFFFFFFFFFFFFFFFFFFFFFFFFFFFFFFFFFFFFFA6
:207B0000FFFFFFFFFFFFFFFFFFFFFFFFFFFFFFFFFFFFFFFFFFFFFFFFFFFFFFFFFFFFFFFF85
:207B2000FFFFFFFFFFFFFFFFFFFFFFFFFFFFFFFFFFFFFFFFFFFFFFFFFFFFFFFFFFFFFFFF65
:207B4000FFFFFFFFFFFFFFFFFFFFFFFFFFFFFFFFFFFFFFFFFFFFFFFFFFFFFFFFFFFFFFFF45
:207B6000FFFFFFFFFFFFFFFFFFFFFFFFFFFFFFFFFFFFFFFFFFFFFFFFFFFFFFFFFFFFFFFF25
:207B8000FFFFFFFFFFFFFFFFFFFFFFFFFFFFFFFFFFFFFFFFFFFFFFFFFFFFFFFFFFFFFFFF05
:207BA000FFFFFFFFFFFFFFFFFFFFFFFFFFFFFFFFFFFFFFFFFFFFFFFFFFFFFFFFFFFFFFFFE5
:207BC000FFFFFFFFFFFFFFFFFFFFFFFFFFFFFFFFFFFFFFFFFFFFFFFFFFFFFFFFFFFFFFFFC5
:207BE000FFFFFFFFFFFFFFFFFFFFFFFFFFFFFFFFFFFFFFFFFFFFFFFFFFFFFFFFFFFFFFFFA5
:207C0000FFFFFFFFFFFFFFFFFFFFFFFFFFFFFFFFFFFFFFFFFFFFFFFFFFFFFFFFFFFFFFFF84
:207C2000FFFFFFFFFFFFFFFFFFFFFFFFFFFFFFFFFFFFFFFFFFFFFFFFFFFFFFFFFFFFFFFF64
:207C4000FFFFFFFFFFFFFFFFFFFFFFFFFFFFFFFFFFFFFFFFFFFFFFFFFFFFFFFFFFFFFFFF44
:207C6000FFFFFFFFFFFFFFFFFFFFFFFFFFFFFFFFFFFFFFFFFFFFFFFFFFFFFFFFFFFFFFFF24
:207C8000FFFFFFFFFFFFFFFFFFFFFFFFFFFFFFFFFFFFFFFFFFFFFFFFFFFFFFFFFFFFFFFF04
:207CA000FFFFFFFFFFFFFFFFFFFFFFFFFFFFFFFFFFFFFFFFFFFFFFFFFFFFFFFFFFFFFFFFE4
:207CC000FFFFFFFFFFFFFFFFFFFFFFFFFFFFFFFFFFFFFFFFFFFFFFFFFFFFFFFFFFFFFFFFC4
:207CE000FFFFFFFFFFFFFFFFFFFFFFFFFFFFFFFFFFFFFFFFFFFFFFFFFFFFFFFFFFFFFFFFA4
:207D0000FFFFFFFFFFFFFFFFFFFFFFFFFFFFFFFFFFFFFFFFFFFFFFFFFFFFFFFFFFFFFFFF83
:207D2000FFFFFFFFFFFFFFFFFFFFFFFFFFFFFFFFFFFFFFFFFFFFFFFFFFFFFFFFFFFFFFFF63
:207D4000FFFFFFFFFFFFFFFFFFFFFFFFFFFFFFFFFFFFFFFFFFFFFFFFFFFFFFFFFFFFFFFF43
:207D6000FFFFFFFFFFFFFFFFFFFFFFFFFFFFFFFFFFFFFFFFFFFFFFFFFFFFFFFFFFFFFFFF23
:207D8000FFFFFFFFFFFFFFFFFFFFFFFFFFFFFFFFFFFFFFFFFFFFFFFFFFFFFFFFFFFFFFFF03
:207DA000FFFFFFFFFFFFFFFFFFFFFFFFFFFFFFFFFFFFFFFFFFFFFFFFFFFFFFFFFFFFFFFFE3
:207DC000FFFFFFFFFFFFFFFFFFFFFFFFFFFFFFFFFFFFFFFFFFFFFFFFFFFFFFFFFFFFFFFFC3
:207DE000FFFFFFFFFFFFFFFFFFFFFFFFFFFFFFFFFFFFFFFFFFFFFFFFFFFFFFFFFFFFFFFFA3
:207E0000FFFFFFFFFFFFFFFFFFFFFFFFFFFFFFFFFFFFFFFFFFFFFFFFFFFFFFFFFFFFFFFF82
:207E2000FFFFFFFFFFFFFFFFFFFFFFFFFFFFFFFFFFFFFFFFFFFFFFFFFFFFFFFFFFFFFFFF62
:207E4000FFFFFFFFFFFFFFFFFFFFFFFFFFFFFFFFFFFFFFFFFFFFFFFFFFFFFFFFFFFFFFFF42
:207E6000FFFFFFFFFFFFFFFFFFFFFFFFFFFFFFFFFFFFFFFFFFFFFFFFFFFFFFFFFFFFFFFF22
:207E8000FFFFFFFFFFFFFFFFFFFFFFFFFFFFFFFFFFFFFFFFFFFFFFFFFFFFFFFFFFFFFFFF02
:207EA000FFFFFFFFFFFFFFFFFFFFFFFFFFFFFFFFFFFFFFFFFFFFFFFFFFFFFFFFFFFFFFFFE2
:207EC000FFFFFFFFFFFFFFFFFFFFFFFFFFFFFFFFFFFFFFFFFFFFFFFFFFFFFFFFFFFFFFFFC2
:207EE000FFFFFFFFFFFFFFFFFFFFFFFFFFFFFFFFFFFFFFFFFFFFFFFFFFFFFFFFFFFFFFFFA2
:207F0000FFFFFFFFFFFFFFFFFFFFFFFFFFFFFFFFFFFFFFFFFFFFFFFFFFFFFFFFFFFFFFFF81
:207F2000FFFFFFFFFFFFFFFFFFFFFFFFFFFFFFFFFFFFFFFFFFFFFFFFFFFFFFFFFFFFFFFF61
:207F4000FFFFFFFFFFFFFFFFFFFFFFFFFFFFFFFFFFFFFFFFFFFFFFFFFFFFFFFFFFFFFFFF41
:207F6000FFFFFFFFFFFFFFFFFFFFFFFFFFFFFFFFFFFFFFFFFFFFFFFFFFFFFFFFFFFFFFFF21
:207F8000FFFFFFFFFFFFFFFFFFFFFFFFFFFFFFFFFFFFFFFFFFFFFFFFFFFFFFFFFFFFFFFF01
:207FA000FFFFFFFFFFFFFFFFFFFFFFFFFFFFFFFFFFFFFFFFFFFFFFFFFFFFFFFFFFFFFFFFE1
:207FC000FFFFFFFFFFFFFFFFFFFFFFFFFFFFFFFFFFFFFFFFFFFFFFFFFFFFFFFFFFFFFFFFC1
:207FE000FFFFFFFFFFFFFFFFFFFFFFFFFFFFFFFFFFFFFFFFFFFFFFFFFFFFFFFFFFFFFFFFA1
:20800000FFFFFFFFFFFFFFFFFFFFFFFFFFFFFFFFFFFFFFFFFFFFFFFFFFFFFFFFFFFFFFFF80
:20802000FFFFFFFFFFFFFFFFFFFFFFFFFFFFFFFFFFFFFFFFFFFFFFFFFFFFFFFFFFFFFFFF60
:20804000FFFFFFFFFFFFFFFFFFFFFFFFFFFFFFFFFFFFFFFFFFFFFFFFFFFFFFFFFFFFFFFF40
:20806000FFFFFFFFFFFFFFFFFFFFFFFFFFFFFFFFFFFFFFFFFFFFFFFFFFFFFFFFFFFFFFFF20
:20808000FFFFFFFFFFFFFFFFFFFFFFFFFFFFFFFFFFFFFFFFFFFFFFFFFFFFFFFFFFFFFFFF00
:2080A000FFFFFFFFFFFFFFFFFFFFFFFFFFFFFFFFFFFFFFFFFFFFFFFFFFFFFFFFFFFFFFFFE0
:2080C000FFFFFFFFFFFFFFFFFFFFFFFFFFFFFFFFFFFFFFFFFFFFFFFFFFFFFFFFFFFFFFFFC0
:2080E000FFFFFFFFFFFFFFFFFFFFFFFFFFFFFFFFFFFFFFFFFFFFFFFFFFFFFFFFFFFFFFFFA0
:20810000FFFFFFFFFFFFFFFFFFFFFFFFFFFFFFFFFFFFFFFFFFFFFFFFFFFFFFFFFFFFFFFF7F
:20812000FFFFFFFFFFFFFFFFFFFFFFFFFFFFFFFFFFFFFFFFFFFFFFFFFFFFFFFFFFFFFFFF5F
:20814000FFFFFFFFFFFFFFFFFFFFFFFFFFFFFFFFFFFFFFFFFFFFFFFFFFFFFFFFFFFFFFFF3F
:20816000FFFFFFFFFFFFFFFFFFFFFFFFFFFFFFFFFFFFFFFFFFFFFFFFFFFFFFFFFFFFFFFF1F
:20818000FFFFFFFFFFFFFFFFFFFFFFFFFFFFFFFFFFFFFFFFFFFFFFFFFFFFFFFFFFFFFFFFFF
:2081A000FFFFFFFFFFFFFFFFFFFFFFFFFFFFFFFFFFFFFFFFFFFFFFFFFFFFFFFFFFFFFFFFDF
:2081C000FFFFFFFFFFFFFFFFFFFFFFFFFFFFFFFFFFFFFFFFFFFFFFFFFFFFFFFFFFFFFFFFBF
:2081E000FFFFFFFFFFFFFFFFFFFFFFFFFFFFFFFFFFFFFFFFFFFFFFFFFFFFFFFFFFFFFFFF9F
:20820000FFFFFFFFFFFFFFFFFFFFFFFFFFFFFFFFFFFFFFFFFFFFFFFFFFFFFFFFFFFFFFFF7E
:20822000FFFFFFFFFFFFFFFFFFFFFFFFFFFFFFFFFFFFFFFFFFFFFFFFFFFFFFFFFFFFFFFF5E
:20824000FFFFFFFFFFFFFFFFFFFFFFFFFFFFFFFFFFFFFFFFFFFFFFFFFFFFFFFFFFFFFFFF3E
:20826000FFFFFFFFFFFFFFFFFFFFFFFFFFFFFFFFFFFFFFFFFFFFFFFFFFFFFFFFFFFFFFFF1E
:20828000FFFFFFFFFFFFFFFFFFFFFFFFFFFFFFFFFFFFFFFFFFFFFFFFFFFFFFFFFFFFFFFFFE
:2082A000FFFFFFFFFFFFFFFFFFFFFFFFFFFFFFFFFFFFFFFFFFFFFFFFFFFFFFFFFFFFFFFFDE
:2082C000FFFFFFFFFFFFFFFFFFFFFFFFFFFFFFFFFFFFFFFFFFFFFFFFFFFFFFFFFFFFFFFFBE
:2082E000FFFFFFFFFFFFFFFFFFFFFFFFFFFFFFFFFFFFFFFFFFFFFFFFFFFFFFFFFFFFFFFF9E
:20830000FFFFFFFFFFFFFFFFFFFFFFFFFFFFFFFFFFFFFFFFFFFFFFFFFFFFFFFFFFFFFFFF7D
:20832000FFFFFFFFFFFFFFFFFFFFFFFFFFFFFFFFFFFFFFFFFFFFFFFFFFFFFFFFFFFFFFFF5D
:20834000FFFFFFFFFFFFFFFFFFFFFFFFFFFFFFFFFFFFFFFFFFFFFFFFFFFFFFFFFFFFFFFF3D
:20836000FFFFFFFFFFFFFFFFFFFFFFFFFFFFFFFFFFFFFFFFFFFFFFFFFFFFFFFFFFFFFFFF1D
:20838000FFFFFFFFFFFFFFFFFFFFFFFFFFFFFFFFFFFFFFFFFFFFFFFFFFFFFFFFFFFFFFFFFD
:2083A000FFFFFFFFFFFFFFFFFFFFFFFFFFFFFFFFFFFFFFFFFFFFFFFFFFFFFFFFFFFFFFFFDD
:2083C000FFFFFFFFFFFFFFFFFFFFFFFFFFFFFFFFFFFFFFFFFFFFFFFFFFFFFFFFFFFFFFFFBD
:2083E000FFFFFFFFFFFFFFFFFFFFFFFFFFFFFFFFFFFFFFFFFFFFFFFFFFFFFFFFFFFFFFFF9D
:20840000FFFFFFFFFFFFFFFFFFFFFFFFFFFFFFFFFFFFFFFFFFFFFFFFFFFFFFFFFFFFFFFF7C
:20842000FFFFFFFFFFFFFFFFFFFFFFFFFFFFFFFFFFFFFFFFFFFFFFFFFFFFFFFFFFFFFFFF5C
:20844000FFFFFFFFFFFFFFFFFFFFFFFFFFFFFFFFFFFFFFFFFFFFFFFFFFFFFFFFFFFFFFFF3C
:20846000FFFFFFFFFFFFFFFFFFFFFFFFFFFFFFFFFFFFFFFFFFFFFFFFFFFFFFFFFFFFFFFF1C
:20848000FFFFFFFFFFFFFFFFFFFFFFFFFFFFFFFFFFFFFFFFFFFFFFFFFFFFFFFFFFFFFFFFFC
:2084A000FFFFFFFFFFFFFFFFFFFFFFFFFFFFFFFFFFFFFFFFFFFFFFFFFFFFFFFFFFFFFFFFDC
:2084C000FFFFFFFFFFFFFFFFFFFFFFFFFFFFFFFFFFFFFFFFFFFFFFFFFFFFFFFFFFFFFFFFBC
:2084E000FFFFFFFFFFFFFFFFFFFFFFFFFFFFFFFFFFFFFFFFFFFFFFFFFFFFFFFFFFFFFFFF9C
:20850000FFFFFFFFFFFFFFFFFFFFFFFFFFFFFFFFFFFFFFFFFFFFFFFFFFFFFFFFFFFFFFFF7B
:20852000FFFFFFFFFFFFFFFFFFFFFFFFFFFFFFFFFFFFFFFFFFFFFFFFFFFFFFFFFFFFFFFF5B
:20854000FFFFFFFFFFFFFFFFFFFFFFFFFFFFFFFFFFFFFFFFFFFFFFFFFFFFFFFFFFFFFFFF3B
:20856000FFFFFFFFFFFFFFFFFFFFFFFFFFFFFFFFFFFFFFFFFFFFFFFFFFFFFFFFFFFFFFFF1B
:20858000FFFFFFFFFFFFFFFFFFFFFFFFFFFFFFFFFFFFFFFFFFFFFFFFFFFFFFFFFFFFFFFFFB
:2085A000FFFFFFFFFFFFFFFFFFFFFFFFFFFFFFFFFFFFFFFFFFFFFFFFFFFFFFFFFFFFFFFFDB
:2085C000FFFFFFFFFFFFFFFFFFFFFFFFFFFFFFFFFFFFFFFFFFFFFFFFFFFFFFFFFFFFFFFFBB
:2085E000FFFFFFFFFFFFFFFFFFFFFFFFFFFFFFFFFFFFFFFFFFFFFFFFFFFFFFFFFFFFFFFF9B
:20860000FFFFFFFFFFFFFFFFFFFFFFFFFFFFFFFFFFFFFFFFFFFFFFFFFFFFFFFFFFFFFFFF7A
:20862000FFFFFFFFFFFFFFFFFFFFFFFFFFFFFFFFFFFFFFFFFFFFFFFFFFFFFFFFFFFFFFFF5A
:20864000FFFFFFFFFFFFFFFFFFFFFFFFFFFFFFFFFFFFFFFFFFFFFFFFFFFFFFFFFFFFFFFF3A
:20866000FFFFFFFFFFFFFFFFFFFFFFFFFFFFFFFFFFFFFFFFFFFFFFFFFFFFFFFFFFFFFFFF1A
:20868000FFFFFFFFFFFFFFFFFFFFFFFFFFFFFFFFFFFFFFFFFFFFFFFFFFFFFFFFFFFFFFFFFA
:2086A000FFFFFFFFFFFFFFFFFFFFFFFFFFFFFFFFFFFFFFFFFFFFFFFFFFFFFFFFFFFFFFFFDA
:2086C000FFFFFFFFFFFFFFFFFFFFFFFFFFFFFFFFFFFFFFFFFFFFFFFFFFFFFFFFFFFFFFFFBA
:2086E000FFFFFFFFFFFFFFFFFFFFFFFFFFFFFFFFFFFFFFFFFFFFFFFFFFFFFFFFFFFFFFFF9A
:20870000FFFFFFFFFFFFFFFFFFFFFFFFFFFFFFFFFFFFFFFFFFFFFFFFFFFFFFFFFFFFFFFF79
:20872000FFFFFFFFFFFFFFFFFFFFFFFFFFFFFFFFFFFFFFFFFFFFFFFFFFFFFFFFFFFFFFFF59
:20874000FFFFFFFFFFFFFFFFFFFFFFFFFFFFFFFFFFFFFFFFFFFFFFFFFFFFFFFFFFFFFFFF39
:20876000FFFFFFFFFFFFFFFFFFFFFFFFFFFFFFFFFFFFFFFFFFFFFFFFFFFFFFFFFFFFFFFF19
:20878000FFFFFFFFFFFFFFFFFFFFFFFFFFFFFFFFFFFFFFFFFFFFFFFFFFFFFFFFFFFFFFFFF9
:2087A000FFFFFFFFFFFFFFFFFFFFFFFFFFFFFFFFFFFFFFFFFFFFFFFFFFFFFFFFFFFFFFFFD9
:2087C000FFFFFFFFFFFFFFFFFFFFFFFFFFFFFFFFFFFFFFFFFFFFFFFFFFFFFFFFFFFFFFFFB9
:2087E000FFFFFFFFFFFFFFFFFFFFFFFFFFFFFFFFFFFFFFFFFFFFFFFFFFFFFFFFFFFFFFFF99
:20880000FFFFFFFFFFFFFFFFFFFFFFFFFFFFFFFFFFFFFFFFFFFFFFFFFFFFFFFFFFFFFFFF78
:20882000FFFFFFFFFFFFFFFFFFFFFFFFFFFFFFFFFFFFFFFFFFFFFFFFFFFFFFFFFFFFFFFF58
:20884000FFFFFFFFFFFFFFFFFFFFFFFFFFFFFFFFFFFFFFFFFFFFFFFFFFFFFFFFFFFFFFFF38
:20886000FFFFFFFFFFFFFFFFFFFFFFFFFFFFFFFFFFFFFFFFFFFFFFFFFFFFFFFFFFFFFFFF18
:20888000FFFFFFFFFFFFFFFFFFFFFFFFFFFFFFFFFFFFFFFFFFFFFFFFFFFFFFFFFFFFFFFFF8
:2088A000FFFFFFFFFFFFFFFFFFFFFFFFFFFFFFFFFFFFFFFFFFFFFFFFFFFFFFFFFFFFFFFFD8
:2088C000FFFFFFFFFFFFFFFFFFFFFFFFFFFFFFFFFFFFFFFFFFFFFFFFFFFFFFFFFFFFFFFFB8
:2088E000FFFFFFFFFFFFFFFFFFFFFFFFFFFFFFFFFFFFFFFFFFFFFFFFFFFFFFFFFFFFFFFF98
:20890000FFFFFFFFFFFFFFFFFFFFFFFFFFFFFFFFFFFFFFFFFFFFFFFFFFFFFFFFFFFFFFFF77
:20892000FFFFFFFFFFFFFFFFFFFFFFFFFFFFFFFFFFFFFFFFFFFFFFFFFFFFFFFFFFFFFFFF57
:20894000FFFFFFFFFFFFFFFFFFFFFFFFFFFFFFFFFFFFFFFFFFFFFFFFFFFFFFFFFFFFFFFF37
:20896000FFFFFFFFFFFFFFFFFFFFFFFFFFFFFFFFFFFFFFFFFFFFFFFFFFFFFFFFFFFFFFFF17
:20898000FFFFFFFFFFFFFFFFFFFFFFFFFFFFFFFFFFFFFFFFFFFFFFFFFFFFFFFFFFFFFFFFF7
:2089A000FFFFFFFFFFFFFFFFFFFFFFFFFFFFFFFFFFFFFFFFFFFFFFFFFFFFFFFFFFFFFFFFD7
:2089C000FFFFFFFFFFFFFFFFFFFFFFFFFFFFFFFFFFFFFFFFFFFFFFFFFFFFFFFFFFFFFFFFB7
:2089E000FFFFFFFFFFFFFFFFFFFFFFFFFFFFFFFFFFFFFFFFFFFFFFFFFFFFFFFFFFFFFFFF97
:208A0000FFFFFFFFFFFFFFFFFFFFFFFFFFFFFFFFFFFFFFFFFFFFFFFFFFFFFFFFFFFFFFFF76
:208A2000FFFFFFFFFFFFFFFFFFFFFFFFFFFFFFFFFFFFFFFFFFFFFFFFFFFFFFFFFFFFFFFF56
:208A4000FFFFFFFFFFFFFFFFFFFFFFFFFFFFFFFFFFFFFFFFFFFFFFFFFFFFFFFFFFFFFFFF36
:208A6000FFFFFFFFFFFFFFFFFFFFFFFFFFFFFFFFFFFFFFFFFFFFFFFFFFFFFFFFFFFFFFFF16
:208A8000FFFFFFFFFFFFFFFFFFFFFFFFFFFFFFFFFFFFFFFFFFFFFFFFFFFFFFFFFFFFFFFFF6
:208AA000FFFFFFFFFFFFFFFFFFFFFFFFFFFFFFFFFFFFFFFFFFFFFFFFFFFFFFFFFFFFFFFFD6
:208AC000FFFFFFFFFFFFFFFFFFFFFFFFFFFFFFFFFFFFFFFFFFFFFFFFFFFFFFFFFFFFFFFFB6
:208AE000FFFFFFFFFFFFFFFFFFFFFFFFFFFFFFFFFFFFFFFFFFFFFFFFFFFFFFFFFFFFFFFF96
:208B0000FFFFFFFFFFFFFFFFFFFFFFFFFFFFFFFFFFFFFFFFFFFFFFFFFFFFFFFFFFFFFFFF75
:208B2000FFFFFFFFFFFFFFFFFFFFFFFFFFFFFFFFFFFFFFFFFFFFFFFFFFFFFFFFFFFFFFFF55
:208B4000FFFFFFFFFFFFFFFFFFFFFFFFFFFFFFFFFFFFFFFFFFFFFFFFFFFFFFFFFFFFFFFF35
:208B6000FFFFFFFFFFFFFFFFFFFFFFFFFFFFFFFFFFFFFFFFFFFFFFFFFFFFFFFFFFFFFFFF15
:208B8000FFFFFFFFFFFFFFFFFFFFFFFFFFFFFFFFFFFFFFFFFFFFFFFFFFFFFFFFFFFFFFFFF5
:208BA000FFFFFFFFFFFFFFFFFFFFFFFFFFFFFFFFFFFFFFFFFFFFFFFFFFFFFFFFFFFFFFFFD5
:208BC000FFFFFFFFFFFFFFFFFFFFFFFFFFFFFFFFFFFFFFFFFFFFFFFFFFFFFFFFFFFFFFFFB5
:208BE000FFFFFFFFFFFFFFFFFFFFFFFFFFFFFFFFFFFFFFFFFFFFFFFFFFFFFFFFFFFFFFFF95
:208C0000FFFFFFFFFFFFFFFFFFFFFFFFFFFFFFFFFFFFFFFFFFFFFFFFFFFFFFFFFFFFFFFF74
:208C2000FFFFFFFFFFFFFFFFFFFFFFFFFFFFFFFFFFFFFFFFFFFFFFFFFFFFFFFFFFFFFFFF54
:208C4000FFFFFFFFFFFFFFFFFFFFFFFFFFFFFFFFFFFFFFFFFFFFFFFFFFFFFFFFFFFFFFFF34
:208C6000FFFFFFFFFFFFFFFFFFFFFFFFFFFFFFFFFFFFFFFFFFFFFFFFFFFFFFFFFFFFFFFF14
:208C8000FFFFFFFFFFFFFFFFFFFFFFFFFFFFFFFFFFFFFFFFFFFFFFFFFFFFFFFFFFFFFFFFF4
:208CA000FFFFFFFFFFFFFFFFFFFFFFFFFFFFFFFFFFFFFFFFFFFFFFFFFFFFFFFFFFFFFFFFD4
:208CC000FFFFFFFFFFFFFFFFFFFFFFFFFFFFFFFFFFFFFFFFFFFFFFFFFFFFFFFFFFFFFFFFB4
:208CE000FFFFFFFFFFFFFFFFFFFFFFFFFFFFFFFFFFFFFFFFFFFFFFFFFFFFFFFFFFFFFFFF94
:208D0000FFFFFFFFFFFFFFFFFFFFFFFFFFFFFFFFFFFFFFFFFFFFFFFFFFFFFFFFFFFFFFFF73
:208D2000FFFFFFFFFFFFFFFFFFFFFFFFFFFFFFFFFFFFFFFFFFFFFFFFFFFFFFFFFFFFFFFF53
:208D4000FFFFFFFFFFFFFFFFFFFFFFFFFFFFFFFFFFFFFFFFFFFFFFFFFFFFFFFFFFFFFFFF33
:208D6000FFFFFFFFFFFFFFFFFFFFFFFFFFFFFFFFFFFFFFFFFFFFFFFFFFFFFFFFFFFFFFFF13
:208D8000FFFFFFFFFFFFFFFFFFFFFFFFFFFFFFFFFFFFFFFFFFFFFFFFFFFFFFFFFFFFFFFFF3
:208DA000FFFFFFFFFFFFFFFFFFFFFFFFFFFFFFFFFFFFFFFFFFFFFFFFFFFFFFFFFFFFFFFFD3
:208DC000FFFFFFFFFFFFFFFFFFFFFFFFFFFFFFFFFFFFFFFFFFFFFFFFFFFFFFFFFFFFFFFFB3
:208DE000FFFFFFFFFFFFFFFFFFFFFFFFFFFFFFFFFFFFFFFFFFFFFFFFFFFFFFFFFFFFFFFF93
:208E0000FFFFFFFFFFFFFFFFFFFFFFFFFFFFFFFFFFFFFFFFFFFFFFFFFFFFFFFFFFFFFFFF72
:208E2000FFFFFFFFFFFFFFFFFFFFFFFFFFFFFFFFFFFFFFFFFFFFFFFFFFFFFFFFFFFFFFFF52
:208E4000FFFFFFFFFFFFFFFFFFFFFFFFFFFFFFFFFFFFFFFFFFFFFFFFFFFFFFFFFFFFFFFF32
:208E6000FFFFFFFFFFFFFFFFFFFFFFFFFFFFFFFFFFFFFFFFFFFFFFFFFFFFFFFFFFFFFFFF12
:208E8000FFFFFFFFFFFFFFFFFFFFFFFFFFFFFFFFFFFFFFFFFFFFFFFFFFFFFFFFFFFFFFFFF2
:208EA000FFFFFFFFFFFFFFFFFFFFFFFFFFFFFFFFFFFFFFFFFFFFFFFFFFFFFFFFFFFFFFFFD2
:208EC000FFFFFFFFFFFFFFFFFFFFFFFFFFFFFFFFFFFFFFFFFFFFFFFFFFFFFFFFFFFFFFFFB2
:208EE000FFFFFFFFFFFFFFFFFFFFFFFFFFFFFFFFFFFFFFFFFFFFFFFFFFFFFFFFFFFFFFFF92
:208F0000FFFFFFFFFFFFFFFFFFFFFFFFFFFFFFFFFFFFFFFFFFFFFFFFFFFFFFFFFFFFFFFF71
:208F2000FFFFFFFFFFFFFFFFFFFFFFFFFFFFFFFFFFFFFFFFFFFFFFFFFFFFFFFFFFFFFFFF51
:208F4000FFFFFFFFFFFFFFFFFFFFFFFFFFFFFFFFFFFFFFFFFFFFFFFFFFFFFFFFFFFFFFFF31
:208F6000FFFFFFFFFFFFFFFFFFFFFFFFFFFFFFFFFFFFFFFFFFFFFFFFFFFFFFFFFFFFFFFF11
:208F8000FFFFFFFFFFFFFFFFFFFFFFFFFFFFFFFFFFFFFFFFFFFFFFFFFFFFFFFFFFFFFFFFF1
:208FA000FFFFFFFFFFFFFFFFFFFFFFFFFFFFFFFFFFFFFFFFFFFFFFFFFFFFFFFFFFFFFFFFD1
:208FC000FFFFFFFFFFFFFFFFFFFFFFFFFFFFFFFFFFFFFFFFFFFFFFFFFFFFFFFFFFFFFFFFB1
:208FE000FFFFFFFFFFFFFFFFFFFFFFFFFFFFFFFFFFFFFFFFFFFFFFFFFFFFFFFFFFFFFFFF91
:20900000FFFFFFFFFFFFFFFFFFFFFFFFFFFFFFFFFFFFFFFFFFFFFFFFFFFFFFFFFFFFFFFF70
:20902000FFFFFFFFFFFFFFFFFFFFFFFFFFFFFFFFFFFFFFFFFFFFFFFFFFFFFFFFFFFFFFFF50
:20904000FFFFFFFFFFFFFFFFFFFFFFFFFFFFFFFFFFFFFFFFFFFFFFFFFFFFFFFFFFFFFFFF30
:20906000FFFFFFFFFFFFFFFFFFFFFFFFFFFFFFFFFFFFFFFFFFFFFFFFFFFFFFFFFFFFFFFF10
:20908000FFFFFFFFFFFFFFFFFFFFFFFFFFFFFFFFFFFFFFFFFFFFFFFFFFFFFFFFFFFFFFFFF0
:2090A000FFFFFFFFFFFFFFFFFFFFFFFFFFFFFFFFFFFFFFFFFFFFFFFFFFFFFFFFFFFFFFFFD0
:2090C000FFFFFFFFFFFFFFFFFFFFFFFFFFFFFFFFFFFFFFFFFFFFFFFFFFFFFFFFFFFFFFFFB0
:2090E000FFFFFFFFFFFFFFFFFFFFFFFFFFFFFFFFFFFFFFFFFFFFFFFFFFFFFFFFFFFFFFFF90
:20910000FFFFFFFFFFFFFFFFFFFFFFFFFFFFFFFFFFFFFFFFFFFFFFFFFFFFFFFFFFFFFFFF6F
:20912000FFFFFFFFFFFFFFFFFFFFFFFFFFFFFFFFFFFFFFFFFFFFFFFFFFFFFFFFFFFFFFFF4F
:20914000FFFFFFFFFFFFFFFFFFFFFFFFFFFFFFFFFFFFFFFFFFFFFFFFFFFFFFFFFFFFFFFF2F
:20916000FFFFFFFFFFFFFFFFFFFFFFFFFFFFFFFFFFFFFFFFFFFFFFFFFFFFFFFFFFFFFFFF0F
:20918000FFFFFFFFFFFFFFFFFFFFFFFFFFFFFFFFFFFFFFFFFFFFFFFFFFFFFFFFFFFFFFFFEF
:2091A000FFFFFFFFFFFFFFFFFFFFFFFFFFFFFFFFFFFFFFFFFFFFFFFFFFFFFFFFFFFFFFFFCF
:2091C000FFFFFFFFFFFFFFFFFFFFFFFFFFFFFFFFFFFFFFFFFFFFFFFFFFFFFFFFFFFFFFFFAF
:2091E000FFFFFFFFFFFFFFFFFFFFFFFFFFFFFFFFFFFFFFFFFFFFFFFFFFFFFFFFFFFFFFFF8F
:20920000FFFFFFFFFFFFFFFFFFFFFFFFFFFFFFFFFFFFFFFFFFFFFFFFFFFFFFFFFFFFFFFF6E
:20922000FFFFFFFFFFFFFFFFFFFFFFFFFFFFFFFFFFFFFFFFFFFFFFFFFFFFFFFFFFFFFFFF4E
:20924000FFFFFFFFFFFFFFFFFFFFFFFFFFFFFFFFFFFFFFFFFFFFFFFFFFFFFFFFFFFFFFFF2E
:20926000FFFFFFFFFFFFFFFFFFFFFFFFFFFFFFFFFFFFFFFFFFFFFFFFFFFFFFFFFFFFFFFF0E
:20928000FFFFFFFFFFFFFFFFFFFFFFFFFFFFFFFFFFFFFFFFFFFFFFFFFFFFFFFFFFFFFFFFEE
:2092A000FFFFFFFFFFFFFFFFFFFFFFFFFFFFFFFFFFFFFFFFFFFFFFFFFFFFFFFFFFFFFFFFCE
:2092C000FFFFFFFFFFFFFFFFFFFFFFFFFFFFFFFFFFFFFFFFFFFFFFFFFFFFFFFFFFFFFFFFAE
:2092E000FFFFFFFFFFFFFFFFFFFFFFFFFFFFFFFFFFFFFFFFFFFFFFFFFFFFFFFFFFFFFFFF8E
:20930000FFFFFFFFFFFFFFFFFFFFFFFFFFFFFFFFFFFFFFFFFFFFFFFFFFFFFFFFFFFFFFFF6D
:20932000FFFFFFFFFFFFFFFFFFFFFFFFFFFFFFFFFFFFFFFFFFFFFFFFFFFFFFFFFFFFFFFF4D
:20934000FFFFFFFFFFFFFFFFFFFFFFFFFFFFFFFFFFFFFFFFFFFFFFFFFFFFFFFFFFFFFFFF2D
:20936000FFFFFFFFFFFFFFFFFFFFFFFFFFFFFFFFFFFFFFFFFFFFFFFFFFFFFFFFFFFFFFFF0D
:20938000FFFFFFFFFFFFFFFFFFFFFFFFFFFFFFFFFFFFFFFFFFFFFFFFFFFFFFFFFFFFFFFFED
:2093A000FFFFFFFFFFFFFFFFFFFFFFFFFFFFFFFFFFFFFFFFFFFFFFFFFFFFFFFFFFFFFFFFCD
:2093C000FFFFFFFFFFFFFFFFFFFFFFFFFFFFFFFFFFFFFFFFFFFFFFFFFFFFFFFFFFFFFFFFAD
:2093E000FFFFFFFFFFFFFFFFFFFFFFFFFFFFFFFFFFFFFFFFFFFFFFFFFFFFFFFFFFFFFFFF8D
:20940000FFFFFFFFFFFFFFFFFFFFFFFFFFFFFFFFFFFFFFFFFFFFFFFFFFFFFFFFFFFFFFFF6C
:20942000FFFFFFFFFFFFFFFFFFFFFFFFFFFFFFFFFFFFFFFFFFFFFFFFFFFFFFFFFFFFFFFF4C
:20944000FFFFFFFFFFFFFFFFFFFFFFFFFFFFFFFFFFFFFFFFFFFFFFFFFFFFFFFFFFFFFFFF2C
:20946000FFFFFFFFFFFFFFFFFFFFFFFFFFFFFFFFFFFFFFFFFFFFFFFFFFFFFFFFFFFFFFFF0C
:20948000FFFFFFFFFFFFFFFFFFFFFFFFFFFFFFFFFFFFFFFFFFFFFFFFFFFFFFFFFFFFFFFFEC
:2094A000FFFFFFFFFFFFFFFFFFFFFFFFFFFFFFFFFFFFFFFFFFFFFFFFFFFFFFFFFFFFFFFFCC
:2094C000FFFFFFFFFFFFFFFFFFFFFFFFFFFFFFFFFFFFFFFFFFFFFFFFFFFFFFFFFFFFFFFFAC
:2094E000FFFFFFFFFFFFFFFFFFFFFFFFFFFFFFFFFFFFFFFFFFFFFFFFFFFFFFFFFFFFFFFF8C
:20950000FFFFFFFFFFFFFFFFFFFFFFFFFFFFFFFFFFFFFFFFFFFFFFFFFFFFFFFFFFFFFFFF6B
:20952000FFFFFFFFFFFFFFFFFFFFFFFFFFFFFFFFFFFFFFFFFFFFFFFFFFFFFFFFFFFFFFFF4B
:20954000FFFFFFFFFFFFFFFFFFFFFFFFFFFFFFFFFFFFFFFFFFFFFFFFFFFFFFFFFFFFFFFF2B
:20956000FFFFFFFFFFFFFFFFFFFFFFFFFFFFFFFFFFFFFFFFFFFFFFFFFFFFFFFFFFFFFFFF0B
:20958000FFFFFFFFFFFFFFFFFFFFFFFFFFFFFFFFFFFFFFFFFFFFFFFFFFFFFFFFFFFFFFFFEB
:2095A000FFFFFFFFFFFFFFFFFFFFFFFFFFFFFFFFFFFFFFFFFFFFFFFFFFFFFFFFFFFFFFFFCB
:2095C000FFFFFFFFFFFFFFFFFFFFFFFFFFFFFFFFFFFFFFFFFFFFFFFFFFFFFFFFFFFFFFFFAB
:2095E000FFFFFFFFFFFFFFFFFFFFFFFFFFFFFFFFFFFFFFFFFFFFFFFFFFFFFFFFFFFFFFFF8B
:20960000FFFFFFFFFFFFFFFFFFFFFFFFFFFFFFFFFFFFFFFFFFFFFFFFFFFFFFFFFFFFFFFF6A
:20962000FFFFFFFFFFFFFFFFFFFFFFFFFFFFFFFFFFFFFFFFFFFFFFFFFFFFFFFFFFFFFFFF4A
:20964000FFFFFFFFFFFFFFFFFFFFFFFFFFFFFFFFFFFFFFFFFFFFFFFFFFFFFFFFFFFFFFFF2A
:20966000FFFFFFFFFFFFFFFFFFFFFFFFFFFFFFFFFFFFFFFFFFFFFFFFFFFFFFFFFFFFFFFF0A
:20968000FFFFFFFFFFFFFFFFFFFFFFFFFFFFFFFFFFFFFFFFFFFFFFFFFFFFFFFFFFFFFFFFEA
:2096A000FFFFFFFFFFFFFFFFFFFFFFFFFFFFFFFFFFFFFFFFFFFFFFFFFFFFFFFFFFFFFFFFCA
:2096C000FFFFFFFFFFFFFFFFFFFFFFFFFFFFFFFFFFFFFFFFFFFFFFFFFFFFFFFFFFFFFFFFAA
:2096E000FFFFFFFFFFFFFFFFFFFFFFFFFFFFFFFFFFFFFFFFFFFFFFFFFFFFFFFFFFFFFFFF8A
:20970000FFFFFFFFFFFFFFFFFFFFFFFFFFFFFFFFFFFFFFFFFFFFFFFFFFFFFFFFFFFFFFFF69
:20972000FFFFFFFFFFFFFFFFFFFFFFFFFFFFFFFFFFFFFFFFFFFFFFFFFFFFFFFFFFFFFFFF49
:20974000FFFFFFFFFFFFFFFFFFFFFFFFFFFFFFFFFFFFFFFFFFFFFFFFFFFFFFFFFFFFFFFF29
:20976000FFFFFFFFFFFFFFFFFFFFFFFFFFFFFFFFFFFFFFFFFFFFFFFFFFFFFFFFFFFFFFFF09
:20978000FFFFFFFFFFFFFFFFFFFFFFFFFFFFFFFFFFFFFFFFFFFFFFFFFFFFFFFFFFFFFFFFE9
:2097A000FFFFFFFFFFFFFFFFFFFFFFFFFFFFFFFFFFFFFFFFFFFFFFFFFFFFFFFFFFFFFFFFC9
:2097C000FFFFFFFFFFFFFFFFFFFFFFFFFFFFFFFFFFFFFFFFFFFFFFFFFFFFFFFFFFFFFFFFA9
:2097E000FFFFFFFFFFFFFFFFFFFFFFFFFFFFFFFFFFFFFFFFFFFFFFFFFFFFFFFFFFFFFFFF89
:20980000FFFFFFFFFFFFFFFFFFFFFFFFFFFFFFFFFFFFFFFFFFFFFFFFFFFFFFFFFFFFFFFF68
:20982000FFFFFFFFFFFFFFFFFFFFFFFFFFFFFFFFFFFFFFFFFFFFFFFFFFFFFFFFFFFFFFFF48
:20984000FFFFFFFFFFFFFFFFFFFFFFFFFFFFFFFFFFFFFFFFFFFFFFFFFFFFFFFFFFFFFFFF28
:20986000FFFFFFFFFFFFFFFFFFFFFFFFFFFFFFFFFFFFFFFFFFFFFFFFFFFFFFFFFFFFFFFF08
:20988000FFFFFFFFFFFFFFFFFFFFFFFFFFFFFFFFFFFFFFFFFFFFFFFFFFFFFFFFFFFFFFFFE8
:2098A000FFFFFFFFFFFFFFFFFFFFFFFFFFFFFFFFFFFFFFFFFFFFFFFFFFFFFFFFFFFFFFFFC8
:2098C000FFFFFFFFFFFFFFFFFFFFFFFFFFFFFFFFFFFFFFFFFFFFFFFFFFFFFFFFFFFFFFFFA8
:2098E000FFFFFFFFFFFFFFFFFFFFFFFFFFFFFFFFFFFFFFFFFFFFFFFFFFFFFFFFFFFFFFFF88
:20990000FFFFFFFFFFFFFFFFFFFFFFFFFFFFFFFFFFFFFFFFFFFFFFFFFFFFFFFFFFFFFFFF67
:20992000FFFFFFFFFFFFFFFFFFFFFFFFFFFFFFFFFFFFFFFFFFFFFFFFFFFFFFFFFFFFFFFF47
:20994000FFFFFFFFFFFFFFFFFFFFFFFFFFFFFFFFFFFFFFFFFFFFFFFFFFFFFFFFFFFFFFFF27
:20996000FFFFFFFFFFFFFFFFFFFFFFFFFFFFFFFFFFFFFFFFFFFFFFFFFFFFFFFFFFFFFFFF07
:20998000FFFFFFFFFFFFFFFFFFFFFFFFFFFFFFFFFFFFFFFFFFFFFFFFFFFFFFFFFFFFFFFFE7
:2099A000FFFFFFFFFFFFFFFFFFFFFFFFFFFFFFFFFFFFFFFFFFFFFFFFFFFFFFFFFFFFFFFFC7
:2099C000FFFFFFFFFFFFFFFFFFFFFFFFFFFFFFFFFFFFFFFFFFFFFFFFFFFFFFFFFFFFFFFFA7
:2099E000FFFFFFFFFFFFFFFFFFFFFFFFFFFFFFFFFFFFFFFFFFFFFFFFFFFFFFFFFFFFFFFF87
:209A0000FFFFFFFFFFFFFFFFFFFFFFFFFFFFFFFFFFFFFFFFFFFFFFFFFFFFFFFFFFFFFFFF66
:209A2000FFFFFFFFFFFFFFFFFFFFFFFFFFFFFFFFFFFFFFFFFFFFFFFFFFFFFFFFFFFFFFFF46
:209A4000FFFFFFFFFFFFFFFFFFFFFFFFFFFFFFFFFFFFFFFFFFFFFFFFFFFFFFFFFFFFFFFF26
:209A6000FFFFFFFFFFFFFFFFFFFFFFFFFFFFFFFFFFFFFFFFFFFFFFFFFFFFFFFFFFFFFFFF06
:209A8000FFFFFFFFFFFFFFFFFFFFFFFFFFFFFFFFFFFFFFFFFFFFFFFFFFFFFFFFFFFFFFFFE6
:209AA000FFFFFFFFFFFFFFFFFFFFFFFFFFFFFFFFFFFFFFFFFFFFFFFFFFFFFFFFFFFFFFFFC6
:209AC000FFFFFFFFFFFFFFFFFFFFFFFFFFFFFFFFFFFFFFFFFFFFFFFFFFFFFFFFFFFFFFFFA6
:209AE000FFFFFFFFFFFFFFFFFFFFFFFFFFFFFFFFFFFFFFFFFFFFFFFFFFFFFFFFFFFFFFFF86
:209B0000FFFFFFFFFFFFFFFFFFFFFFFFFFFFFFFFFFFFFFFFFFFFFFFFFFFFFFFFFFFFFFFF65
:209B2000FFFFFFFFFFFFFFFFFFFFFFFFFFFFFFFFFFFFFFFFFFFFFFFFFFFFFFFFFFFFFFFF45
:209B4000FFFFFFFFFFFFFFFFFFFFFFFFFFFFFFFFFFFFFFFFFFFFFFFFFFFFFFFFFFFFFFFF25
:209B6000FFFFFFFFFFFFFFFFFFFFFFFFFFFFFFFFFFFFFFFFFFFFFFFFFFFFFFFFFFFFFFFF05
:209B8000FFFFFFFFFFFFFFFFFFFFFFFFFFFFFFFFFFFFFFFFFFFFFFFFFFFFFFFFFFFFFFFFE5
:209BA000FFFFFFFFFFFFFFFFFFFFFFFFFFFFFFFFFFFFFFFFFFFFFFFFFFFFFFFFFFFFFFFFC5
:209BC000FFFFFFFFFFFFFFFFFFFFFFFFFFFFFFFFFFFFFFFFFFFFFFFFFFFFFFFFFFFFFFFFA5
:209BE000FFFFFFFFFFFFFFFFFFFFFFFFFFFFFFFFFFFFFFFFFFFFFFFFFFFFFFFFFFFFFFFF85
:209C0000FFFFFFFFFFFFFFFFFFFFFFFFFFFFFFFFFFFFFFFFFFFFFFFFFFFFFFFFFFFFFFFF64
:209C2000FFFFFFFFFFFFFFFFFFFFFFFFFFFFFFFFFFFFFFFFFFFFFFFFFFFFFFFFFFFFFFFF44
:209C4000FFFFFFFFFFFFFFFFFFFFFFFFFFFFFFFFFFFFFFFFFFFFFFFFFFFFFFFFFFFFFFFF24
:209C6000FFFFFFFFFFFFFFFFFFFFFFFFFFFFFFFFFFFFFFFFFFFFFFFFFFFFFFFFFFFFFFFF04
:209C8000FFFFFFFFFFFFFFFFFFFFFFFFFFFFFFFFFFFFFFFFFFFFFFFFFFFFFFFFFFFFFFFFE4
:209CA000FFFFFFFFFFFFFFFFFFFFFFFFFFFFFFFFFFFFFFFFFFFFFFFFFFFFFFFFFFFFFFFFC4
:209CC000FFFFFFFFFFFFFFFFFFFFFFFFFFFFFFFFFFFFFFFFFFFFFFFFFFFFFFFFFFFFFFFFA4
:209CE000FFFFFFFFFFFFFFFFFFFFFFFFFFFFFFFFFFFFFFFFFFFFFFFFFFFFFFFFFFFFFFFF84
:209D0000FFFFFFFFFFFFFFFFFFFFFFFFFFFFFFFFFFFFFFFFFFFFFFFFFFFFFFFFFFFFFFFF63
:209D2000FFFFFFFFFFFFFFFFFFFFFFFFFFFFFFFFFFFFFFFFFFFFFFFFFFFFFFFFFFFFFFFF43
:209D4000FFFFFFFFFFFFFFFFFFFFFFFFFFFFFFFFFFFFFFFFFFFFFFFFFFFFFFFFFFFFFFFF23
:209D6000FFFFFFFFFFFFFFFFFFFFFFFFFFFFFFFFFFFFFFFFFFFFFFFFFFFFFFFFFFFFFFFF03
:209D8000FFFFFFFFFFFFFFFFFFFFFFFFFFFFFFFFFFFFFFFFFFFFFFFFFFFFFFFFFFFFFFFFE3
:209DA000FFFFFFFFFFFFFFFFFFFFFFFFFFFFFFFFFFFFFFFFFFFFFFFFFFFFFFFFFFFFFFFFC3
:209DC000FFFFFFFFFFFFFFFFFFFFFFFFFFFFFFFFFFFFFFFFFFFFFFFFFFFFFFFFFFFFFFFFA3
:209DE000FFFFFFFFFFFFFFFFFFFFFFFFFFFFFFFFFFFFFFFFFFFFFFFFFFFFFFFFFFFFFFFF83
:209E0000FFFFFFFFFFFFFFFFFFFFFFFFFFFFFFFFFFFFFFFFFFFFFFFFFFFFFFFFFFFFFFFF62
:209E2000FFFFFFFFFFFFFFFFFFFFFFFFFFFFFFFFFFFFFFFFFFFFFFFFFFFFFFFFFFFFFFFF42
:209E4000FFFFFFFFFFFFFFFFFFFFFFFFFFFFFFFFFFFFFFFFFFFFFFFFFFFFFFFFFFFFFFFF22
:209E6000FFFFFFFFFFFFFFFFFFFFFFFFFFFFFFFFFFFFFFFFFFFFFFFFFFFFFFFFFFFFFFFF02
:209E8000FFFFFFFFFFFFFFFFFFFFFFFFFFFFFFFFFFFFFFFFFFFFFFFFFFFFFFFFFFFFFFFFE2
:209EA000FFFFFFFFFFFFFFFFFFFFFFFFFFFFFFFFFFFFFFFFFFFFFFFFFFFFFFFFFFFFFFFFC2
:209EC000FFFFFFFFFFFFFFFFFFFFFFFFFFFFFFFFFFFFFFFFFFFFFFFFFFFFFFFFFFFFFFFFA2
:209EE000FFFFFFFFFFFFFFFFFFFFFFFFFFFFFFFFFFFFFFFFFFFFFFFFFFFFFFFFFFFFFFFF82
:209F0000FFFFFFFFFFFFFFFFFFFFFFFFFFFFFFFFFFFFFFFFFFFFFFFFFFFFFFFFFFFFFFFF61
:209F2000FFFFFFFFFFFFFFFFFFFFFFFFFFFFFFFFFFFFFFFFFFFFFFFFFFFFFFFFFFFFFFFF41
:209F4000FFFFFFFFFFFFFFFFFFFFFFFFFFFFFFFFFFFFFFFFFFFFFFFFFFFFFFFFFFFFFFFF21
:209F6000FFFFFFFFFFFFFFFFFFFFFFFFFFFFFFFFFFFFFFFFFFFFFFFFFFFFFFFFFFFFFFFF01
:209F8000FFFFFFFFFFFFFFFFFFFFFFFFFFFFFFFFFFFFFFFFFFFFFFFFFFFFFFFFFFFFFFFFE1
:209FA000FFFFFFFFFFFFFFFFFFFFFFFFFFFFFFFFFFFFFFFFFFFFFFFFFFFFFFFFFFFFFFFFC1
:209FC000FFFFFFFFFFFFFFFFFFFFFFFFFFFFFFFFFFFFFFFFFFFFFFFFFFFFFFFFFFFFFFFFA1
:209FE000FFFFFFFFFFFFFFFFFFFFFFFFFFFFFFFFFFFFFFFFFFFFFFFFFFFFFFFFFFFFFFFF81
:20A00000FFFFFFFFFFFFFFFFFFFFFFFFFFFFFFFFFFFFFFFFFFFFFFFFFFFFFFFFFFFFFFFF60
:20A02000FFFFFFFFFFFFFFFFFFFFFFFFFFFFFFFFFFFFFFFFFFFFFFFFFFFFFFFFFFFFFFFF40
:20A04000FFFFFFFFFFFFFFFFFFFFFFFFFFFFFFFFFFFFFFFFFFFFFFFFFFFFFFFFFFFFFFFF20
:20A06000FFFFFFFFFFFFFFFFFFFFFFFFFFFFFFFFFFFFFFFFFFFFFFFFFFFFFFFFFFFFFFFF00
:20A08000FFFFFFFFFFFFFFFFFFFFFFFFFFFFFFFFFFFFFFFFFFFFFFFFFFFFFFFFFFFFFFFFE0
:20A0A000FFFFFFFFFFFFFFFFFFFFFFFFFFFFFFFFFFFFFFFFFFFFFFFFFFFFFFFFFFFFFFFFC0
:20A0C000FFFFFFFFFFFFFFFFFFFFFFFFFFFFFFFFFFFFFFFFFFFFFFFFFFFFFFFFFFFFFFFFA0
:20A0E000FFFFFFFFFFFFFFFFFFFFFFFFFFFFFFFFFFFFFFFFFFFFFFFFFFFFFFFFFFFFFFFF80
:20A10000FFFFFFFFFFFFFFFFFFFFFFFFFFFFFFFFFFFFFFFFFFFFFFFFFFFFFFFFFFFFFFFF5F
:20A12000FFFFFFFFFFFFFFFFFFFFFFFFFFFFFFFFFFFFFFFFFFFFFFFFFFFFFFFFFFFFFFFF3F
:20A14000FFFFFFFFFFFFFFFFFFFFFFFFFFFFFFFFFFFFFFFFFFFFFFFFFFFFFFFFFFFFFFFF1F
:20A16000FFFFFFFFFFFFFFFFFFFFFFFFFFFFFFFFFFFFFFFFFFFFFFFFFFFFFFFFFFFFFFFFFF
:20A18000FFFFFFFFFFFFFFFFFFFFFFFFFFFFFFFFFFFFFFFFFFFFFFFFFFFFFFFFFFFFFFFFDF
:20A1A000FFFFFFFFFFFFFFFFFFFFFFFFFFFFFFFFFFFFFFFFFFFFFFFFFFFFFFFFFFFFFFFFBF
:20A1C000FFFFFFFFFFFFFFFFFFFFFFFFFFFFFFFFFFFFFFFFFFFFFFFFFFFFFFFFFFFFFFFF9F
:20A1E000FFFFFFFFFFFFFFFFFFFFFFFFFFFFFFFFFFFFFFFFFFFFFFFFFFFFFFFFFFFFFFFF7F
:20A20000FFFFFFFFFFFFFFFFFFFFFFFFFFFFFFFFFFFFFFFFFFFFFFFFFFFFFFFFFFFFFFFF5E
:20A22000FFFFFFFFFFFFFFFFFFFFFFFFFFFFFFFFFFFFFFFFFFFFFFFFFFFFFFFFFFFFFFFF3E
:20A24000FFFFFFFFFFFFFFFFFFFFFFFFFFFFFFFFFFFFFFFFFFFFFFFFFFFFFFFFFFFFFFFF1E
:20A26000FFFFFFFFFFFFFFFFFFFFFFFFFFFFFFFFFFFFFFFFFFFFFFFFFFFFFFFFFFFFFFFFFE
:20A28000FFFFFFFFFFFFFFFFFFFFFFFFFFFFFFFFFFFFFFFFFFFFFFFFFFFFFFFFFFFFFFFFDE
:20A2A000FFFFFFFFFFFFFFFFFFFFFFFFFFFFFFFFFFFFFFFFFFFFFFFFFFFFFFFFFFFFFFFFBE
:20A2C000FFFFFFFFFFFFFFFFFFFFFFFFFFFFFFFFFFFFFFFFFFFFFFFFFFFFFFFFFFFFFFFF9E
:20A2E000FFFFFFFFFFFFFFFFFFFFFFFFFFFFFFFFFFFFFFFFFFFFFFFFFFFFFFFFFFFFFFFF7E
:20A30000FFFFFFFFFFFFFFFFFFFFFFFFFFFFFFFFFFFFFFFFFFFFFFFFFFFFFFFFFFFFFFFF5D
:20A32000FFFFFFFFFFFFFFFFFFFFFFFFFFFFFFFFFFFFFFFFFFFFFFFFFFFFFFFFFFFFFFFF3D
:20A34000FFFFFFFFFFFFFFFFFFFFFFFFFFFFFFFFFFFFFFFFFFFFFFFFFFFFFFFFFFFFFFFF1D
:20A36000FFFFFFFFFFFFFFFFFFFFFFFFFFFFFFFFFFFFFFFFFFFFFFFFFFFFFFFFFFFFFFFFFD
:20A38000FFFFFFFFFFFFFFFFFFFFFFFFFFFFFFFFFFFFFFFFFFFFFFFFFFFFFFFFFFFFFFFFDD
:20A3A000FFFFFFFFFFFFFFFFFFFFFFFFFFFFFFFFFFFFFFFFFFFFFFFFFFFFFFFFFFFFFFFFBD
:20A3C000FFFFFFFFFFFFFFFFFFFFFFFFFFFFFFFFFFFFFFFFFFFFFFFFFFFFFFFFFFFFFFFF9D
:20A3E000FFFFFFFFFFFFFFFFFFFFFFFFFFFFFFFFFFFFFFFFFFFFFFFFFFFFFFFFFFFFFFFF7D
:20A40000FFFFFFFFFFFFFFFFFFFFFFFFFFFFFFFFFFFFFFFFFFFFFFFFFFFFFFFFFFFFFFFF5C
:20A42000FFFFFFFFFFFFFFFFFFFFFFFFFFFFFFFFFFFFFFFFFFFFFFFFFFFFFFFFFFFFFFFF3C
:20A44000FFFFFFFFFFFFFFFFFFFFFFFFFFFFFFFFFFFFFFFFFFFFFFFFFFFFFFFFFFFFFFFF1C
:20A46000FFFFFFFFFFFFFFFFFFFFFFFFFFFFFFFFFFFFFFFFFFFFFFFFFFFFFFFFFFFFFFFFFC
:20A48000FFFFFFFFFFFFFFFFFFFFFFFFFFFFFFFFFFFFFFFFFFFFFFFFFFFFFFFFFFFFFFFFDC
:20A4A000FFFFFFFFFFFFFFFFFFFFFFFFFFFFFFFFFFFFFFFFFFFFFFFFFFFFFFFFFFFFFFFFBC
:20A4C000FFFFFFFFFFFFFFFFFFFFFFFFFFFFFFFFFFFFFFFFFFFFFFFFFFFFFFFFFFFFFFFF9C
:20A4E000FFFFFFFFFFFFFFFFFFFFFFFFFFFFFFFFFFFFFFFFFFFFFFFFFFFFFFFFFFFFFFFF7C
:20A50000FFFFFFFFFFFFFFFFFFFFFFFFFFFFFFFFFFFFFFFFFFFFFFFFFFFFFFFFFFFFFFFF5B
:20A52000FFFFFFFFFFFFFFFFFFFFFFFFFFFFFFFFFFFFFFFFFFFFFFFFFFFFFFFFFFFFFFFF3B
:20A54000FFFFFFFFFFFFFFFFFFFFFFFFFFFFFFFFFFFFFFFFFFFFFFFFFFFFFFFFFFFFFFFF1B
:20A56000FFFFFFFFFFFFFFFFFFFFFFFFFFFFFFFFFFFFFFFFFFFFFFFFFFFFFFFFFFFFFFFFFB
:20A58000FFFFFFFFFFFFFFFFFFFFFFFFFFFFFFFFFFFFFFFFFFFFFFFFFFFFFFFFFFFFFFFFDB
:20A5A000FFFFFFFFFFFFFFFFFFFFFFFFFFFFFFFFFFFFFFFFFFFFFFFFFFFFFFFFFFFFFFFFBB
:20A5C000FFFFFFFFFFFFFFFFFFFFFFFFFFFFFFFFFFFFFFFFFFFFFFFFFFFFFFFFFFFFFFFF9B
:20A5E000FFFFFFFFFFFFFFFFFFFFFFFFFFFFFFFFFFFFFFFFFFFFFFFFFFFFFFFFFFFFFFFF7B
:20A60000FFFFFFFFFFFFFFFFFFFFFFFFFFFFFFFFFFFFFFFFFFFFFFFFFFFFFFFFFFFFFFFF5A
:20A62000FFFFFFFFFFFFFFFFFFFFFFFFFFFFFFFFFFFFFFFFFFFFFFFFFFFFFFFFFFFFFFFF3A
:20A64000FFFFFFFFFFFFFFFFFFFFFFFFFFFFFFFFFFFFFFFFFFFFFFFFFFFFFFFFFFFFFFFF1A
:20A66000FFFFFFFFFFFFFFFFFFFFFFFFFFFFFFFFFFFFFFFFFFFFFFFFFFFFFFFFFFFFFFFFFA
:20A68000FFFFFFFFFFFFFFFFFFFFFFFFFFFFFFFFFFFFFFFFFFFFFFFFFFFFFFFFFFFFFFFFDA
:20A6A000FFFFFFFFFFFFFFFFFFFFFFFFFFFFFFFFFFFFFFFFFFFFFFFFFFFFFFFFFFFFFFFFBA
:20A6C000FFFFFFFFFFFFFFFFFFFFFFFFFFFFFFFFFFFFFFFFFFFFFFFFFFFFFFFFFFFFFFFF9A
:20A6E000FFFFFFFFFFFFFFFFFFFFFFFFFFFFFFFFFFFFFFFFFFFFFFFFFFFFFFFFFFFFFFFF7A
:20A70000FFFFFFFFFFFFFFFFFFFFFFFFFFFFFFFFFFFFFFFFFFFFFFFFFFFFFFFFFFFFFFFF59
:20A72000FFFFFFFFFFFFFFFFFFFFFFFFFFFFFFFFFFFFFFFFFFFFFFFFFFFFFFFFFFFFFFFF39
:20A74000FFFFFFFFFFFFFFFFFFFFFFFFFFFFFFFFFFFFFFFFFFFFFFFFFFFFFFFFFFFFFFFF19
:20A76000FFFFFFFFFFFFFFFFFFFFFFFFFFFFFFFFFFFFFFFFFFFFFFFFFFFFFFFFFFFFFFFFF9
:20A78000FFFFFFFFFFFFFFFFFFFFFFFFFFFFFFFFFFFFFFFFFFFFFFFFFFFFFFFFFFFFFFFFD9
:20A7A000FFFFFFFFFFFFFFFFFFFFFFFFFFFFFFFFFFFFFFFFFFFFFFFFFFFFFFFFFFFFFFFFB9
:20A7C000FFFFFFFFFFFFFFFFFFFFFFFFFFFFFFFFFFFFFFFFFFFFFFFFFFFFFFFFFFFFFFFF99
:20A7E000FFFFFFFFFFFFFFFFFFFFFFFFFFFFFFFFFFFFFFFFFFFFFFFFFFFFFFFFFFFFFFFF79
:20A80000FFFFFFFFFFFFFFFFFFFFFFFFFFFFFFFFFFFFFFFFFFFFFFFFFFFFFFFFFFFFFFFF58
:20A82000FFFFFFFFFFFFFFFFFFFFFFFFFFFFFFFFFFFFFFFFFFFFFFFFFFFFFFFFFFFFFFFF38
:20A84000FFFFFFFFFFFFFFFFFFFFFFFFFFFFFFFFFFFFFFFFFFFFFFFFFFFFFFFFFFFFFFFF18
:20A86000FFFFFFFFFFFFFFFFFFFFFFFFFFFFFFFFFFFFFFFFFFFFFFFFFFFFFFFFFFFFFFFFF8
:20A88000FFFFFFFFFFFFFFFFFFFFFFFFFFFFFFFFFFFFFFFFFFFFFFFFFFFFFFFFFFFFFFFFD8
:20A8A000FFFFFFFFFFFFFFFFFFFFFFFFFFFFFFFFFFFFFFFFFFFFFFFFFFFFFFFFFFFFFFFFB8
:20A8C000FFFFFFFFFFFFFFFFFFFFFFFFFFFFFFFFFFFFFFFFFFFFFFFFFFFFFFFFFFFFFFFF98
:20A8E000FFFFFFFFFFFFFFFFFFFFFFFFFFFFFFFFFFFFFFFFFFFFFFFFFFFFFFFFFFFFFFFF78
:20A90000FFFFFFFFFFFFFFFFFFFFFFFFFFFFFFFFFFFFFFFFFFFFFFFFFFFFFFFFFFFFFFFF57
:20A92000FFFFFFFFFFFFFFFFFFFFFFFFFFFFFFFFFFFFFFFFFFFFFFFFFFFFFFFFFFFFFFFF37
:20A94000FFFFFFFFFFFFFFFFFFFFFFFFFFFFFFFFFFFFFFFFFFFFFFFFFFFFFFFFFFFFFFFF17
:20A96000FFFFFFFFFFFFFFFFFFFFFFFFFFFFFFFFFFFFFFFFFFFFFFFFFFFFFFFFFFFFFFFFF7
:20A98000FFFFFFFFFFFFFFFFFFFFFFFFFFFFFFFFFFFFFFFFFFFFFFFFFFFFFFFFFFFFFFFFD7
:20A9A000FFFFFFFFFFFFFFFFFFFFFFFFFFFFFFFFFFFFFFFFFFFFFFFFFFFFFFFFFFFFFFFFB7
:20A9C000FFFFFFFFFFFFFFFFFFFFFFFFFFFFFFFFFFFFFFFFFFFFFFFFFFFFFFFFFFFFFFFF97
:20A9E000FFFFFFFFFFFFFFFFFFFFFFFFFFFFFFFFFFFFFFFFFFFFFFFFFFFFFFFFFFFFFFFF77
:20AA0000FFFFFFFFFFFFFFFFFFFFFFFFFFFFFFFFFFFFFFFFFFFFFFFFFFFFFFFFFFFFFFFF56
:20AA2000FFFFFFFFFFFFFFFFFFFFFFFFFFFFFFFFFFFFFFFFFFFFFFFFFFFFFFFFFFFFFFFF36
:20AA4000FFFFFFFFFFFFFFFFFFFFFFFFFFFFFFFFFFFFFFFFFFFFFFFFFFFFFFFFFFFFFFFF16
:20AA6000FFFFFFFFFFFFFFFFFFFFFFFFFFFFFFFFFFFFFFFFFFFFFFFFFFFFFFFFFFFFFFFFF6
:20AA8000FFFFFFFFFFFFFFFFFFFFFFFFFFFFFFFFFFFFFFFFFFFFFFFFFFFFFFFFFFFFFFFFD6
:20AAA000FFFFFFFFFFFFFFFFFFFFFFFFFFFFFFFFFFFFFFFFFFFFFFFFFFFFFFFFFFFFFFFFB6
:20AAC000FFFFFFFFFFFFFFFFFFFFFFFFFFFFFFFFFFFFFFFFFFFFFFFFFFFFFFFFFFFFFFFF96
:20AAE000FFFFFFFFFFFFFFFFFFFFFFFFFFFFFFFFFFFFFFFFFFFFFFFFFFFFFFFFFFFFFFFF76
:20AB0000FFFFFFFFFFFFFFFFFFFFFFFFFFFFFFFFFFFFFFFFFFFFFFFFFFFFFFFFFFFFFFFF55
:20AB2000FFFFFFFFFFFFFFFFFFFFFFFFFFFFFFFFFFFFFFFFFFFFFFFFFFFFFFFFFFFFFFFF35
:20AB4000FFFFFFFFFFFFFFFFFFFFFFFFFFFFFFFFFFFFFFFFFFFFFFFFFFFFFFFFFFFFFFFF15
:20AB6000FFFFFFFFFFFFFFFFFFFFFFFFFFFFFFFFFFFFFFFFFFFFFFFFFFFFFFFFFFFFFFFFF5
:20AB8000FFFFFFFFFFFFFFFFFFFFFFFFFFFFFFFFFFFFFFFFFFFFFFFFFFFFFFFFFFFFFFFFD5
:20ABA000FFFFFFFFFFFFFFFFFFFFFFFFFFFFFFFFFFFFFFFFFFFFFFFFFFFFFFFFFFFFFFFFB5
:20ABC000FFFFFFFFFFFFFFFFFFFFFFFFFFFFFFFFFFFFFFFFFFFFFFFFFFFFFFFFFFFFFFFF95
:20ABE000FFFFFFFFFFFFFFFFFFFFFFFFFFFFFFFFFFFFFFFFFFFFFFFFFFFFFFFFFFFFFFFF75
:20AC0000FFFFFFFFFFFFFFFFFFFFFFFFFFFFFFFFFFFFFFFFFFFFFFFFFFFFFFFFFFFFFFFF54
:20AC2000FFFFFFFFFFFFFFFFFFFFFFFFFFFFFFFFFFFFFFFFFFFFFFFFFFFFFFFFFFFFFFFF34
:20AC4000FFFFFFFFFFFFFFFFFFFFFFFFFFFFFFFFFFFFFFFFFFFFFFFFFFFFFFFFFFFFFFFF14
:20AC6000FFFFFFFFFFFFFFFFFFFFFFFFFFFFFFFFFFFFFFFFFFFFFFFFFFFFFFFFFFFFFFFFF4
:20AC8000FFFFFFFFFFFFFFFFFFFFFFFFFFFFFFFFFFFFFFFFFFFFFFFFFFFFFFFFFFFFFFFFD4
:20ACA000FFFFFFFFFFFFFFFFFFFFFFFFFFFFFFFFFFFFFFFFFFFFFFFFFFFFFFFFFFFFFFFFB4
:20ACC000FFFFFFFFFFFFFFFFFFFFFFFFFFFFFFFFFFFFFFFFFFFFFFFFFFFFFFFFFFFFFFFF94
:20ACE000FFFFFFFFFFFFFFFFFFFFFFFFFFFFFFFFFFFFFFFFFFFFFFFFFFFFFFFFFFFFFFFF74
:20AD0000FFFFFFFFFFFFFFFFFFFFFFFFFFFFFFFFFFFFFFFFFFFFFFFFFFFFFFFFFFFFFFFF53
:20AD2000FFFFFFFFFFFFFFFFFFFFFFFFFFFFFFFFFFFFFFFFFFFFFFFFFFFFFFFFFFFFFFFF33
:20AD4000FFFFFFFFFFFFFFFFFFFFFFFFFFFFFFFFFFFFFFFFFFFFFFFFFFFFFFFFFFFFFFFF13
:20AD6000FFFFFFFFFFFFFFFFFFFFFFFFFFFFFFFFFFFFFFFFFFFFFFFFFFFFFFFFFFFFFFFFF3
:20AD8000FFFFFFFFFFFFFFFFFFFFFFFFFFFFFFFFFFFFFFFFFFFFFFFFFFFFFFFFFFFFFFFFD3
:20ADA000FFFFFFFFFFFFFFFFFFFFFFFFFFFFFFFFFFFFFFFFFFFFFFFFFFFFFFFFFFFFFFFFB3
:20ADC000FFFFFFFFFFFFFFFFFFFFFFFFFFFFFFFFFFFFFFFFFFFFFFFFFFFFFFFFFFFFFFFF93
:20ADE000FFFFFFFFFFFFFFFFFFFFFFFFFFFFFFFFFFFFFFFFFFFFFFFFFFFFFFFFFFFFFFFF73
:20AE0000FFFFFFFFFFFFFFFFFFFFFFFFFFFFFFFFFFFFFFFFFFFFFFFFFFFFFFFFFFFFFFFF52
:20AE2000FFFFFFFFFFFFFFFFFFFFFFFFFFFFFFFFFFFFFFFFFFFFFFFFFFFFFFFFFFFFFFFF32
:20AE4000FFFFFFFFFFFFFFFFFFFFFFFFFFFFFFFFFFFFFFFFFFFFFFFFFFFFFFFFFFFFFFFF12
:20AE6000FFFFFFFFFFFFFFFFFFFFFFFFFFFFFFFFFFFFFFFFFFFFFFFFFFFFFFFFFFFFFFFFF2
:20AE8000FFFFFFFFFFFFFFFFFFFFFFFFFFFFFFFFFFFFFFFFFFFFFFFFFFFFFFFFFFFFFFFFD2
:20AEA000FFFFFFFFFFFFFFFFFFFFFFFFFFFFFFFFFFFFFFFFFFFFFFFFFFFFFFFFFFFFFFFFB2
:20AEC000FFFFFFFFFFFFFFFFFFFFFFFFFFFFFFFFFFFFFFFFFFFFFFFFFFFFFFFFFFFFFFFF92
:20AEE000FFFFFFFFFFFFFFFFFFFFFFFFFFFFFFFFFFFFFFFFFFFFFFFFFFFFFFFFFFFFFFFF72
:20AF0000FFFFFFFFFFFFFFFFFFFFFFFFFFFFFFFFFFFFFFFFFFFFFFFFFFFFFFFFFFFFFFFF51
:20AF2000FFFFFFFFFFFFFFFFFFFFFFFFFFFFFFFFFFFFFFFFFFFFFFFFFFFFFFFFFFFFFFFF31
:20AF4000FFFFFFFFFFFFFFFFFFFFFFFFFFFFFFFFFFFFFFFFFFFFFFFFFFFFFFFFFFFFFFFF11
:20AF6000FFFFFFFFFFFFFFFFFFFFFFFFFFFFFFFFFFFFFFFFFFFFFFFFFFFFFFFFFFFFFFFFF1
:20AF8000FFFFFFFFFFFFFFFFFFFFFFFFFFFFFFFFFFFFFFFFFFFFFFFFFFFFFFFFFFFFFFFFD1
:20AFA000FFFFFFFFFFFFFFFFFFFFFFFFFFFFFFFFFFFFFFFFFFFFFFFFFFFFFFFFFFFFFFFFB1
:20AFC000FFFFFFFFFFFFFFFFFFFFFFFFFFFFFFFFFFFFFFFFFFFFFFFFFFFFFFFFFFFFFFFF91
:20AFE000FFFFFFFFFFFFFFFFFFFFFFFFFFFFFFFFFFFFFFFFFFFFFFFFFFFFFFFFFFFFFFFF71
:20B00000FFFFFFFFFFFFFFFFFFFFFFFFFFFFFFFFFFFFFFFFFFFFFFFFFFFFFFFFFFFFFFFF50
:20B02000FFFFFFFFFFFFFFFFFFFFFFFFFFFFFFFFFFFFFFFFFFFFFFFFFFFFFFFFFFFFFFFF30
:20B04000FFFFFFFFFFFFFFFFFFFFFFFFFFFFFFFFFFFFFFFFFFFFFFFFFFFFFFFFFFFFFFFF10
:20B06000FFFFFFFFFFFFFFFFFFFFFFFFFFFFFFFFFFFFFFFFFFFFFFFFFFFFFFFFFFFFFFFFF0
:20B08000FFFFFFFFFFFFFFFFFFFFFFFFFFFFFFFFFFFFFFFFFFFFFFFFFFFFFFFFFFFFFFFFD0
:20B0A000FFFFFFFFFFFFFFFFFFFFFFFFFFFFFFFFFFFFFFFFFFFFFFFFFFFFFFFFFFFFFFFFB0
:20B0C000FFFFFFFFFFFFFFFFFFFFFFFFFFFFFFFFFFFFFFFFFFFFFFFFFFFFFFFFFFFFFFFF90
:20B0E000FFFFFFFFFFFFFFFFFFFFFFFFFFFFFFFFFFFFFFFFFFFFFFFFFFFFFFFFFFFFFFFF70
:20B10000FFFFFFFFFFFFFFFFFFFFFFFFFFFFFFFFFFFFFFFFFFFFFFFFFFFFFFFFFFFFFFFF4F
:20B12000FFFFFFFFFFFFFFFFFFFFFFFFFFFFFFFFFFFFFFFFFFFFFFFFFFFFFFFFFFFFFFFF2F
:20B14000FFFFFFFFFFFFFFFFFFFFFFFFFFFFFFFFFFFFFFFFFFFFFFFFFFFFFFFFFFFFFFFF0F
:20B16000FFFFFFFFFFFFFFFFFFFFFFFFFFFFFFFFFFFFFFFFFFFFFFFFFFFFFFFFFFFFFFFFEF
:20B18000FFFFFFFFFFFFFFFFFFFFFFFFFFFFFFFFFFFFFFFFFFFFFFFFFFFFFFFFFFFFFFFFCF
:20B1A000FFFFFFFFFFFFFFFFFFFFFFFFFFFFFFFFFFFFFFFFFFFFFFFFFFFFFFFFFFFFFFFFAF
:20B1C000FFFFFFFFFFFFFFFFFFFFFFFFFFFFFFFFFFFFFFFFFFFFFFFFFFFFFFFFFFFFFFFF8F
:20B1E000FFFFFFFFFFFFFFFFFFFFFFFFFFFFFFFFFFFFFFFFFFFFFFFFFFFFFFFFFFFFFFFF6F
:20B20000FFFFFFFFFFFFFFFFFFFFFFFFFFFFFFFFFFFFFFFFFFFFFFFFFFFFFFFFFFFFFFFF4E
:20B22000FFFFFFFFFFFFFFFFFFFFFFFFFFFFFFFFFFFFFFFFFFFFFFFFFFFFFFFFFFFFFFFF2E
:20B24000FFFFFFFFFFFFFFFFFFFFFFFFFFFFFFFFFFFFFFFFFFFFFFFFFFFFFFFFFFFFFFFF0E
:20B26000FFFFFFFFFFFFFFFFFFFFFFFFFFFFFFFFFFFFFFFFFFFFFFFFFFFFFFFFFFFFFFFFEE
:20B28000FFFFFFFFFFFFFFFFFFFFFFFFFFFFFFFFFFFFFFFFFFFFFFFFFFFFFFFFFFFFFFFFCE
:20B2A000FFFFFFFFFFFFFFFFFFFFFFFFFFFFFFFFFFFFFFFFFFFFFFFFFFFFFFFFFFFFFFFFAE
:20B2C000FFFFFFFFFFFFFFFFFFFFFFFFFFFFFFFFFFFFFFFFFFFFFFFFFFFFFFFFFFFFFFFF8E
:20B2E000FFFFFFFFFFFFFFFFFFFFFFFFFFFFFFFFFFFFFFFFFFFFFFFFFFFFFFFFFFFFFFFF6E
:20B30000FFFFFFFFFFFFFFFFFFFFFFFFFFFFFFFFFFFFFFFFFFFFFFFFFFFFFFFFFFFFFFFF4D
:20B32000FFFFFFFFFFFFFFFFFFFFFFFFFFFFFFFFFFFFFFFFFFFFFFFFFFFFFFFFFFFFFFFF2D
:20B34000FFFFFFFFFFFFFFFFFFFFFFFFFFFFFFFFFFFFFFFFFFFFFFFFFFFFFFFFFFFFFFFF0D
:20B36000FFFFFFFFFFFFFFFFFFFFFFFFFFFFFFFFFFFFFFFFFFFFFFFFFFFFFFFFFFFFFFFFED
:20B38000FFFFFFFFFFFFFFFFFFFFFFFFFFFFFFFFFFFFFFFFFFFFFFFFFFFFFFFFFFFFFFFFCD
:20B3A000FFFFFFFFFFFFFFFFFFFFFFFFFFFFFFFFFFFFFFFFFFFFFFFFFFFFFFFFFFFFFFFFAD
:20B3C000FFFFFFFFFFFFFFFFFFFFFFFFFFFFFFFFFFFFFFFFFFFFFFFFFFFFFFFFFFFFFFFF8D
:20B3E000FFFFFFFFFFFFFFFFFFFFFFFFFFFFFFFFFFFFFFFFFFFFFFFFFFFFFFFFFFFFFFFF6D
:20B40000FFFFFFFFFFFFFFFFFFFFFFFFFFFFFFFFFFFFFFFFFFFFFFFFFFFFFFFFFFFFFFFF4C
:20B42000FFFFFFFFFFFFFFFFFFFFFFFFFFFFFFFFFFFFFFFFFFFFFFFFFFFFFFFFFFFFFFFF2C
:20B44000FFFFFFFFFFFFFFFFFFFFFFFFFFFFFFFFFFFFFFFFFFFFFFFFFFFFFFFFFFFFFFFF0C
:20B46000FFFFFFFFFFFFFFFFFFFFFFFFFFFFFFFFFFFFFFFFFFFFFFFFFFFFFFFFFFFFFFFFEC
:20B48000FFFFFFFFFFFFFFFFFFFFFFFFFFFFFFFFFFFFFFFFFFFFFFFFFFFFFFFFFFFFFFFFCC
:20B4A000FFFFFFFFFFFFFFFFFFFFFFFFFFFFFFFFFFFFFFFFFFFFFFFFFFFFFFFFFFFFFFFFAC
:20B4C000FFFFFFFFFFFFFFFFFFFFFFFFFFFFFFFFFFFFFFFFFFFFFFFFFFFFFFFFFFFFFFFF8C
:20B4E000FFFFFFFFFFFFFFFFFFFFFFFFFFFFFFFFFFFFFFFFFFFFFFFFFFFFFFFFFFFFFFFF6C
:20B50000FFFFFFFFFFFFFFFFFFFFFFFFFFFFFFFFFFFFFFFFFFFFFFFFFFFFFFFFFFFFFFFF4B
:20B52000FFFFFFFFFFFFFFFFFFFFFFFFFFFFFFFFFFFFFFFFFFFFFFFFFFFFFFFFFFFFFFFF2B
:20B54000FFFFFFFFFFFFFFFFFFFFFFFFFFFFFFFFFFFFFFFFFFFFFFFFFFFFFFFFFFFFFFFF0B
:20B56000FFFFFFFFFFFFFFFFFFFFFFFFFFFFFFFFFFFFFFFFFFFFFFFFFFFFFFFFFFFFFFFFEB
:20B58000FFFFFFFFFFFFFFFFFFFFFFFFFFFFFFFFFFFFFFFFFFFFFFFFFFFFFFFFFFFFFFFFCB
:20B5A000FFFFFFFFFFFFFFFFFFFFFFFFFFFFFFFFFFFFFFFFFFFFFFFFFFFFFFFFFFFFFFFFAB
:20B5C000FFFFFFFFFFFFFFFFFFFFFFFFFFFFFFFFFFFFFFFFFFFFFFFFFFFFFFFFFFFFFFFF8B
:20B5E000FFFFFFFFFFFFFFFFFFFFFFFFFFFFFFFFFFFFFFFFFFFFFFFFFFFFFFFFFFFFFFFF6B
:20B60000FFFFFFFFFFFFFFFFFFFFFFFFFFFFFFFFFFFFFFFFFFFFFFFFFFFFFFFFFFFFFFFF4A
:20B62000FFFFFFFFFFFFFFFFFFFFFFFFFFFFFFFFFFFFFFFFFFFFFFFFFFFFFFFFFFFFFFFF2A
:20B64000FFFFFFFFFFFFFFFFFFFFFFFFFFFFFFFFFFFFFFFFFFFFFFFFFFFFFFFFFFFFFFFF0A
:20B66000FFFFFFFFFFFFFFFFFFFFFFFFFFFFFFFFFFFFFFFFFFFFFFFFFFFFFFFFFFFFFFFFEA
:20B68000FFFFFFFFFFFFFFFFFFFFFFFFFFFFFFFFFFFFFFFFFFFFFFFFFFFFFFFFFFFFFFFFCA
:20B6A000FFFFFFFFFFFFFFFFFFFFFFFFFFFFFFFFFFFFFFFFFFFFFFFFFFFFFFFFFFFFFFFFAA
:20B6C000FFFFFFFFFFFFFFFFFFFFFFFFFFFFFFFFFFFFFFFFFFFFFFFFFFFFFFFFFFFFFFFF8A
:20B6E000FFFFFFFFFFFFFFFFFFFFFFFFFFFFFFFFFFFFFFFFFFFFFFFFFFFFFFFFFFFFFFFF6A
:20B70000FFFFFFFFFFFFFFFFFFFFFFFFFFFFFFFFFFFFFFFFFFFFFFFFFFFFFFFFFFFFFFFF49
:20B72000FFFFFFFFFFFFFFFFFFFFFFFFFFFFFFFFFFFFFFFFFFFFFFFFFFFFFFFFFFFFFFFF29
:20B74000FFFFFFFFFFFFFFFFFFFFFFFFFFFFFFFFFFFFFFFFFFFFFFFFFFFFFFFFFFFFFFFF09
:20B76000FFFFFFFFFFFFFFFFFFFFFFFFFFFFFFFFFFFFFFFFFFFFFFFFFFFFFFFFFFFFFFFFE9
:20B78000FFFFFFFFFFFFFFFFFFFFFFFFFFFFFFFFFFFFFFFFFFFFFFFFFFFFFFFFFFFFFFFFC9
:20B7A000FFFFFFFFFFFFFFFFFFFFFFFFFFFFFFFFFFFFFFFFFFFFFFFFFFFFFFFFFFFFFFFFA9
:20B7C000FFFFFFFFFFFFFFFFFFFFFFFFFFFFFFFFFFFFFFFFFFFFFFFFFFFFFFFFFFFFFFFF89
:20B7E000FFFFFFFFFFFFFFFFFFFFFFFFFFFFFFFFFFFFFFFFFFFFFFFFFFFFFFFFFFFFFFFF69
:20B80000FFFFFFFFFFFFFFFFFFFFFFFFFFFFFFFFFFFFFFFFFFFFFFFFFFFFFFFFFFFFFFFF48
:20B82000FFFFFFFFFFFFFFFFFFFFFFFFFFFFFFFFFFFFFFFFFFFFFFFFFFFFFFFFFFFFFFFF28
:20B84000FFFFFFFFFFFFFFFFFFFFFFFFFFFFFFFFFFFFFFFFFFFFFFFFFFFFFFFFFFFFFFFF08
:20B86000FFFFFFFFFFFFFFFFFFFFFFFFFFFFFFFFFFFFFFFFFFFFFFFFFFFFFFFFFFFFFFFFE8
:20B88000FFFFFFFFFFFFFFFFFFFFFFFFFFFFFFFFFFFFFFFFFFFFFFFFFFFFFFFFFFFFFFFFC8
:20B8A000FFFFFFFFFFFFFFFFFFFFFFFFFFFFFFFFFFFFFFFFFFFFFFFFFFFFFFFFFFFFFFFFA8
:20B8C000FFFFFFFFFFFFFFFFFFFFFFFFFFFFFFFFFFFFFFFFFFFFFFFFFFFFFFFFFFFFFFFF88
:20B8E000FFFFFFFFFFFFFFFFFFFFFFFFFFFFFFFFFFFFFFFFFFFFFFFFFFFFFFFFFFFFFFFF68
:20B90000FFFFFFFFFFFFFFFFFFFFFFFFFFFFFFFFFFFFFFFFFFFFFFFFFFFFFFFFFFFFFFFF47
:20B92000FFFFFFFFFFFFFFFFFFFFFFFFFFFFFFFFFFFFFFFFFFFFFFFFFFFFFFFFFFFFFFFF27
:20B94000FFFFFFFFFFFFFFFFFFFFFFFFFFFFFFFFFFFFFFFFFFFFFFFFFFFFFFFFFFFFFFFF07
:20B96000FFFFFFFFFFFFFFFFFFFFFFFFFFFFFFFFFFFFFFFFFFFFFFFFFFFFFFFFFFFFFFFFE7
:20B98000FFFFFFFFFFFFFFFFFFFFFFFFFFFFFFFFFFFFFFFFFFFFFFFFFFFFFFFFFFFFFFFFC7
:20B9A000FFFFFFFFFFFFFFFFFFFFFFFFFFFFFFFFFFFFFFFFFFFFFFFFFFFFFFFFFFFFFFFFA7
:20B9C000FFFFFFFFFFFFFFFFFFFFFFFFFFFFFFFFFFFFFFFFFFFFFFFFFFFFFFFFFFFFFFFF87
:20B9E000FFFFFFFFFFFFFFFFFFFFFFFFFFFFFFFFFFFFFFFFFFFFFFFFFFFFFFFFFFFFFFFF67
:20BA0000FFFFFFFFFFFFFFFFFFFFFFFFFFFFFFFFFFFFFFFFFFFFFFFFFFFFFFFFFFFFFFFF46
:20BA2000FFFFFFFFFFFFFFFFFFFFFFFFFFFFFFFFFFFFFFFFFFFFFFFFFFFFFFFFFFFFFFFF26
:20BA4000FFFFFFFFFFFFFFFFFFFFFFFFFFFFFFFFFFFFFFFFFFFFFFFFFFFFFFFFFFFFFFFF06
:20BA6000FFFFFFFFFFFFFFFFFFFFFFFFFFFFFFFFFFFFFFFFFFFFFFFFFFFFFFFFFFFFFFFFE6
:20BA8000FFFFFFFFFFFFFFFFFFFFFFFFFFFFFFFFFFFFFFFFFFFFFFFFFFFFFFFFFFFFFFFFC6
:20BAA000FFFFFFFFFFFFFFFFFFFFFFFFFFFFFFFFFFFFFFFFFFFFFFFFFFFFFFFFFFFFFFFFA6
:20BAC000FFFFFFFFFFFFFFFFFFFFFFFFFFFFFFFFFFFFFFFFFFFFFFFFFFFFFFFFFFFFFFFF86
:20BAE000FFFFFFFFFFFFFFFFFFFFFFFFFFFFFFFFFFFFFFFFFFFFFFFFFFFFFFFFFFFFFFFF66
:20BB0000FFFFFFFFFFFFFFFFFFFFFFFFFFFFFFFFFFFFFFFFFFFFFFFFFFFFFFFFFFFFFFFF45
:20BB2000FFFFFFFFFFFFFFFFFFFFFFFFFFFFFFFFFFFFFFFFFFFFFFFFFFFFFFFFFFFFFFFF25
:20BB4000FFFFFFFFFFFFFFFFFFFFFFFFFFFFFFFFFFFFFFFFFFFFFFFFFFFFFFFFFFFFFFFF05
:20BB6000FFFFFFFFFFFFFFFFFFFFFFFFFFFFFFFFFFFFFFFFFFFFFFFFFFFFFFFFFFFFFFFFE5
:20BB8000FFFFFFFFFFFFFFFFFFFFFFFFFFFFFFFFFFFFFFFFFFFFFFFFFFFFFFFFFFFFFFFFC5
:20BBA000FFFFFFFFFFFFFFFFFFFFFFFFFFFFFFFFFFFFFFFFFFFFFFFFFFFFFFFFFFFFFFFFA5
:20BBC000FFFFFFFFFFFFFFFFFFFFFFFFFFFFFFFFFFFFFFFFFFFFFFFFFFFFFFFFFFFFFFFF85
:20BBE000FFFFFFFFFFFFFFFFFFFFFFFFFFFFFFFFFFFFFFFFFFFFFFFFFFFFFFFFFFFFFFFF65
:20BC0000FFFFFFFFFFFFFFFFFFFFFFFFFFFFFFFFFFFFFFFFFFFFFFFFFFFFFFFFFFFFFFFF44
:20BC2000FFFFFFFFFFFFFFFFFFFFFFFFFFFFFFFFFFFFFFFFFFFFFFFFFFFFFFFFFFFFFFFF24
:20BC4000FFFFFFFFFFFFFFFFFFFFFFFFFFFFFFFFFFFFFFFFFFFFFFFFFFFFFFFFFFFFFFFF04
:20BC6000FFFFFFFFFFFFFFFFFFFFFFFFFFFFFFFFFFFFFFFFFFFFFFFFFFFFFFFFFFFFFFFFE4
:20BC8000FFFFFFFFFFFFFFFFFFFFFFFFFFFFFFFFFFFFFFFFFFFFFFFFFFFFFFFFFFFFFFFFC4
:20BCA000FFFFFFFFFFFFFFFFFFFFFFFFFFFFFFFFFFFFFFFFFFFFFFFFFFFFFFFFFFFFFFFFA4
:20BCC000FFFFFFFFFFFFFFFFFFFFFFFFFFFFFFFFFFFFFFFFFFFFFFFFFFFFFFFFFFFFFFFF84
:20BCE000FFFFFFFFFFFFFFFFFFFFFFFFFFFFFFFFFFFFFFFFFFFFFFFFFFFFFFFFFFFFFFFF64
:20BD0000FFFFFFFFFFFFFFFFFFFFFFFFFFFFFFFFFFFFFFFFFFFFFFFFFFFFFFFFFFFFFFFF43
:20BD2000FFFFFFFFFFFFFFFFFFFFFFFFFFFFFFFFFFFFFFFFFFFFFFFFFFFFFFFFFFFFFFFF23
:20BD4000FFFFFFFFFFFFFFFFFFFFFFFFFFFFFFFFFFFFFFFFFFFFFFFFFFFFFFFFFFFFFFFF03
:20BD6000FFFFFFFFFFFFFFFFFFFFFFFFFFFFFFFFFFFFFFFFFFFFFFFFFFFFFFFFFFFFFFFFE3
:20BD8000FFFFFFFFFFFFFFFFFFFFFFFFFFFFFFFFFFFFFFFFFFFFFFFFFFFFFFFFFFFFFFFFC3
:20BDA000FFFFFFFFFFFFFFFFFFFFFFFFFFFFFFFFFFFFFFFFFFFFFFFFFFFFFFFFFFFFFFFFA3
:20BDC000FFFFFFFFFFFFFFFFFFFFFFFFFFFFFFFFFFFFFFFFFFFFFFFFFFFFFFFFFFFFFFFF83
:20BDE000FFFFFFFFFFFFFFFFFFFFFFFFFFFFFFFFFFFFFFFFFFFFFFFFFFFFFFFFFFFFFFFF63
:20BE0000FFFFFFFFFFFFFFFFFFFFFFFFFFFFFFFFFFFFFFFFFFFFFFFFFFFFFFFFFFFFFFFF42
:20BE2000FFFFFFFFFFFFFFFFFFFFFFFFFFFFFFFFFFFFFFFFFFFFFFFFFFFFFFFFFFFFFFFF22
:20BE4000FFFFFFFFFFFFFFFFFFFFFFFFFFFFFFFFFFFFFFFFFFFFFFFFFFFFFFFFFFFFFFFF02
:20BE6000FFFFFFFFFFFFFFFFFFFFFFFFFFFFFFFFFFFFFFFFFFFFFFFFFFFFFFFFFFFFFFFFE2
:20BE8000FFFFFFFFFFFFFFFFFFFFFFFFFFFFFFFFFFFFFFFFFFFFFFFFFFFFFFFFFFFFFFFFC2
:20BEA000FFFFFFFFFFFFFFFFFFFFFFFFFFFFFFFFFFFFFFFFFFFFFFFFFFFFFFFFFFFFFFFFA2
:20BEC000FFFFFFFFFFFFFFFFFFFFFFFFFFFFFFFFFFFFFFFFFFFFFFFFFFFFFFFFFFFFFFFF82
:20BEE000FFFFFFFFFFFFFFFFFFFFFFFFFFFFFFFFFFFFFFFFFFFFFFFFFFFFFFFFFFFFFFFF62
:20BF0000FFFFFFFFFFFFFFFFFFFFFFFFFFFFFFFFFFFFFFFFFFFFFFFFFFFFFFFFFFFFFFFF41
:20BF2000FFFFFFFFFFFFFFFFFFFFFFFFFFFFFFFFFFFFFFFFFFFFFFFFFFFFFFFFFFFFFFFF21
:20BF4000FFFFFFFFFFFFFFFFFFFFFFFFFFFFFFFFFFFFFFFFFFFFFFFFFFFFFFFFFFFFFFFF01
:20BF6000FFFFFFFFFFFFFFFFFFFFFFFFFFFFFFFFFFFFFFFFFFFFFFFFFFFFFFFFFFFFFFFFE1
:20BF8000FFFFFFFFFFFFFFFFFFFFFFFFFFFFFFFFFFFFFFFFFFFFFFFFFFFFFFFFFFFFFFFFC1
:20BFA000FFFFFFFFFFFFFFFFFFFFFFFFFFFFFFFFFFFFFFFFFFFFFFFFFFFFFFFFFFFFFFFFA1
:20BFC000FFFFFFFFFFFFFFFFFFFFFFFFFFFFFFFFFFFFFFFFFFFFFFFFFFFFFFFFFFFFFFFF81
:20BFE000FFFFFFFFFFFFFFFFFFFFFFFFFFFFFFFFFFFFFFFFFFFFFFFFFFFFFFFFFFFFFFFF61
:20C00000FFFFFFFFFFFFFFFFFFFFFFFFFFFFFFFFFFFFFFFFFFFFFFFFFFFFFFFFFFFFFFFF40
:20C02000FFFFFFFFFFFFFFFFFFFFFFFFFFFFFFFFFFFFFFFFFFFFFFFFFFFFFFFFFFFFFFFF20
:20C04000FFFFFFFFFFFFFFFFFFFFFFFFFFFFFFFFFFFFFFFFFFFFFFFFFFFFFFFFFFFFFFFF00
:20C06000FFFFFFFFFFFFFFFFFFFFFFFFFFFFFFFFFFFFFFFFFFFFFFFFFFFFFFFFFFFFFFFFE0
:20C08000FFFFFFFFFFFFFFFFFFFFFFFFFFFFFFFFFFFFFFFFFFFFFFFFFFFFFFFFFFFFFFFFC0
:20C0A000FFFFFFFFFFFFFFFFFFFFFFFFFFFFFFFFFFFFFFFFFFFFFFFFFFFFFFFFFFFFFFFFA0
:20C0C000FFFFFFFFFFFFFFFFFFFFFFFFFFFFFFFFFFFFFFFFFFFFFFFFFFFFFFFFFFFFFFFF80
:20C0E000FFFFFFFFFFFFFFFFFFFFFFFFFFFFFFFFFFFFFFFFFFFFFFFFFFFFFFFFFFFFFFFF60
:20C10000FFFFFFFFFFFFFFFFFFFFFFFFFFFFFFFFFFFFFFFFFFFFFFFFFFFFFFFFFFFFFFFF3F
:20C12000FFFFFFFFFFFFFFFFFFFFFFFFFFFFFFFFFFFFFFFFFFFFFFFFFFFFFFFFFFFFFFFF1F
:20C14000FFFFFFFFFFFFFFFFFFFFFFFFFFFFFFFFFFFFFFFFFFFFFFFFFFFFFFFFFFFFFFFFFF
:20C16000FFFFFFFFFFFFFFFFFFFFFFFFFFFFFFFFFFFFFFFFFFFFFFFFFFFFFFFFFFFFFFFFDF
:20C18000FFFFFFFFFFFFFFFFFFFFFFFFFFFFFFFFFFFFFFFFFFFFFFFFFFFFFFFFFFFFFFFFBF
:20C1A000FFFFFFFFFFFFFFFFFFFFFFFFFFFFFFFFFFFFFFFFFFFFFFFFFFFFFFFFFFFFFFFF9F
:20C1C000FFFFFFFFFFFFFFFFFFFFFFFFFFFFFFFFFFFFFFFFFFFFFFFFFFFFFFFFFFFFFFFF7F
:20C1E000FFFFFFFFFFFFFFFFFFFFFFFFFFFFFFFFFFFFFFFFFFFFFFFFFFFFFFFFFFFFFFFF5F
:20C20000FFFFFFFFFFFFFFFFFFFFFFFFFFFFFFFFFFFFFFFFFFFFFFFFFFFFFFFFFFFFFFFF3E
:20C22000FFFFFFFFFFFFFFFFFFFFFFFFFFFFFFFFFFFFFFFFFFFFFFFFFFFFFFFFFFFFFFFF1E
:20C24000FFFFFFFFFFFFFFFFFFFFFFFFFFFFFFFFFFFFFFFFFFFFFFFFFFFFFFFFFFFFFFFFFE
:20C26000FFFFFFFFFFFFFFFFFFFFFFFFFFFFFFFFFFFFFFFFFFFFFFFFFFFFFFFFFFFFFFFFDE
:20C28000FFFFFFFFFFFFFFFFFFFFFFFFFFFFFFFFFFFFFFFFFFFFFFFFFFFFFFFFFFFFFFFFBE
:20C2A000FFFFFFFFFFFFFFFFFFFFFFFFFFFFFFFFFFFFFFFFFFFFFFFFFFFFFFFFFFFFFFFF9E
:20C2C000FFFFFFFFFFFFFFFFFFFFFFFFFFFFFFFFFFFFFFFFFFFFFFFFFFFFFFFFFFFFFFFF7E
:20C2E000FFFFFFFFFFFFFFFFFFFFFFFFFFFFFFFFFFFFFFFFFFFFFFFFFFFFFFFFFFFFFFFF5E
:20C30000FFFFFFFFFFFFFFFFFFFFFFFFFFFFFFFFFFFFFFFFFFFFFFFFFFFFFFFFFFFFFFFF3D
:20C32000FFFFFFFFFFFFFFFFFFFFFFFFFFFFFFFFFFFFFFFFFFFFFFFFFFFFFFFFFFFFFFFF1D
:20C34000FFFFFFFFFFFFFFFFFFFFFFFFFFFFFFFFFFFFFFFFFFFFFFFFFFFFFFFFFFFFFFFFFD
:20C36000FFFFFFFFFFFFFFFFFFFFFFFFFFFFFFFFFFFFFFFFFFFFFFFFFFFFFFFFFFFFFFFFDD
:20C38000FFFFFFFFFFFFFFFFFFFFFFFFFFFFFFFFFFFFFFFFFFFFFFFFFFFFFFFFFFFFFFFFBD
:20C3A000FFFFFFFFFFFFFFFFFFFFFFFFFFFFFFFFFFFFFFFFFFFFFFFFFFFFFFFFFFFFFFFF9D
:20C3C000FFFFFFFFFFFFFFFFFFFFFFFFFFFFFFFFFFFFFFFFFFFFFFFFFFFFFFFFFFFFFFFF7D
:20C3E000FFFFFFFFFFFFFFFFFFFFFFFFFFFFFFFFFFFFFFFFFFFFFFFFFFFFFFFFFFFFFFFF5D
:20C40000FFFFFFFFFFFFFFFFFFFFFFFFFFFFFFFFFFFFFFFFFFFFFFFFFFFFFFFFFFFFFFFF3C
:20C42000FFFFFFFFFFFFFFFFFFFFFFFFFFFFFFFFFFFFFFFFFFFFFFFFFFFFFFFFFFFFFFFF1C
:20C44000FFFFFFFFFFFFFFFFFFFFFFFFFFFFFFFFFFFFFFFFFFFFFFFFFFFFFFFFFFFFFFFFFC
:20C46000FFFFFFFFFFFFFFFFFFFFFFFFFFFFFFFFFFFFFFFFFFFFFFFFFFFFFFFFFFFFFFFFDC
:20C48000FFFFFFFFFFFFFFFFFFFFFFFFFFFFFFFFFFFFFFFFFFFFFFFFFFFFFFFFFFFFFFFFBC
:20C4A000FFFFFFFFFFFFFFFFFFFFFFFFFFFFFFFFFFFFFFFFFFFFFFFFFFFFFFFFFFFFFFFF9C
:20C4C000FFFFFFFFFFFFFFFFFFFFFFFFFFFFFFFFFFFFFFFFFFFFFFFFFFFFFFFFFFFFFFFF7C
:20C4E000FFFFFFFFFFFFFFFFFFFFFFFFFFFFFFFFFFFFFFFFFFFFFFFFFFFFFFFFFFFFFFFF5C
:20C50000FFFFFFFFFFFFFFFFFFFFFFFFFFFFFFFFFFFFFFFFFFFFFFFFFFFFFFFFFFFFFFFF3B
:20C52000FFFFFFFFFFFFFFFFFFFFFFFFFFFFFFFFFFFFFFFFFFFFFFFFFFFFFFFFFFFFFFFF1B
:20C54000FFFFFFFFFFFFFFFFFFFFFFFFFFFFFFFFFFFFFFFFFFFFFFFFFFFFFFFFFFFFFFFFFB
:20C56000FFFFFFFFFFFFFFFFFFFFFFFFFFFFFFFFFFFFFFFFFFFFFFFFFFFFFFFFFFFFFFFFDB
:20C58000FFFFFFFFFFFFFFFFFFFFFFFFFFFFFFFFFFFFFFFFFFFFFFFFFFFFFFFFFFFFFFFFBB
:20C5A000FFFFFFFFFFFFFFFFFFFFFFFFFFFFFFFFFFFFFFFFFFFFFFFFFFFFFFFFFFFFFFFF9B
:20C5C000FFFFFFFFFFFFFFFFFFFFFFFFFFFFFFFFFFFFFFFFFFFFFFFFFFFFFFFFFFFFFFFF7B
:20C5E000FFFFFFFFFFFFFFFFFFFFFFFFFFFFFFFFFFFFFFFFFFFFFFFFFFFFFFFFFFFFFFFF5B
:20C60000FFFFFFFFFFFFFFFFFFFFFFFFFFFFFFFFFFFFFFFFFFFFFFFFFFFFFFFFFFFFFFFF3A
:20C62000FFFFFFFFFFFFFFFFFFFFFFFFFFFFFFFFFFFFFFFFFFFFFFFFFFFFFFFFFFFFFFFF1A
:20C64000FFFFFFFFFFFFFFFFFFFFFFFFFFFFFFFFFFFFFFFFFFFFFFFFFFFFFFFFFFFFFFFFFA
:20C66000FFFFFFFFFFFFFFFFFFFFFFFFFFFFFFFFFFFFFFFFFFFFFFFFFFFFFFFFFFFFFFFFDA
:20C68000FFFFFFFFFFFFFFFFFFFFFFFFFFFFFFFFFFFFFFFFFFFFFFFFFFFFFFFFFFFFFFFFBA
:20C6A000FFFFFFFFFFFFFFFFFFFFFFFFFFFFFFFFFFFFFFFFFFFFFFFFFFFFFFFFFFFFFFFF9A
:20C6C000FFFFFFFFFFFFFFFFFFFFFFFFFFFFFFFFFFFFFFFFFFFFFFFFFFFFFFFFFFFFFFFF7A
:20C6E000FFFFFFFFFFFFFFFFFFFFFFFFFFFFFFFFFFFFFFFFFFFFFFFFFFFFFFFFFFFFFFFF5A
:20C70000FFFFFFFFFFFFFFFFFFFFFFFFFFFFFFFFFFFFFFFFFFFFFFFFFFFFFFFFFFFFFFFF39
:20C72000FFFFFFFFFFFFFFFFFFFFFFFFFFFFFFFFFFFFFFFFFFFFFFFFFFFFFFFFFFFFFFFF19
:20C74000FFFFFFFFFFFFFFFFFFFFFFFFFFFFFFFFFFFFFFFFFFFFFFFFFFFFFFFFFFFFFFFFF9
:20C76000FFFFFFFFFFFFFFFFFFFFFFFFFFFFFFFFFFFFFFFFFFFFFFFFFFFFFFFFFFFFFFFFD9
:20C78000FFFFFFFFFFFFFFFFFFFFFFFFFFFFFFFFFFFFFFFFFFFFFFFFFFFFFFFFFFFFFFFFB9
:20C7A000FFFFFFFFFFFFFFFFFFFFFFFFFFFFFFFFFFFFFFFFFFFFFFFFFFFFFFFFFFFFFFFF99
:20C7C000FFFFFFFFFFFFFFFFFFFFFFFFFFFFFFFFFFFFFFFFFFFFFFFFFFFFFFFFFFFFFFFF79
:20C7E000FFFFFFFFFFFFFFFFFFFFFFFFFFFFFFFFFFFFFFFFFFFFFFFFFFFFFFFFFFFFFFFF59
:20C80000FFFFFFFFFFFFFFFFFFFFFFFFFFFFFFFFFFFFFFFFFFFFFFFFFFFFFFFFFFFFFFFF38
:20C82000FFFFFFFFFFFFFFFFFFFFFFFFFFFFFFFFFFFFFFFFFFFFFFFFFFFFFFFFFFFFFFFF18
:20C84000FFFFFFFFFFFFFFFFFFFFFFFFFFFFFFFFFFFFFFFFFFFFFFFFFFFFFFFFFFFFFFFFF8
:20C86000FFFFFFFFFFFFFFFFFFFFFFFFFFFFFFFFFFFFFFFFFFFFFFFFFFFFFFFFFFFFFFFFD8
:20C88000FFFFFFFFFFFFFFFFFFFFFFFFFFFFFFFFFFFFFFFFFFFFFFFFFFFFFFFFFFFFFFFFB8
:20C8A000FFFFFFFFFFFFFFFFFFFFFFFFFFFFFFFFFFFFFFFFFFFFFFFFFFFFFFFFFFFFFFFF98
:20C8C000FFFFFFFFFFFFFFFFFFFFFFFFFFFFFFFFFFFFFFFFFFFFFFFFFFFFFFFFFFFFFFFF78
:20C8E000FFFFFFFFFFFFFFFFFFFFFFFFFFFFFFFFFFFFFFFFFFFFFFFFFFFFFFFFFFFFFFFF58
:20C90000FFFFFFFFFFFFFFFFFFFFFFFFFFFFFFFFFFFFFFFFFFFFFFFFFFFFFFFFFFFFFFFF37
:20C92000FFFFFFFFFFFFFFFFFFFFFFFFFFFFFFFFFFFFFFFFFFFFFFFFFFFFFFFFFFFFFFFF17
:20C94000FFFFFFFFFFFFFFFFFFFFFFFFFFFFFFFFFFFFFFFFFFFFFFFFFFFFFFFFFFFFFFFFF7
:20C96000FFFFFFFFFFFFFFFFFFFFFFFFFFFFFFFFFFFFFFFFFFFFFFFFFFFFFFFFFFFFFFFFD7
:20C98000FFFFFFFFFFFFFFFFFFFFFFFFFFFFFFFFFFFFFFFFFFFFFFFFFFFFFFFFFFFFFFFFB7
:20C9A000FFFFFFFFFFFFFFFFFFFFFFFFFFFFFFFFFFFFFFFFFFFFFFFFFFFFFFFFFFFFFFFF97
:20C9C000FFFFFFFFFFFFFFFFFFFFFFFFFFFFFFFFFFFFFFFFFFFFFFFFFFFFFFFFFFFFFFFF77
:20C9E000FFFFFFFFFFFFFFFFFFFFFFFFFFFFFFFFFFFFFFFFFFFFFFFFFFFFFFFFFFFFFFFF57
:20CA0000FFFFFFFFFFFFFFFFFFFFFFFFFFFFFFFFFFFFFFFFFFFFFFFFFFFFFFFFFFFFFFFF36
:20CA2000FFFFFFFFFFFFFFFFFFFFFFFFFFFFFFFFFFFFFFFFFFFFFFFFFFFFFFFFFFFFFFFF16
:20CA4000FFFFFFFFFFFFFFFFFFFFFFFFFFFFFFFFFFFFFFFFFFFFFFFFFFFFFFFFFFFFFFFFF6
:20CA6000FFFFFFFFFFFFFFFFFFFFFFFFFFFFFFFFFFFFFFFFFFFFFFFFFFFFFFFFFFFFFFFFD6
:20CA8000FFFFFFFFFFFFFFFFFFFFFFFFFFFFFFFFFFFFFFFFFFFFFFFFFFFFFFFFFFFFFFFFB6
:20CAA000FFFFFFFFFFFFFFFFFFFFFFFFFFFFFFFFFFFFFFFFFFFFFFFFFFFFFFFFFFFFFFFF96
:20CAC000FFFFFFFFFFFFFFFFFFFFFFFFFFFFFFFFFFFFFFFFFFFFFFFFFFFFFFFFFFFFFFFF76
:20CAE000FFFFFFFFFFFFFFFFFFFFFFFFFFFFFFFFFFFFFFFFFFFFFFFFFFFFFFFFFFFFFFFF56
:20CB0000FFFFFFFFFFFFFFFFFFFFFFFFFFFFFFFFFFFFFFFFFFFFFFFFFFFFFFFFFFFFFFFF35
:20CB2000FFFFFFFFFFFFFFFFFFFFFFFFFFFFFFFFFFFFFFFFFFFFFFFFFFFFFFFFFFFFFFFF15
:20CB4000FFFFFFFFFFFFFFFFFFFFFFFFFFFFFFFFFFFFFFFFFFFFFFFFFFFFFFFFFFFFFFFFF5
:20CB6000FFFFFFFFFFFFFFFFFFFFFFFFFFFFFFFFFFFFFFFFFFFFFFFFFFFFFFFFFFFFFFFFD5
:20CB8000FFFFFFFFFFFFFFFFFFFFFFFFFFFFFFFFFFFFFFFFFFFFFFFFFFFFFFFFFFFFFFFFB5
:20CBA000FFFFFFFFFFFFFFFFFFFFFFFFFFFFFFFFFFFFFFFFFFFFFFFFFFFFFFFFFFFFFFFF95
:20CBC000FFFFFFFFFFFFFFFFFFFFFFFFFFFFFFFFFFFFFFFFFFFFFFFFFFFFFFFFFFFFFFFF75
:20CBE000FFFFFFFFFFFFFFFFFFFFFFFFFFFFFFFFFFFFFFFFFFFFFFFFFFFFFFFFFFFFFFFF55
:20CC0000FFFFFFFFFFFFFFFFFFFFFFFFFFFFFFFFFFFFFFFFFFFFFFFFFFFFFFFFFFFFFFFF34
:20CC2000FFFFFFFFFFFFFFFFFFFFFFFFFFFFFFFFFFFFFFFFFFFFFFFFFFFFFFFFFFFFFFFF14
:20CC4000FFFFFFFFFFFFFFFFFFFFFFFFFFFFFFFFFFFFFFFFFFFFFFFFFFFFFFFFFFFFFFFFF4
:20CC6000FFFFFFFFFFFFFFFFFFFFFFFFFFFFFFFFFFFFFFFFFFFFFFFFFFFFFFFFFFFFFFFFD4
:20CC8000FFFFFFFFFFFFFFFFFFFFFFFFFFFFFFFFFFFFFFFFFFFFFFFFFFFFFFFFFFFFFFFFB4
:20CCA000FFFFFFFFFFFFFFFFFFFFFFFFFFFFFFFFFFFFFFFFFFFFFFFFFFFFFFFFFFFFFFFF94
:20CCC000FFFFFFFFFFFFFFFFFFFFFFFFFFFFFFFFFFFFFFFFFFFFFFFFFFFFFFFFFFFFFFFF74
:20CCE000FFFFFFFFFFFFFFFFFFFFFFFFFFFFFFFFFFFFFFFFFFFFFFFFFFFFFFFFFFFFFFFF54
:20CD0000FFFFFFFFFFFFFFFFFFFFFFFFFFFFFFFFFFFFFFFFFFFFFFFFFFFFFFFFFFFFFFFF33
:20CD2000FFFFFFFFFFFFFFFFFFFFFFFFFFFFFFFFFFFFFFFFFFFFFFFFFFFFFFFFFFFFFFFF13
:20CD4000FFFFFFFFFFFFFFFFFFFFFFFFFFFFFFFFFFFFFFFFFFFFFFFFFFFFFFFFFFFFFFFFF3
:20CD6000FFFFFFFFFFFFFFFFFFFFFFFFFFFFFFFFFFFFFFFFFFFFFFFFFFFFFFFFFFFFFFFFD3
:20CD8000FFFFFFFFFFFFFFFFFFFFFFFFFFFFFFFFFFFFFFFFFFFFFFFFFFFFFFFFFFFFFFFFB3
:20CDA000FFFFFFFFFFFFFFFFFFFFFFFFFFFFFFFFFFFFFFFFFFFFFFFFFFFFFFFFFFFFFFFF93
:20CDC000FFFFFFFFFFFFFFFFFFFFFFFFFFFFFFFFFFFFFFFFFFFFFFFFFFFFFFFFFFFFFFFF73
:20CDE000FFFFFFFFFFFFFFFFFFFFFFFFFFFFFFFFFFFFFFFFFFFFFFFFFFFFFFFFFFFFFFFF53
:20CE0000FFFFFFFFFFFFFFFFFFFFFFFFFFFFFFFFFFFFFFFFFFFFFFFFFFFFFFFFFFFFFFFF32
:20CE2000FFFFFFFFFFFFFFFFFFFFFFFFFFFFFFFFFFFFFFFFFFFFFFFFFFFFFFFFFFFFFFFF12
:20CE4000FFFFFFFFFFFFFFFFFFFFFFFFFFFFFFFFFFFFFFFFFFFFFFFFFFFFFFFFFFFFFFFFF2
:20CE6000FFFFFFFFFFFFFFFFFFFFFFFFFFFFFFFFFFFFFFFFFFFFFFFFFFFFFFFFFFFFFFFFD2
:20CE8000FFFFFFFFFFFFFFFFFFFFFFFFFFFFFFFFFFFFFFFFFFFFFFFFFFFFFFFFFFFFFFFFB2
:20CEA000FFFFFFFFFFFFFFFFFFFFFFFFFFFFFFFFFFFFFFFFFFFFFFFFFFFFFFFFFFFFFFFF92
:20CEC000FFFFFFFFFFFFFFFFFFFFFFFFFFFFFFFFFFFFFFFFFFFFFFFFFFFFFFFFFFFFFFFF72
:20CEE000FFFFFFFFFFFFFFFFFFFFFFFFFFFFFFFFFFFFFFFFFFFFFFFFFFFFFFFFFFFFFFFF52
:20CF0000FFFFFFFFFFFFFFFFFFFFFFFFFFFFFFFFFFFFFFFFFFFFFFFFFFFFFFFFFFFFFFFF31
:20CF2000FFFFFFFFFFFFFFFFFFFFFFFFFFFFFFFFFFFFFFFFFFFFFFFFFFFFFFFFFFFFFFFF11
:20CF4000FFFFFFFFFFFFFFFFFFFFFFFFFFFFFFFFFFFFFFFFFFFFFFFFFFFFFFFFFFFFFFFFF1
:20CF6000FFFFFFFFFFFFFFFFFFFFFFFFFFFFFFFFFFFFFFFFFFFFFFFFFFFFFFFFFFFFFFFFD1
:20CF8000FFFFFFFFFFFFFFFFFFFFFFFFFFFFFFFFFFFFFFFFFFFFFFFFFFFFFFFFFFFFFFFFB1
:20CFA000FFFFFFFFFFFFFFFFFFFFFFFFFFFFFFFFFFFFFFFFFFFFFFFFFFFFFFFFFFFFFFFF91
:20CFC000FFFFFFFFFFFFFFFFFFFFFFFFFFFFFFFFFFFFFFFFFFFFFFFFFFFFFFFFFFFFFFFF71
:20CFE000FFFFFFFFFFFFFFFFFFFFFFFFFFFFFFFFFFFFFFFFFFFFFFFFFFFFFFFFFFFFFFFF51
:20D00000FFFFFFFFFFFFFFFFFFFFFFFFFFFFFFFFFFFFFFFFFFFFFFFFFFFFFFFFFFFFFFFF30
:20D02000FFFFFFFFFFFFFFFFFFFFFFFFFFFFFFFFFFFFFFFFFFFFFFFFFFFFFFFFFFFFFFFF10
:20D04000FFFFFFFFFFFFFFFFFFFFFFFFFFFFFFFFFFFFFFFFFFFFFFFFFFFFFFFFFFFFFFFFF0
:20D06000FFFFFFFFFFFFFFFFFFFFFFFFFFFFFFFFFFFFFFFFFFFFFFFFFFFFFFFFFFFFFFFFD0
:20D08000FFFFFFFFFFFFFFFFFFFFFFFFFFFFFFFFFFFFFFFFFFFFFFFFFFFFFFFFFFFFFFFFB0
:20D0A000FFFFFFFFFFFFFFFFFFFFFFFFFFFFFFFFFFFFFFFFFFFFFFFFFFFFFFFFFFFFFFFF90
:20D0C000FFFFFFFFFFFFFFFFFFFFFFFFFFFFFFFFFFFFFFFFFFFFFFFFFFFFFFFFFFFFFFFF70
:20D0E000FFFFFFFFFFFFFFFFFFFFFFFFFFFFFFFFFFFFFFFFFFFFFFFFFFFFFFFFFFFFFFFF50
:20D10000FFFFFFFFFFFFFFFFFFFFFFFFFFFFFFFFFFFFFFFFFFFFFFFFFFFFFFFFFFFFFFFF2F
:20D12000FFFFFFFFFFFFFFFFFFFFFFFFFFFFFFFFFFFFFFFFFFFFFFFFFFFFFFFFFFFFFFFF0F
:20D14000FFFFFFFFFFFFFFFFFFFFFFFFFFFFFFFFFFFFFFFFFFFFFFFFFFFFFFFFFFFFFFFFEF
:20D16000FFFFFFFFFFFFFFFFFFFFFFFFFFFFFFFFFFFFFFFFFFFFFFFFFFFFFFFFFFFFFFFFCF
:20D18000FFFFFFFFFFFFFFFFFFFFFFFFFFFFFFFFFFFFFFFFFFFFFFFFFFFFFFFFFFFFFFFFAF
:20D1A000FFFFFFFFFFFFFFFFFFFFFFFFFFFFFFFFFFFFFFFFFFFFFFFFFFFFFFFFFFFFFFFF8F
:20D1C000FFFFFFFFFFFFFFFFFFFFFFFFFFFFFFFFFFFFFFFFFFFFFFFFFFFFFFFFFFFFFFFF6F
:20D1E000FFFFFFFFFFFFFFFFFFFFFFFFFFFFFFFFFFFFFFFFFFFFFFFFFFFFFFFFFFFFFFFF4F
:20D20000FFFFFFFFFFFFFFFFFFFFFFFFFFFFFFFFFFFFFFFFFFFFFFFFFFFFFFFFFFFFFFFF2E
:20D22000FFFFFFFFFFFFFFFFFFFFFFFFFFFFFFFFFFFFFFFFFFFFFFFFFFFFFFFFFFFFFFFF0E
:20D24000FFFFFFFFFFFFFFFFFFFFFFFFFFFFFFFFFFFFFFFFFFFFFFFFFFFFFFFFFFFFFFFFEE
:20D26000FFFFFFFFFFFFFFFFFFFFFFFFFFFFFFFFFFFFFFFFFFFFFFFFFFFFFFFFFFFFFFFFCE
:20D28000FFFFFFFFFFFFFFFFFFFFFFFFFFFFFFFFFFFFFFFFFFFFFFFFFFFFFFFFFFFFFFFFAE
:20D2A000FFFFFFFFFFFFFFFFFFFFFFFFFFFFFFFFFFFFFFFFFFFFFFFFFFFFFFFFFFFFFFFF8E
:20D2C000FFFFFFFFFFFFFFFFFFFFFFFFFFFFFFFFFFFFFFFFFFFFFFFFFFFFFFFFFFFFFFFF6E
:20D2E000FFFFFFFFFFFFFFFFFFFFFFFFFFFFFFFFFFFFFFFFFFFFFFFFFFFFFFFFFFFFFFFF4E
:20D30000FFFFFFFFFFFFFFFFFFFFFFFFFFFFFFFFFFFFFFFFFFFFFFFFFFFFFFFFFFFFFFFF2D
:20D32000FFFFFFFFFFFFFFFFFFFFFFFFFFFFFFFFFFFFFFFFFFFFFFFFFFFFFFFFFFFFFFFF0D
:20D34000FFFFFFFFFFFFFFFFFFFFFFFFFFFFFFFFFFFFFFFFFFFFFFFFFFFFFFFFFFFFFFFFED
:20D36000FFFFFFFFFFFFFFFFFFFFFFFFFFFFFFFFFFFFFFFFFFFFFFFFFFFFFFFFFFFFFFFFCD
:20D38000FFFFFFFFFFFFFFFFFFFFFFFFFFFFFFFFFFFFFFFFFFFFFFFFFFFFFFFFFFFFFFFFAD
:20D3A000FFFFFFFFFFFFFFFFFFFFFFFFFFFFFFFFFFFFFFFFFFFFFFFFFFFFFFFFFFFFFFFF8D
:20D3C000FFFFFFFFFFFFFFFFFFFFFFFFFFFFFFFFFFFFFFFFFFFFFFFFFFFFFFFFFFFFFFFF6D
:20D3E000FFFFFFFFFFFFFFFFFFFFFFFFFFFFFFFFFFFFFFFFFFFFFFFFFFFFFFFFFFFFFFFF4D
:20D40000FFFFFFFFFFFFFFFFFFFFFFFFFFFFFFFFFFFFFFFFFFFFFFFFFFFFFFFFFFFFFFFF2C
:20D42000FFFFFFFFFFFFFFFFFFFFFFFFFFFFFFFFFFFFFFFFFFFFFFFFFFFFFFFFFFFFFFFF0C
:20D44000FFFFFFFFFFFFFFFFFFFFFFFFFFFFFFFFFFFFFFFFFFFFFFFFFFFFFFFFFFFFFFFFEC
:20D46000FFFFFFFFFFFFFFFFFFFFFFFFFFFFFFFFFFFFFFFFFFFFFFFFFFFFFFFFFFFFFFFFCC
:20D48000FFFFFFFFFFFFFFFFFFFFFFFFFFFFFFFFFFFFFFFFFFFFFFFFFFFFFFFFFFFFFFFFAC
:20D4A000FFFFFFFFFFFFFFFFFFFFFFFFFFFFFFFFFFFFFFFFFFFFFFFFFFFFFFFFFFFFFFFF8C
:20D4C000FFFFFFFFFFFFFFFFFFFFFFFFFFFFFFFFFFFFFFFFFFFFFFFFFFFFFFFFFFFFFFFF6C
:20D4E000FFFFFFFFFFFFFFFFFFFFFFFFFFFFFFFFFFFFFFFFFFFFFFFFFFFFFFFFFFFFFFFF4C
:20D50000FFFFFFFFFFFFFFFFFFFFFFFFFFFFFFFFFFFFFFFFFFFFFFFFFFFFFFFFFFFFFFFF2B
:20D52000FFFFFFFFFFFFFFFFFFFFFFFFFFFFFFFFFFFFFFFFFFFFFFFFFFFFFFFFFFFFFFFF0B
:20D54000FFFFFFFFFFFFFFFFFFFFFFFFFFFFFFFFFFFFFFFFFFFFFFFFFFFFFFFFFFFFFFFFEB
:20D56000FFFFFFFFFFFFFFFFFFFFFFFFFFFFFFFFFFFFFFFFFFFFFFFFFFFFFFFFFFFFFFFFCB
:20D58000FFFFFFFFFFFFFFFFFFFFFFFFFFFFFFFFFFFFFFFFFFFFFFFFFFFFFFFFFFFFFFFFAB
:20D5A000FFFFFFFFFFFFFFFFFFFFFFFFFFFFFFFFFFFFFFFFFFFFFFFFFFFFFFFFFFFFFFFF8B
:20D5C000FFFFFFFFFFFFFFFFFFFFFFFFFFFFFFFFFFFFFFFFFFFFFFFFFFFFFFFFFFFFFFFF6B
:20D5E000FFFFFFFFFFFFFFFFFFFFFFFFFFFFFFFFFFFFFFFFFFFFFFFFFFFFFFFFFFFFFFFF4B
:20D60000FFFFFFFFFFFFFFFFFFFFFFFFFFFFFFFFFFFFFFFFFFFFFFFFFFFFFFFFFFFFFFFF2A
:20D62000FFFFFFFFFFFFFFFFFFFFFFFFFFFFFFFFFFFFFFFFFFFFFFFFFFFFFFFFFFFFFFFF0A
:20D64000FFFFFFFFFFFFFFFFFFFFFFFFFFFFFFFFFFFFFFFFFFFFFFFFFFFFFFFFFFFFFFFFEA
:20D66000FFFFFFFFFFFFFFFFFFFFFFFFFFFFFFFFFFFFFFFFFFFFFFFFFFFFFFFFFFFFFFFFCA
:20D68000FFFFFFFFFFFFFFFFFFFFFFFFFFFFFFFFFFFFFFFFFFFFFFFFFFFFFFFFFFFFFFFFAA
:20D6A000FFFFFFFFFFFFFFFFFFFFFFFFFFFFFFFFFFFFFFFFFFFFFFFFFFFFFFFFFFFFFFFF8A
:20D6C000FFFFFFFFFFFFFFFFFFFFFFFFFFFFFFFFFFFFFFFFFFFFFFFFFFFFFFFFFFFFFFFF6A
:20D6E000FFFFFFFFFFFFFFFFFFFFFFFFFFFFFFFFFFFFFFFFFFFFFFFFFFFFFFFFFFFFFFFF4A
:20D70000FFFFFFFFFFFFFFFFFFFFFFFFFFFFFFFFFFFFFFFFFFFFFFFFFFFFFFFFFFFFFFFF29
:20D72000FFFFFFFFFFFFFFFFFFFFFFFFFFFFFFFFFFFFFFFFFFFFFFFFFFFFFFFFFFFFFFFF09
:20D74000FFFFFFFFFFFFFFFFFFFFFFFFFFFFFFFFFFFFFFFFFFFFFFFFFFFFFFFFFFFFFFFFE9
:20D76000FFFFFFFFFFFFFFFFFFFFFFFFFFFFFFFFFFFFFFFFFFFFFFFFFFFFFFFFFFFFFFFFC9
:20D78000FFFFFFFFFFFFFFFFFFFFFFFFFFFFFFFFFFFFFFFFFFFFFFFFFFFFFFFFFFFFFFFFA9
:20D7A000FFFFFFFFFFFFFFFFFFFFFFFFFFFFFFFFFFFFFFFFFFFFFFFFFFFFFFFFFFFFFFFF89
:20D7C000FFFFFFFFFFFFFFFFFFFFFFFFFFFFFFFFFFFFFFFFFFFFFFFFFFFFFFFFFFFFFFFF69
:20D7E000FFFFFFFFFFFFFFFFFFFFFFFFFFFFFFFFFFFFFFFFFFFFFFFFFFFFFFFFFFFFFFFF49
:20D80000FFFFFFFFFFFFFFFFFFFFFFFFFFFFFFFFFFFFFFFFFFFFFFFFFFFFFFFFFFFFFFFF28
:20D82000FFFFFFFFFFFFFFFFFFFFFFFFFFFFFFFFFFFFFFFFFFFFFFFFFFFFFFFFFFFFFFFF08
:20D84000FFFFFFFFFFFFFFFFFFFFFFFFFFFFFFFFFFFFFFFFFFFFFFFFFFFFFFFFFFFFFFFFE8
:20D86000FFFFFFFFFFFFFFFFFFFFFFFFFFFFFFFFFFFFFFFFFFFFFFFFFFFFFFFFFFFFFFFFC8
:20D88000FFFFFFFFFFFFFFFFFFFFFFFFFFFFFFFFFFFFFFFFFFFFFFFFFFFFFFFFFFFFFFFFA8
:20D8A000FFFFFFFFFFFFFFFFFFFFFFFFFFFFFFFFFFFFFFFFFFFFFFFFFFFFFFFFFFFFFFFF88
:20D8C000FFFFFFFFFFFFFFFFFFFFFFFFFFFFFFFFFFFFFFFFFFFFFFFFFFFFFFFFFFFFFFFF68
:20D8E000FFFFFFFFFFFFFFFFFFFFFFFFFFFFFFFFFFFFFFFFFFFFFFFFFFFFFFFFFFFFFFFF48
:20D90000FFFFFFFFFFFFFFFFFFFFFFFFFFFFFFFFFFFFFFFFFFFFFFFFFFFFFFFFFFFFFFFF27
:20D92000FFFFFFFFFFFFFFFFFFFFFFFFFFFFFFFFFFFFFFFFFFFFFFFFFFFFFFFFFFFFFFFF07
:20D94000FFFFFFFFFFFFFFFFFFFFFFFFFFFFFFFFFFFFFFFFFFFFFFFFFFFFFFFFFFFFFFFFE7
:20D96000FFFFFFFFFFFFFFFFFFFFFFFFFFFFFFFFFFFFFFFFFFFFFFFFFFFFFFFFFFFFFFFFC7
:20D98000FFFFFFFFFFFFFFFFFFFFFFFFFFFFFFFFFFFFFFFFFFFFFFFFFFFFFFFFFFFFFFFFA7
:20D9A000FFFFFFFFFFFFFFFFFFFFFFFFFFFFFFFFFFFFFFFFFFFFFFFFFFFFFFFFFFFFFFFF87
:20D9C000FFFFFFFFFFFFFFFFFFFFFFFFFFFFFFFFFFFFFFFFFFFFFFFFFFFFFFFFFFFFFFFF67
:20D9E000FFFFFFFFFFFFFFFFFFFFFFFFFFFFFFFFFFFFFFFFFFFFFFFFFFFFFFFFFFFFFFFF47
:20DA0000FFFFFFFFFFFFFFFFFFFFFFFFFFFFFFFFFFFFFFFFFFFFFFFFFFFFFFFFFFFFFFFF26
:20DA2000FFFFFFFFFFFFFFFFFFFFFFFFFFFFFFFFFFFFFFFFFFFFFFFFFFFFFFFFFFFFFFFF06
:20DA4000FFFFFFFFFFFFFFFFFFFFFFFFFFFFFFFFFFFFFFFFFFFFFFFFFFFFFFFFFFFFFFFFE6
:20DA6000FFFFFFFFFFFFFFFFFFFFFFFFFFFFFFFFFFFFFFFFFFFFFFFFFFFFFFFFFFFFFFFFC6
:20DA8000FFFFFFFFFFFFFFFFFFFFFFFFFFFFFFFFFFFFFFFFFFFFFFFFFFFFFFFFFFFFFFFFA6
:20DAA000FFFFFFFFFFFFFFFFFFFFFFFFFFFFFFFFFFFFFFFFFFFFFFFFFFFFFFFFFFFFFFFF86
:20DAC000FFFFFFFFFFFFFFFFFFFFFFFFFFFFFFFFFFFFFFFFFFFFFFFFFFFFFFFFFFFFFFFF66
:20DAE000FFFFFFFFFFFFFFFFFFFFFFFFFFFFFFFFFFFFFFFFFFFFFFFFFFFFFFFFFFFFFFFF46
:20DB0000FFFFFFFFFFFFFFFFFFFFFFFFFFFFFFFFFFFFFFFFFFFFFFFFFFFFFFFFFFFFFFFF25
:20DB2000FFFFFFFFFFFFFFFFFFFFFFFFFFFFFFFFFFFFFFFFFFFFFFFFFFFFFFFFFFFFFFFF05
:20DB4000FFFFFFFFFFFFFFFFFFFFFFFFFFFFFFFFFFFFFFFFFFFFFFFFFFFFFFFFFFFFFFFFE5
:20DB6000FFFFFFFFFFFFFFFFFFFFFFFFFFFFFFFFFFFFFFFFFFFFFFFFFFFFFFFFFFFFFFFFC5
:20DB8000FFFFFFFFFFFFFFFFFFFFFFFFFFFFFFFFFFFFFFFFFFFFFFFFFFFFFFFFFFFFFFFFA5
:20DBA000FFFFFFFFFFFFFFFFFFFFFFFFFFFFFFFFFFFFFFFFFFFFFFFFFFFFFFFFFFFFFFFF85
:20DBC000FFFFFFFFFFFFFFFFFFFFFFFFFFFFFFFFFFFFFFFFFFFFFFFFFFFFFFFFFFFFFFFF65
:20DBE000FFFFFFFFFFFFFFFFFFFFFFFFFFFFFFFFFFFFFFFFFFFFFFFFFFFFFFFFFFFFFFFF45
:20DC0000FFFFFFFFFFFFFFFFFFFFFFFFFFFFFFFFFFFFFFFFFFFFFFFFFFFFFFFFFFFFFFFF24
:20DC2000FFFFFFFFFFFFFFFFFFFFFFFFFFFFFFFFFFFFFFFFFFFFFFFFFFFFFFFFFFFFFFFF04
:20DC4000FFFFFFFFFFFFFFFFFFFFFFFFFFFFFFFFFFFFFFFFFFFFFFFFFFFFFFFFFFFFFFFFE4
:20DC6000FFFFFFFFFFFFFFFFFFFFFFFFFFFFFFFFFFFFFFFFFFFFFFFFFFFFFFFFFFFFFFFFC4
:20DC8000FFFFFFFFFFFFFFFFFFFFFFFFFFFFFFFFFFFFFFFFFFFFFFFFFFFFFFFFFFFFFFFFA4
:20DCA000FFFFFFFFFFFFFFFFFFFFFFFFFFFFFFFFFFFFFFFFFFFFFFFFFFFFFFFFFFFFFFFF84
:20DCC000FFFFFFFFFFFFFFFFFFFFFFFFFFFFFFFFFFFFFFFFFFFFFFFFFFFFFFFFFFFFFFFF64
:20DCE000FFFFFFFFFFFFFFFFFFFFFFFFFFFFFFFFFFFFFFFFFFFFFFFFFFFFFFFFFFFFFFFF44
:20DD0000FFFFFFFFFFFFFFFFFFFFFFFFFFFFFFFFFFFFFFFFFFFFFFFFFFFFFFFFFFFFFFFF23
:20DD2000FFFFFFFFFFFFFFFFFFFFFFFFFFFFFFFFFFFFFFFFFFFFFFFFFFFFFFFFFFFFFFFF03
:20DD4000FFFFFFFFFFFFFFFFFFFFFFFFFFFFFFFFFFFFFFFFFFFFFFFFFFFFFFFFFFFFFFFFE3
:20DD6000FFFFFFFFFFFFFFFFFFFFFFFFFFFFFFFFFFFFFFFFFFFFFFFFFFFFFFFFFFFFFFFFC3
:20DD8000FFFFFFFFFFFFFFFFFFFFFFFFFFFFFFFFFFFFFFFFFFFFFFFFFFFFFFFFFFFFFFFFA3
:20DDA000FFFFFFFFFFFFFFFFFFFFFFFFFFFFFFFFFFFFFFFFFFFFFFFFFFFFFFFFFFFFFFFF83
:20DDC000FFFFFFFFFFFFFFFFFFFFFFFFFFFFFFFFFFFFFFFFFFFFFFFFFFFFFFFFFFFFFFFF63
:20DDE000FFFFFFFFFFFFFFFFFFFFFFFFFFFFFFFFFFFFFFFFFFFFFFFFFFFFFFFFFFFFFFFF43
:20DE0000FFFFFFFFFFFFFFFFFFFFFFFFFFFFFFFFFFFFFFFFFFFFFFFFFFFFFFFFFFFFFFFF22
:20DE2000FFFFFFFFFFFFFFFFFFFFFFFFFFFFFFFFFFFFFFFFFFFFFFFFFFFFFFFFFFFFFFFF02
:20DE4000FFFFFFFFFFFFFFFFFFFFFFFFFFFFFFFFFFFFFFFFFFFFFFFFFFFFFFFFFFFFFFFFE2
:20DE6000FFFFFFFFFFFFFFFFFFFFFFFFFFFFFFFFFFFFFFFFFFFFFFFFFFFFFFFFFFFFFFFFC2
:20DE8000FFFFFFFFFFFFFFFFFFFFFFFFFFFFFFFFFFFFFFFFFFFFFFFFFFFFFFFFFFFFFFFFA2
:20DEA000FFFFFFFFFFFFFFFFFFFFFFFFFFFFFFFFFFFFFFFFFFFFFFFFFFFFFFFFFFFFFFFF82
:20DEC000FFFFFFFFFFFFFFFFFFFFFFFFFFFFFFFFFFFFFFFFFFFFFFFFFFFFFFFFFFFFFFFF62
:20DEE000FFFFFFFFFFFFFFFFFFFFFFFFFFFFFFFFFFFFFFFFFFFFFFFFFFFFFFFFFFFFFFFF42
:20DF0000FFFFFFFFFFFFFFFFFFFFFFFFFFFFFFFFFFFFFFFFFFFFFFFFFFFFFFFFFFFFFFFF21
:20DF2000FFFFFFFFFFFFFFFFFFFFFFFFFFFFFFFFFFFFFFFFFFFFFFFFFFFFFFFFFFFFFFFF01
:20DF4000FFFFFFFFFFFFFFFFFFFFFFFFFFFFFFFFFFFFFFFFFFFFFFFFFFFFFFFFFFFFFFFFE1
:20DF6000FFFFFFFFFFFFFFFFFFFFFFFFFFFFFFFFFFFFFFFFFFFFFFFFFFFFFFFFFFFFFFFFC1
:20DF8000FFFFFFFFFFFFFFFFFFFFFFFFFFFFFFFFFFFFFFFFFFFFFFFFFFFFFFFFFFFFFFFFA1
:20DFA000FFFFFFFFFFFFFFFFFFFFFFFFFFFFFFFFFFFFFFFFFFFFFFFFFFFFFFFFFFFFFFFF81
:20DFC000FFFFFFFFFFFFFFFFFFFFFFFFFFFFFFFFFFFFFFFFFFFFFFFFFFFFFFFFFFFFFFFF61
:20DFE000FFFFFFFFFFFFFFFFFFFFFFFFFFFFFFFFFFFFFFFFFFFFFFFFFFFFFFFFFFFFFFFF41
:20E00000FFFFFFFFFFFFFFFFFFFFFFFFFFFFFFFFFFFFFFFFFFFFFFFFFFFFFFFFFFFFFFFF20
:20E02000FFFFFFFFFFFFFFFFFFFFFFFFFFFFFFFFFFFFFFFFFFFFFFFFFFFFFFFFFFFFFFFF00
:20E04000FFFFFFFFFFFFFFFFFFFFFFFFFFFFFFFFFFFFFFFFFFFFFFFFFFFFFFFFFFFFFFFFE0
:20E06000FFFFFFFFFFFFFFFFFFFFFFFFFFFFFFFFFFFFFFFFFFFFFFFFFFFFFFFFFFFFFFFFC0
:20E08000FFFFFFFFFFFFFFFFFFFFFFFFFFFFFFFFFFFFFFFFFFFFFFFFFFFFFFFFFFFFFFFFA0
:20E0A000FFFFFFFFFFFFFFFFFFFFFFFFFFFFFFFFFFFFFFFFFFFFFFFFFFFFFFFFFFFFFFFF80
:20E0C000FFFFFFFFFFFFFFFFFFFFFFFFFFFFFFFFFFFFFFFFFFFFFFFFFFFFFFFFFFFFFFFF60
:20E0E000FFFFFFFFFFFFFFFFFFFFFFFFFFFFFFFFFFFFFFFFFFFFFFFFFFFFFFFFFFFFFFFF40
:20E10000FFFFFFFFFFFFFFFFFFFFFFFFFFFFFFFFFFFFFFFFFFFFFFFFFFFFFFFFFFFFFFFF1F
:20E12000FFFFFFFFFFFFFFFFFFFFFFFFFFFFFFFFFFFFFFFFFFFFFFFFFFFFFFFFFFFFFFFFFF
:20E14000FFFFFFFFFFFFFFFFFFFFFFFFFFFFFFFFFFFFFFFFFFFFFFFFFFFFFFFFFFFFFFFFDF
:20E16000FFFFFFFFFFFFFFFFFFFFFFFFFFFFFFFFFFFFFFFFFFFFFFFFFFFFFFFFFFFFFFFFBF
:20E18000FFFFFFFFFFFFFFFFFFFFFFFFFFFFFFFFFFFFFFFFFFFFFFFFFFFFFFFFFFFFFFFF9F
:20E1A000FFFFFFFFFFFFFFFFFFFFFFFFFFFFFFFFFFFFFFFFFFFFFFFFFFFFFFFFFFFFFFFF7F
:20E1C000FFFFFFFFFFFFFFFFFFFFFFFFFFFFFFFFFFFFFFFFFFFFFFFFFFFFFFFFFFFFFFFF5F
:20E1E000FFFFFFFFFFFFFFFFFFFFFFFFFFFFFFFFFFFFFFFFFFFFFFFFFFFFFFFFFFFFFFFF3F
:20E20000FFFFFFFFFFFFFFFFFFFFFFFFFFFFFFFFFFFFFFFFFFFFFFFFFFFFFFFFFFFFFFFF1E
:20E22000FFFFFFFFFFFFFFFFFFFFFFFFFFFFFFFFFFFFFFFFFFFFFFFFFFFFFFFFFFFFFFFFFE
:20E24000FFFFFFFFFFFFFFFFFFFFFFFFFFFFFFFFFFFFFFFFFFFFFFFFFFFFFFFFFFFFFFFFDE
:20E26000FFFFFFFFFFFFFFFFFFFFFFFFFFFFFFFFFFFFFFFFFFFFFFFFFFFFFFFFFFFFFFFFBE
:20E28000FFFFFFFFFFFFFFFFFFFFFFFFFFFFFFFFFFFFFFFFFFFFFFFFFFFFFFFFFFFFFFFF9E
:20E2A000FFFFFFFFFFFFFFFFFFFFFFFFFFFFFFFFFFFFFFFFFFFFFFFFFFFFFFFFFFFFFFFF7E
:20E2C000FFFFFFFFFFFFFFFFFFFFFFFFFFFFFFFFFFFFFFFFFFFFFFFFFFFFFFFFFFFFFFFF5E
:20E2E000FFFFFFFFFFFFFFFFFFFFFFFFFFFFFFFFFFFFFFFFFFFFFFFFFFFFFFFFFFFFFFFF3E
:20E30000FFFFFFFFFFFFFFFFFFFFFFFFFFFFFFFFFFFFFFFFFFFFFFFFFFFFFFFFFFFFFFFF1D
:20E32000FFFFFFFFFFFFFFFFFFFFFFFFFFFFFFFFFFFFFFFFFFFFFFFFFFFFFFFFFFFFFFFFFD
:20E34000FFFFFFFFFFFFFFFFFFFFFFFFFFFFFFFFFFFFFFFFFFFFFFFFFFFFFFFFFFFFFFFFDD
:20E36000FFFFFFFFFFFFFFFFFFFFFFFFFFFFFFFFFFFFFFFFFFFFFFFFFFFFFFFFFFFFFFFFBD
:20E38000FFFFFFFFFFFFFFFFFFFFFFFFFFFFFFFFFFFFFFFFFFFFFFFFFFFFFFFFFFFFFFFF9D
:20E3A000FFFFFFFFFFFFFFFFFFFFFFFFFFFFFFFFFFFFFFFFFFFFFFFFFFFFFFFFFFFFFFFF7D
:20E3C000FFFFFFFFFFFFFFFFFFFFFFFFFFFFFFFFFFFFFFFFFFFFFFFFFFFFFFFFFFFFFFFF5D
:20E3E000FFFFFFFFFFFFFFFFFFFFFFFFFFFFFFFFFFFFFFFFFFFFFFFFFFFFFFFFFFFFFFFF3D
:20E40000FFFFFFFFFFFFFFFFFFFFFFFFFFFFFFFFFFFFFFFFFFFFFFFFFFFFFFFFFFFFFFFF1C
:20E42000FFFFFFFFFFFFFFFFFFFFFFFFFFFFFFFFFFFFFFFFFFFFFFFFFFFFFFFFFFFFFFFFFC
:20E44000FFFFFFFFFFFFFFFFFFFFFFFFFFFFFFFFFFFFFFFFFFFFFFFFFFFFFFFFFFFFFFFFDC
:20E46000FFFFFFFFFFFFFFFFFFFFFFFFFFFFFFFFFFFFFFFFFFFFFFFFFFFFFFFFFFFFFFFFBC
:20E48000FFFFFFFFFFFFFFFFFFFFFFFFFFFFFFFFFFFFFFFFFFFFFFFFFFFFFFFFFFFFFFFF9C
:20E4A000FFFFFFFFFFFFFFFFFFFFFFFFFFFFFFFFFFFFFFFFFFFFFFFFFFFFFFFFFFFFFFFF7C
:20E4C000FFFFFFFFFFFFFFFFFFFFFFFFFFFFFFFFFFFFFFFFFFFFFFFFFFFFFFFFFFFFFFFF5C
:20E4E000FFFFFFFFFFFFFFFFFFFFFFFFFFFFFFFFFFFFFFFFFFFFFFFFFFFFFFFFFFFFFFFF3C
:20E50000FFFFFFFFFFFFFFFFFFFFFFFFFFFFFFFFFFFFFFFFFFFFFFFFFFFFFFFFFFFFFFFF1B
:20E52000FFFFFFFFFFFFFFFFFFFFFFFFFFFFFFFFFFFFFFFFFFFFFFFFFFFFFFFFFFFFFFFFFB
:20E54000FFFFFFFFFFFFFFFFFFFFFFFFFFFFFFFFFFFFFFFFFFFFFFFFFFFFFFFFFFFFFFFFDB
:20E56000FFFFFFFFFFFFFFFFFFFFFFFFFFFFFFFFFFFFFFFFFFFFFFFFFFFFFFFFFFFFFFFFBB
:20E58000FFFFFFFFFFFFFFFFFFFFFFFFFFFFFFFFFFFFFFFFFFFFFFFFFFFFFFFFFFFFFFFF9B
:20E5A000FFFFFFFFFFFFFFFFFFFFFFFFFFFFFFFFFFFFFFFFFFFFFFFFFFFFFFFFFFFFFFFF7B
:20E5C000FFFFFFFFFFFFFFFFFFFFFFFFFFFFFFFFFFFFFFFFFFFFFFFFFFFFFFFFFFFFFFFF5B
:20E5E000FFFFFFFFFFFFFFFFFFFFFFFFFFFFFFFFFFFFFFFFFFFFFFFFFFFFFFFFFFFFFFFF3B
:20E60000FFFFFFFFFFFFFFFFFFFFFFFFFFFFFFFFFFFFFFFFFFFFFFFFFFFFFFFFFFFFFFFF1A
:20E62000FFFFFFFFFFFFFFFFFFFFFFFFFFFFFFFFFFFFFFFFFFFFFFFFFFFFFFFFFFFFFFFFFA
:20E64000FFFFFFFFFFFFFFFFFFFFFFFFFFFFFFFFFFFFFFFFFFFFFFFFFFFFFFFFFFFFFFFFDA
:20E66000FFFFFFFFFFFFFFFFFFFFFFFFFFFFFFFFFFFFFFFFFFFFFFFFFFFFFFFFFFFFFFFFBA
:20E68000FFFFFFFFFFFFFFFFFFFFFFFFFFFFFFFFFFFFFFFFFFFFFFFFFFFFFFFFFFFFFFFF9A
:20E6A000FFFFFFFFFFFFFFFFFFFFFFFFFFFFFFFFFFFFFFFFFFFFFFFFFFFFFFFFFFFFFFFF7A
:20E6C000FFFFFFFFFFFFFFFFFFFFFFFFFFFFFFFFFFFFFFFFFFFFFFFFFFFFFFFFFFFFFFFF5A
:20E6E000FFFFFFFFFFFFFFFFFFFFFFFFFFFFFFFFFFFFFFFFFFFFFFFFFFFFFFFFFFFFFFFF3A
:20E70000FFFFFFFFFFFFFFFFFFFFFFFFFFFFFFFFFFFFFFFFFFFFFFFFFFFFFFFFFFFFFFFF19
:20E72000FFFFFFFFFFFFFFFFFFFFFFFFFFFFFFFFFFFFFFFFFFFFFFFFFFFFFFFFFFFFFFFFF9
:20E74000FFFFFFFFFFFFFFFFFFFFFFFFFFFFFFFFFFFFFFFFFFFFFFFFFFFFFFFFFFFFFFFFD9
:20E76000FFFFFFFFFFFFFFFFFFFFFFFFFFFFFFFFFFFFFFFFFFFFFFFFFFFFFFFFFFFFFFFFB9
:20E78000FFFFFFFFFFFFFFFFFFFFFFFFFFFFFFFFFFFFFFFFFFFFFFFFFFFFFFFFFFFFFFFF99
:20E7A000FFFFFFFFFFFFFFFFFFFFFFFFFFFFFFFFFFFFFFFFFFFFFFFFFFFFFFFFFFFFFFFF79
:20E7C000FFFFFFFFFFFFFFFFFFFFFFFFFFFFFFFFFFFFFFFFFFFFFFFFFFFFFFFFFFFFFFFF59
:20E7E000FFFFFFFFFFFFFFFFFFFFFFFFFFFFFFFFFFFFFFFFFFFFFFFFFFFFFFFFFFFFFFFF39
:20E80000FFFFFFFFFFFFFFFFFFFFFFFFFFFFFFFFFFFFFFFFFFFFFFFFFFFFFFFFFFFFFFFF18
:20E82000FFFFFFFFFFFFFFFFFFFFFFFFFFFFFFFFFFFFFFFFFFFFFFFFFFFFFFFFFFFFFFFFF8
:20E84000FFFFFFFFFFFFFFFFFFFFFFFFFFFFFFFFFFFFFFFFFFFFFFFFFFFFFFFFFFFFFFFFD8
:20E86000FFFFFFFFFFFFFFFFFFFFFFFFFFFFFFFFFFFFFFFFFFFFFFFFFFFFFFFFFFFFFFFFB8
:20E88000FFFFFFFFFFFFFFFFFFFFFFFFFFFFFFFFFFFFFFFFFFFFFFFFFFFFFFFFFFFFFFFF98
:20E8A000FFFFFFFFFFFFFFFFFFFFFFFFFFFFFFFFFFFFFFFFFFFFFFFFFFFFFFFFFFFFFFFF78
:20E8C000FFFFFFFFFFFFFFFFFFFFFFFFFFFFFFFFFFFFFFFFFFFFFFFFFFFFFFFFFFFFFFFF58
:20E8E000FFFFFFFFFFFFFFFFFFFFFFFFFFFFFFFFFFFFFFFFFFFFFFFFFFFFFFFFFFFFFFFF38
:20E90000FFFFFFFFFFFFFFFFFFFFFFFFFFFFFFFFFFFFFFFFFFFFFFFFFFFFFFFFFFFFFFFF17
:20E92000FFFFFFFFFFFFFFFFFFFFFFFFFFFFFFFFFFFFFFFFFFFFFFFFFFFFFFFFFFFFFFFFF7
:20E94000FFFFFFFFFFFFFFFFFFFFFFFFFFFFFFFFFFFFFFFFFFFFFFFFFFFFFFFFFFFFFFFFD7
:20E96000FFFFFFFFFFFFFFFFFFFFFFFFFFFFFFFFFFFFFFFFFFFFFFFFFFFFFFFFFFFFFFFFB7
:20E98000FFFFFFFFFFFFFFFFFFFFFFFFFFFFFFFFFFFFFFFFFFFFFFFFFFFFFFFFFFFFFFFF97
:20E9A000FFFFFFFFFFFFFFFFFFFFFFFFFFFFFFFFFFFFFFFFFFFFFFFFFFFFFFFFFFFFFFFF77
:20E9C000FFFFFFFFFFFFFFFFFFFFFFFFFFFFFFFFFFFFFFFFFFFFFFFFFFFFFFFFFFFFFFFF57
:20E9E000FFFFFFFFFFFFFFFFFFFFFFFFFFFFFFFFFFFFFFFFFFFFFFFFFFFFFFFFFFFFFFFF37
:20EA0000FFFFFFFFFFFFFFFFFFFFFFFFFFFFFFFFFFFFFFFFFFFFFFFFFFFFFFFFFFFFFFFF16
:20EA2000FFFFFFFFFFFFFFFFFFFFFFFFFFFFFFFFFFFFFFFFFFFFFFFFFFFFFFFFFFFFFFFFF6
:20EA4000FFFFFFFFFFFFFFFFFFFFFFFFFFFFFFFFFFFFFFFFFFFFFFFFFFFFFFFFFFFFFFFFD6
:20EA6000FFFFFFFFFFFFFFFFFFFFFFFFFFFFFFFFFFFFFFFFFFFFFFFFFFFFFFFFFFFFFFFFB6
:20EA8000FFFFFFFFFFFFFFFFFFFFFFFFFFFFFFFFFFFFFFFFFFFFFFFFFFFFFFFFFFFFFFFF96
:20EAA000FFFFFFFFFFFFFFFFFFFFFFFFFFFFFFFFFFFFFFFFFFFFFFFFFFFFFFFFFFFFFFFF76
:20EAC000FFFFFFFFFFFFFFFFFFFFFFFFFFFFFFFFFFFFFFFFFFFFFFFFFFFFFFFFFFFFFFFF56
:20EAE000FFFFFFFFFFFFFFFFFFFFFFFFFFFFFFFFFFFFFFFFFFFFFFFFFFFFFFFFFFFFFFFF36
:20EB0000FFFFFFFFFFFFFFFFFFFFFFFFFFFFFFFFFFFFFFFFFFFFFFFFFFFFFFFFFFFFFFFF15
:20EB2000FFFFFFFFFFFFFFFFFFFFFFFFFFFFFFFFFFFFFFFFFFFFFFFFFFFFFFFFFFFFFFFFF5
:20EB4000FFFFFFFFFFFFFFFFFFFFFFFFFFFFFFFFFFFFFFFFFFFFFFFFFFFFFFFFFFFFFFFFD5
:20EB6000FFFFFFFFFFFFFFFFFFFFFFFFFFFFFFFFFFFFFFFFFFFFFFFFFFFFFFFFFFFFFFFFB5
:20EB8000FFFFFFFFFFFFFFFFFFFFFFFFFFFFFFFFFFFFFFFFFFFFFFFFFFFFFFFFFFFFFFFF95
:20EBA000FFFFFFFFFFFFFFFFFFFFFFFFFFFFFFFFFFFFFFFFFFFFFFFFFFFFFFFFFFFFFFFF75
:20EBC000FFFFFFFFFFFFFFFFFFFFFFFFFFFFFFFFFFFFFFFFFFFFFFFFFFFFFFFFFFFFFFFF55
:20EBE000FFFFFFFFFFFFFFFFFFFFFFFFFFFFFFFFFFFFFFFFFFFFFFFFFFFFFFFFFFFFFFFF35
:20EC0000FFFFFFFFFFFFFFFFFFFFFFFFFFFFFFFFFFFFFFFFFFFFFFFFFFFFFFFFFFFFFFFF14
:20EC2000FFFFFFFFFFFFFFFFFFFFFFFFFFFFFFFFFFFFFFFFFFFFFFFFFFFFFFFFFFFFFFFFF4
:20EC4000FFFFFFFFFFFFFFFFFFFFFFFFFFFFFFFFFFFFFFFFFFFFFFFFFFFFFFFFFFFFFFFFD4
:20EC6000FFFFFFFFFFFFFFFFFFFFFFFFFFFFFFFFFFFFFFFFFFFFFFFFFFFFFFFFFFFFFFFFB4
:20EC8000FFFFFFFFFFFFFFFFFFFFFFFFFFFFFFFFFFFFFFFFFFFFFFFFFFFFFFFFFFFFFFFF94
:20ECA000FFFFFFFFFFFFFFFFFFFFFFFFFFFFFFFFFFFFFFFFFFFFFFFFFFFFFFFFFFFFFFFF74
:20ECC000FFFFFFFFFFFFFFFFFFFFFFFFFFFFFFFFFFFFFFFFFFFFFFFFFFFFFFFFFFFFFFFF54
:20ECE000FFFFFFFFFFFFFFFFFFFFFFFFFFFFFFFFFFFFFFFFFFFFFFFFFFFFFFFFFFFFFFFF34
:20ED0000FFFFFFFFFFFFFFFFFFFFFFFFFFFFFFFFFFFFFFFFFFFFFFFFFFFFFFFFFFFFFFFF13
:20ED2000FFFFFFFFFFFFFFFFFFFFFFFFFFFFFFFFFFFFFFFFFFFFFFFFFFFFFFFFFFFFFFFFF3
:20ED4000FFFFFFFFFFFFFFFFFFFFFFFFFFFFFFFFFFFFFFFFFFFFFFFFFFFFFFFFFFFFFFFFD3
:20ED6000FFFFFFFFFFFFFFFFFFFFFFFFFFFFFFFFFFFFFFFFFFFFFFFFFFFFFFFFFFFFFFFFB3
:20ED8000FFFFFFFFFFFFFFFFFFFFFFFFFFFFFFFFFFFFFFFFFFFFFFFFFFFFFFFFFFFFFFFF93
:20EDA000FFFFFFFFFFFFFFFFFFFFFFFFFFFFFFFFFFFFFFFFFFFFFFFFFFFFFFFFFFFFFFFF73
:20EDC000FFFFFFFFFFFFFFFFFFFFFFFFFFFFFFFFFFFFFFFFFFFFFFFFFFFFFFFFFFFFFFFF53
:20EDE000FFFFFFFFFFFFFFFFFFFFFFFFFFFFFFFFFFFFFFFFFFFFFFFFFFFFFFFFFFFFFFFF33
:20EE0000FFFFFFFFFFFFFFFFFFFFFFFFFFFFFFFFFFFFFFFFFFFFFFFFFFFFFFFFFFFFFFFF12
:20EE2000FFFFFFFFFFFFFFFFFFFFFFFFFFFFFFFFFFFFFFFFFFFFFFFFFFFFFFFFFFFFFFFFF2
:20EE4000FFFFFFFFFFFFFFFFFFFFFFFFFFFFFFFFFFFFFFFFFFFFFFFFFFFFFFFFFFFFFFFFD2
:20EE6000FFFFFFFFFFFFFFFFFFFFFFFFFFFFFFFFFFFFFFFFFFFFFFFFFFFFFFFFFFFFFFFFB2
:20EE8000FFFFFFFFFFFFFFFFFFFFFFFFFFFFFFFFFFFFFFFFFFFFFFFFFFFFFFFFFFFFFFFF92
:20EEA000FFFFFFFFFFFFFFFFFFFFFFFFFFFFFFFFFFFFFFFFFFFFFFFFFFFFFFFFFFFFFFFF72
:20EEC000FFFFFFFFFFFFFFFFFFFFFFFFFFFFFFFFFFFFFFFFFFFFFFFFFFFFFFFFFFFFFFFF52
:20EEE000FFFFFFFFFFFFFFFFFFFFFFFFFFFFFFFFFFFFFFFFFFFFFFFFFFFFFFFFFFFFFFFF32
:20EF0000FFFFFFFFFFFFFFFFFFFFFFFFFFFFFFFFFFFFFFFFFFFFFFFFFFFFFFFFFFFFFFFF11
:20EF2000FFFFFFFFFFFFFFFFFFFFFFFFFFFFFFFFFFFFFFFFFFFFFFFFFFFFFFFFFFFFFFFFF1
:20EF4000FFFFFFFFFFFFFFFFFFFFFFFFFFFFFFFFFFFFFFFFFFFFFFFFFFFFFFFFFFFFFFFFD1
:20EF6000FFFFFFFFFFFFFFFFFFFFFFFFFFFFFFFFFFFFFFFFFFFFFFFFFFFFFFFFFFFFFFFFB1
:20EF8000FFFFFFFFFFFFFFFFFFFFFFFFFFFFFFFFFFFFFFFFFFFFFFFFFFFFFFFFFFFFFFFF91
:20EFA000FFFFFFFFFFFFFFFFFFFFFFFFFFFFFFFFFFFFFFFFFFFFFFFFFFFFFFFFFFFFFFFF71
:20EFC000FFFFFFFFFFFFFFFFFFFFFFFFFFFFFFFFFFFFFFFFFFFFFFFFFFFFFFFFFFFFFFFF51
:20EFE000FFFFFFFFFFFFFFFFFFFFFFFFFFFFFFFFFFFFFFFFFFFFFFFFFFFFFFFFFFFFFFFF31
:20F00000FFFFFFFFFFFFFFFFFFFFFFFFFFFFFFFFFFFFFFFFFFFFFFFFFFFFFFFFFFFFFFFF10
:20F02000FFFFFFFFFFFFFFFFFFFFFFFFFFFFFFFFFFFFFFFFFFFFFFFFFFFFFFFFFFFFFFFFF0
:20F04000FFFFFFFFFFFFFFFFFFFFFFFFFFFFFFFFFFFFFFFFFFFFFFFFFFFFFFFFFFFFFFFFD0
:20F06000FFFFFFFFFFFFFFFFFFFFFFFFFFFFFFFFFFFFFFFFFFFFFFFFFFFFFFFFFFFFFFFFB0
:20F08000FFFFFFFFFFFFFFFFFFFFFFFFFFFFFFFFFFFFFFFFFFFFFFFFFFFFFFFFFFFFFFFF90
:20F0A000FFFFFFFFFFFFFFFFFFFFFFFFFFFFFFFFFFFFFFFFFFFFFFFFFFFFFFFFFFFFFFFF70
:20F0C000FFFFFFFFFFFFFFFFFFFFFFFFFFFFFFFFFFFFFFFFFFFFFFFFFFFFFFFFFFFFFFFF50
:20F0E000FFFFFFFFFFFFFFFFFFFFFFFFFFFFFFFFFFFFFFFFFFFFFFFFFFFFFFFFFFFFFFFF30
:20F10000FFFFFFFFFFFFFFFFFFFFFFFFFFFFFFFFFFFFFFFFFFFFFFFFFFFFFFFFFFFFFFFF0F
:20F12000FFFFFFFFFFFFFFFFFFFFFFFFFFFFFFFFFFFFFFFFFFFFFFFFFFFFFFFFFFFFFFFFEF
:20F14000FFFFFFFFFFFFFFFFFFFFFFFFFFFFFFFFFFFFFFFFFFFFFFFFFFFFFFFFFFFFFFFFCF
:20F16000FFFFFFFFFFFFFFFFFFFFFFFFFFFFFFFFFFFFFFFFFFFFFFFFFFFFFFFFFFFFFFFFAF
:20F18000FFFFFFFFFFFFFFFFFFFFFFFFFFFFFFFFFFFFFFFFFFFFFFFFFFFFFFFFFFFFFFFF8F
:20F1A000FFFFFFFFFFFFFFFFFFFFFFFFFFFFFFFFFFFFFFFFFFFFFFFFFFFFFFFFFFFFFFFF6F
:20F1C000FFFFFFFFFFFFFFFFFFFFFFFFFFFFFFFFFFFFFFFFFFFFFFFFFFFFFFFFFFFFFFFF4F
:20F1E000FFFFFFFFFFFFFFFFFFFFFFFFFFFFFFFFFFFFFFFFFFFFFFFFFFFFFFFFFFFFFFFF2F
:20F20000FFFFFFFFFFFFFFFFFFFFFFFFFFFFFFFFFFFFFFFFFFFFFFFFFFFFFFFFFFFFFFFF0E
:20F22000FFFFFFFFFFFFFFFFFFFFFFFFFFFFFFFFFFFFFFFFFFFFFFFFFFFFFFFFFFFFFFFFEE
:20F24000FFFFFFFFFFFFFFFFFFFFFFFFFFFFFFFFFFFFFFFFFFFFFFFFFFFFFFFFFFFFFFFFCE
:20F26000FFFFFFFFFFFFFFFFFFFFFFFFFFFFFFFFFFFFFFFFFFFFFFFFFFFFFFFFFFFFFFFFAE
:20F28000FFFFFFFFFFFFFFFFFFFFFFFFFFFFFFFFFFFFFFFFFFFFFFFFFFFFFFFFFFFFFFFF8E
:20F2A000FFFFFFFFFFFFFFFFFFFFFFFFFFFFFFFFFFFFFFFFFFFFFFFFFFFFFFFFFFFFFFFF6E
:20F2C000FFFFFFFFFFFFFFFFFFFFFFFFFFFFFFFFFFFFFFFFFFFFFFFFFFFFFFFFFFFFFFFF4E
:20F2E000FFFFFFFFFFFFFFFFFFFFFFFFFFFFFFFFFFFFFFFFFFFFFFFFFFFFFFFFFFFFFFFF2E
:20F30000FFFFFFFFFFFFFFFFFFFFFFFFFFFFFFFFFFFFFFFFFFFFFFFFFFFFFFFFFFFFFFFF0D
:20F32000FFFFFFFFFFFFFFFFFFFFFFFFFFFFFFFFFFFFFFFFFFFFFFFFFFFFFFFFFFFFFFFFED
:20F34000FFFFFFFFFFFFFFFFFFFFFFFFFFFFFFFFFFFFFFFFFFFFFFFFFFFFFFFFFFFFFFFFCD
:20F36000FFFFFFFFFFFFFFFFFFFFFFFFFFFFFFFFFFFFFFFFFFFFFFFFFFFFFFFFFFFFFFFFAD
:20F38000FFFFFFFFFFFFFFFFFFFFFFFFFFFFFFFFFFFFFFFFFFFFFFFFFFFFFFFFFFFFFFFF8D
:20F3A000FFFFFFFFFFFFFFFFFFFFFFFFFFFFFFFFFFFFFFFFFFFFFFFFFFFFFFFFFFFFFFFF6D
:20F3C000FFFFFFFFFFFFFFFFFFFFFFFFFFFFFFFFFFFFFFFFFFFFFFFFFFFFFFFFFFFFFFFF4D
:20F3E000FFFFFFFFFFFFFFFFFFFFFFFFFFFFFFFFFFFFFFFFFFFFFFFFFFFFFFFFFFFFFFFF2D
:20F40000FFFFFFFFFFFFFFFFFFFFFFFFFFFFFFFFFFFFFFFFFFFFFFFFFFFFFFFFFFFFFFFF0C
:20F42000FFFFFFFFFFFFFFFFFFFFFFFFFFFFFFFFFFFFFFFFFFFFFFFFFFFFFFFFFFFFFFFFEC
:20F44000FFFFFFFFFFFFFFFFFFFFFFFFFFFFFFFFFFFFFFFFFFFFFFFFFFFFFFFFFFFFFFFFCC
:20F46000FFFFFFFFFFFFFFFFFFFFFFFFFFFFFFFFFFFFFFFFFFFFFFFFFFFFFFFFFFFFFFFFAC
:20F48000FFFFFFFFFFFFFFFFFFFFFFFFFFFFFFFFFFFFFFFFFFFFFFFFFFFFFFFFFFFFFFFF8C
:20F4A000FFFFFFFFFFFFFFFFFFFFFFFFFFFFFFFFFFFFFFFFFFFFFFFFFFFFFFFFFFFFFFFF6C
:20F4C000FFFFFFFFFFFFFFFFFFFFFFFFFFFFFFFFFFFFFFFFFFFFFFFFFFFFFFFFFFFFFFFF4C
:20F4E000FFFFFFFFFFFFFFFFFFFFFFFFFFFFFFFFFFFFFFFFFFFFFFFFFFFFFFFFFFFFFFFF2C
:20F50000FFFFFFFFFFFFFFFFFFFFFFFFFFFFFFFFFFFFFFFFFFFFFFFFFFFFFFFFFFFFFFFF0B
:20F52000FFFFFFFFFFFFFFFFFFFFFFFFFFFFFFFFFFFFFFFFFFFFFFFFFFFFFFFFFFFFFFFFEB
:20F54000FFFFFFFFFFFFFFFFFFFFFFFFFFFFFFFFFFFFFFFFFFFFFFFFFFFFFFFFFFFFFFFFCB
:20F56000FFFFFFFFFFFFFFFFFFFFFFFFFFFFFFFFFFFFFFFFFFFFFFFFFFFFFFFFFFFFFFFFAB
:20F58000FFFFFFFFFFFFFFFFFFFFFFFFFFFFFFFFFFFFFFFFFFFFFFFFFFFFFFFFFFFFFFFF8B
:20F5A000FFFFFFFFFFFFFFFFFFFFFFFFFFFFFFFFFFFFFFFFFFFFFFFFFFFFFFFFFFFFFFFF6B
:20F5C000FFFFFFFFFFFFFFFFFFFFFFFFFFFFFFFFFFFFFFFFFFFFFFFFFFFFFFFFFFFFFFFF4B
:20F5E000FFFFFFFFFFFFFFFFFFFFFFFFFFFFFFFFFFFFFFFFFFFFFFFFFFFFFFFFFFFFFFFF2B
:20F60000FFFFFFFFFFFFFFFFFFFFFFFFFFFFFFFFFFFFFFFFFFFFFFFFFFFFFFFFFFFFFFFF0A
:20F62000FFFFFFFFFFFFFFFFFFFFFFFFFFFFFFFFFFFFFFFFFFFFFFFFFFFFFFFFFFFFFFFFEA
:20F64000FFFFFFFFFFFFFFFFFFFFFFFFFFFFFFFFFFFFFFFFFFFFFFFFFFFFFFFFFFFFFFFFCA
:20F66000FFFFFFFFFFFFFFFFFFFFFFFFFFFFFFFFFFFFFFFFFFFFFFFFFFFFFFFFFFFFFFFFAA
:20F68000FFFFFFFFFFFFFFFFFFFFFFFFFFFFFFFFFFFFFFFFFFFFFFFFFFFFFFFFFFFFFFFF8A
:20F6A000FFFFFFFFFFFFFFFFFFFFFFFFFFFFFFFFFFFFFFFFFFFFFFFFFFFFFFFFFFFFFFFF6A
:20F6C000FFFFFFFFFFFFFFFFFFFFFFFFFFFFFFFFFFFFFFFFFFFFFFFFFFFFFFFFFFFFFFFF4A
:20F6E000FFFFFFFFFFFFFFFFFFFFFFFFFFFFFFFFFFFFFFFFFFFFFFFFFFFFFFFFFFFFFFFF2A
:20F70000FFFFFFFFFFFFFFFFFFFFFFFFFFFFFFFFFFFFFFFFFFFFFFFFFFFFFFFFFFFFFFFF09
:20F72000FFFFFFFFFFFFFFFFFFFFFFFFFFFFFFFFFFFFFFFFFFFFFFFFFFFFFFFFFFFFFFFFE9
:20F74000FFFFFFFFFFFFFFFFFFFFFFFFFFFFFFFFFFFFFFFFFFFFFFFFFFFFFFFFFFFFFFFFC9
:20F76000FFFFFFFFFFFFFFFFFFFFFFFFFFFFFFFFFFFFFFFFFFFFFFFFFFFFFFFFFFFFFFFFA9
:20F78000FFFFFFFFFFFFFFFFFFFFFFFFFFFFFFFFFFFFFFFFFFFFFFFFFFFFFFFFFFFFFFFF89
:20F7A000FFFFFFFFFFFFFFFFFFFFFFFFFFFFFFFFFFFFFFFFFFFFFFFFFFFFFFFFFFFFFFFF69
:20F7C000FFFFFFFFFFFFFFFFFFFFFFFFFFFFFFFFFFFFFFFFFFFFFFFFFFFFFFFFFFFFFFFF49
:20F7E000FFFFFFFFFFFFFFFFFFFFFFFFFFFFFFFFFFFFFFFFFFFFFFFFFFFFFFFFFFFFFFFF29
:20F80000FFFFFFFFFFFFFFFFFFFFFFFFFFFFFFFFFFFFFFFFFFFFFFFFFFFFFFFFFFFFFFFF08
:20F82000FFFFFFFFFFFFFFFFFFFFFFFFFFFFFFFFFFFFFFFFFFFFFFFFFFFFFFFFFFFFFFFFE8
:20F84000FFFFFFFFFFFFFFFFFFFFFFFFFFFFFFFFFFFFFFFFFFFFFFFFFFFFFFFFFFFFFFFFC8
:20F86000FFFFFFFFFFFFFFFFFFFFFFFFFFFFFFFFFFFFFFFFFFFFFFFFFFFFFFFFFFFFFFFFA8
:20F88000FFFFFFFFFFFFFFFFFFFFFFFFFFFFFFFFFFFFFFFFFFFFFFFFFFFFFFFFFFFFFFFF88
:20F8A000FFFFFFFFFFFFFFFFFFFFFFFFFFFFFFFFFFFFFFFFFFFFFFFFFFFFFFFFFFFFFFFF68
:20F8C000FFFFFFFFFFFFFFFFFFFFFFFFFFFFFFFFFFFFFFFFFFFFFFFFFFFFFFFFFFFFFFFF48
:20F8E000FFFFFFFFFFFFFFFFFFFFFFFFFFFFFFFFFFFFFFFFFFFFFFFFFFFFFFFFFFFFFFFF28
:20F90000FFFFFFFFFFFFFFFFFFFFFFFFFFFFFFFFFFFFFFFFFFFFFFFFFFFFFFFFFFFFFFFF07
:20F92000FFFFFFFFFFFFFFFFFFFFFFFFFFFFFFFFFFFFFFFFFFFFFFFFFFFFFFFFFFFFFFFFE7
:20F94000FFFFFFFFFFFFFFFFFFFFFFFFFFFFFFFFFFFFFFFFFFFFFFFFFFFFFFFFFFFFFFFFC7
:20F96000FFFFFFFFFFFFFFFFFFFFFFFFFFFFFFFFFFFFFFFFFFFFFFFFFFFFFFFFFFFFFFFFA7
:20F98000FFFFFFFFFFFFFFFFFFFFFFFFFFFFFFFFFFFFFFFFFFFFFFFFFFFFFFFFFFFFFFFF87
:20F9A000FFFFFFFFFFFFFFFFFFFFFFFFFFFFFFFFFFFFFFFFFFFFFFFFFFFFFFFFFFFFFFFF67
:20F9C000FFFFFFFFFFFFFFFFFFFFFFFFFFFFFFFFFFFFFFFFFFFFFFFFFFFFFFFFFFFFFFFF47
:20F9E000FFFFFFFFFFFFFFFFFFFFFFFFFFFFFFFFFFFFFFFFFFFFFFFFFFFFFFFFFFFFFFFF27
:20FA0000FFFFFFFFFFFFFFFFFFFFFFFFFFFFFFFFFFFFFFFFFFFFFFFFFFFFFFFFFFFFFFFF06
:20FA2000FFFFFFFFFFFFFFFFFFFFFFFFFFFFFFFFFFFFFFFFFFFFFFFFFFFFFFFFFFFFFFFFE6
:20FA4000FFFFFFFFFFFFFFFFFFFFFFFFFFFFFFFFFFFFFFFFFFFFFFFFFFFFFFFFFFFFFFFFC6
:20FA6000FFFFFFFFFFFFFFFFFFFFFFFFFFFFFFFFFFFFFFFFFFFFFFFFFFFFFFFFFFFFFFFFA6
:20FA8000FFFFFFFFFFFFFFFFFFFFFFFFFFFFFFFFFFFFFFFFFFFFFFFFFFFFFFFFFFFFFFFF86
:20FAA000FFFFFFFFFFFFFFFFFFFFFFFFFFFFFFFFFFFFFFFFFFFFFFFFFFFFFFFFFFFFFFFF66
:20FAC000FFFFFFFFFFFFFFFFFFFFFFFFFFFFFFFFFFFFFFFFFFFFFFFFFFFFFFFFFFFFFFFF46
:20FAE000FFFFFFFFFFFFFFFFFFFFFFFFFFFFFFFFFFFFFFFFFFFFFFFFFFFFFFFFFFFFFFFF26
:20FB0000FFFFFFFFFFFFFFFFFFFFFFFFFFFFFFFFFFFFFFFFFFFFFFFFFFFFFFFFFFFFFFFF05
:20FB2000FFFFFFFFFFFFFFFFFFFFFFFFFFFFFFFFFFFFFFFFFFFFFFFFFFFFFFFFFFFFFFFFE5
:20FB4000FFFFFFFFFFFFFFFFFFFFFFFFFFFFFFFFFFFFFFFFFFFFFFFFFFFFFFFFFFFFFFFFC5
:20FB6000FFFFFFFFFFFFFFFFFFFFFFFFFFFFFFFFFFFFFFFFFFFFFFFFFFFFFFFFFFFFFFFFA5
:20FB8000FFFFFFFFFFFFFFFFFFFFFFFFFFFFFFFFFFFFFFFFFFFFFFFFFFFFFFFFFFFFFFFF85
:20FBA000FFFFFFFFFFFFFFFFFFFFFFFFFFFFFFFFFFFFFFFFFFFFFFFFFFFFFFFFFFFFFFFF65
:20FBC000FFFFFFFFFFFFFFFFFFFFFFFFFFFFFFFFFFFFFFFFFFFFFFFFFFFFFFFFFFFFFFFF45
:20FBE000FFFFFFFFFFFFFFFFFFFFFFFFFFFFFFFFFFFFFFFFFFFFFFFFFFFFFFFFFFFFFFFF25
:20FC0000FFFFFFFFFFFFFFFFFFFFFFFFFFFFFFFFFFFFFFFFFFFFFFFFFFFFFFFFFFFFFFFF04
:20FC2000FFFFFFFFFFFFFFFFFFFFFFFFFFFFFFFFFFFFFFFFFFFFFFFFFFFFFFFFFFFFFFFFE4
:20FC4000FFFFFFFFFFFFFFFFFFFFFFFFFFFFFFFFFFFFFFFFFFFFFFFFFFFFFFFFFFFFFFFFC4
:20FC6000FFFFFFFFFFFFFFFFFFFFFFFFFFFFFFFFFFFFFFFFFFFFFFFFFFFFFFFFFFFFFFFFA4
:20FC8000FFFFFFFFFFFFFFFFFFFFFFFFFFFFFFFFFFFFFFFFFFFFFFFFFFFFFFFFFFFFFFFF84
:20FCA000FFFFFFFFFFFFFFFFFFFFFFFFFFFFFFFFFFFFFFFFFFFFFFFFFFFFFFFFFFFFFFFF64
:20FCC000FFFFFFFFFFFFFFFFFFFFFFFFFFFFFFFFFFFFFFFFFFFFFFFFFFFFFFFFFFFFFFFF44
:20FCE000FFFFFFFFFFFFFFFFFFFFFFFFFFFFFFFFFFFFFFFFFFFFFFFFFFFFFFFFFFFFFFFF24
:20FD0000FFFFFFFFFFFFFFFFFFFFFFFFFFFFFFFFFFFFFFFFFFFFFFFFFFFFFFFFFFFFFFFF03
:20FD2000FFFFFFFFFFFFFFFFFFFFFFFFFFFFFFFFFFFFFFFFFFFFFFFFFFFFFFFFFFFFFFFFE3
:20FD4000FFFFFFFFFFFFFFFFFFFFFFFFFFFFFFFFFFFFFFFFFFFFFFFFFFFFFFFFFFFFFFFFC3
:20FD6000FFFFFFFFFFFFFFFFFFFFFFFFFFFFFFFFFFFFFFFFFFFFFFFFFFFFFFFFFFFFFFFFA3
:20FD8000FFFFFFFFFFFFFFFFFFFFFFFFFFFFFFFFFFFFFFFFFFFFFFFFFFFFFFFFFFFFFFFF83
:20FDA000FFFFFFFFFFFFFFFFFFFFFFFFFFFFFFFFFFFFFFFFFFFFFFFFFFFFFFFFFFFFFFFF63
:20FDC000FFFFFFFFFFFFFFFFFFFFFFFFFFFFFFFFFFFFFFFFFFFFFFFFFFFFFFFFFFFFFFFF43
:20FDE000FFFFFFFFFFFFFFFFFFFFFFFFFFFFFFFFFFFFFFFFFFFFFFFFFFFFFFFFFFFFFFFF23
:20FE0000FFFFFFFFFFFFFFFFFFFFFFFFFFFFFFFFFFFFFFFFFFFFFFFFFFFFFFFFFFFFFFFF02
:20FE2000FFFFFFFFFFFFFFFFFFFFFFFFFFFFFFFFFFFFFFFFFFFFFFFFFFFFFFFFFFFFFFFFE2
:20FE4000FFFFFFFFFFFFFFFFFFFFFFFFFFFFFFFFFFFFFFFFFFFFFFFFFFFFFFFFFFFFFFFFC2
:20FE6000FFFFFFFFFFFFFFFFFFFFFFFFFFFFFFFFFFFFFFFFFFFFFFFFFFFFFFFFFFFFFFFFA2
:20FE8000FFFFFFFFFFFFFFFFFFFFFFFFFFFFFFFFFFFFFFFFFFFFFFFFFFFFFFFFFFFFFFFF82
:20FEA000FFFFFFFFFFFFFFFFFFFFFFFFFFFFFFFFFFFFFFFFFFFFFFFFFFFFFFFFFFFFFFFF62
:20FEC000FFFFFFFFFFFFFFFFFFFFFFFFFFFFFFFFFFFFFFFFFFFFFFFFFFFFFFFFFFFFFFFF42
:20FEE000FFFFFFFFFFFFFFFFFFFFFFFFFFFFFFFFFFFFFFFFFFFFFFFFFFFFFFFFFFFFFFFF22
:20FF0000FFFFFFFFFFFFFFFFFFFFFFFFFFFFFFFFFFFFFFFFFFFFFFFFFFFFFFFFFFFFFFFF01
:20FF2000FFFFFFFFFFFFFFFFFFFFFFFFFFFFFFFFFFFFFFFFFFFFFFFFFFFFFFFFFFFFFFFFE1
:20FF4000FFFFFFFFFFFFFFFFFFFFFFFFFFFFFFFFFFFFFFFFFFFFFFFFFFFFFFFFFFFFFFFFC1
:20FF6000FFFFFFFFFFFFFFFFFFFFFFFFFFFFFFFFFFFFFFFFFFFFFFFFFFFFFFFFFFFFFFFFA1
:20FF8000FFFFFFFFFFFFFFFFFFFFFFFFFFFFFFFFFFFFFFFFFFFFFFFFFFFFFFFFFFFFFFFF81
:20FFA000FFFFFFFFFFFFFFFFFFFFFFFFFFFFFFFFFFFFFFFFFFFFFFFFFFFFFFFFFFFFFFFF61
:20FFC000FFFFFFFFFFFFFFFFFFFFFFFFFFFFFFFFFFFFFFFFFFFFFFFFFFFFFFFFFFFFFFFF41
:20FFE000FFFFFFFFFFFFFFFFFFFFFFFFFFFFFFFFFFFFFFFFFFFFFFFFFFFFFFFFFFFFFFFF21
:020000040003F7
:20000000FFFFFFFFFFFFFFFFFFFFFFFFFFFFFFFFFFFFFFFFFFFFFFFFFFFFFFFFFFFFFFFF00
:20002000FFFFFFFFFFFFFFFFFFFFFFFFFFFFFFFFFFFFFFFFFFFFFFFFFFFFFFFFFFFFFFFFE0
:20004000FFFFFFFFFFFFFFFFFFFFFFFFFFFFFFFFFFFFFFFFFFFFFFFFFFFFFFFFFFFFFFFFC0
:20006000FFFFFFFFFFFFFFFFFFFFFFFFFFFFFFFFFFFFFFFFFFFFFFFFFFFFFFFFFFFFFFFFA0
:20008000FFFFFFFFFFFFFFFFFFFFFFFFFFFFFFFFFFFFFFFFFFFFFFFFFFFFFFFFFFFFFFFF80
:2000A000FFFFFFFFFFFFFFFFFFFFFFFFFFFFFFFFFFFFFFFFFFFFFFFFFFFFFFFFFFFFFFFF60
:2000C000FFFFFFFFFFFFFFFFFFFFFFFFFFFFFFFFFFFFFFFFFFFFFFFFFFFFFFFFFFFFFFFF40
:2000E000FFFFFFFFFFFFFFFFFFFFFFFFFFFFFFFFFFFFFFFFFFFFFFFFFFFFFFFFFFFFFFFF20
:20010000FFFFFFFFFFFFFFFFFFFFFFFFFFFFFFFFFFFFFFFFFFFFFFFFFFFFFFFFFFFFFFFFFF
:20012000FFFFFFFFFFFFFFFFFFFFFFFFFFFFFFFFFFFFFFFFFFFFFFFFFFFFFFFFFFFFFFFFDF
:20014000FFFFFFFFFFFFFFFFFFFFFFFFFFFFFFFFFFFFFFFFFFFFFFFFFFFFFFFFFFFFFFFFBF
:20016000FFFFFFFFFFFFFFFFFFFFFFFFFFFFFFFFFFFFFFFFFFFFFFFFFFFFFFFFFFFFFFFF9F
:20018000FFFFFFFFFFFFFFFFFFFFFFFFFFFFFFFFFFFFFFFFFFFFFFFFFFFFFFFFFFFFFFFF7F
:2001A000FFFFFFFFFFFFFFFFFFFFFFFFFFFFFFFFFFFFFFFFFFFFFFFFFFFFFFFFFFFFFFFF5F
:2001C000FFFFFFFFFFFFFFFFFFFFFFFFFFFFFFFFFFFFFFFFFFFFFFFFFFFFFFFFFFFFFFFF3F
:2001E000FFFFFFFFFFFFFFFFFFFFFFFFFFFFFFFFFFFFFFFFFFFFFFFFFFFFFFFFFFFFFFFF1F
:20020000FFFFFFFFFFFFFFFFFFFFFFFFFFFFFFFFFFFFFFFFFFFFFFFFFFFFFFFFFFFFFFFFFE
:20022000FFFFFFFFFFFFFFFFFFFFFFFFFFFFFFFFFFFFFFFFFFFFFFFFFFFFFFFFFFFFFFFFDE
:20024000FFFFFFFFFFFFFFFFFFFFFFFFFFFFFFFFFFFFFFFFFFFFFFFFFFFFFFFFFFFFFFFFBE
:20026000FFFFFFFFFFFFFFFFFFFFFFFFFFFFFFFFFFFFFFFFFFFFFFFFFFFFFFFFFFFFFFFF9E
:20028000FFFFFFFFFFFFFFFFFFFFFFFFFFFFFFFFFFFFFFFFFFFFFFFFFFFFFFFFFFFFFFFF7E
:2002A000FFFFFFFFFFFFFFFFFFFFFFFFFFFFFFFFFFFFFFFFFFFFFFFFFFFFFFFFFFFFFFFF5E
:2002C000FFFFFFFFFFFFFFFFFFFFFFFFFFFFFFFFFFFFFFFFFFFFFFFFFFFFFFFFFFFFFFFF3E
:2002E000FFFFFFFFFFFFFFFFFFFFFFFFFFFFFFFFFFFFFFFFFFFFFFFFFFFFFFFFFFFFFFFF1E
:20030000FFFFFFFFFFFFFFFFFFFFFFFFFFFFFFFFFFFFFFFFFFFFFFFFFFFFFFFFFFFFFFFFFD
:20032000FFFFFFFFFFFFFFFFFFFFFFFFFFFFFFFFFFFFFFFFFFFFFFFFFFFFFFFFFFFFFFFFDD
:20034000FFFFFFFFFFFFFFFFFFFFFFFFFFFFFFFFFFFFFFFFFFFFFFFFFFFFFFFFFFFFFFFFBD
:20036000FFFFFFFFFFFFFFFFFFFFFFFFFFFFFFFFFFFFFFFFFFFFFFFFFFFFFFFFFFFFFFFF9D
:20038000FFFFFFFFFFFFFFFFFFFFFFFFFFFFFFFFFFFFFFFFFFFFFFFFFFFFFFFFFFFFFFFF7D
:2003A000FFFFFFFFFFFFFFFFFFFFFFFFFFFFFFFFFFFFFFFFFFFFFFFFFFFFFFFFFFFFFFFF5D
:2003C000FFFFFFFFFFFFFFFFFFFFFFFFFFFFFFFFFFFFFFFFFFFFFFFFFFFFFFFFFFFFFFFF3D
:2003E000FFFFFFFFFFFFFFFFFFFFFFFFFFFFFFFFFFFFFFFFFFFFFFFFFFFFFFFFFFFFFFFF1D
:20040000FFFFFFFFFFFFFFFFFFFFFFFFFFFFFFFFFFFFFFFFFFFFFFFFFFFFFFFFFFFFFFFFFC
:20042000FFFFFFFFFFFFFFFFFFFFFFFFFFFFFFFFFFFFFFFFFFFFFFFFFFFFFFFFFFFFFFFFDC
:20044000FFFFFFFFFFFFFFFFFFFFFFFFFFFFFFFFFFFFFFFFFFFFFFFFFFFFFFFFFFFFFFFFBC
:20046000FFFFFFFFFFFFFFFFFFFFFFFFFFFFFFFFFFFFFFFFFFFFFFFFFFFFFFFFFFFFFFFF9C
:20048000FFFFFFFFFFFFFFFFFFFFFFFFFFFFFFFFFFFFFFFFFFFFFFFFFFFFFFFFFFFFFFFF7C
:2004A000FFFFFFFFFFFFFFFFFFFFFFFFFFFFFFFFFFFFFFFFFFFFFFFFFFFFFFFFFFFFFFFF5C
:2004C000FFFFFFFFFFFFFFFFFFFFFFFFFFFFFFFFFFFFFFFFFFFFFFFFFFFFFFFFFFFFFFFF3C
:2004E000FFFFFFFFFFFFFFFFFFFFFFFFFFFFFFFFFFFFFFFFFFFFFFFFFFFFFFFFFFFFFFFF1C
:20050000FFFFFFFFFFFFFFFFFFFFFFFFFFFFFFFFFFFFFFFFFFFFFFFFFFFFFFFFFFFFFFFFFB
:20052000FFFFFFFFFFFFFFFFFFFFFFFFFFFFFFFFFFFFFFFFFFFFFFFFFFFFFFFFFFFFFFFFDB
:20054000FFFFFFFFFFFFFFFFFFFFFFFFFFFFFFFFFFFFFFFFFFFFFFFFFFFFFFFFFFFFFFFFBB
:20056000FFFFFFFFFFFFFFFFFFFFFFFFFFFFFFFFFFFFFFFFFFFFFFFFFFFFFFFFFFFFFFFF9B
:20058000FFFFFFFFFFFFFFFFFFFFFFFFFFFFFFFFFFFFFFFFFFFFFFFFFFFFFFFFFFFFFFFF7B
:2005A000FFFFFFFFFFFFFFFFFFFFFFFFFFFFFFFFFFFFFFFFFFFFFFFFFFFFFFFFFFFFFFFF5B
:2005C000FFFFFFFFFFFFFFFFFFFFFFFFFFFFFFFFFFFFFFFFFFFFFFFFFFFFFFFFFFFFFFFF3B
:2005E000FFFFFFFFFFFFFFFFFFFFFFFFFFFFFFFFFFFFFFFFFFFFFFFFFFFFFFFFFFFFFFFF1B
:20060000FFFFFFFFFFFFFFFFFFFFFFFFFFFFFFFFFFFFFFFFFFFFFFFFFFFFFFFFFFFFFFFFFA
:20062000FFFFFFFFFFFFFFFFFFFFFFFFFFFFFFFFFFFFFFFFFFFFFFFFFFFFFFFFFFFFFFFFDA
:20064000FFFFFFFFFFFFFFFFFFFFFFFFFFFFFFFFFFFFFFFFFFFFFFFFFFFFFFFFFFFFFFFFBA
:20066000FFFFFFFFFFFFFFFFFFFFFFFFFFFFFFFFFFFFFFFFFFFFFFFFFFFFFFFFFFFFFFFF9A
:20068000FFFFFFFFFFFFFFFFFFFFFFFFFFFFFFFFFFFFFFFFFFFFFFFFFFFFFFFFFFFFFFFF7A
:2006A000FFFFFFFFFFFFFFFFFFFFFFFFFFFFFFFFFFFFFFFFFFFFFFFFFFFFFFFFFFFFFFFF5A
:2006C000FFFFFFFFFFFFFFFFFFFFFFFFFFFFFFFFFFFFFFFFFFFFFFFFFFFFFFFFFFFFFFFF3A
:2006E000FFFFFFFFFFFFFFFFFFFFFFFFFFFFFFFFFFFFFFFFFFFFFFFFFFFFFFFFFFFFFFFF1A
:20070000FFFFFFFFFFFFFFFFFFFFFFFFFFFFFFFFFFFFFFFFFFFFFFFFFFFFFFFFFFFFFFFFF9
:20072000FFFFFFFFFFFFFFFFFFFFFFFFFFFFFFFFFFFFFFFFFFFFFFFFFFFFFFFFFFFFFFFFD9
:20074000FFFFFFFFFFFFFFFFFFFFFFFFFFFFFFFFFFFFFFFFFFFFFFFFFFFFFFFFFFFFFFFFB9
:20076000FFFFFFFFFFFFFFFFFFFFFFFFFFFFFFFFFFFFFFFFFFFFFFFFFFFFFFFFFFFFFFFF99
:20078000FFFFFFFFFFFFFFFFFFFFFFFFFFFFFFFFFFFFFFFFFFFFFFFFFFFFFFFFFFFFFFFF79
:2007A000FFFFFFFFFFFFFFFFFFFFFFFFFFFFFFFFFFFFFFFFFFFFFFFFFFFFFFFFFFFFFFFF59
:2007C000FFFFFFFFFFFFFFFFFFFFFFFFFFFFFFFFFFFFFFFFFFFFFFFFFFFFFFFFFFFFFFFF39
:2007E000FFFFFFFFFFFFFFFFFFFFFFFFFFFFFFFFFFFFFFFFFFFFFFFFFFFFFFFFFFFFFFFF19
:20080000FFFFFFFFFFFFFFFFFFFFFFFFFFFFFFFFFFFFFFFFFFFFFFFFFFFFFFFFFFFFFFFFF8
:20082000FFFFFFFFFFFFFFFFFFFFFFFFFFFFFFFFFFFFFFFFFFFFFFFFFFFFFFFFFFFFFFFFD8
:20084000FFFFFFFFFFFFFFFFFFFFFFFFFFFFFFFFFFFFFFFFFFFFFFFFFFFFFFFFFFFFFFFFB8
:20086000FFFFFFFFFFFFFFFFFFFFFFFFFFFFFFFFFFFFFFFFFFFFFFFFFFFFFFFFFFFFFFFF98
:20088000FFFFFFFFFFFFFFFFFFFFFFFFFFFFFFFFFFFFFFFFFFFFFFFFFFFFFFFFFFFFFFFF78
:2008A000FFFFFFFFFFFFFFFFFFFFFFFFFFFFFFFFFFFFFFFFFFFFFFFFFFFFFFFFFFFFFFFF58
:2008C000FFFFFFFFFFFFFFFFFFFFFFFFFFFFFFFFFFFFFFFFFFFFFFFFFFFFFFFFFFFFFFFF38
:2008E000FFFFFFFFFFFFFFFFFFFFFFFFFFFFFFFFFFFFFFFFFFFFFFFFFFFFFFFFFFFFFFFF18
:20090000FFFFFFFFFFFFFFFFFFFFFFFFFFFFFFFFFFFFFFFFFFFFFFFFFFFFFFFFFFFFFFFFF7
:20092000FFFFFFFFFFFFFFFFFFFFFFFFFFFFFFFFFFFFFFFFFFFFFFFFFFFFFFFFFFFFFFFFD7
:20094000FFFFFFFFFFFFFFFFFFFFFFFFFFFFFFFFFFFFFFFFFFFFFFFFFFFFFFFFFFFFFFFFB7
:20096000FFFFFFFFFFFFFFFFFFFFFFFFFFFFFFFFFFFFFFFFFFFFFFFFFFFFFFFFFFFFFFFF97
:20098000FFFFFFFFFFFFFFFFFFFFFFFFFFFFFFFFFFFFFFFFFFFFFFFFFFFFFFFFFFFFFFFF77
:2009A000FFFFFFFFFFFFFFFFFFFFFFFFFFFFFFFFFFFFFFFFFFFFFFFFFFFFFFFFFFFFFFFF57
:2009C000FFFFFFFFFFFFFFFFFFFFFFFFFFFFFFFFFFFFFFFFFFFFFFFFFFFFFFFFFFFFFFFF37
:2009E000FFFFFFFFFFFFFFFFFFFFFFFFFFFFFFFFFFFFFFFFFFFFFFFFFFFFFFFFFFFFFFFF17
:200A0000FFFFFFFFFFFFFFFFFFFFFFFFFFFFFFFFFFFFFFFFFFFFFFFFFFFFFFFFFFFFFFFFF6
:200A2000FFFFFFFFFFFFFFFFFFFFFFFFFFFFFFFFFFFFFFFFFFFFFFFFFFFFFFFFFFFFFFFFD6
:200A4000FFFFFFFFFFFFFFFFFFFFFFFFFFFFFFFFFFFFFFFFFFFFFFFFFFFFFFFFFFFFFFFFB6
:200A6000FFFFFFFFFFFFFFFFFFFFFFFFFFFFFFFFFFFFFFFFFFFFFFFFFFFFFFFFFFFFFFFF96
:200A8000FFFFFFFFFFFFFFFFFFFFFFFFFFFFFFFFFFFFFFFFFFFFFFFFFFFFFFFFFFFFFFFF76
:200AA000FFFFFFFFFFFFFFFFFFFFFFFFFFFFFFFFFFFFFFFFFFFFFFFFFFFFFFFFFFFFFFFF56
:200AC000FFFFFFFFFFFFFFFFFFFFFFFFFFFFFFFFFFFFFFFFFFFFFFFFFFFFFFFFFFFFFFFF36
:200AE000FFFFFFFFFFFFFFFFFFFFFFFFFFFFFFFFFFFFFFFFFFFFFFFFFFFFFFFFFFFFFFFF16
:200B0000FFFFFFFFFFFFFFFFFFFFFFFFFFFFFFFFFFFFFFFFFFFFFFFFFFFFFFFFFFFFFFFFF5
:200B2000FFFFFFFFFFFFFFFFFFFFFFFFFFFFFFFFFFFFFFFFFFFFFFFFFFFFFFFFFFFFFFFFD5
:200B4000FFFFFFFFFFFFFFFFFFFFFFFFFFFFFFFFFFFFFFFFFFFFFFFFFFFFFFFFFFFFFFFFB5
:200B6000FFFFFFFFFFFFFFFFFFFFFFFFFFFFFFFFFFFFFFFFFFFFFFFFFFFFFFFFFFFFFFFF95
:200B8000FFFFFFFFFFFFFFFFFFFFFFFFFFFFFFFFFFFFFFFFFFFFFFFFFFFFFFFFFFFFFFFF75
:200BA000FFFFFFFFFFFFFFFFFFFFFFFFFFFFFFFFFFFFFFFFFFFFFFFFFFFFFFFFFFFFFFFF55
:200BC000FFFFFFFFFFFFFFFFFFFFFFFFFFFFFFFFFFFFFFFFFFFFFFFFFFFFFFFFFFFFFFFF35
:200BE000FFFFFFFFFFFFFFFFFFFFFFFFFFFFFFFFFFFFFFFFFFFFFFFFFFFFFFFFFFFFFFFF15
:200C0000FFFFFFFFFFFFFFFFFFFFFFFFFFFFFFFFFFFFFFFFFFFFFFFFFFFFFFFFFFFFFFFFF4
:200C2000FFFFFFFFFFFFFFFFFFFFFFFFFFFFFFFFFFFFFFFFFFFFFFFFFFFFFFFFFFFFFFFFD4
:200C4000FFFFFFFFFFFFFFFFFFFFFFFFFFFFFFFFFFFFFFFFFFFFFFFFFFFFFFFFFFFFFFFFB4
:200C6000FFFFFFFFFFFFFFFFFFFFFFFFFFFFFFFFFFFFFFFFFFFFFFFFFFFFFFFFFFFFFFFF94
:200C8000FFFFFFFFFFFFFFFFFFFFFFFFFFFFFFFFFFFFFFFFFFFFFFFFFFFFFFFFFFFFFFFF74
:200CA000FFFFFFFFFFFFFFFFFFFFFFFFFFFFFFFFFFFFFFFFFFFFFFFFFFFFFFFFFFFFFFFF54
:200CC000FFFFFFFFFFFFFFFFFFFFFFFFFFFFFFFFFFFFFFFFFFFFFFFFFFFFFFFFFFFFFFFF34
:200CE000FFFFFFFFFFFFFFFFFFFFFFFFFFFFFFFFFFFFFFFFFFFFFFFFFFFFFFFFFFFFFFFF14
:200D0000FFFFFFFFFFFFFFFFFFFFFFFFFFFFFFFFFFFFFFFFFFFFFFFFFFFFFFFFFFFFFFFFF3
:200D2000FFFFFFFFFFFFFFFFFFFFFFFFFFFFFFFFFFFFFFFFFFFFFFFFFFFFFFFFFFFFFFFFD3
:200D4000FFFFFFFFFFFFFFFFFFFFFFFFFFFFFFFFFFFFFFFFFFFFFFFFFFFFFFFFFFFFFFFFB3
:200D6000FFFFFFFFFFFFFFFFFFFFFFFFFFFFFFFFFFFFFFFFFFFFFFFFFFFFFFFFFFFFFFFF93
:200D8000FFFFFFFFFFFFFFFFFFFFFFFFFFFFFFFFFFFFFFFFFFFFFFFFFFFFFFFFFFFFFFFF73
:200DA000FFFFFFFFFFFFFFFFFFFFFFFFFFFFFFFFFFFFFFFFFFFFFFFFFFFFFFFFFFFFFFFF53
:200DC000FFFFFFFFFFFFFFFFFFFFFFFFFFFFFFFFFFFFFFFFFFFFFFFFFFFFFFFFFFFFFFFF33
:200DE000FFFFFFFFFFFFFFFFFFFFFFFFFFFFFFFFFFFFFFFFFFFFFFFFFFFFFFFFFFFFFFFF13
:200E0000FFFFFFFFFFFFFFFFFFFFFFFFFFFFFFFFFFFFFFFFFFFFFFFFFFFFFFFFFFFFFFFFF2
:200E2000FFFFFFFFFFFFFFFFFFFFFFFFFFFFFFFFFFFFFFFFFFFFFFFFFFFFFFFFFFFFFFFFD2
:200E4000FFFFFFFFFFFFFFFFFFFFFFFFFFFFFFFFFFFFFFFFFFFFFFFFFFFFFFFFFFFFFFFFB2
:200E6000FFFFFFFFFFFFFFFFFFFFFFFFFFFFFFFFFFFFFFFFFFFFFFFFFFFFFFFFFFFFFFFF92
:200E8000FFFFFFFFFFFFFFFFFFFFFFFFFFFFFFFFFFFFFFFFFFFFFFFFFFFFFFFFFFFFFFFF72
:200EA000FFFFFFFFFFFFFFFFFFFFFFFFFFFFFFFFFFFFFFFFFFFFFFFFFFFFFFFFFFFFFFFF52
:200EC000FFFFFFFFFFFFFFFFFFFFFFFFFFFFFFFFFFFFFFFFFFFFFFFFFFFFFFFFFFFFFFFF32
:200EE000FFFFFFFFFFFFFFFFFFFFFFFFFFFFFFFFFFFFFFFFFFFFFFFFFFFFFFFFFFFFFFFF12
:200F0000FFFFFFFFFFFFFFFFFFFFFFFFFFFFFFFFFFFFFFFFFFFFFFFFFFFFFFFFFFFFFFFFF1
:200F2000FFFFFFFFFFFFFFFFFFFFFFFFFFFFFFFFFFFFFFFFFFFFFFFFFFFFFFFFFFFFFFFFD1
:200F4000FFFFFFFFFFFFFFFFFFFFFFFFFFFFFFFFFFFFFFFFFFFFFFFFFFFFFFFFFFFFFFFFB1
:200F6000FFFFFFFFFFFFFFFFFFFFFFFFFFFFFFFFFFFFFFFFFFFFFFFFFFFFFFFFFFFFFFFF91
:200F8000FFFFFFFFFFFFFFFFFFFFFFFFFFFFFFFFFFFFFFFFFFFFFFFFFFFFFFFFFFFFFFFF71
:200FA000FFFFFFFFFFFFFFFFFFFFFFFFFFFFFFFFFFFFFFFFFFFFFFFFFFFFFFFFFFFFFFFF51
:200FC000FFFFFFFFFFFFFFFFFFFFFFFFFFFFFFFFFFFFFFFFFFFFFFFFFFFFFFFFFFFFFFFF31
:200FE000FFFFFFFFFFFFFFFFFFFFFFFFFFFFFFFFFFFFFFFFFFFFFFFFFFFFFFFFFFFFFFFF11
:20100000FFFFFFFFFFFFFFFFFFFFFFFFFFFFFFFFFFFFFFFFFFFFFFFFFFFFFFFFFFFFFFFFF0
:20102000FFFFFFFFFFFFFFFFFFFFFFFFFFFFFFFFFFFFFFFFFFFFFFFFFFFFFFFFFFFFFFFFD0
:20104000FFFFFFFFFFFFFFFFFFFFFFFFFFFFFFFFFFFFFFFFFFFFFFFFFFFFFFFFFFFFFFFFB0
:20106000FFFFFFFFFFFFFFFFFFFFFFFFFFFFFFFFFFFFFFFFFFFFFFFFFFFFFFFFFFFFFFFF90
:20108000FFFFFFFFFFFFFFFFFFFFFFFFFFFFFFFFFFFFFFFFFFFFFFFFFFFFFFFFFFFFFFFF70
:2010A000FFFFFFFFFFFFFFFFFFFFFFFFFFFFFFFFFFFFFFFFFFFFFFFFFFFFFFFFFFFFFFFF50
:2010C000FFFFFFFFFFFFFFFFFFFFFFFFFFFFFFFFFFFFFFFFFFFFFFFFFFFFFFFFFFFFFFFF30
:2010E000FFFFFFFFFFFFFFFFFFFFFFFFFFFFFFFFFFFFFFFFFFFFFFFFFFFFFFFFFFFFFFFF10
:20110000FFFFFFFFFFFFFFFFFFFFFFFFFFFFFFFFFFFFFFFFFFFFFFFFFFFFFFFFFFFFFFFFEF
:20112000FFFFFFFFFFFFFFFFFFFFFFFFFFFFFFFFFFFFFFFFFFFFFFFFFFFFFFFFFFFFFFFFCF
:20114000FFFFFFFFFFFFFFFFFFFFFFFFFFFFFFFFFFFFFFFFFFFFFFFFFFFFFFFFFFFFFFFFAF
:20116000FFFFFFFFFFFFFFFFFFFFFFFFFFFFFFFFFFFFFFFFFFFFFFFFFFFFFFFFFFFFFFFF8F
:20118000FFFFFFFFFFFFFFFFFFFFFFFFFFFFFFFFFFFFFFFFFFFFFFFFFFFFFFFFFFFFFFFF6F
:2011A000FFFFFFFFFFFFFFFFFFFFFFFFFFFFFFFFFFFFFFFFFFFFFFFFFFFFFFFFFFFFFFFF4F
:2011C000FFFFFFFFFFFFFFFFFFFFFFFFFFFFFFFFFFFFFFFFFFFFFFFFFFFFFFFFFFFFFFFF2F
:2011E000FFFFFFFFFFFFFFFFFFFFFFFFFFFFFFFFFFFFFFFFFFFFFFFFFFFFFFFFFFFFFFFF0F
:20120000FFFFFFFFFFFFFFFFFFFFFFFFFFFFFFFFFFFFFFFFFFFFFFFFFFFFFFFFFFFFFFFFEE
:20122000FFFFFFFFFFFFFFFFFFFFFFFFFFFFFFFFFFFFFFFFFFFFFFFFFFFFFFFFFFFFFFFFCE
:20124000FFFFFFFFFFFFFFFFFFFFFFFFFFFFFFFFFFFFFFFFFFFFFFFFFFFFFFFFFFFFFFFFAE
:20126000FFFFFFFFFFFFFFFFFFFFFFFFFFFFFFFFFFFFFFFFFFFFFFFFFFFFFFFFFFFFFFFF8E
:20128000FFFFFFFFFFFFFFFFFFFFFFFFFFFFFFFFFFFFFFFFFFFFFFFFFFFFFFFFFFFFFFFF6E
:2012A000FFFFFFFFFFFFFFFFFFFFFFFFFFFFFFFFFFFFFFFFFFFFFFFFFFFFFFFFFFFFFFFF4E
:2012C000FFFFFFFFFFFFFFFFFFFFFFFFFFFFFFFFFFFFFFFFFFFFFFFFFFFFFFFFFFFFFFFF2E
:2012E000FFFFFFFFFFFFFFFFFFFFFFFFFFFFFFFFFFFFFFFFFFFFFFFFFFFFFFFFFFFFFFFF0E
:20130000FFFFFFFFFFFFFFFFFFFFFFFFFFFFFFFFFFFFFFFFFFFFFFFFFFFFFFFFFFFFFFFFED
:20132000FFFFFFFFFFFFFFFFFFFFFFFFFFFFFFFFFFFFFFFFFFFFFFFFFFFFFFFFFFFFFFFFCD
:20134000FFFFFFFFFFFFFFFFFFFFFFFFFFFFFFFFFFFFFFFFFFFFFFFFFFFFFFFFFFFFFFFFAD
:20136000FFFFFFFFFFFFFFFFFFFFFFFFFFFFFFFFFFFFFFFFFFFFFFFFFFFFFFFFFFFFFFFF8D
:20138000FFFFFFFFFFFFFFFFFFFFFFFFFFFFFFFFFFFFFFFFFFFFFFFFFFFFFFFFFFFFFFFF6D
:2013A000FFFFFFFFFFFFFFFFFFFFFFFFFFFFFFFFFFFFFFFFFFFFFFFFFFFFFFFFFFFFFFFF4D
:2013C000FFFFFFFFFFFFFFFFFFFFFFFFFFFFFFFFFFFFFFFFFFFFFFFFFFFFFFFFFFFFFFFF2D
:2013E000FFFFFFFFFFFFFFFFFFFFFFFFFFFFFFFFFFFFFFFFFFFFFFFFFFFFFFFFFFFFFFFF0D
:20140000FFFFFFFFFFFFFFFFFFFFFFFFFFFFFFFFFFFFFFFFFFFFFFFFFFFFFFFFFFFFFFFFEC
:20142000FFFFFFFFFFFFFFFFFFFFFFFFFFFFFFFFFFFFFFFFFFFFFFFFFFFFFFFFFFFFFFFFCC
:20144000FFFFFFFFFFFFFFFFFFFFFFFFFFFFFFFFFFFFFFFFFFFFFFFFFFFFFFFFFFFFFFFFAC
:20146000FFFFFFFFFFFFFFFFFFFFFFFFFFFFFFFFFFFFFFFFFFFFFFFFFFFFFFFFFFFFFFFF8C
:20148000FFFFFFFFFFFFFFFFFFFFFFFFFFFFFFFFFFFFFFFFFFFFFFFFFFFFFFFFFFFFFFFF6C
:2014A000FFFFFFFFFFFFFFFFFFFFFFFFFFFFFFFFFFFFFFFFFFFFFFFFFFFFFFFFFFFFFFFF4C
:2014C000FFFFFFFFFFFFFFFFFFFFFFFFFFFFFFFFFFFFFFFFFFFFFFFFFFFFFFFFFFFFFFFF2C
:2014E000FFFFFFFFFFFFFFFFFFFFFFFFFFFFFFFFFFFFFFFFFFFFFFFFFFFFFFFFFFFFFFFF0C
:20150000FFFFFFFFFFFFFFFFFFFFFFFFFFFFFFFFFFFFFFFFFFFFFFFFFFFFFFFFFFFFFFFFEB
:20152000FFFFFFFFFFFFFFFFFFFFFFFFFFFFFFFFFFFFFFFFFFFFFFFFFFFFFFFFFFFFFFFFCB
:20154000FFFFFFFFFFFFFFFFFFFFFFFFFFFFFFFFFFFFFFFFFFFFFFFFFFFFFFFFFFFFFFFFAB
:20156000FFFFFFFFFFFFFFFFFFFFFFFFFFFFFFFFFFFFFFFFFFFFFFFFFFFFFFFFFFFFFFFF8B
:20158000FFFFFFFFFFFFFFFFFFFFFFFFFFFFFFFFFFFFFFFFFFFFFFFFFFFFFFFFFFFFFFFF6B
:2015A000FFFFFFFFFFFFFFFFFFFFFFFFFFFFFFFFFFFFFFFFFFFFFFFFFFFFFFFFFFFFFFFF4B
:2015C000FFFFFFFFFFFFFFFFFFFFFFFFFFFFFFFFFFFFFFFFFFFFFFFFFFFFFFFFFFFFFFFF2B
:2015E000FFFFFFFFFFFFFFFFFFFFFFFFFFFFFFFFFFFFFFFFFFFFFFFFFFFFFFFFFFFFFFFF0B
:20160000FFFFFFFFFFFFFFFFFFFFFFFFFFFFFFFFFFFFFFFFFFFFFFFFFFFFFFFFFFFFFFFFEA
:20162000FFFFFFFFFFFFFFFFFFFFFFFFFFFFFFFFFFFFFFFFFFFFFFFFFFFFFFFFFFFFFFFFCA
:20164000FFFFFFFFFFFFFFFFFFFFFFFFFFFFFFFFFFFFFFFFFFFFFFFFFFFFFFFFFFFFFFFFAA
:20166000FFFFFFFFFFFFFFFFFFFFFFFFFFFFFFFFFFFFFFFFFFFFFFFFFFFFFFFFFFFFFFFF8A
:20168000FFFFFFFFFFFFFFFFFFFFFFFFFFFFFFFFFFFFFFFFFFFFFFFFFFFFFFFFFFFFFFFF6A
:2016A000FFFFFFFFFFFFFFFFFFFFFFFFFFFFFFFFFFFFFFFFFFFFFFFFFFFFFFFFFFFFFFFF4A
:2016C000FFFFFFFFFFFFFFFFFFFFFFFFFFFFFFFFFFFFFFFFFFFFFFFFFFFFFFFFFFFFFFFF2A
:2016E000FFFFFFFFFFFFFFFFFFFFFFFFFFFFFFFFFFFFFFFFFFFFFFFFFFFFFFFFFFFFFFFF0A
:20170000FFFFFFFFFFFFFFFFFFFFFFFFFFFFFFFFFFFFFFFFFFFFFFFFFFFFFFFFFFFFFFFFE9
:20172000FFFFFFFFFFFFFFFFFFFFFFFFFFFFFFFFFFFFFFFFFFFFFFFFFFFFFFFFFFFFFFFFC9
:20174000FFFFFFFFFFFFFFFFFFFFFFFFFFFFFFFFFFFFFFFFFFFFFFFFFFFFFFFFFFFFFFFFA9
:20176000FFFFFFFFFFFFFFFFFFFFFFFFFFFFFFFFFFFFFFFFFFFFFFFFFFFFFFFFFFFFFFFF89
:20178000FFFFFFFFFFFFFFFFFFFFFFFFFFFFFFFFFFFFFFFFFFFFFFFFFFFFFFFFFFFFFFFF69
:2017A000FFFFFFFFFFFFFFFFFFFFFFFFFFFFFFFFFFFFFFFFFFFFFFFFFFFFFFFFFFFFFFFF49
:2017C000FFFFFFFFFFFFFFFFFFFFFFFFFFFFFFFFFFFFFFFFFFFFFFFFFFFFFFFFFFFFFFFF29
:2017E000FFFFFFFFFFFFFFFFFFFFFFFFFFFFFFFFFFFFFFFFFFFFFFFFFFFFFFFFFFFFFFFF09
:20180000FFFFFFFFFFFFFFFFFFFFFFFFFFFFFFFFFFFFFFFFFFFFFFFFFFFFFFFFFFFFFFFFE8
:20182000FFFFFFFFFFFFFFFFFFFFFFFFFFFFFFFFFFFFFFFFFFFFFFFFFFFFFFFFFFFFFFFFC8
:20184000FFFFFFFFFFFFFFFFFFFFFFFFFFFFFFFFFFFFFFFFFFFFFFFFFFFFFFFFFFFFFFFFA8
:20186000FFFFFFFFFFFFFFFFFFFFFFFFFFFFFFFFFFFFFFFFFFFFFFFFFFFFFFFFFFFFFFFF88
:20188000FFFFFFFFFFFFFFFFFFFFFFFFFFFFFFFFFFFFFFFFFFFFFFFFFFFFFFFFFFFFFFFF68
:2018A000FFFFFFFFFFFFFFFFFFFFFFFFFFFFFFFFFFFFFFFFFFFFFFFFFFFFFFFFFFFFFFFF48
:2018C000FFFFFFFFFFFFFFFFFFFFFFFFFFFFFFFFFFFFFFFFFFFFFFFFFFFFFFFFFFFFFFFF28
:2018E000FFFFFFFFFFFFFFFFFFFFFFFFFFFFFFFFFFFFFFFFFFFFFFFFFFFFFFFFFFFFFFFF08
:20190000FFFFFFFFFFFFFFFFFFFFFFFFFFFFFFFFFFFFFFFFFFFFFFFFFFFFFFFFFFFFFFFFE7
:20192000FFFFFFFFFFFFFFFFFFFFFFFFFFFFFFFFFFFFFFFFFFFFFFFFFFFFFFFFFFFFFFFFC7
:20194000FFFFFFFFFFFFFFFFFFFFFFFFFFFFFFFFFFFFFFFFFFFFFFFFFFFFFFFFFFFFFFFFA7
:20196000FFFFFFFFFFFFFFFFFFFFFFFFFFFFFFFFFFFFFFFFFFFFFFFFFFFFFFFFFFFFFFFF87
:20198000FFFFFFFFFFFFFFFFFFFFFFFFFFFFFFFFFFFFFFFFFFFFFFFFFFFFFFFFFFFFFFFF67
:2019A000FFFFFFFFFFFFFFFFFFFFFFFFFFFFFFFFFFFFFFFFFFFFFFFFFFFFFFFFFFFFFFFF47
:2019C000FFFFFFFFFFFFFFFFFFFFFFFFFFFFFFFFFFFFFFFFFFFFFFFFFFFFFFFFFFFFFFFF27
:2019E000FFFFFFFFFFFFFFFFFFFFFFFFFFFFFFFFFFFFFFFFFFFFFFFFFFFFFFFFFFFFFFFF07
:201A0000FFFFFFFFFFFFFFFFFFFFFFFFFFFFFFFFFFFFFFFFFFFFFFFFFFFFFFFFFFFFFFFFE6
:201A2000FFFFFFFFFFFFFFFFFFFFFFFFFFFFFFFFFFFFFFFFFFFFFFFFFFFFFFFFFFFFFFFFC6
:201A4000FFFFFFFFFFFFFFFFFFFFFFFFFFFFFFFFFFFFFFFFFFFFFFFFFFFFFFFFFFFFFFFFA6
:201A6000FFFFFFFFFFFFFFFFFFFFFFFFFFFFFFFFFFFFFFFFFFFFFFFFFFFFFFFFFFFFFFFF86
:201A8000FFFFFFFFFFFFFFFFFFFFFFFFFFFFFFFFFFFFFFFFFFFFFFFFFFFFFFFFFFFFFFFF66
:201AA000FFFFFFFFFFFFFFFFFFFFFFFFFFFFFFFFFFFFFFFFFFFFFFFFFFFFFFFFFFFFFFFF46
:201AC000FFFFFFFFFFFFFFFFFFFFFFFFFFFFFFFFFFFFFFFFFFFFFFFFFFFFFFFFFFFFFFFF26
:201AE000FFFFFFFFFFFFFFFFFFFFFFFFFFFFFFFFFFFFFFFFFFFFFFFFFFFFFFFFFFFFFFFF06
:201B0000FFFFFFFFFFFFFFFFFFFFFFFFFFFFFFFFFFFFFFFFFFFFFFFFFFFFFFFFFFFFFFFFE5
:201B2000FFFFFFFFFFFFFFFFFFFFFFFFFFFFFFFFFFFFFFFFFFFFFFFFFFFFFFFFFFFFFFFFC5
:201B4000FFFFFFFFFFFFFFFFFFFFFFFFFFFFFFFFFFFFFFFFFFFFFFFFFFFFFFFFFFFFFFFFA5
:201B6000FFFFFFFFFFFFFFFFFFFFFFFFFFFFFFFFFFFFFFFFFFFFFFFFFFFFFFFFFFFFFFFF85
:201B8000FFFFFFFFFFFFFFFFFFFFFFFFFFFFFFFFFFFFFFFFFFFFFFFFFFFFFFFFFFFFFFFF65
:201BA000FFFFFFFFFFFFFFFFFFFFFFFFFFFFFFFFFFFFFFFFFFFFFFFFFFFFFFFFFFFFFFFF45
:201BC000FFFFFFFFFFFFFFFFFFFFFFFFFFFFFFFFFFFFFFFFFFFFFFFFFFFFFFFFFFFFFFFF25
:201BE000FFFFFFFFFFFFFFFFFFFFFFFFFFFFFFFFFFFFFFFFFFFFFFFFFFFFFFFFFFFFFFFF05
:201C0000FFFFFFFFFFFFFFFFFFFFFFFFFFFFFFFFFFFFFFFFFFFFFFFFFFFFFFFFFFFFFFFFE4
:201C2000FFFFFFFFFFFFFFFFFFFFFFFFFFFFFFFFFFFFFFFFFFFFFFFFFFFFFFFFFFFFFFFFC4
:201C4000FFFFFFFFFFFFFFFFFFFFFFFFFFFFFFFFFFFFFFFFFFFFFFFFFFFFFFFFFFFFFFFFA4
:201C6000FFFFFFFFFFFFFFFFFFFFFFFFFFFFFFFFFFFFFFFFFFFFFFFFFFFFFFFFFFFFFFFF84
:201C8000FFFFFFFFFFFFFFFFFFFFFFFFFFFFFFFFFFFFFFFFFFFFFFFFFFFFFFFFFFFFFFFF64
:201CA000FFFFFFFFFFFFFFFFFFFFFFFFFFFFFFFFFFFFFFFFFFFFFFFFFFFFFFFFFFFFFFFF44
:201CC000FFFFFFFFFFFFFFFFFFFFFFFFFFFFFFFFFFFFFFFFFFFFFFFFFFFFFFFFFFFFFFFF24
:201CE000FFFFFFFFFFFFFFFFFFFFFFFFFFFFFFFFFFFFFFFFFFFFFFFFFFFFFFFFFFFFFFFF04
:201D0000FFFFFFFFFFFFFFFFFFFFFFFFFFFFFFFFFFFFFFFFFFFFFFFFFFFFFFFFFFFFFFFFE3
:201D2000FFFFFFFFFFFFFFFFFFFFFFFFFFFFFFFFFFFFFFFFFFFFFFFFFFFFFFFFFFFFFFFFC3
:201D4000FFFFFFFFFFFFFFFFFFFFFFFFFFFFFFFFFFFFFFFFFFFFFFFFFFFFFFFFFFFFFFFFA3
:201D6000FFFFFFFFFFFFFFFFFFFFFFFFFFFFFFFFFFFFFFFFFFFFFFFFFFFFFFFFFFFFFFFF83
:201D8000FFFFFFFFFFFFFFFFFFFFFFFFFFFFFFFFFFFFFFFFFFFFFFFFFFFFFFFFFFFFFFFF63
:201DA000FFFFFFFFFFFFFFFFFFFFFFFFFFFFFFFFFFFFFFFFFFFFFFFFFFFFFFFFFFFFFFFF43
:201DC000FFFFFFFFFFFFFFFFFFFFFFFFFFFFFFFFFFFFFFFFFFFFFFFFFFFFFFFFFFFFFFFF23
:201DE000FFFFFFFFFFFFFFFFFFFFFFFFFFFFFFFFFFFFFFFFFFFFFFFFFFFFFFFFFFFFFFFF03
:201E0000FFFFFFFFFFFFFFFFFFFFFFFFFFFFFFFFFFFFFFFFFFFFFFFFFFFFFFFFFFFFFFFFE2
:201E2000FFFFFFFFFFFFFFFFFFFFFFFFFFFFFFFFFFFFFFFFFFFFFFFFFFFFFFFFFFFFFFFFC2
:201E4000FFFFFFFFFFFFFFFFFFFFFFFFFFFFFFFFFFFFFFFFFFFFFFFFFFFFFFFFFFFFFFFFA2
:201E6000FFFFFFFFFFFFFFFFFFFFFFFFFFFFFFFFFFFFFFFFFFFFFFFFFFFFFFFFFFFFFFFF82
:201E8000FFFFFFFFFFFFFFFFFFFFFFFFFFFFFFFFFFFFFFFFFFFFFFFFFFFFFFFFFFFFFFFF62
:201EA000FFFFFFFFFFFFFFFFFFFFFFFFFFFFFFFFFFFFFFFFFFFFFFFFFFFFFFFFFFFFFFFF42
:201EC000FFFFFFFFFFFFFFFFFFFFFFFFFFFFFFFFFFFFFFFFFFFFFFFFFFFFFFFFFFFFFFFF22
:201EE000FFFFFFFFFFFFFFFFFFFFFFFFFFFFFFFFFFFFFFFFFFFFFFFFFFFFFFFFFFFFFFFF02
:201F0000FFFFFFFFFFFFFFFFFFFFFFFFFFFFFFFFFFFFFFFFFFFFFFFFFFFFFFFFFFFFFFFFE1
:201F2000FFFFFFFFFFFFFFFFFFFFFFFFFFFFFFFFFFFFFFFFFFFFFFFFFFFFFFFFFFFFFFFFC1
:201F4000FFFFFFFFFFFFFFFFFFFFFFFFFFFFFFFFFFFFFFFFFFFFFFFFFFFFFFFFFFFFFFFFA1
:201F6000FFFFFFFFFFFFFFFFFFFFFFFFFFFFFFFFFFFFFFFFFFFFFFFFFFFFFFFFFFFFFFFF81
:201F8000FFFFFFFFFFFFFFFFFFFFFFFFFFFFFFFFFFFFFFFFFFFFFFFFFFFFFFFFFFFFFFFF61
:201FA000FFFFFFFFFFFFFFFFFFFFFFFFFFFFFFFFFFFFFFFFFFFFFFFFFFFFFFFFFFFFFFFF41
:201FC000FFFFFFFFFFFFFFFFFFFFFFFFFFFFFFFFFFFFFFFFFFFFFFFFFFFFFFFFFFFFFFFF21
:201FE000FFFFFFFFFFFFFFFFFFFFFFFFFFFFFFFFFFFFFFFFFFFFFFFFFFFFFFFFFFFFFFFF01
:20200000FFFFFFFFFFFFFFFFFFFFFFFFFFFFFFFFFFFFFFFFFFFFFFFFFFFFFFFFFFFFFFFFE0
:20202000FFFFFFFFFFFFFFFFFFFFFFFFFFFFFFFFFFFFFFFFFFFFFFFFFFFFFFFFFFFFFFFFC0
:20204000FFFFFFFFFFFFFFFFFFFFFFFFFFFFFFFFFFFFFFFFFFFFFFFFFFFFFFFFFFFFFFFFA0
:20206000FFFFFFFFFFFFFFFFFFFFFFFFFFFFFFFFFFFFFFFFFFFFFFFFFFFFFFFFFFFFFFFF80
:20208000FFFFFFFFFFFFFFFFFFFFFFFFFFFFFFFFFFFFFFFFFFFFFFFFFFFFFFFFFFFFFFFF60
:2020A000FFFFFFFFFFFFFFFFFFFFFFFFFFFFFFFFFFFFFFFFFFFFFFFFFFFFFFFFFFFFFFFF40
:2020C000FFFFFFFFFFFFFFFFFFFFFFFFFFFFFFFFFFFFFFFFFFFFFFFFFFFFFFFFFFFFFFFF20
:2020E000FFFFFFFFFFFFFFFFFFFFFFFFFFFFFFFFFFFFFFFFFFFFFFFFFFFFFFFFFFFFFFFF00
:20210000FFFFFFFFFFFFFFFFFFFFFFFFFFFFFFFFFFFFFFFFFFFFFFFFFFFFFFFFFFFFFFFFDF
:20212000FFFFFFFFFFFFFFFFFFFFFFFFFFFFFFFFFFFFFFFFFFFFFFFFFFFFFFFFFFFFFFFFBF
:20214000FFFFFFFFFFFFFFFFFFFFFFFFFFFFFFFFFFFFFFFFFFFFFFFFFFFFFFFFFFFFFFFF9F
:20216000FFFFFFFFFFFFFFFFFFFFFFFFFFFFFFFFFFFFFFFFFFFFFFFFFFFFFFFFFFFFFFFF7F
:20218000FFFFFFFFFFFFFFFFFFFFFFFFFFFFFFFFFFFFFFFFFFFFFFFFFFFFFFFFFFFFFFFF5F
:2021A000FFFFFFFFFFFFFFFFFFFFFFFFFFFFFFFFFFFFFFFFFFFFFFFFFFFFFFFFFFFFFFFF3F
:2021C000FFFFFFFFFFFFFFFFFFFFFFFFFFFFFFFFFFFFFFFFFFFFFFFFFFFFFFFFFFFFFFFF1F
:2021E000FFFFFFFFFFFFFFFFFFFFFFFFFFFFFFFFFFFFFFFFFFFFFFFFFFFFFFFFFFFFFFFFFF
:20220000FFFFFFFFFFFFFFFFFFFFFFFFFFFFFFFFFFFFFFFFFFFFFFFFFFFFFFFFFFFFFFFFDE
:20222000FFFFFFFFFFFFFFFFFFFFFFFFFFFFFFFFFFFFFFFFFFFFFFFFFFFFFFFFFFFFFFFFBE
:20224000FFFFFFFFFFFFFFFFFFFFFFFFFFFFFFFFFFFFFFFFFFFFFFFFFFFFFFFFFFFFFFFF9E
:20226000FFFFFFFFFFFFFFFFFFFFFFFFFFFFFFFFFFFFFFFFFFFFFFFFFFFFFFFFFFFFFFFF7E
:20228000FFFFFFFFFFFFFFFFFFFFFFFFFFFFFFFFFFFFFFFFFFFFFFFFFFFFFFFFFFFFFFFF5E
:2022A000FFFFFFFFFFFFFFFFFFFFFFFFFFFFFFFFFFFFFFFFFFFFFFFFFFFFFFFFFFFFFFFF3E
:2022C000FFFFFFFFFFFFFFFFFFFFFFFFFFFFFFFFFFFFFFFFFFFFFFFFFFFFFFFFFFFFFFFF1E
:2022E000FFFFFFFFFFFFFFFFFFFFFFFFFFFFFFFFFFFFFFFFFFFFFFFFFFFFFFFFFFFFFFFFFE
:20230000FFFFFFFFFFFFFFFFFFFFFFFFFFFFFFFFFFFFFFFFFFFFFFFFFFFFFFFFFFFFFFFFDD
:20232000FFFFFFFFFFFFFFFFFFFFFFFFFFFFFFFFFFFFFFFFFFFFFFFFFFFFFFFFFFFFFFFFBD
:20234000FFFFFFFFFFFFFFFFFFFFFFFFFFFFFFFFFFFFFFFFFFFFFFFFFFFFFFFFFFFFFFFF9D
:20236000FFFFFFFFFFFFFFFFFFFFFFFFFFFFFFFFFFFFFFFFFFFFFFFFFFFFFFFFFFFFFFFF7D
:20238000FFFFFFFFFFFFFFFFFFFFFFFFFFFFFFFFFFFFFFFFFFFFFFFFFFFFFFFFFFFFFFFF5D
:2023A000FFFFFFFFFFFFFFFFFFFFFFFFFFFFFFFFFFFFFFFFFFFFFFFFFFFFFFFFFFFFFFFF3D
:2023C000FFFFFFFFFFFFFFFFFFFFFFFFFFFFFFFFFFFFFFFFFFFFFFFFFFFFFFFFFFFFFFFF1D
:2023E000FFFFFFFFFFFFFFFFFFFFFFFFFFFFFFFFFFFFFFFFFFFFFFFFFFFFFFFFFFFFFFFFFD
:20240000FFFFFFFFFFFFFFFFFFFFFFFFFFFFFFFFFFFFFFFFFFFFFFFFFFFFFFFFFFFFFFFFDC
:20242000FFFFFFFFFFFFFFFFFFFFFFFFFFFFFFFFFFFFFFFFFFFFFFFFFFFFFFFFFFFFFFFFBC
:20244000FFFFFFFFFFFFFFFFFFFFFFFFFFFFFFFFFFFFFFFFFFFFFFFFFFFFFFFFFFFFFFFF9C
:20246000FFFFFFFFFFFFFFFFFFFFFFFFFFFFFFFFFFFFFFFFFFFFFFFFFFFFFFFFFFFFFFFF7C
:20248000FFFFFFFFFFFFFFFFFFFFFFFFFFFFFFFFFFFFFFFFFFFFFFFFFFFFFFFFFFFFFFFF5C
:2024A000FFFFFFFFFFFFFFFFFFFFFFFFFFFFFFFFFFFFFFFFFFFFFFFFFFFFFFFFFFFFFFFF3C
:2024C000FFFFFFFFFFFFFFFFFFFFFFFFFFFFFFFFFFFFFFFFFFFFFFFFFFFFFFFFFFFFFFFF1C
:2024E000FFFFFFFFFFFFFFFFFFFFFFFFFFFFFFFFFFFFFFFFFFFFFFFFFFFFFFFFFFFFFFFFFC
:20250000FFFFFFFFFFFFFFFFFFFFFFFFFFFFFFFFFFFFFFFFFFFFFFFFFFFFFFFFFFFFFFFFDB
:20252000FFFFFFFFFFFFFFFFFFFFFFFFFFFFFFFFFFFFFFFFFFFFFFFFFFFFFFFFFFFFFFFFBB
:20254000FFFFFFFFFFFFFFFFFFFFFFFFFFFFFFFFFFFFFFFFFFFFFFFFFFFFFFFFFFFFFFFF9B
:20256000FFFFFFFFFFFFFFFFFFFFFFFFFFFFFFFFFFFFFFFFFFFFFFFFFFFFFFFFFFFFFFFF7B
:20258000FFFFFFFFFFFFFFFFFFFFFFFFFFFFFFFFFFFFFFFFFFFFFFFFFFFFFFFFFFFFFFFF5B
:2025A000FFFFFFFFFFFFFFFFFFFFFFFFFFFFFFFFFFFFFFFFFFFFFFFFFFFFFFFFFFFFFFFF3B
:2025C000FFFFFFFFFFFFFFFFFFFFFFFFFFFFFFFFFFFFFFFFFFFFFFFFFFFFFFFFFFFFFFFF1B
:2025E000FFFFFFFFFFFFFFFFFFFFFFFFFFFFFFFFFFFFFFFFFFFFFFFFFFFFFFFFFFFFFFFFFB
:20260000FFFFFFFFFFFFFFFFFFFFFFFFFFFFFFFFFFFFFFFFFFFFFFFFFFFFFFFFFFFFFFFFDA
:20262000FFFFFFFFFFFFFFFFFFFFFFFFFFFFFFFFFFFFFFFFFFFFFFFFFFFFFFFFFFFFFFFFBA
:20264000FFFFFFFFFFFFFFFFFFFFFFFFFFFFFFFFFFFFFFFFFFFFFFFFFFFFFFFFFFFFFFFF9A
:20266000FFFFFFFFFFFFFFFFFFFFFFFFFFFFFFFFFFFFFFFFFFFFFFFFFFFFFFFFFFFFFFFF7A
:20268000FFFFFFFFFFFFFFFFFFFFFFFFFFFFFFFFFFFFFFFFFFFFFFFFFFFFFFFFFFFFFFFF5A
:2026A000FFFFFFFFFFFFFFFFFFFFFFFFFFFFFFFFFFFFFFFFFFFFFFFFFFFFFFFFFFFFFFFF3A
:2026C000FFFFFFFFFFFFFFFFFFFFFFFFFFFFFFFFFFFFFFFFFFFFFFFFFFFFFFFFFFFFFFFF1A
:2026E000FFFFFFFFFFFFFFFFFFFFFFFFFFFFFFFFFFFFFFFFFFFFFFFFFFFFFFFFFFFFFFFFFA
:20270000FFFFFFFFFFFFFFFFFFFFFFFFFFFFFFFFFFFFFFFFFFFFFFFFFFFFFFFFFFFFFFFFD9
:20272000FFFFFFFFFFFFFFFFFFFFFFFFFFFFFFFFFFFFFFFFFFFFFFFFFFFFFFFFFFFFFFFFB9
:20274000FFFFFFFFFFFFFFFFFFFFFFFFFFFFFFFFFFFFFFFFFFFFFFFFFFFFFFFFFFFFFFFF99
:20276000FFFFFFFFFFFFFFFFFFFFFFFFFFFFFFFFFFFFFFFFFFFFFFFFFFFFFFFFFFFFFFFF79
:20278000FFFFFFFFFFFFFFFFFFFFFFFFFFFFFFFFFFFFFFFFFFFFFFFFFFFFFFFFFFFFFFFF59
:2027A000FFFFFFFFFFFFFFFFFFFFFFFFFFFFFFFFFFFFFFFFFFFFFFFFFFFFFFFFFFFFFFFF39
:2027C000FFFFFFFFFFFFFFFFFFFFFFFFFFFFFFFFFFFFFFFFFFFFFFFFFFFFFFFFFFFFFFFF19
:2027E000FFFFFFFFFFFFFFFFFFFFFFFFFFFFFFFFFFFFFFFFFFFFFFFFFFFFFFFFFFFFFFFFF9
:20280000FFFFFFFFFFFFFFFFFFFFFFFFFFFFFFFFFFFFFFFFFFFFFFFFFFFFFFFFFFFFFFFFD8
:20282000FFFFFFFFFFFFFFFFFFFFFFFFFFFFFFFFFFFFFFFFFFFFFFFFFFFFFFFFFFFFFFFFB8
:20284000FFFFFFFFFFFFFFFFFFFFFFFFFFFFFFFFFFFFFFFFFFFFFFFFFFFFFFFFFFFFFFFF98
:20286000FFFFFFFFFFFFFFFFFFFFFFFFFFFFFFFFFFFFFFFFFFFFFFFFFFFFFFFFFFFFFFFF78
:20288000FFFFFFFFFFFFFFFFFFFFFFFFFFFFFFFFFFFFFFFFFFFFFFFFFFFFFFFFFFFFFFFF58
:2028A000FFFFFFFFFFFFFFFFFFFFFFFFFFFFFFFFFFFFFFFFFFFFFFFFFFFFFFFFFFFFFFFF38
:2028C000FFFFFFFFFFFFFFFFFFFFFFFFFFFFFFFFFFFFFFFFFFFFFFFFFFFFFFFFFFFFFFFF18
:2028E000FFFFFFFFFFFFFFFFFFFFFFFFFFFFFFFFFFFFFFFFFFFFFFFFFFFFFFFFFFFFFFFFF8
:20290000FFFFFFFFFFFFFFFFFFFFFFFFFFFFFFFFFFFFFFFFFFFFFFFFFFFFFFFFFFFFFFFFD7
:20292000FFFFFFFFFFFFFFFFFFFFFFFFFFFFFFFFFFFFFFFFFFFFFFFFFFFFFFFFFFFFFFFFB7
:20294000FFFFFFFFFFFFFFFFFFFFFFFFFFFFFFFFFFFFFFFFFFFFFFFFFFFFFFFFFFFFFFFF97
:20296000FFFFFFFFFFFFFFFFFFFFFFFFFFFFFFFFFFFFFFFFFFFFFFFFFFFFFFFFFFFFFFFF77
:20298000FFFFFFFFFFFFFFFFFFFFFFFFFFFFFFFFFFFFFFFFFFFFFFFFFFFFFFFFFFFFFFFF57
:2029A000FFFFFFFFFFFFFFFFFFFFFFFFFFFFFFFFFFFFFFFFFFFFFFFFFFFFFFFFFFFFFFFF37
:2029C000FFFFFFFFFFFFFFFFFFFFFFFFFFFFFFFFFFFFFFFFFFFFFFFFFFFFFFFFFFFFFFFF17
:2029E000FFFFFFFFFFFFFFFFFFFFFFFFFFFFFFFFFFFFFFFFFFFFFFFFFFFFFFFFFFFFFFFFF7
:202A0000FFFFFFFFFFFFFFFFFFFFFFFFFFFFFFFFFFFFFFFFFFFFFFFFFFFFFFFFFFFFFFFFD6
:202A2000FFFFFFFFFFFFFFFFFFFFFFFFFFFFFFFFFFFFFFFFFFFFFFFFFFFFFFFFFFFFFFFFB6
:202A4000FFFFFFFFFFFFFFFFFFFFFFFFFFFFFFFFFFFFFFFFFFFFFFFFFFFFFFFFFFFFFFFF96
:202A6000FFFFFFFFFFFFFFFFFFFFFFFFFFFFFFFFFFFFFFFFFFFFFFFFFFFFFFFFFFFFFFFF76
:202A8000FFFFFFFFFFFFFFFFFFFFFFFFFFFFFFFFFFFFFFFFFFFFFFFFFFFFFFFFFFFFFFFF56
:202AA000FFFFFFFFFFFFFFFFFFFFFFFFFFFFFFFFFFFFFFFFFFFFFFFFFFFFFFFFFFFFFFFF36
:202AC000FFFFFFFFFFFFFFFFFFFFFFFFFFFFFFFFFFFFFFFFFFFFFFFFFFFFFFFFFFFFFFFF16
:202AE000FFFFFFFFFFFFFFFFFFFFFFFFFFFFFFFFFFFFFFFFFFFFFFFFFFFFFFFFFFFFFFFFF6
:202B0000FFFFFFFFFFFFFFFFFFFFFFFFFFFFFFFFFFFFFFFFFFFFFFFFFFFFFFFFFFFFFFFFD5
:202B2000FFFFFFFFFFFFFFFFFFFFFFFFFFFFFFFFFFFFFFFFFFFFFFFFFFFFFFFFFFFFFFFFB5
:202B4000FFFFFFFFFFFFFFFFFFFFFFFFFFFFFFFFFFFFFFFFFFFFFFFFFFFFFFFFFFFFFFFF95
:202B6000FFFFFFFFFFFFFFFFFFFFFFFFFFFFFFFFFFFFFFFFFFFFFFFFFFFFFFFFFFFFFFFF75
:202B8000FFFFFFFFFFFFFFFFFFFFFFFFFFFFFFFFFFFFFFFFFFFFFFFFFFFFFFFFFFFFFFFF55
:202BA000FFFFFFFFFFFFFFFFFFFFFFFFFFFFFFFFFFFFFFFFFFFFFFFFFFFFFFFFFFFFFFFF35
:202BC000FFFFFFFFFFFFFFFFFFFFFFFFFFFFFFFFFFFFFFFFFFFFFFFFFFFFFFFFFFFFFFFF15
:202BE000FFFFFFFFFFFFFFFFFFFFFFFFFFFFFFFFFFFFFFFFFFFFFFFFFFFFFFFFFFFFFFFFF5
:202C0000FFFFFFFFFFFFFFFFFFFFFFFFFFFFFFFFFFFFFFFFFFFFFFFFFFFFFFFFFFFFFFFFD4
:202C2000FFFFFFFFFFFFFFFFFFFFFFFFFFFFFFFFFFFFFFFFFFFFFFFFFFFFFFFFFFFFFFFFB4
:202C4000FFFFFFFFFFFFFFFFFFFFFFFFFFFFFFFFFFFFFFFFFFFFFFFFFFFFFFFFFFFFFFFF94
:202C6000FFFFFFFFFFFFFFFFFFFFFFFFFFFFFFFFFFFFFFFFFFFFFFFFFFFFFFFFFFFFFFFF74
:202C8000FFFFFFFFFFFFFFFFFFFFFFFFFFFFFFFFFFFFFFFFFFFFFFFFFFFFFFFFFFFFFFFF54
:202CA000FFFFFFFFFFFFFFFFFFFFFFFFFFFFFFFFFFFFFFFFFFFFFFFFFFFFFFFFFFFFFFFF34
:202CC000FFFFFFFFFFFFFFFFFFFFFFFFFFFFFFFFFFFFFFFFFFFFFFFFFFFFFFFFFFFFFFFF14
:202CE000FFFFFFFFFFFFFFFFFFFFFFFFFFFFFFFFFFFFFFFFFFFFFFFFFFFFFFFFFFFFFFFFF4
:202D0000FFFFFFFFFFFFFFFFFFFFFFFFFFFFFFFFFFFFFFFFFFFFFFFFFFFFFFFFFFFFFFFFD3
:202D2000FFFFFFFFFFFFFFFFFFFFFFFFFFFFFFFFFFFFFFFFFFFFFFFFFFFFFFFFFFFFFFFFB3
:202D4000FFFFFFFFFFFFFFFFFFFFFFFFFFFFFFFFFFFFFFFFFFFFFFFFFFFFFFFFFFFFFFFF93
:202D6000FFFFFFFFFFFFFFFFFFFFFFFFFFFFFFFFFFFFFFFFFFFFFFFFFFFFFFFFFFFFFFFF73
:202D8000FFFFFFFFFFFFFFFFFFFFFFFFFFFFFFFFFFFFFFFFFFFFFFFFFFFFFFFFFFFFFFFF53
:202DA000FFFFFFFFFFFFFFFFFFFFFFFFFFFFFFFFFFFFFFFFFFFFFFFFFFFFFFFFFFFFFFFF33
:202DC000FFFFFFFFFFFFFFFFFFFFFFFFFFFFFFFFFFFFFFFFFFFFFFFFFFFFFFFFFFFFFFFF13
:202DE000FFFFFFFFFFFFFFFFFFFFFFFFFFFFFFFFFFFFFFFFFFFFFFFFFFFFFFFFFFFFFFFFF3
:202E0000FFFFFFFFFFFFFFFFFFFFFFFFFFFFFFFFFFFFFFFFFFFFFFFFFFFFFFFFFFFFFFFFD2
:202E2000FFFFFFFFFFFFFFFFFFFFFFFFFFFFFFFFFFFFFFFFFFFFFFFFFFFFFFFFFFFFFFFFB2
:202E4000FFFFFFFFFFFFFFFFFFFFFFFFFFFFFFFFFFFFFFFFFFFFFFFFFFFFFFFFFFFFFFFF92
:202E6000FFFFFFFFFFFFFFFFFFFFFFFFFFFFFFFFFFFFFFFFFFFFFFFFFFFFFFFFFFFFFFFF72
:202E8000FFFFFFFFFFFFFFFFFFFFFFFFFFFFFFFFFFFFFFFFFFFFFFFFFFFFFFFFFFFFFFFF52
:202EA000FFFFFFFFFFFFFFFFFFFFFFFFFFFFFFFFFFFFFFFFFFFFFFFFFFFFFFFFFFFFFFFF32
:202EC000FFFFFFFFFFFFFFFFFFFFFFFFFFFFFFFFFFFFFFFFFFFFFFFFFFFFFFFFFFFFFFFF12
:202EE000FFFFFFFFFFFFFFFFFFFFFFFFFFFFFFFFFFFFFFFFFFFFFFFFFFFFFFFFFFFFFFFFF2
:202F0000FFFFFFFFFFFFFFFFFFFFFFFFFFFFFFFFFFFFFFFFFFFFFFFFFFFFFFFFFFFFFFFFD1
:202F2000FFFFFFFFFFFFFFFFFFFFFFFFFFFFFFFFFFFFFFFFFFFFFFFFFFFFFFFFFFFFFFFFB1
:202F4000FFFFFFFFFFFFFFFFFFFFFFFFFFFFFFFFFFFFFFFFFFFFFFFFFFFFFFFFFFFFFFFF91
:202F6000FFFFFFFFFFFFFFFFFFFFFFFFFFFFFFFFFFFFFFFFFFFFFFFFFFFFFFFFFFFFFFFF71
:202F8000FFFFFFFFFFFFFFFFFFFFFFFFFFFFFFFFFFFFFFFFFFFFFFFFFFFFFFFFFFFFFFFF51
:202FA000FFFFFFFFFFFFFFFFFFFFFFFFFFFFFFFFFFFFFFFFFFFFFFFFFFFFFFFFFFFFFFFF31
:202FC000FFFFFFFFFFFFFFFFFFFFFFFFFFFFFFFFFFFFFFFFFFFFFFFFFFFFFFFFFFFFFFFF11
:202FE000FFFFFFFFFFFFFFFFFFFFFFFFFFFFFFFFFFFFFFFFFFFFFFFFFFFFFFFFFFFFFFFFF1
:20300000FFFFFFFFFFFFFFFFFFFFFFFFFFFFFFFFFFFFFFFFFFFFFFFFFFFFFFFFFFFFFFFFD0
:20302000FFFFFFFFFFFFFFFFFFFFFFFFFFFFFFFFFFFFFFFFFFFFFFFFFFFFFFFFFFFFFFFFB0
:20304000FFFFFFFFFFFFFFFFFFFFFFFFFFFFFFFFFFFFFFFFFFFFFFFFFFFFFFFFFFFFFFFF90
:20306000FFFFFFFFFFFFFFFFFFFFFFFFFFFFFFFFFFFFFFFFFFFFFFFFFFFFFFFFFFFFFFFF70
:20308000FFFFFFFFFFFFFFFFFFFFFFFFFFFFFFFFFFFFFFFFFFFFFFFFFFFFFFFFFFFFFFFF50
:2030A000FFFFFFFFFFFFFFFFFFFFFFFFFFFFFFFFFFFFFFFFFFFFFFFFFFFFFFFFFFFFFFFF30
:2030C000FFFFFFFFFFFFFFFFFFFFFFFFFFFFFFFFFFFFFFFFFFFFFFFFFFFFFFFFFFFFFFFF10
:2030E000FFFFFFFFFFFFFFFFFFFFFFFFFFFFFFFFFFFFFFFFFFFFFFFFFFFFFFFFFFFFFFFFF0
:20310000FFFFFFFFFFFFFFFFFFFFFFFFFFFFFFFFFFFFFFFFFFFFFFFFFFFFFFFFFFFFFFFFCF
:20312000FFFFFFFFFFFFFFFFFFFFFFFFFFFFFFFFFFFFFFFFFFFFFFFFFFFFFFFFFFFFFFFFAF
:20314000FFFFFFFFFFFFFFFFFFFFFFFFFFFFFFFFFFFFFFFFFFFFFFFFFFFFFFFFFFFFFFFF8F
:20316000FFFFFFFFFFFFFFFFFFFFFFFFFFFFFFFFFFFFFFFFFFFFFFFFFFFFFFFFFFFFFFFF6F
:20318000FFFFFFFFFFFFFFFFFFFFFFFFFFFFFFFFFFFFFFFFFFFFFFFFFFFFFFFFFFFFFFFF4F
:2031A000FFFFFFFFFFFFFFFFFFFFFFFFFFFFFFFFFFFFFFFFFFFFFFFFFFFFFFFFFFFFFFFF2F
:2031C000FFFFFFFFFFFFFFFFFFFFFFFFFFFFFFFFFFFFFFFFFFFFFFFFFFFFFFFFFFFFFFFF0F
:2031E000FFFFFFFFFFFFFFFFFFFFFFFFFFFFFFFFFFFFFFFFFFFFFFFFFFFFFFFFFFFFFFFFEF
:20320000FFFFFFFFFFFFFFFFFFFFFFFFFFFFFFFFFFFFFFFFFFFFFFFFFFFFFFFFFFFFFFFFCE
:20322000FFFFFFFFFFFFFFFFFFFFFFFFFFFFFFFFFFFFFFFFFFFFFFFFFFFFFFFFFFFFFFFFAE
:20324000FFFFFFFFFFFFFFFFFFFFFFFFFFFFFFFFFFFFFFFFFFFFFFFFFFFFFFFFFFFFFFFF8E
:20326000FFFFFFFFFFFFFFFFFFFFFFFFFFFFFFFFFFFFFFFFFFFFFFFFFFFFFFFFFFFFFFFF6E
:20328000FFFFFFFFFFFFFFFFFFFFFFFFFFFFFFFFFFFFFFFFFFFFFFFFFFFFFFFFFFFFFFFF4E
:2032A000FFFFFFFFFFFFFFFFFFFFFFFFFFFFFFFFFFFFFFFFFFFFFFFFFFFFFFFFFFFFFFFF2E
:2032C000FFFFFFFFFFFFFFFFFFFFFFFFFFFFFFFFFFFFFFFFFFFFFFFFFFFFFFFFFFFFFFFF0E
:2032E000FFFFFFFFFFFFFFFFFFFFFFFFFFFFFFFFFFFFFFFFFFFFFFFFFFFFFFFFFFFFFFFFEE
:20330000FFFFFFFFFFFFFFFFFFFFFFFFFFFFFFFFFFFFFFFFFFFFFFFFFFFFFFFFFFFFFFFFCD
:20332000FFFFFFFFFFFFFFFFFFFFFFFFFFFFFFFFFFFFFFFFFFFFFFFFFFFFFFFFFFFFFFFFAD
:20334000FFFFFFFFFFFFFFFFFFFFFFFFFFFFFFFFFFFFFFFFFFFFFFFFFFFFFFFFFFFFFFFF8D
:20336000FFFFFFFFFFFFFFFFFFFFFFFFFFFFFFFFFFFFFFFFFFFFFFFFFFFFFFFFFFFFFFFF6D
:20338000FFFFFFFFFFFFFFFFFFFFFFFFFFFFFFFFFFFFFFFFFFFFFFFFFFFFFFFFFFFFFFFF4D
:2033A000FFFFFFFFFFFFFFFFFFFFFFFFFFFFFFFFFFFFFFFFFFFFFFFFFFFFFFFFFFFFFFFF2D
:2033C000FFFFFFFFFFFFFFFFFFFFFFFFFFFFFFFFFFFFFFFFFFFFFFFFFFFFFFFFFFFFFFFF0D
:2033E000FFFFFFFFFFFFFFFFFFFFFFFFFFFFFFFFFFFFFFFFFFFFFFFFFFFFFFFFFFFFFFFFED
:20340000FFFFFFFFFFFFFFFFFFFFFFFFFFFFFFFFFFFFFFFFFFFFFFFFFFFFFFFFFFFFFFFFCC
:20342000FFFFFFFFFFFFFFFFFFFFFFFFFFFFFFFFFFFFFFFFFFFFFFFFFFFFFFFFFFFFFFFFAC
:20344000FFFFFFFFFFFFFFFFFFFFFFFFFFFFFFFFFFFFFFFFFFFFFFFFFFFFFFFFFFFFFFFF8C
:20346000FFFFFFFFFFFFFFFFFFFFFFFFFFFFFFFFFFFFFFFFFFFFFFFFFFFFFFFFFFFFFFFF6C
:20348000FFFFFFFFFFFFFFFFFFFFFFFFFFFFFFFFFFFFFFFFFFFFFFFFFFFFFFFFFFFFFFFF4C
:2034A000FFFFFFFFFFFFFFFFFFFFFFFFFFFFFFFFFFFFFFFFFFFFFFFFFFFFFFFFFFFFFFFF2C
:2034C000FFFFFFFFFFFFFFFFFFFFFFFFFFFFFFFFFFFFFFFFFFFFFFFFFFFFFFFFFFFFFFFF0C
:2034E000FFFFFFFFFFFFFFFFFFFFFFFFFFFFFFFFFFFFFFFFFFFFFFFFFFFFFFFFFFFFFFFFEC
:20350000FFFFFFFFFFFFFFFFFFFFFFFFFFFFFFFFFFFFFFFFFFFFFFFFFFFFFFFFFFFFFFFFCB
:20352000FFFFFFFFFFFFFFFFFFFFFFFFFFFFFFFFFFFFFFFFFFFFFFFFFFFFFFFFFFFFFFFFAB
:20354000FFFFFFFFFFFFFFFFFFFFFFFFFFFFFFFFFFFFFFFFFFFFFFFFFFFFFFFFFFFFFFFF8B
:20356000FFFFFFFFFFFFFFFFFFFFFFFFFFFFFFFFFFFFFFFFFFFFFFFFFFFFFFFFFFFFFFFF6B
:20358000FFFFFFFFFFFFFFFFFFFFFFFFFFFFFFFFFFFFFFFFFFFFFFFFFFFFFFFFFFFFFFFF4B
:2035A000FFFFFFFFFFFFFFFFFFFFFFFFFFFFFFFFFFFFFFFFFFFFFFFFFFFFFFFFFFFFFFFF2B
:2035C000FFFFFFFFFFFFFFFFFFFFFFFFFFFFFFFFFFFFFFFFFFFFFFFFFFFFFFFFFFFFFFFF0B
:2035E000FFFFFFFFFFFFFFFFFFFFFFFFFFFFFFFFFFFFFFFFFFFFFFFFFFFFFFFFFFFFFFFFEB
:20360000FFFFFFFFFFFFFFFFFFFFFFFFFFFFFFFFFFFFFFFFFFFFFFFFFFFFFFFFFFFFFFFFCA
:20362000FFFFFFFFFFFFFFFFFFFFFFFFFFFFFFFFFFFFFFFFFFFFFFFFFFFFFFFFFFFFFFFFAA
:20364000FFFFFFFFFFFFFFFFFFFFFFFFFFFFFFFFFFFFFFFFFFFFFFFFFFFFFFFFFFFFFFFF8A
:20366000FFFFFFFFFFFFFFFFFFFFFFFFFFFFFFFFFFFFFFFFFFFFFFFFFFFFFFFFFFFFFFFF6A
:20368000FFFFFFFFFFFFFFFFFFFFFFFFFFFFFFFFFFFFFFFFFFFFFFFFFFFFFFFFFFFFFFFF4A
:2036A000FFFFFFFFFFFFFFFFFFFFFFFFFFFFFFFFFFFFFFFFFFFFFFFFFFFFFFFFFFFFFFFF2A
:2036C000FFFFFFFFFFFFFFFFFFFFFFFFFFFFFFFFFFFFFFFFFFFFFFFFFFFFFFFFFFFFFFFF0A
:2036E000FFFFFFFFFFFFFFFFFFFFFFFFFFFFFFFFFFFFFFFFFFFFFFFFFFFFFFFFFFFFFFFFEA
:20370000FFFFFFFFFFFFFFFFFFFFFFFFFFFFFFFFFFFFFFFFFFFFFFFFFFFFFFFFFFFFFFFFC9
:20372000FFFFFFFFFFFFFFFFFFFFFFFFFFFFFFFFFFFFFFFFFFFFFFFFFFFFFFFFFFFFFFFFA9
:20374000FFFFFFFFFFFFFFFFFFFFFFFFFFFFFFFFFFFFFFFFFFFFFFFFFFFFFFFFFFFFFFFF89
:20376000FFFFFFFFFFFFFFFFFFFFFFFFFFFFFFFFFFFFFFFFFFFFFFFFFFFFFFFFFFFFFFFF69
:20378000FFFFFFFFFFFFFFFFFFFFFFFFFFFFFFFFFFFFFFFFFFFFFFFFFFFFFFFFFFFFFFFF49
:2037A000FFFFFFFFFFFFFFFFFFFFFFFFFFFFFFFFFFFFFFFFFFFFFFFFFFFFFFFFFFFFFFFF29
:2037C000FFFFFFFFFFFFFFFFFFFFFFFFFFFFFFFFFFFFFFFFFFFFFFFFFFFFFFFFFFFFFFFF09
:2037E000FFFFFFFFFFFFFFFFFFFFFFFFFFFFFFFFFFFFFFFFFFFFFFFFFFFFFFFFFFFFFFFFE9
:20380000FFFFFFFFFFFFFFFFFFFFFFFFFFFFFFFFFFFFFFFFFFFFFFFFFFFFFFFFFFFFFFFFC8
:20382000FFFFFFFFFFFFFFFFFFFFFFFFFFFFFFFFFFFFFFFFFFFFFFFFFFFFFFFFFFFFFFFFA8
:20384000FFFFFFFFFFFFFFFFFFFFFFFFFFFFFFFFFFFFFFFFFFFFFFFFFFFFFFFFFFFFFFFF88
:20386000FFFFFFFFFFFFFFFFFFFFFFFFFFFFFFFFFFFFFFFFFFFFFFFFFFFFFFFFFFFFFFFF68
:20388000FFFFFFFFFFFFFFFFFFFFFFFFFFFFFFFFFFFFFFFFFFFFFFFFFFFFFFFFFFFFFFFF48
:2038A000FFFFFFFFFFFFFFFFFFFFFFFFFFFFFFFFFFFFFFFFFFFFFFFFFFFFFFFFFFFFFFFF28
:2038C000FFFFFFFFFFFFFFFFFFFFFFFFFFFFFFFFFFFFFFFFFFFFFFFFFFFFFFFFFFFFFFFF08
:2038E000FFFFFFFFFFFFFFFFFFFFFFFFFFFFFFFFFFFFFFFFFFFFFFFFFFFFFFFFFFFFFFFFE8
:20390000FFFFFFFFFFFFFFFFFFFFFFFFFFFFFFFFFFFFFFFFFFFFFFFFFFFFFFFFFFFFFFFFC7
:20392000FFFFFFFFFFFFFFFFFFFFFFFFFFFFFFFFFFFFFFFFFFFFFFFFFFFFFFFFFFFFFFFFA7
:20394000FFFFFFFFFFFFFFFFFFFFFFFFFFFFFFFFFFFFFFFFFFFFFFFFFFFFFFFFFFFFFFFF87
:20396000FFFFFFFFFFFFFFFFFFFFFFFFFFFFFFFFFFFFFFFFFFFFFFFFFFFFFFFFFFFFFFFF67
:20398000FFFFFFFFFFFFFFFFFFFFFFFFFFFFFFFFFFFFFFFFFFFFFFFFFFFFFFFFFFFFFFFF47
:2039A000FFFFFFFFFFFFFFFFFFFFFFFFFFFFFFFFFFFFFFFFFFFFFFFFFFFFFFFFFFFFFFFF27
:2039C000FFFFFFFFFFFFFFFFFFFFFFFFFFFFFFFFFFFFFFFFFFFFFFFFFFFFFFFFFFFFFFFF07
:2039E000FFFFFFFFFFFFFFFFFFFFFFFFFFFFFFFFFFFFFFFFFFFFFFFFFFFFFFFFFFFFFFFFE7
:203A0000FFFFFFFFFFFFFFFFFFFFFFFFFFFFFFFFFFFFFFFFFFFFFFFFFFFFFFFFFFFFFFFFC6
:203A2000FFFFFFFFFFFFFFFFFFFFFFFFFFFFFFFFFFFFFFFFFFFFFFFFFFFFFFFFFFFFFFFFA6
:203A4000FFFFFFFFFFFFFFFFFFFFFFFFFFFFFFFFFFFFFFFFFFFFFFFFFFFFFFFFFFFFFFFF86
:203A6000FFFFFFFFFFFFFFFFFFFFFFFFFFFFFFFFFFFFFFFFFFFFFFFFFFFFFFFFFFFFFFFF66
:203A8000FFFFFFFFFFFFFFFFFFFFFFFFFFFFFFFFFFFFFFFFFFFFFFFFFFFFFFFFFFFFFFFF46
:203AA000FFFFFFFFFFFFFFFFFFFFFFFFFFFFFFFFFFFFFFFFFFFFFFFFFFFFFFFFFFFFFFFF26
:203AC000FFFFFFFFFFFFFFFFFFFFFFFFFFFFFFFFFFFFFFFFFFFFFFFFFFFFFFFFFFFFFFFF06
:203AE000FFFFFFFFFFFFFFFFFFFFFFFFFFFFFFFFFFFFFFFFFFFFFFFFFFFFFFFFFFFFFFFFE6
:203B0000FFFFFFFFFFFFFFFFFFFFFFFFFFFFFFFFFFFFFFFFFFFFFFFFFFFFFFFFFFFFFFFFC5
:203B2000FFFFFFFFFFFFFFFFFFFFFFFFFFFFFFFFFFFFFFFFFFFFFFFFFFFFFFFFFFFFFFFFA5
:203B4000FFFFFFFFFFFFFFFFFFFFFFFFFFFFFFFFFFFFFFFFFFFFFFFFFFFFFFFFFFFFFFFF85
:203B6000FFFFFFFFFFFFFFFFFFFFFFFFFFFFFFFFFFFFFFFFFFFFFFFFFFFFFFFFFFFFFFFF65
:203B8000FFFFFFFFFFFFFFFFFFFFFFFFFFFFFFFFFFFFFFFFFFFFFFFFFFFFFFFFFFFFFFFF45
:203BA000FFFFFFFFFFFFFFFFFFFFFFFFFFFFFFFFFFFFFFFFFFFFFFFFFFFFFFFFFFFFFFFF25
:203BC000FFFFFFFFFFFFFFFFFFFFFFFFFFFFFFFFFFFFFFFFFFFFFFFFFFFFFFFFFFFFFFFF05
:203BE000FFFFFFFFFFFFFFFFFFFFFFFFFFFFFFFFFFFFFFFFFFFFFFFFFFFFFFFFFFFFFFFFE5
:203C0000FFFFFFFFFFFFFFFFFFFFFFFFFFFFFFFFFFFFFFFFFFFFFFFFFFFFFFFFFFFFFFFFC4
:203C2000FFFFFFFFFFFFFFFFFFFFFFFFFFFFFFFFFFFFFFFFFFFFFFFFFFFFFFFFFFFFFFFFA4
:203C4000FFFFFFFFFFFFFFFFFFFFFFFFFFFFFFFFFFFFFFFFFFFFFFFFFFFFFFFFFFFFFFFF84
:203C6000FFFFFFFFFFFFFFFFFFFFFFFFFFFFFFFFFFFFFFFFFFFFFFFFFFFFFFFFFFFFFFFF64
:203C8000FFFFFFFFFFFFFFFFFFFFFFFFFFFFFFFFFFFFFFFFFFFFFFFFFFFFFFFFFFFFFFFF44
:203CA000FFFFFFFFFFFFFFFFFFFFFFFFFFFFFFFFFFFFFFFFFFFFFFFFFFFFFFFFFFFFFFFF24
:203CC000FFFFFFFFFFFFFFFFFFFFFFFFFFFFFFFFFFFFFFFFFFFFFFFFFFFFFFFFFFFFFFFF04
:203CE000FFFFFFFFFFFFFFFFFFFFFFFFFFFFFFFFFFFFFFFFFFFFFFFFFFFFFFFFFFFFFFFFE4
:203D0000FFFFFFFFFFFFFFFFFFFFFFFFFFFFFFFFFFFFFFFFFFFFFFFFFFFFFFFFFFFFFFFFC3
:203D2000FFFFFFFFFFFFFFFFFFFFFFFFFFFFFFFFFFFFFFFFFFFFFFFFFFFFFFFFFFFFFFFFA3
:203D4000FFFFFFFFFFFFFFFFFFFFFFFFFFFFFFFFFFFFFFFFFFFFFFFFFFFFFFFFFFFFFFFF83
:203D6000FFFFFFFFFFFFFFFFFFFFFFFFFFFFFFFFFFFFFFFFFFFFFFFFFFFFFFFFFFFFFFFF63
:203D8000FFFFFFFFFFFFFFFFFFFFFFFFFFFFFFFFFFFFFFFFFFFFFFFFFFFFFFFFFFFFFFFF43
:203DA000FFFFFFFFFFFFFFFFFFFFFFFFFFFFFFFFFFFFFFFFFFFFFFFFFFFFFFFFFFFFFFFF23
:203DC000FFFFFFFFFFFFFFFFFFFFFFFFFFFFFFFFFFFFFFFFFFFFFFFFFFFFFFFFFFFFFFFF03
:203DE000FFFFFFFFFFFFFFFFFFFFFFFFFFFFFFFFFFFFFFFFFFFFFFFFFFFFFFFFFFFFFFFFE3
:203E0000FFFFFFFFFFFFFFFFFFFFFFFFFFFFFFFFFFFFFFFFFFFFFFFFFFFFFFFFFFFFFFFFC2
:203E2000FFFFFFFFFFFFFFFFFFFFFFFFFFFFFFFFFFFFFFFFFFFFFFFFFFFFFFFFFFFFFFFFA2
:203E4000FFFFFFFFFFFFFFFFFFFFFFFFFFFFFFFFFFFFFFFFFFFFFFFFFFFFFFFFFFFFFFFF82
:203E6000FFFFFFFFFFFFFFFFFFFFFFFFFFFFFFFFFFFFFFFFFFFFFFFFFFFFFFFFFFFFFFFF62
:203E8000FFFFFFFFFFFFFFFFFFFFFFFFFFFFFFFFFFFFFFFFFFFFFFFFFFFFFFFFFFFFFFFF42
:203EA000FFFFFFFFFFFFFFFFFFFFFFFFFFFFFFFFFFFFFFFFFFFFFFFFFFFFFFFFFFFFFFFF22
:203EC000FFFFFFFFFFFFFFFFFFFFFFFFFFFFFFFFFFFFFFFFFFFFFFFFFFFFFFFFFFFFFFFF02
:203EE000FFFFFFFFFFFFFFFFFFFFFFFFFFFFFFFFFFFFFFFFFFFFFFFFFFFFFFFFFFFFFFFFE2
:203F0000FFFFFFFFFFFFFFFFFFFFFFFFFFFFFFFFFFFFFFFFFFFFFFFFFFFFFFFFFFFFFFFFC1
:203F2000FFFFFFFFFFFFFFFFFFFFFFFFFFFFFFFFFFFFFFFFFFFFFFFFFFFFFFFFFFFFFFFFA1
:203F4000FFFFFFFFFFFFFFFFFFFFFFFFFFFFFFFFFFFFFFFFFFFFFFFFFFFFFFFFFFFFFFFF81
:203F6000FFFFFFFFFFFFFFFFFFFFFFFFFFFFFFFFFFFFFFFFFFFFFFFFFFFFFFFFFFFFFFFF61
:203F8000FFFFFFFFFFFFFFFFFFFFFFFFFFFFFFFFFFFFFFFFFFFFFFFFFFFFFFFFFFFFFFFF41
:203FA000FFFFFFFFFFFFFFFFFFFFFFFFFFFFFFFFFFFFFFFFFFFFFFFFFFFFFFFFFFFFFFFF21
:203FC000FFFFFFFFFFFFFFFFFFFFFFFFFFFFFFFFFFFFFFFFFFFFFFFFFFFFFFFFFFFFFFFF01
:203FE000FFFFFFFFFFFFFFFFFFFFFFFFFFFFFFFFFFFFFFFFFFFFFFFFFFFFFFFFFFFFFFFFE1
:20400000FFFFFFFFFFFFFFFFFFFFFFFFFFFFFFFFFFFFFFFFFFFFFFFFFFFFFFFFFFFFFFFFC0
:20402000FFFFFFFFFFFFFFFFFFFFFFFFFFFFFFFFFFFFFFFFFFFFFFFFFFFFFFFFFFFFFFFFA0
:20404000FFFFFFFFFFFFFFFFFFFFFFFFFFFFFFFFFFFFFFFFFFFFFFFFFFFFFFFFFFFFFFFF80
:20406000FFFFFFFFFFFFFFFFFFFFFFFFFFFFFFFFFFFFFFFFFFFFFFFFFFFFFFFFFFFFFFFF60
:20408000FFFFFFFFFFFFFFFFFFFFFFFFFFFFFFFFFFFFFFFFFFFFFFFFFFFFFFFFFFFFFFFF40
:2040A000FFFFFFFFFFFFFFFFFFFFFFFFFFFFFFFFFFFFFFFFFFFFFFFFFFFFFFFFFFFFFFFF20
:2040C000FFFFFFFFFFFFFFFFFFFFFFFFFFFFFFFFFFFFFFFFFFFFFFFFFFFFFFFFFFFFFFFF00
:2040E000FFFFFFFFFFFFFFFFFFFFFFFFFFFFFFFFFFFFFFFFFFFFFFFFFFFFFFFFFFFFFFFFE0
:20410000FFFFFFFFFFFFFFFFFFFFFFFFFFFFFFFFFFFFFFFFFFFFFFFFFFFFFFFFFFFFFFFFBF
:20412000FFFFFFFFFFFFFFFFFFFFFFFFFFFFFFFFFFFFFFFFFFFFFFFFFFFFFFFFFFFFFFFF9F
:20414000FFFFFFFFFFFFFFFFFFFFFFFFFFFFFFFFFFFFFFFFFFFFFFFFFFFFFFFFFFFFFFFF7F
:20416000FFFFFFFFFFFFFFFFFFFFFFFFFFFFFFFFFFFFFFFFFFFFFFFFFFFFFFFFFFFFFFFF5F
:20418000FFFFFFFFFFFFFFFFFFFFFFFFFFFFFFFFFFFFFFFFFFFFFFFFFFFFFFFFFFFFFFFF3F
:2041A000FFFFFFFFFFFFFFFFFFFFFFFFFFFFFFFFFFFFFFFFFFFFFFFFFFFFFFFFFFFFFFFF1F
:2041C000FFFFFFFFFFFFFFFFFFFFFFFFFFFFFFFFFFFFFFFFFFFFFFFFFFFFFFFFFFFFFFFFFF
:2041E000FFFFFFFFFFFFFFFFFFFFFFFFFFFFFFFFFFFFFFFFFFFFFFFFFFFFFFFFFFFFFFFFDF
:20420000FFFFFFFFFFFFFFFFFFFFFFFFFFFFFFFFFFFFFFFFFFFFFFFFFFFFFFFFFFFFFFFFBE
:20422000FFFFFFFFFFFFFFFFFFFFFFFFFFFFFFFFFFFFFFFFFFFFFFFFFFFFFFFFFFFFFFFF9E
:20424000FFFFFFFFFFFFFFFFFFFFFFFFFFFFFFFFFFFFFFFFFFFFFFFFFFFFFFFFFFFFFFFF7E
:20426000FFFFFFFFFFFFFFFFFFFFFFFFFFFFFFFFFFFFFFFFFFFFFFFFFFFFFFFFFFFFFFFF5E
:20428000FFFFFFFFFFFFFFFFFFFFFFFFFFFFFFFFFFFFFFFFFFFFFFFFFFFFFFFFFFFFFFFF3E
:2042A000FFFFFFFFFFFFFFFFFFFFFFFFFFFFFFFFFFFFFFFFFFFFFFFFFFFFFFFFFFFFFFFF1E
:2042C000FFFFFFFFFFFFFFFFFFFFFFFFFFFFFFFFFFFFFFFFFFFFFFFFFFFFFFFFFFFFFFFFFE
:2042E000FFFFFFFFFFFFFFFFFFFFFFFFFFFFFFFFFFFFFFFFFFFFFFFFFFFFFFFFFFFFFFFFDE
:20430000FFFFFFFFFFFFFFFFFFFFFFFFFFFFFFFFFFFFFFFFFFFFFFFFFFFFFFFFFFFFFFFFBD
:20432000FFFFFFFFFFFFFFFFFFFFFFFFFFFFFFFFFFFFFFFFFFFFFFFFFFFFFFFFFFFFFFFF9D
:20434000FFFFFFFFFFFFFFFFFFFFFFFFFFFFFFFFFFFFFFFFFFFFFFFFFFFFFFFFFFFFFFFF7D
:20436000FFFFFFFFFFFFFFFFFFFFFFFFFFFFFFFFFFFFFFFFFFFFFFFFFFFFFFFFFFFFFFFF5D
:20438000FFFFFFFFFFFFFFFFFFFFFFFFFFFFFFFFFFFFFFFFFFFFFFFFFFFFFFFFFFFFFFFF3D
:2043A000FFFFFFFFFFFFFFFFFFFFFFFFFFFFFFFFFFFFFFFFFFFFFFFFFFFFFFFFFFFFFFFF1D
:2043C000FFFFFFFFFFFFFFFFFFFFFFFFFFFFFFFFFFFFFFFFFFFFFFFFFFFFFFFFFFFFFFFFFD
:2043E000FFFFFFFFFFFFFFFFFFFFFFFFFFFFFFFFFFFFFFFFFFFFFFFFFFFFFFFFFFFFFFFFDD
:20440000FFFFFFFFFFFFFFFFFFFFFFFFFFFFFFFFFFFFFFFFFFFFFFFFFFFFFFFFFFFFFFFFBC
:20442000FFFFFFFFFFFFFFFFFFFFFFFFFFFFFFFFFFFFFFFFFFFFFFFFFFFFFFFFFFFFFFFF9C
:20444000FFFFFFFFFFFFFFFFFFFFFFFFFFFFFFFFFFFFFFFFFFFFFFFFFFFFFFFFFFFFFFFF7C
:20446000FFFFFFFFFFFFFFFFFFFFFFFFFFFFFFFFFFFFFFFFFFFFFFFFFFFFFFFFFFFFFFFF5C
:20448000FFFFFFFFFFFFFFFFFFFFFFFFFFFFFFFFFFFFFFFFFFFFFFFFFFFFFFFFFFFFFFFF3C
:2044A000FFFFFFFFFFFFFFFFFFFFFFFFFFFFFFFFFFFFFFFFFFFFFFFFFFFFFFFFFFFFFFFF1C
:2044C000FFFFFFFFFFFFFFFFFFFFFFFFFFFFFFFFFFFFFFFFFFFFFFFFFFFFFFFFFFFFFFFFFC
:2044E000FFFFFFFFFFFFFFFFFFFFFFFFFFFFFFFFFFFFFFFFFFFFFFFFFFFFFFFFFFFFFFFFDC
:20450000FFFFFFFFFFFFFFFFFFFFFFFFFFFFFFFFFFFFFFFFFFFFFFFFFFFFFFFFFFFFFFFFBB
:20452000FFFFFFFFFFFFFFFFFFFFFFFFFFFFFFFFFFFFFFFFFFFFFFFFFFFFFFFFFFFFFFFF9B
:20454000FFFFFFFFFFFFFFFFFFFFFFFFFFFFFFFFFFFFFFFFFFFFFFFFFFFFFFFFFFFFFFFF7B
:20456000FFFFFFFFFFFFFFFFFFFFFFFFFFFFFFFFFFFFFFFFFFFFFFFFFFFFFFFFFFFFFFFF5B
:20458000FFFFFFFFFFFFFFFFFFFFFFFFFFFFFFFFFFFFFFFFFFFFFFFFFFFFFFFFFFFFFFFF3B
:2045A000FFFFFFFFFFFFFFFFFFFFFFFFFFFFFFFFFFFFFFFFFFFFFFFFFFFFFFFFFFFFFFFF1B
:2045C000FFFFFFFFFFFFFFFFFFFFFFFFFFFFFFFFFFFFFFFFFFFFFFFFFFFFFFFFFFFFFFFFFB
:2045E000FFFFFFFFFFFFFFFFFFFFFFFFFFFFFFFFFFFFFFFFFFFFFFFFFFFFFFFFFFFFFFFFDB
:20460000FFFFFFFFFFFFFFFFFFFFFFFFFFFFFFFFFFFFFFFFFFFFFFFFFFFFFFFFFFFFFFFFBA
:20462000FFFFFFFFFFFFFFFFFFFFFFFFFFFFFFFFFFFFFFFFFFFFFFFFFFFFFFFFFFFFFFFF9A
:20464000FFFFFFFFFFFFFFFFFFFFFFFFFFFFFFFFFFFFFFFFFFFFFFFFFFFFFFFFFFFFFFFF7A
:20466000FFFFFFFFFFFFFFFFFFFFFFFFFFFFFFFFFFFFFFFFFFFFFFFFFFFFFFFFFFFFFFFF5A
:20468000FFFFFFFFFFFFFFFFFFFFFFFFFFFFFFFFFFFFFFFFFFFFFFFFFFFFFFFFFFFFFFFF3A
:2046A000FFFFFFFFFFFFFFFFFFFFFFFFFFFFFFFFFFFFFFFFFFFFFFFFFFFFFFFFFFFFFFFF1A
:2046C000FFFFFFFFFFFFFFFFFFFFFFFFFFFFFFFFFFFFFFFFFFFFFFFFFFFFFFFFFFFFFFFFFA
:2046E000FFFFFFFFFFFFFFFFFFFFFFFFFFFFFFFFFFFFFFFFFFFFFFFFFFFFFFFFFFFFFFFFDA
:20470000FFFFFFFFFFFFFFFFFFFFFFFFFFFFFFFFFFFFFFFFFFFFFFFFFFFFFFFFFFFFFFFFB9
:20472000FFFFFFFFFFFFFFFFFFFFFFFFFFFFFFFFFFFFFFFFFFFFFFFFFFFFFFFFFFFFFFFF99
:20474000FFFFFFFFFFFFFFFFFFFFFFFFFFFFFFFFFFFFFFFFFFFFFFFFFFFFFFFFFFFFFFFF79
:20476000FFFFFFFFFFFFFFFFFFFFFFFFFFFFFFFFFFFFFFFFFFFFFFFFFFFFFFFFFFFFFFFF59
:20478000FFFFFFFFFFFFFFFFFFFFFFFFFFFFFFFFFFFFFFFFFFFFFFFFFFFFFFFFFFFFFFFF39
:2047A000FFFFFFFFFFFFFFFFFFFFFFFFFFFFFFFFFFFFFFFFFFFFFFFFFFFFFFFFFFFFFFFF19
:2047C000FFFFFFFFFFFFFFFFFFFFFFFFFFFFFFFFFFFFFFFFFFFFFFFFFFFFFFFFFFFFFFFFF9
:2047E000FFFFFFFFFFFFFFFFFFFFFFFFFFFFFFFFFFFFFFFFFFFFFFFFFFFFFFFFFFFFFFFFD9
:20480000FFFFFFFFFFFFFFFFFFFFFFFFFFFFFFFFFFFFFFFFFFFFFFFFFFFFFFFFFFFFFFFFB8
:20482000FFFFFFFFFFFFFFFFFFFFFFFFFFFFFFFFFFFFFFFFFFFFFFFFFFFFFFFFFFFFFFFF98
:20484000FFFFFFFFFFFFFFFFFFFFFFFFFFFFFFFFFFFFFFFFFFFFFFFFFFFFFFFFFFFFFFFF78
:20486000FFFFFFFFFFFFFFFFFFFFFFFFFFFFFFFFFFFFFFFFFFFFFFFFFFFFFFFFFFFFFFFF58
:20488000FFFFFFFFFFFFFFFFFFFFFFFFFFFFFFFFFFFFFFFFFFFFFFFFFFFFFFFFFFFFFFFF38
:2048A000FFFFFFFFFFFFFFFFFFFFFFFFFFFFFFFFFFFFFFFFFFFFFFFFFFFFFFFFFFFFFFFF18
:2048C000FFFFFFFFFFFFFFFFFFFFFFFFFFFFFFFFFFFFFFFFFFFFFFFFFFFFFFFFFFFFFFFFF8
:2048E000FFFFFFFFFFFFFFFFFFFFFFFFFFFFFFFFFFFFFFFFFFFFFFFFFFFFFFFFFFFFFFFFD8
:20490000FFFFFFFFFFFFFFFFFFFFFFFFFFFFFFFFFFFFFFFFFFFFFFFFFFFFFFFFFFFFFFFFB7
:20492000FFFFFFFFFFFFFFFFFFFFFFFFFFFFFFFFFFFFFFFFFFFFFFFFFFFFFFFFFFFFFFFF97
:20494000FFFFFFFFFFFFFFFFFFFFFFFFFFFFFFFFFFFFFFFFFFFFFFFFFFFFFFFFFFFFFFFF77
:20496000FFFFFFFFFFFFFFFFFFFFFFFFFFFFFFFFFFFFFFFFFFFFFFFFFFFFFFFFFFFFFFFF57
:20498000FFFFFFFFFFFFFFFFFFFFFFFFFFFFFFFFFFFFFFFFFFFFFFFFFFFFFFFFFFFFFFFF37
:2049A000FFFFFFFFFFFFFFFFFFFFFFFFFFFFFFFFFFFFFFFFFFFFFFFFFFFFFFFFFFFFFFFF17
:2049C000FFFFFFFFFFFFFFFFFFFFFFFFFFFFFFFFFFFFFFFFFFFFFFFFFFFFFFFFFFFFFFFFF7
:2049E000FFFFFFFFFFFFFFFFFFFFFFFFFFFFFFFFFFFFFFFFFFFFFFFFFFFFFFFFFFFFFFFFD7
:204A0000FFFFFFFFFFFFFFFFFFFFFFFFFFFFFFFFFFFFFFFFFFFFFFFFFFFFFFFFFFFFFFFFB6
:204A2000FFFFFFFFFFFFFFFFFFFFFFFFFFFFFFFFFFFFFFFFFFFFFFFFFFFFFFFFFFFFFFFF96
:204A4000FFFFFFFFFFFFFFFFFFFFFFFFFFFFFFFFFFFFFFFFFFFFFFFFFFFFFFFFFFFFFFFF76
:204A6000FFFFFFFFFFFFFFFFFFFFFFFFFFFFFFFFFFFFFFFFFFFFFFFFFFFFFFFFFFFFFFFF56
:204A8000FFFFFFFFFFFFFFFFFFFFFFFFFFFFFFFFFFFFFFFFFFFFFFFFFFFFFFFFFFFFFFFF36
:204AA000FFFFFFFFFFFFFFFFFFFFFFFFFFFFFFFFFFFFFFFFFFFFFFFFFFFFFFFFFFFFFFFF16
:204AC000FFFFFFFFFFFFFFFFFFFFFFFFFFFFFFFFFFFFFFFFFFFFFFFFFFFFFFFFFFFFFFFFF6
:204AE000FFFFFFFFFFFFFFFFFFFFFFFFFFFFFFFFFFFFFFFFFFFFFFFFFFFFFFFFFFFFFFFFD6
:204B0000FFFFFFFFFFFFFFFFFFFFFFFFFFFFFFFFFFFFFFFFFFFFFFFFFFFFFFFFFFFFFFFFB5
:204B2000FFFFFFFFFFFFFFFFFFFFFFFFFFFFFFFFFFFFFFFFFFFFFFFFFFFFFFFFFFFFFFFF95
:204B4000FFFFFFFFFFFFFFFFFFFFFFFFFFFFFFFFFFFFFFFFFFFFFFFFFFFFFFFFFFFFFFFF75
:204B6000FFFFFFFFFFFFFFFFFFFFFFFFFFFFFFFFFFFFFFFFFFFFFFFFFFFFFFFFFFFFFFFF55
:204B8000FFFFFFFFFFFFFFFFFFFFFFFFFFFFFFFFFFFFFFFFFFFFFFFFFFFFFFFFFFFFFFFF35
:204BA000FFFFFFFFFFFFFFFFFFFFFFFFFFFFFFFFFFFFFFFFFFFFFFFFFFFFFFFFFFFFFFFF15
:204BC000FFFFFFFFFFFFFFFFFFFFFFFFFFFFFFFFFFFFFFFFFFFFFFFFFFFFFFFFFFFFFFFFF5
:204BE000FFFFFFFFFFFFFFFFFFFFFFFFFFFFFFFFFFFFFFFFFFFFFFFFFFFFFFFFFFFFFFFFD5
:204C0000FFFFFFFFFFFFFFFFFFFFFFFFFFFFFFFFFFFFFFFFFFFFFFFFFFFFFFFFFFFFFFFFB4
:204C2000FFFFFFFFFFFFFFFFFFFFFFFFFFFFFFFFFFFFFFFFFFFFFFFFFFFFFFFFFFFFFFFF94
:204C4000FFFFFFFFFFFFFFFFFFFFFFFFFFFFFFFFFFFFFFFFFFFFFFFFFFFFFFFFFFFFFFFF74
:204C6000FFFFFFFFFFFFFFFFFFFFFFFFFFFFFFFFFFFFFFFFFFFFFFFFFFFFFFFFFFFFFFFF54
:204C8000FFFFFFFFFFFFFFFFFFFFFFFFFFFFFFFFFFFFFFFFFFFFFFFFFFFFFFFFFFFFFFFF34
:204CA000FFFFFFFFFFFFFFFFFFFFFFFFFFFFFFFFFFFFFFFFFFFFFFFFFFFFFFFFFFFFFFFF14
:204CC000FFFFFFFFFFFFFFFFFFFFFFFFFFFFFFFFFFFFFFFFFFFFFFFFFFFFFFFFFFFFFFFFF4
:204CE000FFFFFFFFFFFFFFFFFFFFFFFFFFFFFFFFFFFFFFFFFFFFFFFFFFFFFFFFFFFFFFFFD4
:204D0000FFFFFFFFFFFFFFFFFFFFFFFFFFFFFFFFFFFFFFFFFFFFFFFFFFFFFFFFFFFFFFFFB3
:204D2000FFFFFFFFFFFFFFFFFFFFFFFFFFFFFFFFFFFFFFFFFFFFFFFFFFFFFFFFFFFFFFFF93
:204D4000FFFFFFFFFFFFFFFFFFFFFFFFFFFFFFFFFFFFFFFFFFFFFFFFFFFFFFFFFFFFFFFF73
:204D6000FFFFFFFFFFFFFFFFFFFFFFFFFFFFFFFFFFFFFFFFFFFFFFFFFFFFFFFFFFFFFFFF53
:204D8000FFFFFFFFFFFFFFFFFFFFFFFFFFFFFFFFFFFFFFFFFFFFFFFFFFFFFFFFFFFFFFFF33
:204DA000FFFFFFFFFFFFFFFFFFFFFFFFFFFFFFFFFFFFFFFFFFFFFFFFFFFFFFFFFFFFFFFF13
:204DC000FFFFFFFFFFFFFFFFFFFFFFFFFFFFFFFFFFFFFFFFFFFFFFFFFFFFFFFFFFFFFFFFF3
:204DE000FFFFFFFFFFFFFFFFFFFFFFFFFFFFFFFFFFFFFFFFFFFFFFFFFFFFFFFFFFFFFFFFD3
:204E0000FFFFFFFFFFFFFFFFFFFFFFFFFFFFFFFFFFFFFFFFFFFFFFFFFFFFFFFFFFFFFFFFB2
:204E2000FFFFFFFFFFFFFFFFFFFFFFFFFFFFFFFFFFFFFFFFFFFFFFFFFFFFFFFFFFFFFFFF92
:204E4000FFFFFFFFFFFFFFFFFFFFFFFFFFFFFFFFFFFFFFFFFFFFFFFFFFFFFFFFFFFFFFFF72
:204E6000FFFFFFFFFFFFFFFFFFFFFFFFFFFFFFFFFFFFFFFFFFFFFFFFFFFFFFFFFFFFFFFF52
:204E8000FFFFFFFFFFFFFFFFFFFFFFFFFFFFFFFFFFFFFFFFFFFFFFFFFFFFFFFFFFFFFFFF32
:204EA000FFFFFFFFFFFFFFFFFFFFFFFFFFFFFFFFFFFFFFFFFFFFFFFFFFFFFFFFFFFFFFFF12
:204EC000FFFFFFFFFFFFFFFFFFFFFFFFFFFFFFFFFFFFFFFFFFFFFFFFFFFFFFFFFFFFFFFFF2
:204EE000FFFFFFFFFFFFFFFFFFFFFFFFFFFFFFFFFFFFFFFFFFFFFFFFFFFFFFFFFFFFFFFFD2
:204F0000FFFFFFFFFFFFFFFFFFFFFFFFFFFFFFFFFFFFFFFFFFFFFFFFFFFFFFFFFFFFFFFFB1
:204F2000FFFFFFFFFFFFFFFFFFFFFFFFFFFFFFFFFFFFFFFFFFFFFFFFFFFFFFFFFFFFFFFF91
:204F4000FFFFFFFFFFFFFFFFFFFFFFFFFFFFFFFFFFFFFFFFFFFFFFFFFFFFFFFFFFFFFFFF71
:204F6000FFFFFFFFFFFFFFFFFFFFFFFFFFFFFFFFFFFFFFFFFFFFFFFFFFFFFFFFFFFFFFFF51
:204F8000FFFFFFFFFFFFFFFFFFFFFFFFFFFFFFFFFFFFFFFFFFFFFFFFFFFFFFFFFFFFFFFF31
:204FA000FFFFFFFFFFFFFFFFFFFFFFFFFFFFFFFFFFFFFFFFFFFFFFFFFFFFFFFFFFFFFFFF11
:204FC000FFFFFFFFFFFFFFFFFFFFFFFFFFFFFFFFFFFFFFFFFFFFFFFFFFFFFFFFFFFFFFFFF1
:204FE000FFFFFFFFFFFFFFFFFFFFFFFFFFFFFFFFFFFFFFFFFFFFFFFFFFFFFFFFFFFFFFFFD1
:20500000FFFFFFFFFFFFFFFFFFFFFFFFFFFFFFFFFFFFFFFFFFFFFFFFFFFFFFFFFFFFFFFFB0
:20502000FFFFFFFFFFFFFFFFFFFFFFFFFFFFFFFFFFFFFFFFFFFFFFFFFFFFFFFFFFFFFFFF90
:20504000FFFFFFFFFFFFFFFFFFFFFFFFFFFFFFFFFFFFFFFFFFFFFFFFFFFFFFFFFFFFFFFF70
:20506000FFFFFFFFFFFFFFFFFFFFFFFFFFFFFFFFFFFFFFFFFFFFFFFFFFFFFFFFFFFFFFFF50
:20508000FFFFFFFFFFFFFFFFFFFFFFFFFFFFFFFFFFFFFFFFFFFFFFFFFFFFFFFFFFFFFFFF30
:2050A000FFFFFFFFFFFFFFFFFFFFFFFFFFFFFFFFFFFFFFFFFFFFFFFFFFFFFFFFFFFFFFFF10
:2050C000FFFFFFFFFFFFFFFFFFFFFFFFFFFFFFFFFFFFFFFFFFFFFFFFFFFFFFFFFFFFFFFFF0
:2050E000FFFFFFFFFFFFFFFFFFFFFFFFFFFFFFFFFFFFFFFFFFFFFFFFFFFFFFFFFFFFFFFFD0
:20510000FFFFFFFFFFFFFFFFFFFFFFFFFFFFFFFFFFFFFFFFFFFFFFFFFFFFFFFFFFFFFFFFAF
:20512000FFFFFFFFFFFFFFFFFFFFFFFFFFFFFFFFFFFFFFFFFFFFFFFFFFFFFFFFFFFFFFFF8F
:20514000FFFFFFFFFFFFFFFFFFFFFFFFFFFFFFFFFFFFFFFFFFFFFFFFFFFFFFFFFFFFFFFF6F
:20516000FFFFFFFFFFFFFFFFFFFFFFFFFFFFFFFFFFFFFFFFFFFFFFFFFFFFFFFFFFFFFFFF4F
:20518000FFFFFFFFFFFFFFFFFFFFFFFFFFFFFFFFFFFFFFFFFFFFFFFFFFFFFFFFFFFFFFFF2F
:2051A000FFFFFFFFFFFFFFFFFFFFFFFFFFFFFFFFFFFFFFFFFFFFFFFFFFFFFFFFFFFFFFFF0F
:2051C000FFFFFFFFFFFFFFFFFFFFFFFFFFFFFFFFFFFFFFFFFFFFFFFFFFFFFFFFFFFFFFFFEF
:2051E000FFFFFFFFFFFFFFFFFFFFFFFFFFFFFFFFFFFFFFFFFFFFFFFFFFFFFFFFFFFFFFFFCF
:20520000FFFFFFFFFFFFFFFFFFFFFFFFFFFFFFFFFFFFFFFFFFFFFFFFFFFFFFFFFFFFFFFFAE
:20522000FFFFFFFFFFFFFFFFFFFFFFFFFFFFFFFFFFFFFFFFFFFFFFFFFFFFFFFFFFFFFFFF8E
:20524000FFFFFFFFFFFFFFFFFFFFFFFFFFFFFFFFFFFFFFFFFFFFFFFFFFFFFFFFFFFFFFFF6E
:20526000FFFFFFFFFFFFFFFFFFFFFFFFFFFFFFFFFFFFFFFFFFFFFFFFFFFFFFFFFFFFFFFF4E
:20528000FFFFFFFFFFFFFFFFFFFFFFFFFFFFFFFFFFFFFFFFFFFFFFFFFFFFFFFFFFFFFFFF2E
:2052A000FFFFFFFFFFFFFFFFFFFFFFFFFFFFFFFFFFFFFFFFFFFFFFFFFFFFFFFFFFFFFFFF0E
:2052C000FFFFFFFFFFFFFFFFFFFFFFFFFFFFFFFFFFFFFFFFFFFFFFFFFFFFFFFFFFFFFFFFEE
:2052E000FFFFFFFFFFFFFFFFFFFFFFFFFFFFFFFFFFFFFFFFFFFFFFFFFFFFFFFFFFFFFFFFCE
:20530000FFFFFFFFFFFFFFFFFFFFFFFFFFFFFFFFFFFFFFFFFFFFFFFFFFFFFFFFFFFFFFFFAD
:20532000FFFFFFFFFFFFFFFFFFFFFFFFFFFFFFFFFFFFFFFFFFFFFFFFFFFFFFFFFFFFFFFF8D
:20534000FFFFFFFFFFFFFFFFFFFFFFFFFFFFFFFFFFFFFFFFFFFFFFFFFFFFFFFFFFFFFFFF6D
:20536000FFFFFFFFFFFFFFFFFFFFFFFFFFFFFFFFFFFFFFFFFFFFFFFFFFFFFFFFFFFFFFFF4D
:20538000FFFFFFFFFFFFFFFFFFFFFFFFFFFFFFFFFFFFFFFFFFFFFFFFFFFFFFFFFFFFFFFF2D
:2053A000FFFFFFFFFFFFFFFFFFFFFFFFFFFFFFFFFFFFFFFFFFFFFFFFFFFFFFFFFFFFFFFF0D
:2053C000FFFFFFFFFFFFFFFFFFFFFFFFFFFFFFFFFFFFFFFFFFFFFFFFFFFFFFFFFFFFFFFFED
:2053E000FFFFFFFFFFFFFFFFFFFFFFFFFFFFFFFFFFFFFFFFFFFFFFFFFFFFFFFFFFFFFFFFCD
:20540000FFFFFFFFFFFFFFFFFFFFFFFFFFFFFFFFFFFFFFFFFFFFFFFFFFFFFFFFFFFFFFFFAC
:20542000FFFFFFFFFFFFFFFFFFFFFFFFFFFFFFFFFFFFFFFFFFFFFFFFFFFFFFFFFFFFFFFF8C
:20544000FFFFFFFFFFFFFFFFFFFFFFFFFFFFFFFFFFFFFFFFFFFFFFFFFFFFFFFFFFFFFFFF6C
:20546000FFFFFFFFFFFFFFFFFFFFFFFFFFFFFFFFFFFFFFFFFFFFFFFFFFFFFFFFFFFFFFFF4C
:20548000FFFFFFFFFFFFFFFFFFFFFFFFFFFFFFFFFFFFFFFFFFFFFFFFFFFFFFFFFFFFFFFF2C
:2054A000FFFFFFFFFFFFFFFFFFFFFFFFFFFFFFFFFFFFFFFFFFFFFFFFFFFFFFFFFFFFFFFF0C
:2054C000FFFFFFFFFFFFFFFFFFFFFFFFFFFFFFFFFFFFFFFFFFFFFFFFFFFFFFFFFFFFFFFFEC
:2054E000FFFFFFFFFFFFFFFFFFFFFFFFFFFFFFFFFFFFFFFFFFFFFFFFFFFFFFFFFFFFFFFFCC
:20550000FFFFFFFFFFFFFFFFFFFFFFFFFFFFFFFFFFFFFFFFFFFFFFFFFFFFFFFFFFFFFFFFAB
:20552000FFFFFFFFFFFFFFFFFFFFFFFFFFFFFFFFFFFFFFFFFFFFFFFFFFFFFFFFFFFFFFFF8B
:20554000FFFFFFFFFFFFFFFFFFFFFFFFFFFFFFFFFFFFFFFFFFFFFFFFFFFFFFFFFFFFFFFF6B
:20556000FFFFFFFFFFFFFFFFFFFFFFFFFFFFFFFFFFFFFFFFFFFFFFFFFFFFFFFFFFFFFFFF4B
:20558000FFFFFFFFFFFFFFFFFFFFFFFFFFFFFFFFFFFFFFFFFFFFFFFFFFFFFFFFFFFFFFFF2B
:2055A000FFFFFFFFFFFFFFFFFFFFFFFFFFFFFFFFFFFFFFFFFFFFFFFFFFFFFFFFFFFFFFFF0B
:2055C000FFFFFFFFFFFFFFFFFFFFFFFFFFFFFFFFFFFFFFFFFFFFFFFFFFFFFFFFFFFFFFFFEB
:2055E000FFFFFFFFFFFFFFFFFFFFFFFFFFFFFFFFFFFFFFFFFFFFFFFFFFFFFFFFFFFFFFFFCB
:20560000FFFFFFFFFFFFFFFFFFFFFFFFFFFFFFFFFFFFFFFFFFFFFFFFFFFFFFFFFFFFFFFFAA
:20562000FFFFFFFFFFFFFFFFFFFFFFFFFFFFFFFFFFFFFFFFFFFFFFFFFFFFFFFFFFFFFFFF8A
:20564000FFFFFFFFFFFFFFFFFFFFFFFFFFFFFFFFFFFFFFFFFFFFFFFFFFFFFFFFFFFFFFFF6A
:20566000FFFFFFFFFFFFFFFFFFFFFFFFFFFFFFFFFFFFFFFFFFFFFFFFFFFFFFFFFFFFFFFF4A
:20568000FFFFFFFFFFFFFFFFFFFFFFFFFFFFFFFFFFFFFFFFFFFFFFFFFFFFFFFFFFFFFFFF2A
:2056A000FFFFFFFFFFFFFFFFFFFFFFFFFFFFFFFFFFFFFFFFFFFFFFFFFFFFFFFFFFFFFFFF0A
:2056C000FFFFFFFFFFFFFFFFFFFFFFFFFFFFFFFFFFFFFFFFFFFFFFFFFFFFFFFFFFFFFFFFEA
:2056E000FFFFFFFFFFFFFFFFFFFFFFFFFFFFFFFFFFFFFFFFFFFFFFFFFFFFFFFFFFFFFFFFCA
:20570000FFFFFFFFFFFFFFFFFFFFFFFFFFFFFFFFFFFFFFFFFFFFFFFFFFFFFFFFFFFFFFFFA9
:20572000FFFFFFFFFFFFFFFFFFFFFFFFFFFFFFFFFFFFFFFFFFFFFFFFFFFFFFFFFFFFFFFF89
:20574000FFFFFFFFFFFFFFFFFFFFFFFFFFFFFFFFFFFFFFFFFFFFFFFFFFFFFFFFFFFFFFFF69
:20576000FFFFFFFFFFFFFFFFFFFFFFFFFFFFFFFFFFFFFFFFFFFFFFFFFFFFFFFFFFFFFFFF49
:20578000FFFFFFFFFFFFFFFFFFFFFFFFFFFFFFFFFFFFFFFFFFFFFFFFFFFFFFFFFFFFFFFF29
:2057A000FFFFFFFFFFFFFFFFFFFFFFFFFFFFFFFFFFFFFFFFFFFFFFFFFFFFFFFFFFFFFFFF09
:2057C000FFFFFFFFFFFFFFFFFFFFFFFFFFFFFFFFFFFFFFFFFFFFFFFFFFFFFFFFFFFFFFFFE9
:2057E000FFFFFFFFFFFFFFFFFFFFFFFFFFFFFFFFFFFFFFFFFFFFFFFFFFFFFFFFFFFFFFFFC9
:20580000FFFFFFFFFFFFFFFFFFFFFFFFFFFFFFFFFFFFFFFFFFFFFFFFFFFFFFFFFFFFFFFFA8
:20582000FFFFFFFFFFFFFFFFFFFFFFFFFFFFFFFFFFFFFFFFFFFFFFFFFFFFFFFFFFFFFFFF88
:20584000FFFFFFFFFFFFFFFFFFFFFFFFFFFFFFFFFFFFFFFFFFFFFFFFFFFFFFFFFFFFFFFF68
:20586000FFFFFFFFFFFFFFFFFFFFFFFFFFFFFFFFFFFFFFFFFFFFFFFFFFFFFFFFFFFFFFFF48
:20588000FFFFFFFFFFFFFFFFFFFFFFFFFFFFFFFFFFFFFFFFFFFFFFFFFFFFFFFFFFFFFFFF28
:2058A000FFFFFFFFFFFFFFFFFFFFFFFFFFFFFFFFFFFFFFFFFFFFFFFFFFFFFFFFFFFFFFFF08
:2058C000FFFFFFFFFFFFFFFFFFFFFFFFFFFFFFFFFFFFFFFFFFFFFFFFFFFFFFFFFFFFFFFFE8
:2058E000FFFFFFFFFFFFFFFFFFFFFFFFFFFFFFFFFFFFFFFFFFFFFFFFFFFFFFFFFFFFFFFFC8
:20590000FFFFFFFFFFFFFFFFFFFFFFFFFFFFFFFFFFFFFFFFFFFFFFFFFFFFFFFFFFFFFFFFA7
:20592000FFFFFFFFFFFFFFFFFFFFFFFFFFFFFFFFFFFFFFFFFFFFFFFFFFFFFFFFFFFFFFFF87
:20594000FFFFFFFFFFFFFFFFFFFFFFFFFFFFFFFFFFFFFFFFFFFFFFFFFFFFFFFFFFFFFFFF67
:20596000FFFFFFFFFFFFFFFFFFFFFFFFFFFFFFFFFFFFFFFFFFFFFFFFFFFFFFFFFFFFFFFF47
:20598000FFFFFFFFFFFFFFFFFFFFFFFFFFFFFFFFFFFFFFFFFFFFFFFFFFFFFFFFFFFFFFFF27
:2059A000FFFFFFFFFFFFFFFFFFFFFFFFFFFFFFFFFFFFFFFFFFFFFFFFFFFFFFFFFFFFFFFF07
:2059C000FFFFFFFFFFFFFFFFFFFFFFFFFFFFFFFFFFFFFFFFFFFFFFFFFFFFFFFFFFFFFFFFE7
:2059E000FFFFFFFFFFFFFFFFFFFFFFFFFFFFFFFFFFFFFFFFFFFFFFFFFFFFFFFFFFFFFFFFC7
:205A0000FFFFFFFFFFFFFFFFFFFFFFFFFFFFFFFFFFFFFFFFFFFFFFFFFFFFFFFFFFFFFFFFA6
:205A2000FFFFFFFFFFFFFFFFFFFFFFFFFFFFFFFFFFFFFFFFFFFFFFFFFFFFFFFFFFFFFFFF86
:205A4000FFFFFFFFFFFFFFFFFFFFFFFFFFFFFFFFFFFFFFFFFFFFFFFFFFFFFFFFFFFFFFFF66
:205A6000FFFFFFFFFFFFFFFFFFFFFFFFFFFFFFFFFFFFFFFFFFFFFFFFFFFFFFFFFFFFFFFF46
:205A8000FFFFFFFFFFFFFFFFFFFFFFFFFFFFFFFFFFFFFFFFFFFFFFFFFFFFFFFFFFFFFFFF26
:205AA000FFFFFFFFFFFFFFFFFFFFFFFFFFFFFFFFFFFFFFFFFFFFFFFFFFFFFFFFFFFFFFFF06
:205AC000FFFFFFFFFFFFFFFFFFFFFFFFFFFFFFFFFFFFFFFFFFFFFFFFFFFFFFFFFFFFFFFFE6
:205AE000FFFFFFFFFFFFFFFFFFFFFFFFFFFFFFFFFFFFFFFFFFFFFFFFFFFFFFFFFFFFFFFFC6
:205B0000FFFFFFFFFFFFFFFFFFFFFFFFFFFFFFFFFFFFFFFFFFFFFFFFFFFFFFFFFFFFFFFFA5
:205B2000FFFFFFFFFFFFFFFFFFFFFFFFFFFFFFFFFFFFFFFFFFFFFFFFFFFFFFFFFFFFFFFF85
:205B4000FFFFFFFFFFFFFFFFFFFFFFFFFFFFFFFFFFFFFFFFFFFFFFFFFFFFFFFFFFFFFFFF65
:205B6000FFFFFFFFFFFFFFFFFFFFFFFFFFFFFFFFFFFFFFFFFFFFFFFFFFFFFFFFFFFFFFFF45
:205B8000FFFFFFFFFFFFFFFFFFFFFFFFFFFFFFFFFFFFFFFFFFFFFFFFFFFFFFFFFFFFFFFF25
:205BA000FFFFFFFFFFFFFFFFFFFFFFFFFFFFFFFFFFFFFFFFFFFFFFFFFFFFFFFFFFFFFFFF05
:205BC000FFFFFFFFFFFFFFFFFFFFFFFFFFFFFFFFFFFFFFFFFFFFFFFFFFFFFFFFFFFFFFFFE5
:205BE000FFFFFFFFFFFFFFFFFFFFFFFFFFFFFFFFFFFFFFFFFFFFFFFFFFFFFFFFFFFFFFFFC5
:205C0000FFFFFFFFFFFFFFFFFFFFFFFFFFFFFFFFFFFFFFFFFFFFFFFFFFFFFFFFFFFFFFFFA4
:205C2000FFFFFFFFFFFFFFFFFFFFFFFFFFFFFFFFFFFFFFFFFFFFFFFFFFFFFFFFFFFFFFFF84
:205C4000FFFFFFFFFFFFFFFFFFFFFFFFFFFFFFFFFFFFFFFFFFFFFFFFFFFFFFFFFFFFFFFF64
:205C6000FFFFFFFFFFFFFFFFFFFFFFFFFFFFFFFFFFFFFFFFFFFFFFFFFFFFFFFFFFFFFFFF44
:205C8000FFFFFFFFFFFFFFFFFFFFFFFFFFFFFFFFFFFFFFFFFFFFFFFFFFFFFFFFFFFFFFFF24
:205CA000FFFFFFFFFFFFFFFFFFFFFFFFFFFFFFFFFFFFFFFFFFFFFFFFFFFFFFFFFFFFFFFF04
:205CC000FFFFFFFFFFFFFFFFFFFFFFFFFFFFFFFFFFFFFFFFFFFFFFFFFFFFFFFFFFFFFFFFE4
:205CE000FFFFFFFFFFFFFFFFFFFFFFFFFFFFFFFFFFFFFFFFFFFFFFFFFFFFFFFFFFFFFFFFC4
:205D0000FFFFFFFFFFFFFFFFFFFFFFFFFFFFFFFFFFFFFFFFFFFFFFFFFFFFFFFFFFFFFFFFA3
:205D2000FFFFFFFFFFFFFFFFFFFFFFFFFFFFFFFFFFFFFFFFFFFFFFFFFFFFFFFFFFFFFFFF83
:205D4000FFFFFFFFFFFFFFFFFFFFFFFFFFFFFFFFFFFFFFFFFFFFFFFFFFFFFFFFFFFFFFFF63
:205D6000FFFFFFFFFFFFFFFFFFFFFFFFFFFFFFFFFFFFFFFFFFFFFFFFFFFFFFFFFFFFFFFF43
:205D8000FFFFFFFFFFFFFFFFFFFFFFFFFFFFFFFFFFFFFFFFFFFFFFFFFFFFFFFFFFFFFFFF23
:205DA000FFFFFFFFFFFFFFFFFFFFFFFFFFFFFFFFFFFFFFFFFFFFFFFFFFFFFFFFFFFFFFFF03
:205DC000FFFFFFFFFFFFFFFFFFFFFFFFFFFFFFFFFFFFFFFFFFFFFFFFFFFFFFFFFFFFFFFFE3
:205DE000FFFFFFFFFFFFFFFFFFFFFFFFFFFFFFFFFFFFFFFFFFFFFFFFFFFFFFFFFFFFFFFFC3
:205E0000FFFFFFFFFFFFFFFFFFFFFFFFFFFFFFFFFFFFFFFFFFFFFFFFFFFFFFFFFFFFFFFFA2
:205E2000FFFFFFFFFFFFFFFFFFFFFFFFFFFFFFFFFFFFFFFFFFFFFFFFFFFFFFFFFFFFFFFF82
:205E4000FFFFFFFFFFFFFFFFFFFFFFFFFFFFFFFFFFFFFFFFFFFFFFFFFFFFFFFFFFFFFFFF62
:205E6000FFFFFFFFFFFFFFFFFFFFFFFFFFFFFFFFFFFFFFFFFFFFFFFFFFFFFFFFFFFFFFFF42
:205E8000FFFFFFFFFFFFFFFFFFFFFFFFFFFFFFFFFFFFFFFFFFFFFFFFFFFFFFFFFFFFFFFF22
:205EA000FFFFFFFFFFFFFFFFFFFFFFFFFFFFFFFFFFFFFFFFFFFFFFFFFFFFFFFFFFFFFFFF02
:205EC000FFFFFFFFFFFFFFFFFFFFFFFFFFFFFFFFFFFFFFFFFFFFFFFFFFFFFFFFFFFFFFFFE2
:205EE000FFFFFFFFFFFFFFFFFFFFFFFFFFFFFFFFFFFFFFFFFFFFFFFFFFFFFFFFFFFFFFFFC2
:205F0000FFFFFFFFFFFFFFFFFFFFFFFFFFFFFFFFFFFFFFFFFFFFFFFFFFFFFFFFFFFFFFFFA1
:205F2000FFFFFFFFFFFFFFFFFFFFFFFFFFFFFFFFFFFFFFFFFFFFFFFFFFFFFFFFFFFFFFFF81
:205F4000FFFFFFFFFFFFFFFFFFFFFFFFFFFFFFFFFFFFFFFFFFFFFFFFFFFFFFFFFFFFFFFF61
:205F6000FFFFFFFFFFFFFFFFFFFFFFFFFFFFFFFFFFFFFFFFFFFFFFFFFFFFFFFFFFFFFFFF41
:205F8000FFFFFFFFFFFFFFFFFFFFFFFFFFFFFFFFFFFFFFFFFFFFFFFFFFFFFFFFFFFFFFFF21
:205FA000FFFFFFFFFFFFFFFFFFFFFFFFFFFFFFFFFFFFFFFFFFFFFFFFFFFFFFFFFFFFFFFF01
:205FC000FFFFFFFFFFFFFFFFFFFFFFFFFFFFFFFFFFFFFFFFFFFFFFFFFFFFFFFFFFFFFFFFE1
:205FE000FFFFFFFFFFFFFFFFFFFFFFFFFFFFFFFFFFFFFFFFFFFFFFFFFFFFFFFFFFFFFFFFC1
:20600000FFFFFFFFFFFFFFFFFFFFFFFFFFFFFFFFFFFFFFFFFFFFFFFFFFFFFFFFFFFFFFFFA0
:20602000FFFFFFFFFFFFFFFFFFFFFFFFFFFFFFFFFFFFFFFFFFFFFFFFFFFFFFFFFFFFFFFF80
:20604000FFFFFFFFFFFFFFFFFFFFFFFFFFFFFFFFFFFFFFFFFFFFFFFFFFFFFFFFFFFFFFFF60
:20606000FFFFFFFFFFFFFFFFFFFFFFFFFFFFFFFFFFFFFFFFFFFFFFFFFFFFFFFFFFFFFFFF40
:20608000FFFFFFFFFFFFFFFFFFFFFFFFFFFFFFFFFFFFFFFFFFFFFFFFFFFFFFFFFFFFFFFF20
:2060A000FFFFFFFFFFFFFFFFFFFFFFFFFFFFFFFFFFFFFFFFFFFFFFFFFFFFFFFFFFFFFFFF00
:2060C000FFFFFFFFFFFFFFFFFFFFFFFFFFFFFFFFFFFFFFFFFFFFFFFFFFFFFFFFFFFFFFFFE0
:2060E000FFFFFFFFFFFFFFFFFFFFFFFFFFFFFFFFFFFFFFFFFFFFFFFFFFFFFFFFFFFFFFFFC0
:20610000FFFFFFFFFFFFFFFFFFFFFFFFFFFFFFFFFFFFFFFFFFFFFFFFFFFFFFFFFFFFFFFF9F
:20612000FFFFFFFFFFFFFFFFFFFFFFFFFFFFFFFFFFFFFFFFFFFFFFFFFFFFFFFFFFFFFFFF7F
:20614000FFFFFFFFFFFFFFFFFFFFFFFFFFFFFFFFFFFFFFFFFFFFFFFFFFFFFFFFFFFFFFFF5F
:20616000FFFFFFFFFFFFFFFFFFFFFFFFFFFFFFFFFFFFFFFFFFFFFFFFFFFFFFFFFFFFFFFF3F
:20618000FFFFFFFFFFFFFFFFFFFFFFFFFFFFFFFFFFFFFFFFFFFFFFFFFFFFFFFFFFFFFFFF1F
:2061A000FFFFFFFFFFFFFFFFFFFFFFFFFFFFFFFFFFFFFFFFFFFFFFFFFFFFFFFFFFFFFFFFFF
:2061C000FFFFFFFFFFFFFFFFFFFFFFFFFFFFFFFFFFFFFFFFFFFFFFFFFFFFFFFFFFFFFFFFDF
:2061E000FFFFFFFFFFFFFFFFFFFFFFFFFFFFFFFFFFFFFFFFFFFFFFFFFFFFFFFFFFFFFFFFBF
:20620000FFFFFFFFFFFFFFFFFFFFFFFFFFFFFFFFFFFFFFFFFFFFFFFFFFFFFFFFFFFFFFFF9E
:20622000FFFFFFFFFFFFFFFFFFFFFFFFFFFFFFFFFFFFFFFFFFFFFFFFFFFFFFFFFFFFFFFF7E
:20624000FFFFFFFFFFFFFFFFFFFFFFFFFFFFFFFFFFFFFFFFFFFFFFFFFFFFFFFFFFFFFFFF5E
:20626000FFFFFFFFFFFFFFFFFFFFFFFFFFFFFFFFFFFFFFFFFFFFFFFFFFFFFFFFFFFFFFFF3E
:20628000FFFFFFFFFFFFFFFFFFFFFFFFFFFFFFFFFFFFFFFFFFFFFFFFFFFFFFFFFFFFFFFF1E
:2062A000FFFFFFFFFFFFFFFFFFFFFFFFFFFFFFFFFFFFFFFFFFFFFFFFFFFFFFFFFFFFFFFFFE
:2062C000FFFFFFFFFFFFFFFFFFFFFFFFFFFFFFFFFFFFFFFFFFFFFFFFFFFFFFFFFFFFFFFFDE
:2062E000FFFFFFFFFFFFFFFFFFFFFFFFFFFFFFFFFFFFFFFFFFFFFFFFFFFFFFFFFFFFFFFFBE
:20630000FFFFFFFFFFFFFFFFFFFFFFFFFFFFFFFFFFFFFFFFFFFFFFFFFFFFFFFFFFFFFFFF9D
:20632000FFFFFFFFFFFFFFFFFFFFFFFFFFFFFFFFFFFFFFFFFFFFFFFFFFFFFFFFFFFFFFFF7D
:20634000FFFFFFFFFFFFFFFFFFFFFFFFFFFFFFFFFFFFFFFFFFFFFFFFFFFFFFFFFFFFFFFF5D
:20636000FFFFFFFFFFFFFFFFFFFFFFFFFFFFFFFFFFFFFFFFFFFFFFFFFFFFFFFFFFFFFFFF3D
:20638000FFFFFFFFFFFFFFFFFFFFFFFFFFFFFFFFFFFFFFFFFFFFFFFFFFFFFFFFFFFFFFFF1D
:2063A000FFFFFFFFFFFFFFFFFFFFFFFFFFFFFFFFFFFFFFFFFFFFFFFFFFFFFFFFFFFFFFFFFD
:2063C000FFFFFFFFFFFFFFFFFFFFFFFFFFFFFFFFFFFFFFFFFFFFFFFFFFFFFFFFFFFFFFFFDD
:2063E000FFFFFFFFFFFFFFFFFFFFFFFFFFFFFFFFFFFFFFFFFFFFFFFFFFFFFFFFFFFFFFFFBD
:20640000FFFFFFFFFFFFFFFFFFFFFFFFFFFFFFFFFFFFFFFFFFFFFFFFFFFFFFFFFFFFFFFF9C
:20642000FFFFFFFFFFFFFFFFFFFFFFFFFFFFFFFFFFFFFFFFFFFFFFFFFFFFFFFFFFFFFFFF7C
:20644000FFFFFFFFFFFFFFFFFFFFFFFFFFFFFFFFFFFFFFFFFFFFFFFFFFFFFFFFFFFFFFFF5C
:20646000FFFFFFFFFFFFFFFFFFFFFFFFFFFFFFFFFFFFFFFFFFFFFFFFFFFFFFFFFFFFFFFF3C
:20648000FFFFFFFFFFFFFFFFFFFFFFFFFFFFFFFFFFFFFFFFFFFFFFFFFFFFFFFFFFFFFFFF1C
:2064A000FFFFFFFFFFFFFFFFFFFFFFFFFFFFFFFFFFFFFFFFFFFFFFFFFFFFFFFFFFFFFFFFFC
:2064C000FFFFFFFFFFFFFFFFFFFFFFFFFFFFFFFFFFFFFFFFFFFFFFFFFFFFFFFFFFFFFFFFDC
:2064E000FFFFFFFFFFFFFFFFFFFFFFFFFFFFFFFFFFFFFFFFFFFFFFFFFFFFFFFFFFFFFFFFBC
:20650000FFFFFFFFFFFFFFFFFFFFFFFFFFFFFFFFFFFFFFFFFFFFFFFFFFFFFFFFFFFFFFFF9B
:20652000FFFFFFFFFFFFFFFFFFFFFFFFFFFFFFFFFFFFFFFFFFFFFFFFFFFFFFFFFFFFFFFF7B
:20654000FFFFFFFFFFFFFFFFFFFFFFFFFFFFFFFFFFFFFFFFFFFFFFFFFFFFFFFFFFFFFFFF5B
:20656000FFFFFFFFFFFFFFFFFFFFFFFFFFFFFFFFFFFFFFFFFFFFFFFFFFFFFFFFFFFFFFFF3B
:20658000FFFFFFFFFFFFFFFFFFFFFFFFFFFFFFFFFFFFFFFFFFFFFFFFFFFFFFFFFFFFFFFF1B
:2065A000FFFFFFFFFFFFFFFFFFFFFFFFFFFFFFFFFFFFFFFFFFFFFFFFFFFFFFFFFFFFFFFFFB
:2065C000FFFFFFFFFFFFFFFFFFFFFFFFFFFFFFFFFFFFFFFFFFFFFFFFFFFFFFFFFFFFFFFFDB
:2065E000FFFFFFFFFFFFFFFFFFFFFFFFFFFFFFFFFFFFFFFFFFFFFFFFFFFFFFFFFFFFFFFFBB
:20660000FFFFFFFFFFFFFFFFFFFFFFFFFFFFFFFFFFFFFFFFFFFFFFFFFFFFFFFFFFFFFFFF9A
:20662000FFFFFFFFFFFFFFFFFFFFFFFFFFFFFFFFFFFFFFFFFFFFFFFFFFFFFFFFFFFFFFFF7A
:20664000FFFFFFFFFFFFFFFFFFFFFFFFFFFFFFFFFFFFFFFFFFFFFFFFFFFFFFFFFFFFFFFF5A
:20666000FFFFFFFFFFFFFFFFFFFFFFFFFFFFFFFFFFFFFFFFFFFFFFFFFFFFFFFFFFFFFFFF3A
:20668000FFFFFFFFFFFFFFFFFFFFFFFFFFFFFFFFFFFFFFFFFFFFFFFFFFFFFFFFFFFFFFFF1A
:2066A000FFFFFFFFFFFFFFFFFFFFFFFFFFFFFFFFFFFFFFFFFFFFFFFFFFFFFFFFFFFFFFFFFA
:2066C000FFFFFFFFFFFFFFFFFFFFFFFFFFFFFFFFFFFFFFFFFFFFFFFFFFFFFFFFFFFFFFFFDA
:2066E000FFFFFFFFFFFFFFFFFFFFFFFFFFFFFFFFFFFFFFFFFFFFFFFFFFFFFFFFFFFFFFFFBA
:20670000FFFFFFFFFFFFFFFFFFFFFFFFFFFFFFFFFFFFFFFFFFFFFFFFFFFFFFFFFFFFFFFF99
:20672000FFFFFFFFFFFFFFFFFFFFFFFFFFFFFFFFFFFFFFFFFFFFFFFFFFFFFFFFFFFFFFFF79
:20674000FFFFFFFFFFFFFFFFFFFFFFFFFFFFFFFFFFFFFFFFFFFFFFFFFFFFFFFFFFFFFFFF59
:20676000FFFFFFFFFFFFFFFFFFFFFFFFFFFFFFFFFFFFFFFFFFFFFFFFFFFFFFFFFFFFFFFF39
:20678000FFFFFFFFFFFFFFFFFFFFFFFFFFFFFFFFFFFFFFFFFFFFFFFFFFFFFFFFFFFFFFFF19
:2067A000FFFFFFFFFFFFFFFFFFFFFFFFFFFFFFFFFFFFFFFFFFFFFFFFFFFFFFFFFFFFFFFFF9
:2067C000FFFFFFFFFFFFFFFFFFFFFFFFFFFFFFFFFFFFFFFFFFFFFFFFFFFFFFFFFFFFFFFFD9
:2067E000FFFFFFFFFFFFFFFFFFFFFFFFFFFFFFFFFFFFFFFFFFFFFFFFFFFFFFFFFFFFFFFFB9
:20680000FFFFFFFFFFFFFFFFFFFFFFFFFFFFFFFFFFFFFFFFFFFFFFFFFFFFFFFFFFFFFFFF98
:20682000FFFFFFFFFFFFFFFFFFFFFFFFFFFFFFFFFFFFFFFFFFFFFFFFFFFFFFFFFFFFFFFF78
:20684000FFFFFFFFFFFFFFFFFFFFFFFFFFFFFFFFFFFFFFFFFFFFFFFFFFFFFFFFFFFFFFFF58
:20686000FFFFFFFFFFFFFFFFFFFFFFFFFFFFFFFFFFFFFFFFFFFFFFFFFFFFFFFFFFFFFFFF38
:20688000FFFFFFFFFFFFFFFFFFFFFFFFFFFFFFFFFFFFFFFFFFFFFFFFFFFFFFFFFFFFFFFF18
:2068A000FFFFFFFFFFFFFFFFFFFFFFFFFFFFFFFFFFFFFFFFFFFFFFFFFFFFFFFFFFFFFFFFF8
:2068C000FFFFFFFFFFFFFFFFFFFFFFFFFFFFFFFFFFFFFFFFFFFFFFFFFFFFFFFFFFFFFFFFD8
:2068E000FFFFFFFFFFFFFFFFFFFFFFFFFFFFFFFFFFFFFFFFFFFFFFFFFFFFFFFFFFFFFFFFB8
:20690000FFFFFFFFFFFFFFFFFFFFFFFFFFFFFFFFFFFFFFFFFFFFFFFFFFFFFFFFFFFFFFFF97
:20692000FFFFFFFFFFFFFFFFFFFFFFFFFFFFFFFFFFFFFFFFFFFFFFFFFFFFFFFFFFFFFFFF77
:20694000FFFFFFFFFFFFFFFFFFFFFFFFFFFFFFFFFFFFFFFFFFFFFFFFFFFFFFFFFFFFFFFF57
:20696000FFFFFFFFFFFFFFFFFFFFFFFFFFFFFFFFFFFFFFFFFFFFFFFFFFFFFFFFFFFFFFFF37
:20698000FFFFFFFFFFFFFFFFFFFFFFFFFFFFFFFFFFFFFFFFFFFFFFFFFFFFFFFFFFFFFFFF17
:2069A000FFFFFFFFFFFFFFFFFFFFFFFFFFFFFFFFFFFFFFFFFFFFFFFFFFFFFFFFFFFFFFFFF7
:2069C000FFFFFFFFFFFFFFFFFFFFFFFFFFFFFFFFFFFFFFFFFFFFFFFFFFFFFFFFFFFFFFFFD7
:2069E000FFFFFFFFFFFFFFFFFFFFFFFFFFFFFFFFFFFFFFFFFFFFFFFFFFFFFFFFFFFFFFFFB7
:206A0000FFFFFFFFFFFFFFFFFFFFFFFFFFFFFFFFFFFFFFFFFFFFFFFFFFFFFFFFFFFFFFFF96
:206A2000FFFFFFFFFFFFFFFFFFFFFFFFFFFFFFFFFFFFFFFFFFFFFFFFFFFFFFFFFFFFFFFF76
:206A4000FFFFFFFFFFFFFFFFFFFFFFFFFFFFFFFFFFFFFFFFFFFFFFFFFFFFFFFFFFFFFFFF56
:206A6000FFFFFFFFFFFFFFFFFFFFFFFFFFFFFFFFFFFFFFFFFFFFFFFFFFFFFFFFFFFFFFFF36
:206A8000FFFFFFFFFFFFFFFFFFFFFFFFFFFFFFFFFFFFFFFFFFFFFFFFFFFFFFFFFFFFFFFF16
:206AA000FFFFFFFFFFFFFFFFFFFFFFFFFFFFFFFFFFFFFFFFFFFFFFFFFFFFFFFFFFFFFFFFF6
:206AC000FFFFFFFFFFFFFFFFFFFFFFFFFFFFFFFFFFFFFFFFFFFFFFFFFFFFFFFFFFFFFFFFD6
:206AE000FFFFFFFFFFFFFFFFFFFFFFFFFFFFFFFFFFFFFFFFFFFFFFFFFFFFFFFFFFFFFFFFB6
:206B0000FFFFFFFFFFFFFFFFFFFFFFFFFFFFFFFFFFFFFFFFFFFFFFFFFFFFFFFFFFFFFFFF95
:206B2000FFFFFFFFFFFFFFFFFFFFFFFFFFFFFFFFFFFFFFFFFFFFFFFFFFFFFFFFFFFFFFFF75
:206B4000FFFFFFFFFFFFFFFFFFFFFFFFFFFFFFFFFFFFFFFFFFFFFFFFFFFFFFFFFFFFFFFF55
:206B6000FFFFFFFFFFFFFFFFFFFFFFFFFFFFFFFFFFFFFFFFFFFFFFFFFFFFFFFFFFFFFFFF35
:206B8000FFFFFFFFFFFFFFFFFFFFFFFFFFFFFFFFFFFFFFFFFFFFFFFFFFFFFFFFFFFFFFFF15
:206BA000FFFFFFFFFFFFFFFFFFFFFFFFFFFFFFFFFFFFFFFFFFFFFFFFFFFFFFFFFFFFFFFFF5
:206BC000FFFFFFFFFFFFFFFFFFFFFFFFFFFFFFFFFFFFFFFFFFFFFFFFFFFFFFFFFFFFFFFFD5
:206BE000FFFFFFFFFFFFFFFFFFFFFFFFFFFFFFFFFFFFFFFFFFFFFFFFFFFFFFFFFFFFFFFFB5
:206C0000FFFFFFFFFFFFFFFFFFFFFFFFFFFFFFFFFFFFFFFFFFFFFFFFFFFFFFFFFFFFFFFF94
:206C2000FFFFFFFFFFFFFFFFFFFFFFFFFFFFFFFFFFFFFFFFFFFFFFFFFFFFFFFFFFFFFFFF74
:206C4000FFFFFFFFFFFFFFFFFFFFFFFFFFFFFFFFFFFFFFFFFFFFFFFFFFFFFFFFFFFFFFFF54
:206C6000FFFFFFFFFFFFFFFFFFFFFFFFFFFFFFFFFFFFFFFFFFFFFFFFFFFFFFFFFFFFFFFF34
:206C8000FFFFFFFFFFFFFFFFFFFFFFFFFFFFFFFFFFFFFFFFFFFFFFFFFFFFFFFFFFFFFFFF14
:206CA000FFFFFFFFFFFFFFFFFFFFFFFFFFFFFFFFFFFFFFFFFFFFFFFFFFFFFFFFFFFFFFFFF4
:206CC000FFFFFFFFFFFFFFFFFFFFFFFFFFFFFFFFFFFFFFFFFFFFFFFFFFFFFFFFFFFFFFFFD4
:206CE000FFFFFFFFFFFFFFFFFFFFFFFFFFFFFFFFFFFFFFFFFFFFFFFFFFFFFFFFFFFFFFFFB4
:206D0000FFFFFFFFFFFFFFFFFFFFFFFFFFFFFFFFFFFFFFFFFFFFFFFFFFFFFFFFFFFFFFFF93
:206D2000FFFFFFFFFFFFFFFFFFFFFFFFFFFFFFFFFFFFFFFFFFFFFFFFFFFFFFFFFFFFFFFF73
:206D4000FFFFFFFFFFFFFFFFFFFFFFFFFFFFFFFFFFFFFFFFFFFFFFFFFFFFFFFFFFFFFFFF53
:206D6000FFFFFFFFFFFFFFFFFFFFFFFFFFFFFFFFFFFFFFFFFFFFFFFFFFFFFFFFFFFFFFFF33
:206D8000FFFFFFFFFFFFFFFFFFFFFFFFFFFFFFFFFFFFFFFFFFFFFFFFFFFFFFFFFFFFFFFF13
:206DA000FFFFFFFFFFFFFFFFFFFFFFFFFFFFFFFFFFFFFFFFFFFFFFFFFFFFFFFFFFFFFFFFF3
:206DC000FFFFFFFFFFFFFFFFFFFFFFFFFFFFFFFFFFFFFFFFFFFFFFFFFFFFFFFFFFFFFFFFD3
:206DE000FFFFFFFFFFFFFFFFFFFFFFFFFFFFFFFFFFFFFFFFFFFFFFFFFFFFFFFFFFFFFFFFB3
:206E0000FFFFFFFFFFFFFFFFFFFFFFFFFFFFFFFFFFFFFFFFFFFFFFFFFFFFFFFFFFFFFFFF92
:206E2000FFFFFFFFFFFFFFFFFFFFFFFFFFFFFFFFFFFFFFFFFFFFFFFFFFFFFFFFFFFFFFFF72
:206E4000FFFFFFFFFFFFFFFFFFFFFFFFFFFFFFFFFFFFFFFFFFFFFFFFFFFFFFFFFFFFFFFF52
:206E6000FFFFFFFFFFFFFFFFFFFFFFFFFFFFFFFFFFFFFFFFFFFFFFFFFFFFFFFFFFFFFFFF32
:206E8000FFFFFFFFFFFFFFFFFFFFFFFFFFFFFFFFFFFFFFFFFFFFFFFFFFFFFFFFFFFFFFFF12
:206EA000FFFFFFFFFFFFFFFFFFFFFFFFFFFFFFFFFFFFFFFFFFFFFFFFFFFFFFFFFFFFFFFFF2
:206EC000FFFFFFFFFFFFFFFFFFFFFFFFFFFFFFFFFFFFFFFFFFFFFFFFFFFFFFFFFFFFFFFFD2
:206EE000FFFFFFFFFFFFFFFFFFFFFFFFFFFFFFFFFFFFFFFFFFFFFFFFFFFFFFFFFFFFFFFFB2
:206F0000FFFFFFFFFFFFFFFFFFFFFFFFFFFFFFFFFFFFFFFFFFFFFFFFFFFFFFFFFFFFFFFF91
:206F2000FFFFFFFFFFFFFFFFFFFFFFFFFFFFFFFFFFFFFFFFFFFFFFFFFFFFFFFFFFFFFFFF71
:206F4000FFFFFFFFFFFFFFFFFFFFFFFFFFFFFFFFFFFFFFFFFFFFFFFFFFFFFFFFFFFFFFFF51
:206F6000FFFFFFFFFFFFFFFFFFFFFFFFFFFFFFFFFFFFFFFFFFFFFFFFFFFFFFFFFFFFFFFF31
:206F8000FFFFFFFFFFFFFFFFFFFFFFFFFFFFFFFFFFFFFFFFFFFFFFFFFFFFFFFFFFFFFFFF11
:206FA000FFFFFFFFFFFFFFFFFFFFFFFFFFFFFFFFFFFFFFFFFFFFFFFFFFFFFFFFFFFFFFFFF1
:206FC000FFFFFFFFFFFFFFFFFFFFFFFFFFFFFFFFFFFFFFFFFFFFFFFFFFFFFFFFFFFFFFFFD1
:206FE000FFFFFFFFFFFFFFFFFFFFFFFFFFFFFFFFFFFFFFFFFFFFFFFFFFFFFFFFFFFFFFFFB1
:20700000FFFFFFFFFFFFFFFFFFFFFFFFFFFFFFFFFFFFFFFFFFFFFFFFFFFFFFFFFFFFFFFF90
:20702000FFFFFFFFFFFFFFFFFFFFFFFFFFFFFFFFFFFFFFFFFFFFFFFFFFFFFFFFFFFFFFFF70
:20704000FFFFFFFFFFFFFFFFFFFFFFFFFFFFFFFFFFFFFFFFFFFFFFFFFFFFFFFFFFFFFFFF50
:20706000FFFFFFFFFFFFFFFFFFFFFFFFFFFFFFFFFFFFFFFFFFFFFFFFFFFFFFFFFFFFFFFF30
:20708000FFFFFFFFFFFFFFFFFFFFFFFFFFFFFFFFFFFFFFFFFFFFFFFFFFFFFFFFFFFFFFFF10
:2070A000FFFFFFFFFFFFFFFFFFFFFFFFFFFFFFFFFFFFFFFFFFFFFFFFFFFFFFFFFFFFFFFFF0
:2070C000FFFFFFFFFFFFFFFFFFFFFFFFFFFFFFFFFFFFFFFFFFFFFFFFFFFFFFFFFFFFFFFFD0
:2070E000FFFFFFFFFFFFFFFFFFFFFFFFFFFFFFFFFFFFFFFFFFFFFFFFFFFFFFFFFFFFFFFFB0
:20710000FFFFFFFFFFFFFFFFFFFFFFFFFFFFFFFFFFFFFFFFFFFFFFFFFFFFFFFFFFFFFFFF8F
:20712000FFFFFFFFFFFFFFFFFFFFFFFFFFFFFFFFFFFFFFFFFFFFFFFFFFFFFFFFFFFFFFFF6F
:20714000FFFFFFFFFFFFFFFFFFFFFFFFFFFFFFFFFFFFFFFFFFFFFFFFFFFFFFFFFFFFFFFF4F
:20716000FFFFFFFFFFFFFFFFFFFFFFFFFFFFFFFFFFFFFFFFFFFFFFFFFFFFFFFFFFFFFFFF2F
:20718000FFFFFFFFFFFFFFFFFFFFFFFFFFFFFFFFFFFFFFFFFFFFFFFFFFFFFFFFFFFFFFFF0F
:2071A000FFFFFFFFFFFFFFFFFFFFFFFFFFFFFFFFFFFFFFFFFFFFFFFFFFFFFFFFFFFFFFFFEF
:2071C000FFFFFFFFFFFFFFFFFFFFFFFFFFFFFFFFFFFFFFFFFFFFFFFFFFFFFFFFFFFFFFFFCF
:2071E000FFFFFFFFFFFFFFFFFFFFFFFFFFFFFFFFFFFFFFFFFFFFFFFFFFFFFFFFFFFFFFFFAF
:20720000FFFFFFFFFFFFFFFFFFFFFFFFFFFFFFFFFFFFFFFFFFFFFFFFFFFFFFFFFFFFFFFF8E
:20722000FFFFFFFFFFFFFFFFFFFFFFFFFFFFFFFFFFFFFFFFFFFFFFFFFFFFFFFFFFFFFFFF6E
:20724000FFFFFFFFFFFFFFFFFFFFFFFFFFFFFFFFFFFFFFFFFFFFFFFFFFFFFFFFFFFFFFFF4E
:20726000FFFFFFFFFFFFFFFFFFFFFFFFFFFFFFFFFFFFFFFFFFFFFFFFFFFFFFFFFFFFFFFF2E
:20728000FFFFFFFFFFFFFFFFFFFFFFFFFFFFFFFFFFFFFFFFFFFFFFFFFFFFFFFFFFFFFFFF0E
:2072A000FFFFFFFFFFFFFFFFFFFFFFFFFFFFFFFFFFFFFFFFFFFFFFFFFFFFFFFFFFFFFFFFEE
:2072C000FFFFFFFFFFFFFFFFFFFFFFFFFFFFFFFFFFFFFFFFFFFFFFFFFFFFFFFFFFFFFFFFCE
:2072E000FFFFFFFFFFFFFFFFFFFFFFFFFFFFFFFFFFFFFFFFFFFFFFFFFFFFFFFFFFFFFFFFAE
:20730000FFFFFFFFFFFFFFFFFFFFFFFFFFFFFFFFFFFFFFFFFFFFFFFFFFFFFFFFFFFFFFFF8D
:20732000FFFFFFFFFFFFFFFFFFFFFFFFFFFFFFFFFFFFFFFFFFFFFFFFFFFFFFFFFFFFFFFF6D
:20734000FFFFFFFFFFFFFFFFFFFFFFFFFFFFFFFFFFFFFFFFFFFFFFFFFFFFFFFFFFFFFFFF4D
:20736000FFFFFFFFFFFFFFFFFFFFFFFFFFFFFFFFFFFFFFFFFFFFFFFFFFFFFFFFFFFFFFFF2D
:20738000FFFFFFFFFFFFFFFFFFFFFFFFFFFFFFFFFFFFFFFFFFFFFFFFFFFFFFFFFFFFFFFF0D
:2073A000FFFFFFFFFFFFFFFFFFFFFFFFFFFFFFFFFFFFFFFFFFFFFFFFFFFFFFFFFFFFFFFFED
:2073C000FFFFFFFFFFFFFFFFFFFFFFFFFFFFFFFFFFFFFFFFFFFFFFFFFFFFFFFFFFFFFFFFCD
:2073E000FFFFFFFFFFFFFFFFFFFFFFFFFFFFFFFFFFFFFFFFFFFFFFFFFFFFFFFFFFFFFFFFAD
:20740000FFFFFFFFFFFFFFFFFFFFFFFFFFFFFFFFFFFFFFFFFFFFFFFFFFFFFFFFFFFFFFFF8C
:20742000FFFFFFFFFFFFFFFFFFFFFFFFFFFFFFFFFFFFFFFFFFFFFFFFFFFFFFFFFFFFFFFF6C
:20744000FFFFFFFFFFFFFFFFFFFFFFFFFFFFFFFFFFFFFFFFFFFFFFFFFFFFFFFFFFFFFFFF4C
:20746000FFFFFFFFFFFFFFFFFFFFFFFFFFFFFFFFFFFFFFFFFFFFFFFFFFFFFFFFFFFFFFFF2C
:20748000FFFFFFFFFFFFFFFFFFFFFFFFFFFFFFFFFFFFFFFFFFFFFFFFFFFFFFFFFFFFFFFF0C
:2074A000FFFFFFFFFFFFFFFFFFFFFFFFFFFFFFFFFFFFFFFFFFFFFFFFFFFFFFFFFFFFFFFFEC
:2074C000FFFFFFFFFFFFFFFFFFFFFFFFFFFFFFFFFFFFFFFFFFFFFFFFFFFFFFFFFFFFFFFFCC
:2074E000FFFFFFFFFFFFFFFFFFFFFFFFFFFFFFFFFFFFFFFFFFFFFFFFFFFFFFFFFFFFFFFFAC
:20750000FFFFFFFFFFFFFFFFFFFFFFFFFFFFFFFFFFFFFFFFFFFFFFFFFFFFFFFFFFFFFFFF8B
:20752000FFFFFFFFFFFFFFFFFFFFFFFFFFFFFFFFFFFFFFFFFFFFFFFFFFFFFFFFFFFFFFFF6B
:20754000FFFFFFFFFFFFFFFFFFFFFFFFFFFFFFFFFFFFFFFFFFFFFFFFFFFFFFFFFFFFFFFF4B
:20756000FFFFFFFFFFFFFFFFFFFFFFFFFFFFFFFFFFFFFFFFFFFFFFFFFFFFFFFFFFFFFFFF2B
:20758000FFFFFFFFFFFFFFFFFFFFFFFFFFFFFFFFFFFFFFFFFFFFFFFFFFFFFFFFFFFFFFFF0B
:2075A000FFFFFFFFFFFFFFFFFFFFFFFFFFFFFFFFFFFFFFFFFFFFFFFFFFFFFFFFFFFFFFFFEB
:2075C000FFFFFFFFFFFFFFFFFFFFFFFFFFFFFFFFFFFFFFFFFFFFFFFFFFFFFFFFFFFFFFFFCB
:2075E000FFFFFFFFFFFFFFFFFFFFFFFFFFFFFFFFFFFFFFFFFFFFFFFFFFFFFFFFFFFFFFFFAB
:20760000FFFFFFFFFFFFFFFFFFFFFFFFFFFFFFFFFFFFFFFFFFFFFFFFFFFFFFFFFFFFFFFF8A
:20762000FFFFFFFFFFFFFFFFFFFFFFFFFFFFFFFFFFFFFFFFFFFFFFFFFFFFFFFFFFFFFFFF6A
:20764000FFFFFFFFFFFFFFFFFFFFFFFFFFFFFFFFFFFFFFFFFFFFFFFFFFFFFFFFFFFFFFFF4A
:20766000FFFFFFFFFFFFFFFFFFFFFFFFFFFFFFFFFFFFFFFFFFFFFFFFFFFFFFFFFFFFFFFF2A
:20768000FFFFFFFFFFFFFFFFFFFFFFFFFFFFFFFFFFFFFFFFFFFFFFFFFFFFFFFFFFFFFFFF0A
:2076A000FFFFFFFFFFFFFFFFFFFFFFFFFFFFFFFFFFFFFFFFFFFFFFFFFFFFFFFFFFFFFFFFEA
:2076C000FFFFFFFFFFFFFFFFFFFFFFFFFFFFFFFFFFFFFFFFFFFFFFFFFFFFFFFFFFFFFFFFCA
:2076E000FFFFFFFFFFFFFFFFFFFFFFFFFFFFFFFFFFFFFFFFFFFFFFFFFFFFFFFFFFFFFFFFAA
:20770000FFFFFFFFFFFFFFFFFFFFFFFFFFFFFFFFFFFFFFFFFFFFFFFFFFFFFFFFFFFFFFFF89
:20772000FFFFFFFFFFFFFFFFFFFFFFFFFFFFFFFFFFFFFFFFFFFFFFFFFFFFFFFFFFFFFFFF69
:20774000FFFFFFFFFFFFFFFFFFFFFFFFFFFFFFFFFFFFFFFFFFFFFFFFFFFFFFFFFFFFFFFF49
:20776000FFFFFFFFFFFFFFFFFFFFFFFFFFFFFFFFFFFFFFFFFFFFFFFFFFFFFFFFFFFFFFFF29
:20778000FFFFFFFFFFFFFFFFFFFFFFFFFFFFFFFFFFFFFFFFFFFFFFFFFFFFFFFFFFFFFFFF09
:2077A000FFFFFFFFFFFFFFFFFFFFFFFFFFFFFFFFFFFFFFFFFFFFFFFFFFFFFFFFFFFFFFFFE9
:2077C000FFFFFFFFFFFFFFFFFFFFFFFFFFFFFFFFFFFFFFFFFFFFFFFFFFFFFFFFFFFFFFFFC9
:2077E000FFFFFFFFFFFFFFFFFFFFFFFFFFFFFFFFFFFFFFFFFFFFFFFFFFFFFFFFFFFFFFFFA9
:20780000FFFFFFFFFFFFFFFFFFFFFFFFFFFFFFFFFFFFFFFFFFFFFFFFFFFFFFFFFFFFFFFF88
:20782000FFFFFFFFFFFFFFFFFFFFFFFFFFFFFFFFFFFFFFFFFFFFFFFFFFFFFFFFFFFFFFFF68
:20784000FFFFFFFFFFFFFFFFFFFFFFFFFFFFFFFFFFFFFFFFFFFFFFFFFFFFFFFFFFFFFFFF48
:20786000FFFFFFFFFFFFFFFFFFFFFFFFFFFFFFFFFFFFFFFFFFFFFFFFFFFFFFFFFFFFFFFF28
:20788000FFFFFFFFFFFFFFFFFFFFFFFFFFFFFFFFFFFFFFFFFFFFFFFFFFFFFFFFFFFFFFFF08
:2078A000FFFFFFFFFFFFFFFFFFFFFFFFFFFFFFFFFFFFFFFFFFFFFFFFFFFFFFFFFFFFFFFFE8
:2078C000FFFFFFFFFFFFFFFFFFFFFFFFFFFFFFFFFFFFFFFFFFFFFFFFFFFFFFFFFFFFFFFFC8
:2078E000FFFFFFFFFFFFFFFFFFFFFFFFFFFFFFFFFFFFFFFFFFFFFFFFFFFFFFFFFFFFFFFFA8
:20790000FFFFFFFFFFFFFFFFFFFFFFFFFFFFFFFFFFFFFFFFFFFFFFFFFFFFFFFFFFFFFFFF87
:20792000FFFFFFFFFFFFFFFFFFFFFFFFFFFFFFFFFFFFFFFFFFFFFFFFFFFFFFFFFFFFFFFF67
:20794000FFFFFFFFFFFFFFFFFFFFFFFFFFFFFFFFFFFFFFFFFFFFFFFFFFFFFFFFFFFFFFFF47
:20796000FFFFFFFFFFFFFFFFFFFFFFFFFFFFFFFFFFFFFFFFFFFFFFFFFFFFFFFFFFFFFFFF27
:20798000FFFFFFFFFFFFFFFFFFFFFFFFFFFFFFFFFFFFFFFFFFFFFFFFFFFFFFFFFFFFFFFF07
:2079A000FFFFFFFFFFFFFFFFFFFFFFFFFFFFFFFFFFFFFFFFFFFFFFFFFFFFFFFFFFFFFFFFE7
:2079C000FFFFFFFFFFFFFFFFFFFFFFFFFFFFFFFFFFFFFFFFFFFFFFFFFFFFFFFFFFFFFFFFC7
:2079E000FFFFFFFFFFFFFFFFFFFFFFFFFFFFFFFFFFFFFFFFFFFFFFFFFFFFFFFFFFFFFFFFA7
:207A0000FFFFFFFFFFFFFFFFFFFFFFFFFFFFFFFFFFFFFFFFFFFFFFFFFFFFFFFFFFFFFFFF86
:207A2000FFFFFFFFFFFFFFFFFFFFFFFFFFFFFFFFFFFFFFFFFFFFFFFFFFFFFFFFFFFFFFFF66
:207A4000FFFFFFFFFFFFFFFFFFFFFFFFFFFFFFFFFFFFFFFFFFFFFFFFFFFFFFFFFFFFFFFF46
:207A6000FFFFFFFFFFFFFFFFFFFFFFFFFFFFFFFFFFFFFFFFFFFFFFFFFFFFFFFFFFFFFFFF26
:207A8000FFFFFFFFFFFFFFFFFFFFFFFFFFFFFFFFFFFFFFFFFFFFFFFFFFFFFFFFFFFFFFFF06
:207AA000FFFFFFFFFFFFFFFFFFFFFFFFFFFFFFFFFFFFFFFFFFFFFFFFFFFFFFFFFFFFFFFFE6
:207AC000FFFFFFFFFFFFFFFFFFFFFFFFFFFFFFFFFFFFFFFFFFFFFFFFFFFFFFFFFFFFFFFFC6
:207AE000FFFFFFFFFFFFFFFFFFFFFFFFFFFFFFFFFFFFFFFFFFFFFFFFFFFFFFFFFFFFFFFFA6
:207B0000FFFFFFFFFFFFFFFFFFFFFFFFFFFFFFFFFFFFFFFFFFFFFFFFFFFFFFFFFFFFFFFF85
:207B2000FFFFFFFFFFFFFFFFFFFFFFFFFFFFFFFFFFFFFFFFFFFFFFFFFFFFFFFFFFFFFFFF65
:207B4000FFFFFFFFFFFFFFFFFFFFFFFFFFFFFFFFFFFFFFFFFFFFFFFFFFFFFFFFFFFFFFFF45
:207B6000FFFFFFFFFFFFFFFFFFFFFFFFFFFFFFFFFFFFFFFFFFFFFFFFFFFFFFFFFFFFFFFF25
:207B8000FFFFFFFFFFFFFFFFFFFFFFFFFFFFFFFFFFFFFFFFFFFFFFFFFFFFFFFFFFFFFFFF05
:207BA000FFFFFFFFFFFFFFFFFFFFFFFFFFFFFFFFFFFFFFFFFFFFFFFFFFFFFFFFFFFFFFFFE5
:207BC000FFFFFFFFFFFFFFFFFFFFFFFFFFFFFFFFFFFFFFFFFFFFFFFFFFFFFFFFFFFFFFFFC5
:207BE000FFFFFFFFFFFFFFFFFFFFFFFFFFFFFFFFFFFFFFFFFFFFFFFFFFFFFFFFFFFFFFFFA5
:207C0000FFFFFFFFFFFFFFFFFFFFFFFFFFFFFFFFFFFFFFFFFFFFFFFFFFFFFFFFFFFFFFFF84
:207C2000FFFFFFFFFFFFFFFFFFFFFFFFFFFFFFFFFFFFFFFFFFFFFFFFFFFFFFFFFFFFFFFF64
:207C4000FFFFFFFFFFFFFFFFFFFFFFFFFFFFFFFFFFFFFFFFFFFFFFFFFFFFFFFFFFFFFFFF44
:207C6000FFFFFFFFFFFFFFFFFFFFFFFFFFFFFFFFFFFFFFFFFFFFFFFFFFFFFFFFFFFFFFFF24
:207C8000FFFFFFFFFFFFFFFFFFFFFFFFFFFFFFFFFFFFFFFFFFFFFFFFFFFFFFFFFFFFFFFF04
:207CA000FFFFFFFFFFFFFFFFFFFFFFFFFFFFFFFFFFFFFFFFFFFFFFFFFFFFFFFFFFFFFFFFE4
:207CC000FFFFFFFFFFFFFFFFFFFFFFFFFFFFFFFFFFFFFFFFFFFFFFFFFFFFFFFFFFFFFFFFC4
:207CE000FFFFFFFFFFFFFFFFFFFFFFFFFFFFFFFFFFFFFFFFFFFFFFFFFFFFFFFFFFFFFFFFA4
:207D0000FFFFFFFFFFFFFFFFFFFFFFFFFFFFFFFFFFFFFFFFFFFFFFFFFFFFFFFFFFFFFFFF83
:207D2000FFFFFFFFFFFFFFFFFFFFFFFFFFFFFFFFFFFFFFFFFFFFFFFFFFFFFFFFFFFFFFFF63
:207D4000FFFFFFFFFFFFFFFFFFFFFFFFFFFFFFFFFFFFFFFFFFFFFFFFFFFFFFFFFFFFFFFF43
:207D6000FFFFFFFFFFFFFFFFFFFFFFFFFFFFFFFFFFFFFFFFFFFFFFFFFFFFFFFFFFFFFFFF23
:207D8000FFFFFFFFFFFFFFFFFFFFFFFFFFFFFFFFFFFFFFFFFFFFFFFFFFFFFFFFFFFFFFFF03
:207DA000FFFFFFFFFFFFFFFFFFFFFFFFFFFFFFFFFFFFFFFFFFFFFFFFFFFFFFFFFFFFFFFFE3
:207DC000FFFFFFFFFFFFFFFFFFFFFFFFFFFFFFFFFFFFFFFFFFFFFFFFFFFFFFFFFFFFFFFFC3
:207DE000FFFFFFFFFFFFFFFFFFFFFFFFFFFFFFFFFFFFFFFFFFFFFFFFFFFFFFFFFFFFFFFFA3
:207E0000FFFFFFFFFFFFFFFFFFFFFFFFFFFFFFFFFFFFFFFFFFFFFFFFFFFFFFFFFFFFFFFF82
:207E2000FFFFFFFFFFFFFFFFFFFFFFFFFFFFFFFFFFFFFFFFFFFFFFFFFFFFFFFFFFFFFFFF62
:207E4000FFFFFFFFFFFFFFFFFFFFFFFFFFFFFFFFFFFFFFFFFFFFFFFFFFFFFFFFFFFFFFFF42
:207E6000FFFFFFFFFFFFFFFFFFFFFFFFFFFFFFFFFFFFFFFFFFFFFFFFFFFFFFFFFFFFFFFF22
:207E8000FFFFFFFFFFFFFFFFFFFFFFFFFFFFFFFFFFFFFFFFFFFFFFFFFFFFFFFFFFFFFFFF02
:207EA000FFFFFFFFFFFFFFFFFFFFFFFFFFFFFFFFFFFFFFFFFFFFFFFFFFFFFFFFFFFFFFFFE2
:207EC000FFFFFFFFFFFFFFFFFFFFFFFFFFFFFFFFFFFFFFFFFFFFFFFFFFFFFFFFFFFFFFFFC2
:207EE000FFFFFFFFFFFFFFFFFFFFFFFFFFFFFFFFFFFFFFFFFFFFFFFFFFFFFFFFFFFFFFFFA2
:207F0000FFFFFFFFFFFFFFFFFFFFFFFFFFFFFFFFFFFFFFFFFFFFFFFFFFFFFFFFFFFFFFFF81
:207F2000FFFFFFFFFFFFFFFFFFFFFFFFFFFFFFFFFFFFFFFFFFFFFFFFFFFFFFFFFFFFFFFF61
:207F4000FFFFFFFFFFFFFFFFFFFFFFFFFFFFFFFFFFFFFFFFFFFFFFFFFFFFFFFFFFFFFFFF41
:207F6000FFFFFFFFFFFFFFFFFFFFFFFFFFFFFFFFFFFFFFFFFFFFFFFFFFFFFFFFFFFFFFFF21
:207F8000FFFFFFFFFFFFFFFFFFFFFFFFFFFFFFFFFFFFFFFFFFFFFFFFFFFFFFFFFFFFFFFF01
:207FA000FFFFFFFFFFFFFFFFFFFFFFFFFFFFFFFFFFFFFFFFFFFFFFFFFFFFFFFFFFFFFFFFE1
:207FC000FFFFFFFFFFFFFFFFFFFFFFFFFFFFFFFFFFFFFFFFFFFFFFFFFFFFFFFFFFFFFFFFC1
:207FE000FFFFFFFFFFFFFFFFFFFFFFFFFFFFFFFFFFFFFFFFFFFFFFFFFFFFFFFFFFFFFFFFA1
:20800000FFFFFFFFFFFFFFFFFFFFFFFFFFFFFFFFFFFFFFFFFFFFFFFFFFFFFFFFFFFFFFFF80
:20802000FFFFFFFFFFFFFFFFFFFFFFFFFFFFFFFFFFFFFFFFFFFFFFFFFFFFFFFFFFFFFFFF60
:20804000FFFFFFFFFFFFFFFFFFFFFFFFFFFFFFFFFFFFFFFFFFFFFFFFFFFFFFFFFFFFFFFF40
:20806000FFFFFFFFFFFFFFFFFFFFFFFFFFFFFFFFFFFFFFFFFFFFFFFFFFFFFFFFFFFFFFFF20
:20808000FFFFFFFFFFFFFFFFFFFFFFFFFFFFFFFFFFFFFFFFFFFFFFFFFFFFFFFFFFFFFFFF00
:2080A000FFFFFFFFFFFFFFFFFFFFFFFFFFFFFFFFFFFFFFFFFFFFFFFFFFFFFFFFFFFFFFFFE0
:2080C000FFFFFFFFFFFFFFFFFFFFFFFFFFFFFFFFFFFFFFFFFFFFFFFFFFFFFFFFFFFFFFFFC0
:2080E000FFFFFFFFFFFFFFFFFFFFFFFFFFFFFFFFFFFFFFFFFFFFFFFFFFFFFFFFFFFFFFFFA0
:20810000FFFFFFFFFFFFFFFFFFFFFFFFFFFFFFFFFFFFFFFFFFFFFFFFFFFFFFFFFFFFFFFF7F
:20812000FFFFFFFFFFFFFFFFFFFFFFFFFFFFFFFFFFFFFFFFFFFFFFFFFFFFFFFFFFFFFFFF5F
:20814000FFFFFFFFFFFFFFFFFFFFFFFFFFFFFFFFFFFFFFFFFFFFFFFFFFFFFFFFFFFFFFFF3F
:20816000FFFFFFFFFFFFFFFFFFFFFFFFFFFFFFFFFFFFFFFFFFFFFFFFFFFFFFFFFFFFFFFF1F
:20818000FFFFFFFFFFFFFFFFFFFFFFFFFFFFFFFFFFFFFFFFFFFFFFFFFFFFFFFFFFFFFFFFFF
:2081A000FFFFFFFFFFFFFFFFFFFFFFFFFFFFFFFFFFFFFFFFFFFFFFFFFFFFFFFFFFFFFFFFDF
:2081C000FFFFFFFFFFFFFFFFFFFFFFFFFFFFFFFFFFFFFFFFFFFFFFFFFFFFFFFFFFFFFFFFBF
:2081E000FFFFFFFFFFFFFFFFFFFFFFFFFFFFFFFFFFFFFFFFFFFFFFFFFFFFFFFFFFFFFFFF9F
:20820000FFFFFFFFFFFFFFFFFFFFFFFFFFFFFFFFFFFFFFFFFFFFFFFFFFFFFFFFFFFFFFFF7E
:20822000FFFFFFFFFFFFFFFFFFFFFFFFFFFFFFFFFFFFFFFFFFFFFFFFFFFFFFFFFFFFFFFF5E
:20824000FFFFFFFFFFFFFFFFFFFFFFFFFFFFFFFFFFFFFFFFFFFFFFFFFFFFFFFFFFFFFFFF3E
:20826000FFFFFFFFFFFFFFFFFFFFFFFFFFFFFFFFFFFFFFFFFFFFFFFFFFFFFFFFFFFFFFFF1E
:20828000FFFFFFFFFFFFFFFFFFFFFFFFFFFFFFFFFFFFFFFFFFFFFFFFFFFFFFFFFFFFFFFFFE
:2082A000FFFFFFFFFFFFFFFFFFFFFFFFFFFFFFFFFFFFFFFFFFFFFFFFFFFFFFFFFFFFFFFFDE
:2082C000FFFFFFFFFFFFFFFFFFFFFFFFFFFFFFFFFFFFFFFFFFFFFFFFFFFFFFFFFFFFFFFFBE
:2082E000FFFFFFFFFFFFFFFFFFFFFFFFFFFFFFFFFFFFFFFFFFFFFFFFFFFFFFFFFFFFFFFF9E
:20830000FFFFFFFFFFFFFFFFFFFFFFFFFFFFFFFFFFFFFFFFFFFFFFFFFFFFFFFFFFFFFFFF7D
:20832000FFFFFFFFFFFFFFFFFFFFFFFFFFFFFFFFFFFFFFFFFFFFFFFFFFFFFFFFFFFFFFFF5D
:20834000FFFFFFFFFFFFFFFFFFFFFFFFFFFFFFFFFFFFFFFFFFFFFFFFFFFFFFFFFFFFFFFF3D
:20836000FFFFFFFFFFFFFFFFFFFFFFFFFFFFFFFFFFFFFFFFFFFFFFFFFFFFFFFFFFFFFFFF1D
:20838000FFFFFFFFFFFFFFFFFFFFFFFFFFFFFFFFFFFFFFFFFFFFFFFFFFFFFFFFFFFFFFFFFD
:2083A000FFFFFFFFFFFFFFFFFFFFFFFFFFFFFFFFFFFFFFFFFFFFFFFFFFFFFFFFFFFFFFFFDD
:2083C000FFFFFFFFFFFFFFFFFFFFFFFFFFFFFFFFFFFFFFFFFFFFFFFFFFFFFFFFFFFFFFFFBD
:2083E000FFFFFFFFFFFFFFFFFFFFFFFFFFFFFFFFFFFFFFFFFFFFFFFFFFFFFFFFFFFFFFFF9D
:20840000FFFFFFFFFFFFFFFFFFFFFFFFFFFFFFFFFFFFFFFFFFFFFFFFFFFFFFFFFFFFFFFF7C
:20842000FFFFFFFFFFFFFFFFFFFFFFFFFFFFFFFFFFFFFFFFFFFFFFFFFFFFFFFFFFFFFFFF5C
:20844000FFFFFFFFFFFFFFFFFFFFFFFFFFFFFFFFFFFFFFFFFFFFFFFFFFFFFFFFFFFFFFFF3C
:20846000FFFFFFFFFFFFFFFFFFFFFFFFFFFFFFFFFFFFFFFFFFFFFFFFFFFFFFFFFFFFFFFF1C
:20848000FFFFFFFFFFFFFFFFFFFFFFFFFFFFFFFFFFFFFFFFFFFFFFFFFFFFFFFFFFFFFFFFFC
:2084A000FFFFFFFFFFFFFFFFFFFFFFFFFFFFFFFFFFFFFFFFFFFFFFFFFFFFFFFFFFFFFFFFDC
:2084C000FFFFFFFFFFFFFFFFFFFFFFFFFFFFFFFFFFFFFFFFFFFFFFFFFFFFFFFFFFFFFFFFBC
:2084E000FFFFFFFFFFFFFFFFFFFFFFFFFFFFFFFFFFFFFFFFFFFFFFFFFFFFFFFFFFFFFFFF9C
:20850000FFFFFFFFFFFFFFFFFFFFFFFFFFFFFFFFFFFFFFFFFFFFFFFFFFFFFFFFFFFFFFFF7B
:20852000FFFFFFFFFFFFFFFFFFFFFFFFFFFFFFFFFFFFFFFFFFFFFFFFFFFFFFFFFFFFFFFF5B
:20854000FFFFFFFFFFFFFFFFFFFFFFFFFFFFFFFFFFFFFFFFFFFFFFFFFFFFFFFFFFFFFFFF3B
:20856000FFFFFFFFFFFFFFFFFFFFFFFFFFFFFFFFFFFFFFFFFFFFFFFFFFFFFFFFFFFFFFFF1B
:20858000FFFFFFFFFFFFFFFFFFFFFFFFFFFFFFFFFFFFFFFFFFFFFFFFFFFFFFFFFFFFFFFFFB
:2085A000FFFFFFFFFFFFFFFFFFFFFFFFFFFFFFFFFFFFFFFFFFFFFFFFFFFFFFFFFFFFFFFFDB
:2085C000FFFFFFFFFFFFFFFFFFFFFFFFFFFFFFFFFFFFFFFFFFFFFFFFFFFFFFFFFFFFFFFFBB
:2085E000FFFFFFFFFFFFFFFFFFFFFFFFFFFFFFFFFFFFFFFFFFFFFFFFFFFFFFFFFFFFFFFF9B
:20860000FFFFFFFFFFFFFFFFFFFFFFFFFFFFFFFFFFFFFFFFFFFFFFFFFFFFFFFFFFFFFFFF7A
:20862000FFFFFFFFFFFFFFFFFFFFFFFFFFFFFFFFFFFFFFFFFFFFFFFFFFFFFFFFFFFFFFFF5A
:20864000FFFFFFFFFFFFFFFFFFFFFFFFFFFFFFFFFFFFFFFFFFFFFFFFFFFFFFFFFFFFFFFF3A
:20866000FFFFFFFFFFFFFFFFFFFFFFFFFFFFFFFFFFFFFFFFFFFFFFFFFFFFFFFFFFFFFFFF1A
:20868000FFFFFFFFFFFFFFFFFFFFFFFFFFFFFFFFFFFFFFFFFFFFFFFFFFFFFFFFFFFFFFFFFA
:2086A000FFFFFFFFFFFFFFFFFFFFFFFFFFFFFFFFFFFFFFFFFFFFFFFFFFFFFFFFFFFFFFFFDA
:2086C000FFFFFFFFFFFFFFFFFFFFFFFFFFFFFFFFFFFFFFFFFFFFFFFFFFFFFFFFFFFFFFFFBA
:2086E000FFFFFFFFFFFFFFFFFFFFFFFFFFFFFFFFFFFFFFFFFFFFFFFFFFFFFFFFFFFFFFFF9A
:20870000FFFFFFFFFFFFFFFFFFFFFFFFFFFFFFFFFFFFFFFFFFFFFFFFFFFFFFFFFFFFFFFF79
:20872000FFFFFFFFFFFFFFFFFFFFFFFFFFFFFFFFFFFFFFFFFFFFFFFFFFFFFFFFFFFFFFFF59
:20874000FFFFFFFFFFFFFFFFFFFFFFFFFFFFFFFFFFFFFFFFFFFFFFFFFFFFFFFFFFFFFFFF39
:20876000FFFFFFFFFFFFFFFFFFFFFFFFFFFFFFFFFFFFFFFFFFFFFFFFFFFFFFFFFFFFFFFF19
:20878000FFFFFFFFFFFFFFFFFFFFFFFFFFFFFFFFFFFFFFFFFFFFFFFFFFFFFFFFFFFFFFFFF9
:2087A000FFFFFFFFFFFFFFFFFFFFFFFFFFFFFFFFFFFFFFFFFFFFFFFFFFFFFFFFFFFFFFFFD9
:2087C000FFFFFFFFFFFFFFFFFFFFFFFFFFFFFFFFFFFFFFFFFFFFFFFFFFFFFFFFFFFFFFFFB9
:2087E000FFFFFFFFFFFFFFFFFFFFFFFFFFFFFFFFFFFFFFFFFFFFFFFFFFFFFFFFFFFFFFFF99
:20880000FFFFFFFFFFFFFFFFFFFFFFFFFFFFFFFFFFFFFFFFFFFFFFFFFFFFFFFFFFFFFFFF78
:20882000FFFFFFFFFFFFFFFFFFFFFFFFFFFFFFFFFFFFFFFFFFFFFFFFFFFFFFFFFFFFFFFF58
:20884000FFFFFFFFFFFFFFFFFFFFFFFFFFFFFFFFFFFFFFFFFFFFFFFFFFFFFFFFFFFFFFFF38
:20886000FFFFFFFFFFFFFFFFFFFFFFFFFFFFFFFFFFFFFFFFFFFFFFFFFFFFFFFFFFFFFFFF18
:20888000FFFFFFFFFFFFFFFFFFFFFFFFFFFFFFFFFFFFFFFFFFFFFFFFFFFFFFFFFFFFFFFFF8
:2088A000FFFFFFFFFFFFFFFFFFFFFFFFFFFFFFFFFFFFFFFFFFFFFFFFFFFFFFFFFFFFFFFFD8
:2088C000FFFFFFFFFFFFFFFFFFFFFFFFFFFFFFFFFFFFFFFFFFFFFFFFFFFFFFFFFFFFFFFFB8
:2088E000FFFFFFFFFFFFFFFFFFFFFFFFFFFFFFFFFFFFFFFFFFFFFFFFFFFFFFFFFFFFFFFF98
:20890000FFFFFFFFFFFFFFFFFFFFFFFFFFFFFFFFFFFFFFFFFFFFFFFFFFFFFFFFFFFFFFFF77
:20892000FFFFFFFFFFFFFFFFFFFFFFFFFFFFFFFFFFFFFFFFFFFFFFFFFFFFFFFFFFFFFFFF57
:20894000FFFFFFFFFFFFFFFFFFFFFFFFFFFFFFFFFFFFFFFFFFFFFFFFFFFFFFFFFFFFFFFF37
:20896000FFFFFFFFFFFFFFFFFFFFFFFFFFFFFFFFFFFFFFFFFFFFFFFFFFFFFFFFFFFFFFFF17
:20898000FFFFFFFFFFFFFFFFFFFFFFFFFFFFFFFFFFFFFFFFFFFFFFFFFFFFFFFFFFFFFFFFF7
:2089A000FFFFFFFFFFFFFFFFFFFFFFFFFFFFFFFFFFFFFFFFFFFFFFFFFFFFFFFFFFFFFFFFD7
:2089C000FFFFFFFFFFFFFFFFFFFFFFFFFFFFFFFFFFFFFFFFFFFFFFFFFFFFFFFFFFFFFFFFB7
:2089E000FFFFFFFFFFFFFFFFFFFFFFFFFFFFFFFFFFFFFFFFFFFFFFFFFFFFFFFFFFFFFFFF97
:208A0000FFFFFFFFFFFFFFFFFFFFFFFFFFFFFFFFFFFFFFFFFFFFFFFFFFFFFFFFFFFFFFFF76
:208A2000FFFFFFFFFFFFFFFFFFFFFFFFFFFFFFFFFFFFFFFFFFFFFFFFFFFFFFFFFFFFFFFF56
:208A4000FFFFFFFFFFFFFFFFFFFFFFFFFFFFFFFFFFFFFFFFFFFFFFFFFFFFFFFFFFFFFFFF36
:208A6000FFFFFFFFFFFFFFFFFFFFFFFFFFFFFFFFFFFFFFFFFFFFFFFFFFFFFFFFFFFFFFFF16
:208A8000FFFFFFFFFFFFFFFFFFFFFFFFFFFFFFFFFFFFFFFFFFFFFFFFFFFFFFFFFFFFFFFFF6
:208AA000FFFFFFFFFFFFFFFFFFFFFFFFFFFFFFFFFFFFFFFFFFFFFFFFFFFFFFFFFFFFFFFFD6
:208AC000FFFFFFFFFFFFFFFFFFFFFFFFFFFFFFFFFFFFFFFFFFFFFFFFFFFFFFFFFFFFFFFFB6
:208AE000FFFFFFFFFFFFFFFFFFFFFFFFFFFFFFFFFFFFFFFFFFFFFFFFFFFFFFFFFFFFFFFF96
:208B0000FFFFFFFFFFFFFFFFFFFFFFFFFFFFFFFFFFFFFFFFFFFFFFFFFFFFFFFFFFFFFFFF75
:208B2000FFFFFFFFFFFFFFFFFFFFFFFFFFFFFFFFFFFFFFFFFFFFFFFFFFFFFFFFFFFFFFFF55
:208B4000FFFFFFFFFFFFFFFFFFFFFFFFFFFFFFFFFFFFFFFFFFFFFFFFFFFFFFFFFFFFFFFF35
:208B6000FFFFFFFFFFFFFFFFFFFFFFFFFFFFFFFFFFFFFFFFFFFFFFFFFFFFFFFFFFFFFFFF15
:208B8000FFFFFFFFFFFFFFFFFFFFFFFFFFFFFFFFFFFFFFFFFFFFFFFFFFFFFFFFFFFFFFFFF5
:208BA000FFFFFFFFFFFFFFFFFFFFFFFFFFFFFFFFFFFFFFFFFFFFFFFFFFFFFFFFFFFFFFFFD5
:208BC000FFFFFFFFFFFFFFFFFFFFFFFFFFFFFFFFFFFFFFFFFFFFFFFFFFFFFFFFFFFFFFFFB5
:208BE000FFFFFFFFFFFFFFFFFFFFFFFFFFFFFFFFFFFFFFFFFFFFFFFFFFFFFFFFFFFFFFFF95
:208C0000FFFFFFFFFFFFFFFFFFFFFFFFFFFFFFFFFFFFFFFFFFFFFFFFFFFFFFFFFFFFFFFF74
:208C2000FFFFFFFFFFFFFFFFFFFFFFFFFFFFFFFFFFFFFFFFFFFFFFFFFFFFFFFFFFFFFFFF54
:208C4000FFFFFFFFFFFFFFFFFFFFFFFFFFFFFFFFFFFFFFFFFFFFFFFFFFFFFFFFFFFFFFFF34
:208C6000FFFFFFFFFFFFFFFFFFFFFFFFFFFFFFFFFFFFFFFFFFFFFFFFFFFFFFFFFFFFFFFF14
:208C8000FFFFFFFFFFFFFFFFFFFFFFFFFFFFFFFFFFFFFFFFFFFFFFFFFFFFFFFFFFFFFFFFF4
:208CA000FFFFFFFFFFFFFFFFFFFFFFFFFFFFFFFFFFFFFFFFFFFFFFFFFFFFFFFFFFFFFFFFD4
:208CC000FFFFFFFFFFFFFFFFFFFFFFFFFFFFFFFFFFFFFFFFFFFFFFFFFFFFFFFFFFFFFFFFB4
:208CE000FFFFFFFFFFFFFFFFFFFFFFFFFFFFFFFFFFFFFFFFFFFFFFFFFFFFFFFFFFFFFFFF94
:208D0000FFFFFFFFFFFFFFFFFFFFFFFFFFFFFFFFFFFFFFFFFFFFFFFFFFFFFFFFFFFFFFFF73
:208D2000FFFFFFFFFFFFFFFFFFFFFFFFFFFFFFFFFFFFFFFFFFFFFFFFFFFFFFFFFFFFFFFF53
:208D4000FFFFFFFFFFFFFFFFFFFFFFFFFFFFFFFFFFFFFFFFFFFFFFFFFFFFFFFFFFFFFFFF33
:208D6000FFFFFFFFFFFFFFFFFFFFFFFFFFFFFFFFFFFFFFFFFFFFFFFFFFFFFFFFFFFFFFFF13
:208D8000FFFFFFFFFFFFFFFFFFFFFFFFFFFFFFFFFFFFFFFFFFFFFFFFFFFFFFFFFFFFFFFFF3
:208DA000FFFFFFFFFFFFFFFFFFFFFFFFFFFFFFFFFFFFFFFFFFFFFFFFFFFFFFFFFFFFFFFFD3
:208DC000FFFFFFFFFFFFFFFFFFFFFFFFFFFFFFFFFFFFFFFFFFFFFFFFFFFFFFFFFFFFFFFFB3
:208DE000FFFFFFFFFFFFFFFFFFFFFFFFFFFFFFFFFFFFFFFFFFFFFFFFFFFFFFFFFFFFFFFF93
:208E0000FFFFFFFFFFFFFFFFFFFFFFFFFFFFFFFFFFFFFFFFFFFFFFFFFFFFFFFFFFFFFFFF72
:208E2000FFFFFFFFFFFFFFFFFFFFFFFFFFFFFFFFFFFFFFFFFFFFFFFFFFFFFFFFFFFFFFFF52
:208E4000FFFFFFFFFFFFFFFFFFFFFFFFFFFFFFFFFFFFFFFFFFFFFFFFFFFFFFFFFFFFFFFF32
:208E6000FFFFFFFFFFFFFFFFFFFFFFFFFFFFFFFFFFFFFFFFFFFFFFFFFFFFFFFFFFFFFFFF12
:208E8000FFFFFFFFFFFFFFFFFFFFFFFFFFFFFFFFFFFFFFFFFFFFFFFFFFFFFFFFFFFFFFFFF2
:208EA000FFFFFFFFFFFFFFFFFFFFFFFFFFFFFFFFFFFFFFFFFFFFFFFFFFFFFFFFFFFFFFFFD2
:208EC000FFFFFFFFFFFFFFFFFFFFFFFFFFFFFFFFFFFFFFFFFFFFFFFFFFFFFFFFFFFFFFFFB2
:208EE000FFFFFFFFFFFFFFFFFFFFFFFFFFFFFFFFFFFFFFFFFFFFFFFFFFFFFFFFFFFFFFFF92
:208F0000FFFFFFFFFFFFFFFFFFFFFFFFFFFFFFFFFFFFFFFFFFFFFFFFFFFFFFFFFFFFFFFF71
:208F2000FFFFFFFFFFFFFFFFFFFFFFFFFFFFFFFFFFFFFFFFFFFFFFFFFFFFFFFFFFFFFFFF51
:208F4000FFFFFFFFFFFFFFFFFFFFFFFFFFFFFFFFFFFFFFFFFFFFFFFFFFFFFFFFFFFFFFFF31
:208F6000FFFFFFFFFFFFFFFFFFFFFFFFFFFFFFFFFFFFFFFFFFFFFFFFFFFFFFFFFFFFFFFF11
:208F8000FFFFFFFFFFFFFFFFFFFFFFFFFFFFFFFFFFFFFFFFFFFFFFFFFFFFFFFFFFFFFFFFF1
:208FA000FFFFFFFFFFFFFFFFFFFFFFFFFFFFFFFFFFFFFFFFFFFFFFFFFFFFFFFFFFFFFFFFD1
:208FC000FFFFFFFFFFFFFFFFFFFFFFFFFFFFFFFFFFFFFFFFFFFFFFFFFFFFFFFFFFFFFFFFB1
:208FE000FFFFFFFFFFFFFFFFFFFFFFFFFFFFFFFFFFFFFFFFFFFFFFFFFFFFFFFFFFFFFFFF91
:20900000FFFFFFFFFFFFFFFFFFFFFFFFFFFFFFFFFFFFFFFFFFFFFFFFFFFFFFFFFFFFFFFF70
:20902000FFFFFFFFFFFFFFFFFFFFFFFFFFFFFFFFFFFFFFFFFFFFFFFFFFFFFFFFFFFFFFFF50
:20904000FFFFFFFFFFFFFFFFFFFFFFFFFFFFFFFFFFFFFFFFFFFFFFFFFFFFFFFFFFFFFFFF30
:20906000FFFFFFFFFFFFFFFFFFFFFFFFFFFFFFFFFFFFFFFFFFFFFFFFFFFFFFFFFFFFFFFF10
:20908000FFFFFFFFFFFFFFFFFFFFFFFFFFFFFFFFFFFFFFFFFFFFFFFFFFFFFFFFFFFFFFFFF0
:2090A000FFFFFFFFFFFFFFFFFFFFFFFFFFFFFFFFFFFFFFFFFFFFFFFFFFFFFFFFFFFFFFFFD0
:2090C000FFFFFFFFFFFFFFFFFFFFFFFFFFFFFFFFFFFFFFFFFFFFFFFFFFFFFFFFFFFFFFFFB0
:2090E000FFFFFFFFFFFFFFFFFFFFFFFFFFFFFFFFFFFFFFFFFFFFFFFFFFFFFFFFFFFFFFFF90
:20910000FFFFFFFFFFFFFFFFFFFFFFFFFFFFFFFFFFFFFFFFFFFFFFFFFFFFFFFFFFFFFFFF6F
:20912000FFFFFFFFFFFFFFFFFFFFFFFFFFFFFFFFFFFFFFFFFFFFFFFFFFFFFFFFFFFFFFFF4F
:20914000FFFFFFFFFFFFFFFFFFFFFFFFFFFFFFFFFFFFFFFFFFFFFFFFFFFFFFFFFFFFFFFF2F
:20916000FFFFFFFFFFFFFFFFFFFFFFFFFFFFFFFFFFFFFFFFFFFFFFFFFFFFFFFFFFFFFFFF0F
:20918000FFFFFFFFFFFFFFFFFFFFFFFFFFFFFFFFFFFFFFFFFFFFFFFFFFFFFFFFFFFFFFFFEF
:2091A000FFFFFFFFFFFFFFFFFFFFFFFFFFFFFFFFFFFFFFFFFFFFFFFFFFFFFFFFFFFFFFFFCF
:2091C000FFFFFFFFFFFFFFFFFFFFFFFFFFFFFFFFFFFFFFFFFFFFFFFFFFFFFFFFFFFFFFFFAF
:2091E000FFFFFFFFFFFFFFFFFFFFFFFFFFFFFFFFFFFFFFFFFFFFFFFFFFFFFFFFFFFFFFFF8F
:20920000FFFFFFFFFFFFFFFFFFFFFFFFFFFFFFFFFFFFFFFFFFFFFFFFFFFFFFFFFFFFFFFF6E
:20922000FFFFFFFFFFFFFFFFFFFFFFFFFFFFFFFFFFFFFFFFFFFFFFFFFFFFFFFFFFFFFFFF4E
:20924000FFFFFFFFFFFFFFFFFFFFFFFFFFFFFFFFFFFFFFFFFFFFFFFFFFFFFFFFFFFFFFFF2E
:20926000FFFFFFFFFFFFFFFFFFFFFFFFFFFFFFFFFFFFFFFFFFFFFFFFFFFFFFFFFFFFFFFF0E
:20928000FFFFFFFFFFFFFFFFFFFFFFFFFFFFFFFFFFFFFFFFFFFFFFFFFFFFFFFFFFFFFFFFEE
:2092A000FFFFFFFFFFFFFFFFFFFFFFFFFFFFFFFFFFFFFFFFFFFFFFFFFFFFFFFFFFFFFFFFCE
:2092C000FFFFFFFFFFFFFFFFFFFFFFFFFFFFFFFFFFFFFFFFFFFFFFFFFFFFFFFFFFFFFFFFAE
:2092E000FFFFFFFFFFFFFFFFFFFFFFFFFFFFFFFFFFFFFFFFFFFFFFFFFFFFFFFFFFFFFFFF8E
:20930000FFFFFFFFFFFFFFFFFFFFFFFFFFFFFFFFFFFFFFFFFFFFFFFFFFFFFFFFFFFFFFFF6D
:20932000FFFFFFFFFFFFFFFFFFFFFFFFFFFFFFFFFFFFFFFFFFFFFFFFFFFFFFFFFFFFFFFF4D
:20934000FFFFFFFFFFFFFFFFFFFFFFFFFFFFFFFFFFFFFFFFFFFFFFFFFFFFFFFFFFFFFFFF2D
:20936000FFFFFFFFFFFFFFFFFFFFFFFFFFFFFFFFFFFFFFFFFFFFFFFFFFFFFFFFFFFFFFFF0D
:20938000FFFFFFFFFFFFFFFFFFFFFFFFFFFFFFFFFFFFFFFFFFFFFFFFFFFFFFFFFFFFFFFFED
:2093A000FFFFFFFFFFFFFFFFFFFFFFFFFFFFFFFFFFFFFFFFFFFFFFFFFFFFFFFFFFFFFFFFCD
:2093C000FFFFFFFFFFFFFFFFFFFFFFFFFFFFFFFFFFFFFFFFFFFFFFFFFFFFFFFFFFFFFFFFAD
:2093E000FFFFFFFFFFFFFFFFFFFFFFFFFFFFFFFFFFFFFFFFFFFFFFFFFFFFFFFFFFFFFFFF8D
:20940000FFFFFFFFFFFFFFFFFFFFFFFFFFFFFFFFFFFFFFFFFFFFFFFFFFFFFFFFFFFFFFFF6C
:20942000FFFFFFFFFFFFFFFFFFFFFFFFFFFFFFFFFFFFFFFFFFFFFFFFFFFFFFFFFFFFFFFF4C
:20944000FFFFFFFFFFFFFFFFFFFFFFFFFFFFFFFFFFFFFFFFFFFFFFFFFFFFFFFFFFFFFFFF2C
:20946000FFFFFFFFFFFFFFFFFFFFFFFFFFFFFFFFFFFFFFFFFFFFFFFFFFFFFFFFFFFFFFFF0C
:20948000FFFFFFFFFFFFFFFFFFFFFFFFFFFFFFFFFFFFFFFFFFFFFFFFFFFFFFFFFFFFFFFFEC
:2094A000FFFFFFFFFFFFFFFFFFFFFFFFFFFFFFFFFFFFFFFFFFFFFFFFFFFFFFFFFFFFFFFFCC
:2094C000FFFFFFFFFFFFFFFFFFFFFFFFFFFFFFFFFFFFFFFFFFFFFFFFFFFFFFFFFFFFFFFFAC
:2094E000FFFFFFFFFFFFFFFFFFFFFFFFFFFFFFFFFFFFFFFFFFFFFFFFFFFFFFFFFFFFFFFF8C
:20950000FFFFFFFFFFFFFFFFFFFFFFFFFFFFFFFFFFFFFFFFFFFFFFFFFFFFFFFFFFFFFFFF6B
:20952000FFFFFFFFFFFFFFFFFFFFFFFFFFFFFFFFFFFFFFFFFFFFFFFFFFFFFFFFFFFFFFFF4B
:20954000FFFFFFFFFFFFFFFFFFFFFFFFFFFFFFFFFFFFFFFFFFFFFFFFFFFFFFFFFFFFFFFF2B
:20956000FFFFFFFFFFFFFFFFFFFFFFFFFFFFFFFFFFFFFFFFFFFFFFFFFFFFFFFFFFFFFFFF0B
:20958000FFFFFFFFFFFFFFFFFFFFFFFFFFFFFFFFFFFFFFFFFFFFFFFFFFFFFFFFFFFFFFFFEB
:2095A000FFFFFFFFFFFFFFFFFFFFFFFFFFFFFFFFFFFFFFFFFFFFFFFFFFFFFFFFFFFFFFFFCB
:2095C000FFFFFFFFFFFFFFFFFFFFFFFFFFFFFFFFFFFFFFFFFFFFFFFFFFFFFFFFFFFFFFFFAB
:2095E000FFFFFFFFFFFFFFFFFFFFFFFFFFFFFFFFFFFFFFFFFFFFFFFFFFFFFFFFFFFFFFFF8B
:20960000FFFFFFFFFFFFFFFFFFFFFFFFFFFFFFFFFFFFFFFFFFFFFFFFFFFFFFFFFFFFFFFF6A
:20962000FFFFFFFFFFFFFFFFFFFFFFFFFFFFFFFFFFFFFFFFFFFFFFFFFFFFFFFFFFFFFFFF4A
:20964000FFFFFFFFFFFFFFFFFFFFFFFFFFFFFFFFFFFFFFFFFFFFFFFFFFFFFFFFFFFFFFFF2A
:20966000FFFFFFFFFFFFFFFFFFFFFFFFFFFFFFFFFFFFFFFFFFFFFFFFFFFFFFFFFFFFFFFF0A
:20968000FFFFFFFFFFFFFFFFFFFFFFFFFFFFFFFFFFFFFFFFFFFFFFFFFFFFFFFFFFFFFFFFEA
:2096A000FFFFFFFFFFFFFFFFFFFFFFFFFFFFFFFFFFFFFFFFFFFFFFFFFFFFFFFFFFFFFFFFCA
:2096C000FFFFFFFFFFFFFFFFFFFFFFFFFFFFFFFFFFFFFFFFFFFFFFFFFFFFFFFFFFFFFFFFAA
:2096E000FFFFFFFFFFFFFFFFFFFFFFFFFFFFFFFFFFFFFFFFFFFFFFFFFFFFFFFFFFFFFFFF8A
:20970000FFFFFFFFFFFFFFFFFFFFFFFFFFFFFFFFFFFFFFFFFFFFFFFFFFFFFFFFFFFFFFFF69
:20972000FFFFFFFFFFFFFFFFFFFFFFFFFFFFFFFFFFFFFFFFFFFFFFFFFFFFFFFFFFFFFFFF49
:20974000FFFFFFFFFFFFFFFFFFFFFFFFFFFFFFFFFFFFFFFFFFFFFFFFFFFFFFFFFFFFFFFF29
:20976000FFFFFFFFFFFFFFFFFFFFFFFFFFFFFFFFFFFFFFFFFFFFFFFFFFFFFFFFFFFFFFFF09
:20978000FFFFFFFFFFFFFFFFFFFFFFFFFFFFFFFFFFFFFFFFFFFFFFFFFFFFFFFFFFFFFFFFE9
:2097A000FFFFFFFFFFFFFFFFFFFFFFFFFFFFFFFFFFFFFFFFFFFFFFFFFFFFFFFFFFFFFFFFC9
:2097C000FFFFFFFFFFFFFFFFFFFFFFFFFFFFFFFFFFFFFFFFFFFFFFFFFFFFFFFFFFFFFFFFA9
:2097E000FFFFFFFFFFFFFFFFFFFFFFFFFFFFFFFFFFFFFFFFFFFFFFFFFFFFFFFFFFFFFFFF89
:20980000FFFFFFFFFFFFFFFFFFFFFFFFFFFFFFFFFFFFFFFFFFFFFFFFFFFFFFFFFFFFFFFF68
:20982000FFFFFFFFFFFFFFFFFFFFFFFFFFFFFFFFFFFFFFFFFFFFFFFFFFFFFFFFFFFFFFFF48
:20984000FFFFFFFFFFFFFFFFFFFFFFFFFFFFFFFFFFFFFFFFFFFFFFFFFFFFFFFFFFFFFFFF28
:20986000FFFFFFFFFFFFFFFFFFFFFFFFFFFFFFFFFFFFFFFFFFFFFFFFFFFFFFFFFFFFFFFF08
:20988000FFFFFFFFFFFFFFFFFFFFFFFFFFFFFFFFFFFFFFFFFFFFFFFFFFFFFFFFFFFFFFFFE8
:2098A000FFFFFFFFFFFFFFFFFFFFFFFFFFFFFFFFFFFFFFFFFFFFFFFFFFFFFFFFFFFFFFFFC8
:2098C000FFFFFFFFFFFFFFFFFFFFFFFFFFFFFFFFFFFFFFFFFFFFFFFFFFFFFFFFFFFFFFFFA8
:2098E000FFFFFFFFFFFFFFFFFFFFFFFFFFFFFFFFFFFFFFFFFFFFFFFFFFFFFFFFFFFFFFFF88
:20990000FFFFFFFFFFFFFFFFFFFFFFFFFFFFFFFFFFFFFFFFFFFFFFFFFFFFFFFFFFFFFFFF67
:20992000FFFFFFFFFFFFFFFFFFFFFFFFFFFFFFFFFFFFFFFFFFFFFFFFFFFFFFFFFFFFFFFF47
:20994000FFFFFFFFFFFFFFFFFFFFFFFFFFFFFFFFFFFFFFFFFFFFFFFFFFFFFFFFFFFFFFFF27
:20996000FFFFFFFFFFFFFFFFFFFFFFFFFFFFFFFFFFFFFFFFFFFFFFFFFFFFFFFFFFFFFFFF07
:20998000FFFFFFFFFFFFFFFFFFFFFFFFFFFFFFFFFFFFFFFFFFFFFFFFFFFFFFFFFFFFFFFFE7
:2099A000FFFFFFFFFFFFFFFFFFFFFFFFFFFFFFFFFFFFFFFFFFFFFFFFFFFFFFFFFFFFFFFFC7
:2099C000FFFFFFFFFFFFFFFFFFFFFFFFFFFFFFFFFFFFFFFFFFFFFFFFFFFFFFFFFFFFFFFFA7
:2099E000FFFFFFFFFFFFFFFFFFFFFFFFFFFFFFFFFFFFFFFFFFFFFFFFFFFFFFFFFFFFFFFF87
:209A0000FFFFFFFFFFFFFFFFFFFFFFFFFFFFFFFFFFFFFFFFFFFFFFFFFFFFFFFFFFFFFFFF66
:209A2000FFFFFFFFFFFFFFFFFFFFFFFFFFFFFFFFFFFFFFFFFFFFFFFFFFFFFFFFFFFFFFFF46
:209A4000FFFFFFFFFFFFFFFFFFFFFFFFFFFFFFFFFFFFFFFFFFFFFFFFFFFFFFFFFFFFFFFF26
:209A6000FFFFFFFFFFFFFFFFFFFFFFFFFFFFFFFFFFFFFFFFFFFFFFFFFFFFFFFFFFFFFFFF06
:209A8000FFFFFFFFFFFFFFFFFFFFFFFFFFFFFFFFFFFFFFFFFFFFFFFFFFFFFFFFFFFFFFFFE6
:209AA000FFFFFFFFFFFFFFFFFFFFFFFFFFFFFFFFFFFFFFFFFFFFFFFFFFFFFFFFFFFFFFFFC6
:209AC000FFFFFFFFFFFFFFFFFFFFFFFFFFFFFFFFFFFFFFFFFFFFFFFFFFFFFFFFFFFFFFFFA6
:209AE000FFFFFFFFFFFFFFFFFFFFFFFFFFFFFFFFFFFFFFFFFFFFFFFFFFFFFFFFFFFFFFFF86
:209B0000FFFFFFFFFFFFFFFFFFFFFFFFFFFFFFFFFFFFFFFFFFFFFFFFFFFFFFFFFFFFFFFF65
:209B2000FFFFFFFFFFFFFFFFFFFFFFFFFFFFFFFFFFFFFFFFFFFFFFFFFFFFFFFFFFFFFFFF45
:209B4000FFFFFFFFFFFFFFFFFFFFFFFFFFFFFFFFFFFFFFFFFFFFFFFFFFFFFFFFFFFFFFFF25
:209B6000FFFFFFFFFFFFFFFFFFFFFFFFFFFFFFFFFFFFFFFFFFFFFFFFFFFFFFFFFFFFFFFF05
:209B8000FFFFFFFFFFFFFFFFFFFFFFFFFFFFFFFFFFFFFFFFFFFFFFFFFFFFFFFFFFFFFFFFE5
:209BA000FFFFFFFFFFFFFFFFFFFFFFFFFFFFFFFFFFFFFFFFFFFFFFFFFFFFFFFFFFFFFFFFC5
:209BC000FFFFFFFFFFFFFFFFFFFFFFFFFFFFFFFFFFFFFFFFFFFFFFFFFFFFFFFFFFFFFFFFA5
:209BE000FFFFFFFFFFFFFFFFFFFFFFFFFFFFFFFFFFFFFFFFFFFFFFFFFFFFFFFFFFFFFFFF85
:209C0000FFFFFFFFFFFFFFFFFFFFFFFFFFFFFFFFFFFFFFFFFFFFFFFFFFFFFFFFFFFFFFFF64
:209C2000FFFFFFFFFFFFFFFFFFFFFFFFFFFFFFFFFFFFFFFFFFFFFFFFFFFFFFFFFFFFFFFF44
:209C4000FFFFFFFFFFFFFFFFFFFFFFFFFFFFFFFFFFFFFFFFFFFFFFFFFFFFFFFFFFFFFFFF24
:209C6000FFFFFFFFFFFFFFFFFFFFFFFFFFFFFFFFFFFFFFFFFFFFFFFFFFFFFFFFFFFFFFFF04
:209C8000FFFFFFFFFFFFFFFFFFFFFFFFFFFFFFFFFFFFFFFFFFFFFFFFFFFFFFFFFFFFFFFFE4
:209CA000FFFFFFFFFFFFFFFFFFFFFFFFFFFFFFFFFFFFFFFFFFFFFFFFFFFFFFFFFFFFFFFFC4
:209CC000FFFFFFFFFFFFFFFFFFFFFFFFFFFFFFFFFFFFFFFFFFFFFFFFFFFFFFFFFFFFFFFFA4
:209CE000FFFFFFFFFFFFFFFFFFFFFFFFFFFFFFFFFFFFFFFFFFFFFFFFFFFFFFFFFFFFFFFF84
:209D0000FFFFFFFFFFFFFFFFFFFFFFFFFFFFFFFFFFFFFFFFFFFFFFFFFFFFFFFFFFFFFFFF63
:209D2000FFFFFFFFFFFFFFFFFFFFFFFFFFFFFFFFFFFFFFFFFFFFFFFFFFFFFFFFFFFFFFFF43
:209D4000FFFFFFFFFFFFFFFFFFFFFFFFFFFFFFFFFFFFFFFFFFFFFFFFFFFFFFFFFFFFFFFF23
:209D6000FFFFFFFFFFFFFFFFFFFFFFFFFFFFFFFFFFFFFFFFFFFFFFFFFFFFFFFFFFFFFFFF03
:209D8000FFFFFFFFFFFFFFFFFFFFFFFFFFFFFFFFFFFFFFFFFFFFFFFFFFFFFFFFFFFFFFFFE3
:209DA000FFFFFFFFFFFFFFFFFFFFFFFFFFFFFFFFFFFFFFFFFFFFFFFFFFFFFFFFFFFFFFFFC3
:209DC000FFFFFFFFFFFFFFFFFFFFFFFFFFFFFFFFFFFFFFFFFFFFFFFFFFFFFFFFFFFFFFFFA3
:209DE000FFFFFFFFFFFFFFFFFFFFFFFFFFFFFFFFFFFFFFFFFFFFFFFFFFFFFFFFFFFFFFFF83
:209E0000FFFFFFFFFFFFFFFFFFFFFFFFFFFFFFFFFFFFFFFFFFFFFFFFFFFFFFFFFFFFFFFF62
:209E2000FFFFFFFFFFFFFFFFFFFFFFFFFFFFFFFFFFFFFFFFFFFFFFFFFFFFFFFFFFFFFFFF42
:209E4000FFFFFFFFFFFFFFFFFFFFFFFFFFFFFFFFFFFFFFFFFFFFFFFFFFFFFFFFFFFFFFFF22
:209E6000FFFFFFFFFFFFFFFFFFFFFFFFFFFFFFFFFFFFFFFFFFFFFFFFFFFFFFFFFFFFFFFF02
:209E8000FFFFFFFFFFFFFFFFFFFFFFFFFFFFFFFFFFFFFFFFFFFFFFFFFFFFFFFFFFFFFFFFE2
:209EA000FFFFFFFFFFFFFFFFFFFFFFFFFFFFFFFFFFFFFFFFFFFFFFFFFFFFFFFFFFFFFFFFC2
:209EC000FFFFFFFFFFFFFFFFFFFFFFFFFFFFFFFFFFFFFFFFFFFFFFFFFFFFFFFFFFFFFFFFA2
:209EE000FFFFFFFFFFFFFFFFFFFFFFFFFFFFFFFFFFFFFFFFFFFFFFFFFFFFFFFFFFFFFFFF82
:209F0000FFFFFFFFFFFFFFFFFFFFFFFFFFFFFFFFFFFFFFFFFFFFFFFFFFFFFFFFFFFFFFFF61
:209F2000FFFFFFFFFFFFFFFFFFFFFFFFFFFFFFFFFFFFFFFFFFFFFFFFFFFFFFFFFFFFFFFF41
:209F4000FFFFFFFFFFFFFFFFFFFFFFFFFFFFFFFFFFFFFFFFFFFFFFFFFFFFFFFFFFFFFFFF21
:209F6000FFFFFFFFFFFFFFFFFFFFFFFFFFFFFFFFFFFFFFFFFFFFFFFFFFFFFFFFFFFFFFFF01
:209F8000FFFFFFFFFFFFFFFFFFFFFFFFFFFFFFFFFFFFFFFFFFFFFFFFFFFFFFFFFFFFFFFFE1
:209FA000FFFFFFFFFFFFFFFFFFFFFFFFFFFFFFFFFFFFFFFFFFFFFFFFFFFFFFFFFFFFFFFFC1
:209FC000FFFFFFFFFFFFFFFFFFFFFFFFFFFFFFFFFFFFFFFFFFFFFFFFFFFFFFFFFFFFFFFFA1
:209FE000FFFFFFFFFFFFFFFFFFFFFFFFFFFFFFFFFFFFFFFFFFFFFFFFFFFFFFFFFFFFFFFF81
:20A00000FFFFFFFFFFFFFFFFFFFFFFFFFFFFFFFFFFFFFFFFFFFFFFFFFFFFFFFFFFFFFFFF60
:20A02000FFFFFFFFFFFFFFFFFFFFFFFFFFFFFFFFFFFFFFFFFFFFFFFFFFFFFFFFFFFFFFFF40
:20A04000FFFFFFFFFFFFFFFFFFFFFFFFFFFFFFFFFFFFFFFFFFFFFFFFFFFFFFFFFFFFFFFF20
:20A06000FFFFFFFFFFFFFFFFFFFFFFFFFFFFFFFFFFFFFFFFFFFFFFFFFFFFFFFFFFFFFFFF00
:20A08000FFFFFFFFFFFFFFFFFFFFFFFFFFFFFFFFFFFFFFFFFFFFFFFFFFFFFFFFFFFFFFFFE0
:20A0A000FFFFFFFFFFFFFFFFFFFFFFFFFFFFFFFFFFFFFFFFFFFFFFFFFFFFFFFFFFFFFFFFC0
:20A0C000FFFFFFFFFFFFFFFFFFFFFFFFFFFFFFFFFFFFFFFFFFFFFFFFFFFFFFFFFFFFFFFFA0
:20A0E000FFFFFFFFFFFFFFFFFFFFFFFFFFFFFFFFFFFFFFFFFFFFFFFFFFFFFFFFFFFFFFFF80
:20A10000FFFFFFFFFFFFFFFFFFFFFFFFFFFFFFFFFFFFFFFFFFFFFFFFFFFFFFFFFFFFFFFF5F
:20A12000FFFFFFFFFFFFFFFFFFFFFFFFFFFFFFFFFFFFFFFFFFFFFFFFFFFFFFFFFFFFFFFF3F
:20A14000FFFFFFFFFFFFFFFFFFFFFFFFFFFFFFFFFFFFFFFFFFFFFFFFFFFFFFFFFFFFFFFF1F
:20A16000FFFFFFFFFFFFFFFFFFFFFFFFFFFFFFFFFFFFFFFFFFFFFFFFFFFFFFFFFFFFFFFFFF
:20A18000FFFFFFFFFFFFFFFFFFFFFFFFFFFFFFFFFFFFFFFFFFFFFFFFFFFFFFFFFFFFFFFFDF
:20A1A000FFFFFFFFFFFFFFFFFFFFFFFFFFFFFFFFFFFFFFFFFFFFFFFFFFFFFFFFFFFFFFFFBF
:20A1C000FFFFFFFFFFFFFFFFFFFFFFFFFFFFFFFFFFFFFFFFFFFFFFFFFFFFFFFFFFFFFFFF9F
:20A1E000FFFFFFFFFFFFFFFFFFFFFFFFFFFFFFFFFFFFFFFFFFFFFFFFFFFFFFFFFFFFFFFF7F
:20A20000FFFFFFFFFFFFFFFFFFFFFFFFFFFFFFFFFFFFFFFFFFFFFFFFFFFFFFFFFFFFFFFF5E
:20A22000FFFFFFFFFFFFFFFFFFFFFFFFFFFFFFFFFFFFFFFFFFFFFFFFFFFFFFFFFFFFFFFF3E
:20A24000FFFFFFFFFFFFFFFFFFFFFFFFFFFFFFFFFFFFFFFFFFFFFFFFFFFFFFFFFFFFFFFF1E
:20A26000FFFFFFFFFFFFFFFFFFFFFFFFFFFFFFFFFFFFFFFFFFFFFFFFFFFFFFFFFFFFFFFFFE
:20A28000FFFFFFFFFFFFFFFFFFFFFFFFFFFFFFFFFFFFFFFFFFFFFFFFFFFFFFFFFFFFFFFFDE
:20A2A000FFFFFFFFFFFFFFFFFFFFFFFFFFFFFFFFFFFFFFFFFFFFFFFFFFFFFFFFFFFFFFFFBE
:20A2C000FFFFFFFFFFFFFFFFFFFFFFFFFFFFFFFFFFFFFFFFFFFFFFFFFFFFFFFFFFFFFFFF9E
:20A2E000FFFFFFFFFFFFFFFFFFFFFFFFFFFFFFFFFFFFFFFFFFFFFFFFFFFFFFFFFFFFFFFF7E
:20A30000FFFFFFFFFFFFFFFFFFFFFFFFFFFFFFFFFFFFFFFFFFFFFFFFFFFFFFFFFFFFFFFF5D
:20A32000FFFFFFFFFFFFFFFFFFFFFFFFFFFFFFFFFFFFFFFFFFFFFFFFFFFFFFFFFFFFFFFF3D
:20A34000FFFFFFFFFFFFFFFFFFFFFFFFFFFFFFFFFFFFFFFFFFFFFFFFFFFFFFFFFFFFFFFF1D
:20A36000FFFFFFFFFFFFFFFFFFFFFFFFFFFFFFFFFFFFFFFFFFFFFFFFFFFFFFFFFFFFFFFFFD
:20A38000FFFFFFFFFFFFFFFFFFFFFFFFFFFFFFFFFFFFFFFFFFFFFFFFFFFFFFFFFFFFFFFFDD
:20A3A000FFFFFFFFFFFFFFFFFFFFFFFFFFFFFFFFFFFFFFFFFFFFFFFFFFFFFFFFFFFFFFFFBD
:20A3C000FFFFFFFFFFFFFFFFFFFFFFFFFFFFFFFFFFFFFFFFFFFFFFFFFFFFFFFFFFFFFFFF9D
:20A3E000FFFFFFFFFFFFFFFFFFFFFFFFFFFFFFFFFFFFFFFFFFFFFFFFFFFFFFFFFFFFFFFF7D
:20A40000FFFFFFFFFFFFFFFFFFFFFFFFFFFFFFFFFFFFFFFFFFFFFFFFFFFFFFFFFFFFFFFF5C
:20A42000FFFFFFFFFFFFFFFFFFFFFFFFFFFFFFFFFFFFFFFFFFFFFFFFFFFFFFFFFFFFFFFF3C
:20A44000FFFFFFFFFFFFFFFFFFFFFFFFFFFFFFFFFFFFFFFFFFFFFFFFFFFFFFFFFFFFFFFF1C
:20A46000FFFFFFFFFFFFFFFFFFFFFFFFFFFFFFFFFFFFFFFFFFFFFFFFFFFFFFFFFFFFFFFFFC
:20A48000FFFFFFFFFFFFFFFFFFFFFFFFFFFFFFFFFFFFFFFFFFFFFFFFFFFFFFFFFFFFFFFFDC
:20A4A000FFFFFFFFFFFFFFFFFFFFFFFFFFFFFFFFFFFFFFFFFFFFFFFFFFFFFFFFFFFFFFFFBC
:20A4C000FFFFFFFFFFFFFFFFFFFFFFFFFFFFFFFFFFFFFFFFFFFFFFFFFFFFFFFFFFFFFFFF9C
:20A4E000FFFFFFFFFFFFFFFFFFFFFFFFFFFFFFFFFFFFFFFFFFFFFFFFFFFFFFFFFFFFFFFF7C
:20A50000FFFFFFFFFFFFFFFFFFFFFFFFFFFFFFFFFFFFFFFFFFFFFFFFFFFFFFFFFFFFFFFF5B
:20A52000FFFFFFFFFFFFFFFFFFFFFFFFFFFFFFFFFFFFFFFFFFFFFFFFFFFFFFFFFFFFFFFF3B
:20A54000FFFFFFFFFFFFFFFFFFFFFFFFFFFFFFFFFFFFFFFFFFFFFFFFFFFFFFFFFFFFFFFF1B
:20A56000FFFFFFFFFFFFFFFFFFFFFFFFFFFFFFFFFFFFFFFFFFFFFFFFFFFFFFFFFFFFFFFFFB
:20A58000FFFFFFFFFFFFFFFFFFFFFFFFFFFFFFFFFFFFFFFFFFFFFFFFFFFFFFFFFFFFFFFFDB
:20A5A000FFFFFFFFFFFFFFFFFFFFFFFFFFFFFFFFFFFFFFFFFFFFFFFFFFFFFFFFFFFFFFFFBB
:20A5C000FFFFFFFFFFFFFFFFFFFFFFFFFFFFFFFFFFFFFFFFFFFFFFFFFFFFFFFFFFFFFFFF9B
:20A5E000FFFFFFFFFFFFFFFFFFFFFFFFFFFFFFFFFFFFFFFFFFFFFFFFFFFFFFFFFFFFFFFF7B
:20A60000FFFFFFFFFFFFFFFFFFFFFFFFFFFFFFFFFFFFFFFFFFFFFFFFFFFFFFFFFFFFFFFF5A
:20A62000FFFFFFFFFFFFFFFFFFFFFFFFFFFFFFFFFFFFFFFFFFFFFFFFFFFFFFFFFFFFFFFF3A
:20A64000FFFFFFFFFFFFFFFFFFFFFFFFFFFFFFFFFFFFFFFFFFFFFFFFFFFFFFFFFFFFFFFF1A
:20A66000FFFFFFFFFFFFFFFFFFFFFFFFFFFFFFFFFFFFFFFFFFFFFFFFFFFFFFFFFFFFFFFFFA
:20A68000FFFFFFFFFFFFFFFFFFFFFFFFFFFFFFFFFFFFFFFFFFFFFFFFFFFFFFFFFFFFFFFFDA
:20A6A000FFFFFFFFFFFFFFFFFFFFFFFFFFFFFFFFFFFFFFFFFFFFFFFFFFFFFFFFFFFFFFFFBA
:20A6C000FFFFFFFFFFFFFFFFFFFFFFFFFFFFFFFFFFFFFFFFFFFFFFFFFFFFFFFFFFFFFFFF9A
:20A6E000FFFFFFFFFFFFFFFFFFFFFFFFFFFFFFFFFFFFFFFFFFFFFFFFFFFFFFFFFFFFFFFF7A
:20A70000FFFFFFFFFFFFFFFFFFFFFFFFFFFFFFFFFFFFFFFFFFFFFFFFFFFFFFFFFFFFFFFF59
:20A72000FFFFFFFFFFFFFFFFFFFFFFFFFFFFFFFFFFFFFFFFFFFFFFFFFFFFFFFFFFFFFFFF39
:20A74000FFFFFFFFFFFFFFFFFFFFFFFFFFFFFFFFFFFFFFFFFFFFFFFFFFFFFFFFFFFFFFFF19
:20A76000FFFFFFFFFFFFFFFFFFFFFFFFFFFFFFFFFFFFFFFFFFFFFFFFFFFFFFFFFFFFFFFFF9
:20A78000FFFFFFFFFFFFFFFFFFFFFFFFFFFFFFFFFFFFFFFFFFFFFFFFFFFFFFFFFFFFFFFFD9
:20A7A000FFFFFFFFFFFFFFFFFFFFFFFFFFFFFFFFFFFFFFFFFFFFFFFFFFFFFFFFFFFFFFFFB9
:20A7C000FFFFFFFFFFFFFFFFFFFFFFFFFFFFFFFFFFFFFFFFFFFFFFFFFFFFFFFFFFFFFFFF99
:20A7E000FFFFFFFFFFFFFFFFFFFFFFFFFFFFFFFFFFFFFFFFFFFFFFFFFFFFFFFFFFFFFFFF79
:20A80000FFFFFFFFFFFFFFFFFFFFFFFFFFFFFFFFFFFFFFFFFFFFFFFFFFFFFFFFFFFFFFFF58
:20A82000FFFFFFFFFFFFFFFFFFFFFFFFFFFFFFFFFFFFFFFFFFFFFFFFFFFFFFFFFFFFFFFF38
:20A84000FFFFFFFFFFFFFFFFFFFFFFFFFFFFFFFFFFFFFFFFFFFFFFFFFFFFFFFFFFFFFFFF18
:20A86000FFFFFFFFFFFFFFFFFFFFFFFFFFFFFFFFFFFFFFFFFFFFFFFFFFFFFFFFFFFFFFFFF8
:20A88000FFFFFFFFFFFFFFFFFFFFFFFFFFFFFFFFFFFFFFFFFFFFFFFFFFFFFFFFFFFFFFFFD8
:20A8A000FFFFFFFFFFFFFFFFFFFFFFFFFFFFFFFFFFFFFFFFFFFFFFFFFFFFFFFFFFFFFFFFB8
:20A8C000FFFFFFFFFFFFFFFFFFFFFFFFFFFFFFFFFFFFFFFFFFFFFFFFFFFFFFFFFFFFFFFF98
:20A8E000FFFFFFFFFFFFFFFFFFFFFFFFFFFFFFFFFFFFFFFFFFFFFFFFFFFFFFFFFFFFFFFF78
:20A90000FFFFFFFFFFFFFFFFFFFFFFFFFFFFFFFFFFFFFFFFFFFFFFFFFFFFFFFFFFFFFFFF57
:20A92000FFFFFFFFFFFFFFFFFFFFFFFFFFFFFFFFFFFFFFFFFFFFFFFFFFFFFFFFFFFFFFFF37
:20A94000FFFFFFFFFFFFFFFFFFFFFFFFFFFFFFFFFFFFFFFFFFFFFFFFFFFFFFFFFFFFFFFF17
:20A96000FFFFFFFFFFFFFFFFFFFFFFFFFFFFFFFFFFFFFFFFFFFFFFFFFFFFFFFFFFFFFFFFF7
:20A98000FFFFFFFFFFFFFFFFFFFFFFFFFFFFFFFFFFFFFFFFFFFFFFFFFFFFFFFFFFFFFFFFD7
:20A9A000FFFFFFFFFFFFFFFFFFFFFFFFFFFFFFFFFFFFFFFFFFFFFFFFFFFFFFFFFFFFFFFFB7
:20A9C000FFFFFFFFFFFFFFFFFFFFFFFFFFFFFFFFFFFFFFFFFFFFFFFFFFFFFFFFFFFFFFFF97
:20A9E000FFFFFFFFFFFFFFFFFFFFFFFFFFFFFFFFFFFFFFFFFFFFFFFFFFFFFFFFFFFFFFFF77
:20AA0000FFFFFFFFFFFFFFFFFFFFFFFFFFFFFFFFFFFFFFFFFFFFFFFFFFFFFFFFFFFFFFFF56
:20AA2000FFFFFFFFFFFFFFFFFFFFFFFFFFFFFFFFFFFFFFFFFFFFFFFFFFFFFFFFFFFFFFFF36
:20AA4000FFFFFFFFFFFFFFFFFFFFFFFFFFFFFFFFFFFFFFFFFFFFFFFFFFFFFFFFFFFFFFFF16
:20AA6000FFFFFFFFFFFFFFFFFFFFFFFFFFFFFFFFFFFFFFFFFFFFFFFFFFFFFFFFFFFFFFFFF6
:20AA8000FFFFFFFFFFFFFFFFFFFFFFFFFFFFFFFFFFFFFFFFFFFFFFFFFFFFFFFFFFFFFFFFD6
:20AAA000FFFFFFFFFFFFFFFFFFFFFFFFFFFFFFFFFFFFFFFFFFFFFFFFFFFFFFFFFFFFFFFFB6
:20AAC000FFFFFFFFFFFFFFFFFFFFFFFFFFFFFFFFFFFFFFFFFFFFFFFFFFFFFFFFFFFFFFFF96
:20AAE000FFFFFFFFFFFFFFFFFFFFFFFFFFFFFFFFFFFFFFFFFFFFFFFFFFFFFFFFFFFFFFFF76
:20AB0000FFFFFFFFFFFFFFFFFFFFFFFFFFFFFFFFFFFFFFFFFFFFFFFFFFFFFFFFFFFFFFFF55
:20AB2000FFFFFFFFFFFFFFFFFFFFFFFFFFFFFFFFFFFFFFFFFFFFFFFFFFFFFFFFFFFFFFFF35
:20AB4000FFFFFFFFFFFFFFFFFFFFFFFFFFFFFFFFFFFFFFFFFFFFFFFFFFFFFFFFFFFFFFFF15
:20AB6000FFFFFFFFFFFFFFFFFFFFFFFFFFFFFFFFFFFFFFFFFFFFFFFFFFFFFFFFFFFFFFFFF5
:20AB8000FFFFFFFFFFFFFFFFFFFFFFFFFFFFFFFFFFFFFFFFFFFFFFFFFFFFFFFFFFFFFFFFD5
:20ABA000FFFFFFFFFFFFFFFFFFFFFFFFFFFFFFFFFFFFFFFFFFFFFFFFFFFFFFFFFFFFFFFFB5
:20ABC000FFFFFFFFFFFFFFFFFFFFFFFFFFFFFFFFFFFFFFFFFFFFFFFFFFFFFFFFFFFFFFFF95
:20ABE000FFFFFFFFFFFFFFFFFFFFFFFFFFFFFFFFFFFFFFFFFFFFFFFFFFFFFFFFFFFFFFFF75
:20AC0000FFFFFFFFFFFFFFFFFFFFFFFFFFFFFFFFFFFFFFFFFFFFFFFFFFFFFFFFFFFFFFFF54
:20AC2000FFFFFFFFFFFFFFFFFFFFFFFFFFFFFFFFFFFFFFFFFFFFFFFFFFFFFFFFFFFFFFFF34
:20AC4000FFFFFFFFFFFFFFFFFFFFFFFFFFFFFFFFFFFFFFFFFFFFFFFFFFFFFFFFFFFFFFFF14
:20AC6000FFFFFFFFFFFFFFFFFFFFFFFFFFFFFFFFFFFFFFFFFFFFFFFFFFFFFFFFFFFFFFFFF4
:20AC8000FFFFFFFFFFFFFFFFFFFFFFFFFFFFFFFFFFFFFFFFFFFFFFFFFFFFFFFFFFFFFFFFD4
:20ACA000FFFFFFFFFFFFFFFFFFFFFFFFFFFFFFFFFFFFFFFFFFFFFFFFFFFFFFFFFFFFFFFFB4
:20ACC000FFFFFFFFFFFFFFFFFFFFFFFFFFFFFFFFFFFFFFFFFFFFFFFFFFFFFFFFFFFFFFFF94
:20ACE000FFFFFFFFFFFFFFFFFFFFFFFFFFFFFFFFFFFFFFFFFFFFFFFFFFFFFFFFFFFFFFFF74
:20AD0000FFFFFFFFFFFFFFFFFFFFFFFFFFFFFFFFFFFFFFFFFFFFFFFFFFFFFFFFFFFFFFFF53
:20AD2000FFFFFFFFFFFFFFFFFFFFFFFFFFFFFFFFFFFFFFFFFFFFFFFFFFFFFFFFFFFFFFFF33
:20AD4000FFFFFFFFFFFFFFFFFFFFFFFFFFFFFFFFFFFFFFFFFFFFFFFFFFFFFFFFFFFFFFFF13
:20AD6000FFFFFFFFFFFFFFFFFFFFFFFFFFFFFFFFFFFFFFFFFFFFFFFFFFFFFFFFFFFFFFFFF3
:20AD8000FFFFFFFFFFFFFFFFFFFFFFFFFFFFFFFFFFFFFFFFFFFFFFFFFFFFFFFFFFFFFFFFD3
:20ADA000FFFFFFFFFFFFFFFFFFFFFFFFFFFFFFFFFFFFFFFFFFFFFFFFFFFFFFFFFFFFFFFFB3
:20ADC000FFFFFFFFFFFFFFFFFFFFFFFFFFFFFFFFFFFFFFFFFFFFFFFFFFFFFFFFFFFFFFFF93
:20ADE000FFFFFFFFFFFFFFFFFFFFFFFFFFFFFFFFFFFFFFFFFFFFFFFFFFFFFFFFFFFFFFFF73
:20AE0000FFFFFFFFFFFFFFFFFFFFFFFFFFFFFFFFFFFFFFFFFFFFFFFFFFFFFFFFFFFFFFFF52
:20AE2000FFFFFFFFFFFFFFFFFFFFFFFFFFFFFFFFFFFFFFFFFFFFFFFFFFFFFFFFFFFFFFFF32
:20AE4000FFFFFFFFFFFFFFFFFFFFFFFFFFFFFFFFFFFFFFFFFFFFFFFFFFFFFFFFFFFFFFFF12
:20AE6000FFFFFFFFFFFFFFFFFFFFFFFFFFFFFFFFFFFFFFFFFFFFFFFFFFFFFFFFFFFFFFFFF2
:20AE8000FFFFFFFFFFFFFFFFFFFFFFFFFFFFFFFFFFFFFFFFFFFFFFFFFFFFFFFFFFFFFFFFD2
:20AEA000FFFFFFFFFFFFFFFFFFFFFFFFFFFFFFFFFFFFFFFFFFFFFFFFFFFFFFFFFFFFFFFFB2
:20AEC000FFFFFFFFFFFFFFFFFFFFFFFFFFFFFFFFFFFFFFFFFFFFFFFFFFFFFFFFFFFFFFFF92
:20AEE000FFFFFFFFFFFFFFFFFFFFFFFFFFFFFFFFFFFFFFFFFFFFFFFFFFFFFFFFFFFFFFFF72
:20AF0000FFFFFFFFFFFFFFFFFFFFFFFFFFFFFFFFFFFFFFFFFFFFFFFFFFFFFFFFFFFFFFFF51
:20AF2000FFFFFFFFFFFFFFFFFFFFFFFFFFFFFFFFFFFFFFFFFFFFFFFFFFFFFFFFFFFFFFFF31
:20AF4000FFFFFFFFFFFFFFFFFFFFFFFFFFFFFFFFFFFFFFFFFFFFFFFFFFFFFFFFFFFFFFFF11
:20AF6000FFFFFFFFFFFFFFFFFFFFFFFFFFFFFFFFFFFFFFFFFFFFFFFFFFFFFFFFFFFFFFFFF1
:20AF8000FFFFFFFFFFFFFFFFFFFFFFFFFFFFFFFFFFFFFFFFFFFFFFFFFFFFFFFFFFFFFFFFD1
:20AFA000FFFFFFFFFFFFFFFFFFFFFFFFFFFFFFFFFFFFFFFFFFFFFFFFFFFFFFFFFFFFFFFFB1
:20AFC000FFFFFFFFFFFFFFFFFFFFFFFFFFFFFFFFFFFFFFFFFFFFFFFFFFFFFFFFFFFFFFFF91
:20AFE000FFFFFFFFFFFFFFFFFFFFFFFFFFFFFFFFFFFFFFFFFFFFFFFFFFFFFFFFFFFFFFFF71
:20B00000FFFFFFFFFFFFFFFFFFFFFFFFFFFFFFFFFFFFFFFFFFFFFFFFFFFFFFFFFFFFFFFF50
:20B02000FFFFFFFFFFFFFFFFFFFFFFFFFFFFFFFFFFFFFFFFFFFFFFFFFFFFFFFFFFFFFFFF30
:20B04000FFFFFFFFFFFFFFFFFFFFFFFFFFFFFFFFFFFFFFFFFFFFFFFFFFFFFFFFFFFFFFFF10
:20B06000FFFFFFFFFFFFFFFFFFFFFFFFFFFFFFFFFFFFFFFFFFFFFFFFFFFFFFFFFFFFFFFFF0
:20B08000FFFFFFFFFFFFFFFFFFFFFFFFFFFFFFFFFFFFFFFFFFFFFFFFFFFFFFFFFFFFFFFFD0
:20B0A000FFFFFFFFFFFFFFFFFFFFFFFFFFFFFFFFFFFFFFFFFFFFFFFFFFFFFFFFFFFFFFFFB0
:20B0C000FFFFFFFFFFFFFFFFFFFFFFFFFFFFFFFFFFFFFFFFFFFFFFFFFFFFFFFFFFFFFFFF90
:20B0E000FFFFFFFFFFFFFFFFFFFFFFFFFFFFFFFFFFFFFFFFFFFFFFFFFFFFFFFFFFFFFFFF70
:20B10000FFFFFFFFFFFFFFFFFFFFFFFFFFFFFFFFFFFFFFFFFFFFFFFFFFFFFFFFFFFFFFFF4F
:20B12000FFFFFFFFFFFFFFFFFFFFFFFFFFFFFFFFFFFFFFFFFFFFFFFFFFFFFFFFFFFFFFFF2F
:20B14000FFFFFFFFFFFFFFFFFFFFFFFFFFFFFFFFFFFFFFFFFFFFFFFFFFFFFFFFFFFFFFFF0F
:20B16000FFFFFFFFFFFFFFFFFFFFFFFFFFFFFFFFFFFFFFFFFFFFFFFFFFFFFFFFFFFFFFFFEF
:20B18000FFFFFFFFFFFFFFFFFFFFFFFFFFFFFFFFFFFFFFFFFFFFFFFFFFFFFFFFFFFFFFFFCF
:20B1A000FFFFFFFFFFFFFFFFFFFFFFFFFFFFFFFFFFFFFFFFFFFFFFFFFFFFFFFFFFFFFFFFAF
:20B1C000FFFFFFFFFFFFFFFFFFFFFFFFFFFFFFFFFFFFFFFFFFFFFFFFFFFFFFFFFFFFFFFF8F
:20B1E000FFFFFFFFFFFFFFFFFFFFFFFFFFFFFFFFFFFFFFFFFFFFFFFFFFFFFFFFFFFFFFFF6F
:20B20000FFFFFFFFFFFFFFFFFFFFFFFFFFFFFFFFFFFFFFFFFFFFFFFFFFFFFFFFFFFFFFFF4E
:20B22000FFFFFFFFFFFFFFFFFFFFFFFFFFFFFFFFFFFFFFFFFFFFFFFFFFFFFFFFFFFFFFFF2E
:20B24000FFFFFFFFFFFFFFFFFFFFFFFFFFFFFFFFFFFFFFFFFFFFFFFFFFFFFFFFFFFFFFFF0E
:20B26000FFFFFFFFFFFFFFFFFFFFFFFFFFFFFFFFFFFFFFFFFFFFFFFFFFFFFFFFFFFFFFFFEE
:20B28000FFFFFFFFFFFFFFFFFFFFFFFFFFFFFFFFFFFFFFFFFFFFFFFFFFFFFFFFFFFFFFFFCE
:20B2A000FFFFFFFFFFFFFFFFFFFFFFFFFFFFFFFFFFFFFFFFFFFFFFFFFFFFFFFFFFFFFFFFAE
:20B2C000FFFFFFFFFFFFFFFFFFFFFFFFFFFFFFFFFFFFFFFFFFFFFFFFFFFFFFFFFFFFFFFF8E
:20B2E000FFFFFFFFFFFFFFFFFFFFFFFFFFFFFFFFFFFFFFFFFFFFFFFFFFFFFFFFFFFFFFFF6E
:20B30000FFFFFFFFFFFFFFFFFFFFFFFFFFFFFFFFFFFFFFFFFFFFFFFFFFFFFFFFFFFFFFFF4D
:20B32000FFFFFFFFFFFFFFFFFFFFFFFFFFFFFFFFFFFFFFFFFFFFFFFFFFFFFFFFFFFFFFFF2D
:20B34000FFFFFFFFFFFFFFFFFFFFFFFFFFFFFFFFFFFFFFFFFFFFFFFFFFFFFFFFFFFFFFFF0D
:20B36000FFFFFFFFFFFFFFFFFFFFFFFFFFFFFFFFFFFFFFFFFFFFFFFFFFFFFFFFFFFFFFFFED
:20B38000FFFFFFFFFFFFFFFFFFFFFFFFFFFFFFFFFFFFFFFFFFFFFFFFFFFFFFFFFFFFFFFFCD
:20B3A000FFFFFFFFFFFFFFFFFFFFFFFFFFFFFFFFFFFFFFFFFFFFFFFFFFFFFFFFFFFFFFFFAD
:20B3C000FFFFFFFFFFFFFFFFFFFFFFFFFFFFFFFFFFFFFFFFFFFFFFFFFFFFFFFFFFFFFFFF8D
:20B3E000FFFFFFFFFFFFFFFFFFFFFFFFFFFFFFFFFFFFFFFFFFFFFFFFFFFFFFFFFFFFFFFF6D
:20B40000FFFFFFFFFFFFFFFFFFFFFFFFFFFFFFFFFFFFFFFFFFFFFFFFFFFFFFFFFFFFFFFF4C
:20B42000FFFFFFFFFFFFFFFFFFFFFFFFFFFFFFFFFFFFFFFFFFFFFFFFFFFFFFFFFFFFFFFF2C
:20B44000FFFFFFFFFFFFFFFFFFFFFFFFFFFFFFFFFFFFFFFFFFFFFFFFFFFFFFFFFFFFFFFF0C
:20B46000FFFFFFFFFFFFFFFFFFFFFFFFFFFFFFFFFFFFFFFFFFFFFFFFFFFFFFFFFFFFFFFFEC
:20B48000FFFFFFFFFFFFFFFFFFFFFFFFFFFFFFFFFFFFFFFFFFFFFFFFFFFFFFFFFFFFFFFFCC
:20B4A000FFFFFFFFFFFFFFFFFFFFFFFFFFFFFFFFFFFFFFFFFFFFFFFFFFFFFFFFFFFFFFFFAC
:20B4C000FFFFFFFFFFFFFFFFFFFFFFFFFFFFFFFFFFFFFFFFFFFFFFFFFFFFFFFFFFFFFFFF8C
:20B4E000FFFFFFFFFFFFFFFFFFFFFFFFFFFFFFFFFFFFFFFFFFFFFFFFFFFFFFFFFFFFFFFF6C
:20B50000FFFFFFFFFFFFFFFFFFFFFFFFFFFFFFFFFFFFFFFFFFFFFFFFFFFFFFFFFFFFFFFF4B
:20B52000FFFFFFFFFFFFFFFFFFFFFFFFFFFFFFFFFFFFFFFFFFFFFFFFFFFFFFFFFFFFFFFF2B
:20B54000FFFFFFFFFFFFFFFFFFFFFFFFFFFFFFFFFFFFFFFFFFFFFFFFFFFFFFFFFFFFFFFF0B
:20B56000FFFFFFFFFFFFFFFFFFFFFFFFFFFFFFFFFFFFFFFFFFFFFFFFFFFFFFFFFFFFFFFFEB
:20B58000FFFFFFFFFFFFFFFFFFFFFFFFFFFFFFFFFFFFFFFFFFFFFFFFFFFFFFFFFFFFFFFFCB
:20B5A000FFFFFFFFFFFFFFFFFFFFFFFFFFFFFFFFFFFFFFFFFFFFFFFFFFFFFFFFFFFFFFFFAB
:20B5C000FFFFFFFFFFFFFFFFFFFFFFFFFFFFFFFFFFFFFFFFFFFFFFFFFFFFFFFFFFFFFFFF8B
:20B5E000FFFFFFFFFFFFFFFFFFFFFFFFFFFFFFFFFFFFFFFFFFFFFFFFFFFFFFFFFFFFFFFF6B
:20B60000FFFFFFFFFFFFFFFFFFFFFFFFFFFFFFFFFFFFFFFFFFFFFFFFFFFFFFFFFFFFFFFF4A
:20B62000FFFFFFFFFFFFFFFFFFFFFFFFFFFFFFFFFFFFFFFFFFFFFFFFFFFFFFFFFFFFFFFF2A
:20B64000FFFFFFFFFFFFFFFFFFFFFFFFFFFFFFFFFFFFFFFFFFFFFFFFFFFFFFFFFFFFFFFF0A
:20B66000FFFFFFFFFFFFFFFFFFFFFFFFFFFFFFFFFFFFFFFFFFFFFFFFFFFFFFFFFFFFFFFFEA
:20B68000FFFFFFFFFFFFFFFFFFFFFFFFFFFFFFFFFFFFFFFFFFFFFFFFFFFFFFFFFFFFFFFFCA
:20B6A000FFFFFFFFFFFFFFFFFFFFFFFFFFFFFFFFFFFFFFFFFFFFFFFFFFFFFFFFFFFFFFFFAA
:20B6C000FFFFFFFFFFFFFFFFFFFFFFFFFFFFFFFFFFFFFFFFFFFFFFFFFFFFFFFFFFFFFFFF8A
:20B6E000FFFFFFFFFFFFFFFFFFFFFFFFFFFFFFFFFFFFFFFFFFFFFFFFFFFFFFFFFFFFFFFF6A
:20B70000FFFFFFFFFFFFFFFFFFFFFFFFFFFFFFFFFFFFFFFFFFFFFFFFFFFFFFFFFFFFFFFF49
:20B72000FFFFFFFFFFFFFFFFFFFFFFFFFFFFFFFFFFFFFFFFFFFFFFFFFFFFFFFFFFFFFFFF29
:20B74000FFFFFFFFFFFFFFFFFFFFFFFFFFFFFFFFFFFFFFFFFFFFFFFFFFFFFFFFFFFFFFFF09
:20B76000FFFFFFFFFFFFFFFFFFFFFFFFFFFFFFFFFFFFFFFFFFFFFFFFFFFFFFFFFFFFFFFFE9
:20B78000FFFFFFFFFFFFFFFFFFFFFFFFFFFFFFFFFFFFFFFFFFFFFFFFFFFFFFFFFFFFFFFFC9
:20B7A000FFFFFFFFFFFFFFFFFFFFFFFFFFFFFFFFFFFFFFFFFFFFFFFFFFFFFFFFFFFFFFFFA9
:20B7C000FFFFFFFFFFFFFFFFFFFFFFFFFFFFFFFFFFFFFFFFFFFFFFFFFFFFFFFFFFFFFFFF89
:20B7E000FFFFFFFFFFFFFFFFFFFFFFFFFFFFFFFFFFFFFFFFFFFFFFFFFFFFFFFFFFFFFFFF69
:20B80000FFFFFFFFFFFFFFFFFFFFFFFFFFFFFFFFFFFFFFFFFFFFFFFFFFFFFFFFFFFFFFFF48
:20B82000FFFFFFFFFFFFFFFFFFFFFFFFFFFFFFFFFFFFFFFFFFFFFFFFFFFFFFFFFFFFFFFF28
:20B84000FFFFFFFFFFFFFFFFFFFFFFFFFFFFFFFFFFFFFFFFFFFFFFFFFFFFFFFFFFFFFFFF08
:20B86000FFFFFFFFFFFFFFFFFFFFFFFFFFFFFFFFFFFFFFFFFFFFFFFFFFFFFFFFFFFFFFFFE8
:20B88000FFFFFFFFFFFFFFFFFFFFFFFFFFFFFFFFFFFFFFFFFFFFFFFFFFFFFFFFFFFFFFFFC8
:20B8A000FFFFFFFFFFFFFFFFFFFFFFFFFFFFFFFFFFFFFFFFFFFFFFFFFFFFFFFFFFFFFFFFA8
:20B8C000FFFFFFFFFFFFFFFFFFFFFFFFFFFFFFFFFFFFFFFFFFFFFFFFFFFFFFFFFFFFFFFF88
:20B8E000FFFFFFFFFFFFFFFFFFFFFFFFFFFFFFFFFFFFFFFFFFFFFFFFFFFFFFFFFFFFFFFF68
:20B90000FFFFFFFFFFFFFFFFFFFFFFFFFFFFFFFFFFFFFFFFFFFFFFFFFFFFFFFFFFFFFFFF47
:20B92000FFFFFFFFFFFFFFFFFFFFFFFFFFFFFFFFFFFFFFFFFFFFFFFFFFFFFFFFFFFFFFFF27
:20B94000FFFFFFFFFFFFFFFFFFFFFFFFFFFFFFFFFFFFFFFFFFFFFFFFFFFFFFFFFFFFFFFF07
:20B96000FFFFFFFFFFFFFFFFFFFFFFFFFFFFFFFFFFFFFFFFFFFFFFFFFFFFFFFFFFFFFFFFE7
:20B98000FFFFFFFFFFFFFFFFFFFFFFFFFFFFFFFFFFFFFFFFFFFFFFFFFFFFFFFFFFFFFFFFC7
:20B9A000FFFFFFFFFFFFFFFFFFFFFFFFFFFFFFFFFFFFFFFFFFFFFFFFFFFFFFFFFFFFFFFFA7
:20B9C000FFFFFFFFFFFFFFFFFFFFFFFFFFFFFFFFFFFFFFFFFFFFFFFFFFFFFFFFFFFFFFFF87
:20B9E000FFFFFFFFFFFFFFFFFFFFFFFFFFFFFFFFFFFFFFFFFFFFFFFFFFFFFFFFFFFFFFFF67
:20BA0000FFFFFFFFFFFFFFFFFFFFFFFFFFFFFFFFFFFFFFFFFFFFFFFFFFFFFFFFFFFFFFFF46
:20BA2000FFFFFFFFFFFFFFFFFFFFFFFFFFFFFFFFFFFFFFFFFFFFFFFFFFFFFFFFFFFFFFFF26
:20BA4000FFFFFFFFFFFFFFFFFFFFFFFFFFFFFFFFFFFFFFFFFFFFFFFFFFFFFFFFFFFFFFFF06
:20BA6000FFFFFFFFFFFFFFFFFFFFFFFFFFFFFFFFFFFFFFFFFFFFFFFFFFFFFFFFFFFFFFFFE6
:20BA8000FFFFFFFFFFFFFFFFFFFFFFFFFFFFFFFFFFFFFFFFFFFFFFFFFFFFFFFFFFFFFFFFC6
:20BAA000FFFFFFFFFFFFFFFFFFFFFFFFFFFFFFFFFFFFFFFFFFFFFFFFFFFFFFFFFFFFFFFFA6
:20BAC000FFFFFFFFFFFFFFFFFFFFFFFFFFFFFFFFFFFFFFFFFFFFFFFFFFFFFFFFFFFFFFFF86
:20BAE000FFFFFFFFFFFFFFFFFFFFFFFFFFFFFFFFFFFFFFFFFFFFFFFFFFFFFFFFFFFFFFFF66
:20BB0000FFFFFFFFFFFFFFFFFFFFFFFFFFFFFFFFFFFFFFFFFFFFFFFFFFFFFFFFFFFFFFFF45
:20BB2000FFFFFFFFFFFFFFFFFFFFFFFFFFFFFFFFFFFFFFFFFFFFFFFFFFFFFFFFFFFFFFFF25
:20BB4000FFFFFFFFFFFFFFFFFFFFFFFFFFFFFFFFFFFFFFFFFFFFFFFFFFFFFFFFFFFFFFFF05
:20BB6000FFFFFFFFFFFFFFFFFFFFFFFFFFFFFFFFFFFFFFFFFFFFFFFFFFFFFFFFFFFFFFFFE5
:20BB8000FFFFFFFFFFFFFFFFFFFFFFFFFFFFFFFFFFFFFFFFFFFFFFFFFFFFFFFFFFFFFFFFC5
:20BBA000FFFFFFFFFFFFFFFFFFFFFFFFFFFFFFFFFFFFFFFFFFFFFFFFFFFFFFFFFFFFFFFFA5
:20BBC000FFFFFFFFFFFFFFFFFFFFFFFFFFFFFFFFFFFFFFFFFFFFFFFFFFFFFFFFFFFFFFFF85
:20BBE000FFFFFFFFFFFFFFFFFFFFFFFFFFFFFFFFFFFFFFFFFFFFFFFFFFFFFFFFFFFFFFFF65
:20BC0000FFFFFFFFFFFFFFFFFFFFFFFFFFFFFFFFFFFFFFFFFFFFFFFFFFFFFFFFFFFFFFFF44
:20BC2000FFFFFFFFFFFFFFFFFFFFFFFFFFFFFFFFFFFFFFFFFFFFFFFFFFFFFFFFFFFFFFFF24
:20BC4000FFFFFFFFFFFFFFFFFFFFFFFFFFFFFFFFFFFFFFFFFFFFFFFFFFFFFFFFFFFFFFFF04
:20BC6000FFFFFFFFFFFFFFFFFFFFFFFFFFFFFFFFFFFFFFFFFFFFFFFFFFFFFFFFFFFFFFFFE4
:20BC8000FFFFFFFFFFFFFFFFFFFFFFFFFFFFFFFFFFFFFFFFFFFFFFFFFFFFFFFFFFFFFFFFC4
:20BCA000FFFFFFFFFFFFFFFFFFFFFFFFFFFFFFFFFFFFFFFFFFFFFFFFFFFFFFFFFFFFFFFFA4
:20BCC000FFFFFFFFFFFFFFFFFFFFFFFFFFFFFFFFFFFFFFFFFFFFFFFFFFFFFFFFFFFFFFFF84
:20BCE000FFFFFFFFFFFFFFFFFFFFFFFFFFFFFFFFFFFFFFFFFFFFFFFFFFFFFFFFFFFFFFFF64
:20BD0000FFFFFFFFFFFFFFFFFFFFFFFFFFFFFFFFFFFFFFFFFFFFFFFFFFFFFFFFFFFFFFFF43
:20BD2000FFFFFFFFFFFFFFFFFFFFFFFFFFFFFFFFFFFFFFFFFFFFFFFFFFFFFFFFFFFFFFFF23
:20BD4000FFFFFFFFFFFFFFFFFFFFFFFFFFFFFFFFFFFFFFFFFFFFFFFFFFFFFFFFFFFFFFFF03
:20BD6000FFFFFFFFFFFFFFFFFFFFFFFFFFFFFFFFFFFFFFFFFFFFFFFFFFFFFFFFFFFFFFFFE3
:20BD8000FFFFFFFFFFFFFFFFFFFFFFFFFFFFFFFFFFFFFFFFFFFFFFFFFFFFFFFFFFFFFFFFC3
:20BDA000FFFFFFFFFFFFFFFFFFFFFFFFFFFFFFFFFFFFFFFFFFFFFFFFFFFFFFFFFFFFFFFFA3
:20BDC000FFFFFFFFFFFFFFFFFFFFFFFFFFFFFFFFFFFFFFFFFFFFFFFFFFFFFFFFFFFFFFFF83
:20BDE000FFFFFFFFFFFFFFFFFFFFFFFFFFFFFFFFFFFFFFFFFFFFFFFFFFFFFFFFFFFFFFFF63
:20BE0000FFFFFFFFFFFFFFFFFFFFFFFFFFFFFFFFFFFFFFFFFFFFFFFFFFFFFFFFFFFFFFFF42
:20BE2000FFFFFFFFFFFFFFFFFFFFFFFFFFFFFFFFFFFFFFFFFFFFFFFFFFFFFFFFFFFFFFFF22
:20BE4000FFFFFFFFFFFFFFFFFFFFFFFFFFFFFFFFFFFFFFFFFFFFFFFFFFFFFFFFFFFFFFFF02
:20BE6000FFFFFFFFFFFFFFFFFFFFFFFFFFFFFFFFFFFFFFFFFFFFFFFFFFFFFFFFFFFFFFFFE2
:20BE8000FFFFFFFFFFFFFFFFFFFFFFFFFFFFFFFFFFFFFFFFFFFFFFFFFFFFFFFFFFFFFFFFC2
:20BEA000FFFFFFFFFFFFFFFFFFFFFFFFFFFFFFFFFFFFFFFFFFFFFFFFFFFFFFFFFFFFFFFFA2
:20BEC000FFFFFFFFFFFFFFFFFFFFFFFFFFFFFFFFFFFFFFFFFFFFFFFFFFFFFFFFFFFFFFFF82
:20BEE000FFFFFFFFFFFFFFFFFFFFFFFFFFFFFFFFFFFFFFFFFFFFFFFFFFFFFFFFFFFFFFFF62
:20BF0000FFFFFFFFFFFFFFFFFFFFFFFFFFFFFFFFFFFFFFFFFFFFFFFFFFFFFFFFFFFFFFFF41
:20BF2000FFFFFFFFFFFFFFFFFFFFFFFFFFFFFFFFFFFFFFFFFFFFFFFFFFFFFFFFFFFFFFFF21
:20BF4000FFFFFFFFFFFFFFFFFFFFFFFFFFFFFFFFFFFFFFFFFFFFFFFFFFFFFFFFFFFFFFFF01
:20BF6000FFFFFFFFFFFFFFFFFFFFFFFFFFFFFFFFFFFFFFFFFFFFFFFFFFFFFFFFFFFFFFFFE1
:20BF8000FFFFFFFFFFFFFFFFFFFFFFFFFFFFFFFFFFFFFFFFFFFFFFFFFFFFFFFFFFFFFFFFC1
:20BFA000FFFFFFFFFFFFFFFFFFFFFFFFFFFFFFFFFFFFFFFFFFFFFFFFFFFFFFFFFFFFFFFFA1
:20BFC000FFFFFFFFFFFFFFFFFFFFFFFFFFFFFFFFFFFFFFFFFFFFFFFFFFFFFFFFFFFFFFFF81
:20BFE000FFFFFFFFFFFFFFFFFFFFFFFFFFFFFFFFFFFFFFFFFFFFFFFFFFFFFFFFFFFFFFFF61
:20C00000FFFFFFFFFFFFFFFFFFFFFFFFFFFFFFFFFFFFFFFFFFFFFFFFFFFFFFFFFFFFFFFF40
:20C02000FFFFFFFFFFFFFFFFFFFFFFFFFFFFFFFFFFFFFFFFFFFFFFFFFFFFFFFFFFFFFFFF20
:20C04000FFFFFFFFFFFFFFFFFFFFFFFFFFFFFFFFFFFFFFFFFFFFFFFFFFFFFFFFFFFFFFFF00
:20C06000FFFFFFFFFFFFFFFFFFFFFFFFFFFFFFFFFFFFFFFFFFFFFFFFFFFFFFFFFFFFFFFFE0
:20C08000FFFFFFFFFFFFFFFFFFFFFFFFFFFFFFFFFFFFFFFFFFFFFFFFFFFFFFFFFFFFFFFFC0
:20C0A000FFFFFFFFFFFFFFFFFFFFFFFFFFFFFFFFFFFFFFFFFFFFFFFFFFFFFFFFFFFFFFFFA0
:20C0C000FFFFFFFFFFFFFFFFFFFFFFFFFFFFFFFFFFFFFFFFFFFFFFFFFFFFFFFFFFFFFFFF80
:20C0E000FFFFFFFFFFFFFFFFFFFFFFFFFFFFFFFFFFFFFFFFFFFFFFFFFFFFFFFFFFFFFFFF60
:20C10000FFFFFFFFFFFFFFFFFFFFFFFFFFFFFFFFFFFFFFFFFFFFFFFFFFFFFFFFFFFFFFFF3F
:20C12000FFFFFFFFFFFFFFFFFFFFFFFFFFFFFFFFFFFFFFFFFFFFFFFFFFFFFFFFFFFFFFFF1F
:20C14000FFFFFFFFFFFFFFFFFFFFFFFFFFFFFFFFFFFFFFFFFFFFFFFFFFFFFFFFFFFFFFFFFF
:20C16000FFFFFFFFFFFFFFFFFFFFFFFFFFFFFFFFFFFFFFFFFFFFFFFFFFFFFFFFFFFFFFFFDF
:20C18000FFFFFFFFFFFFFFFFFFFFFFFFFFFFFFFFFFFFFFFFFFFFFFFFFFFFFFFFFFFFFFFFBF
:20C1A000FFFFFFFFFFFFFFFFFFFFFFFFFFFFFFFFFFFFFFFFFFFFFFFFFFFFFFFFFFFFFFFF9F
:20C1C000FFFFFFFFFFFFFFFFFFFFFFFFFFFFFFFFFFFFFFFFFFFFFFFFFFFFFFFFFFFFFFFF7F
:20C1E000FFFFFFFFFFFFFFFFFFFFFFFFFFFFFFFFFFFFFFFFFFFFFFFFFFFFFFFFFFFFFFFF5F
:20C20000FFFFFFFFFFFFFFFFFFFFFFFFFFFFFFFFFFFFFFFFFFFFFFFFFFFFFFFFFFFFFFFF3E
:20C22000FFFFFFFFFFFFFFFFFFFFFFFFFFFFFFFFFFFFFFFFFFFFFFFFFFFFFFFFFFFFFFFF1E
:20C24000FFFFFFFFFFFFFFFFFFFFFFFFFFFFFFFFFFFFFFFFFFFFFFFFFFFFFFFFFFFFFFFFFE
:20C26000FFFFFFFFFFFFFFFFFFFFFFFFFFFFFFFFFFFFFFFFFFFFFFFFFFFFFFFFFFFFFFFFDE
:20C28000FFFFFFFFFFFFFFFFFFFFFFFFFFFFFFFFFFFFFFFFFFFFFFFFFFFFFFFFFFFFFFFFBE
:20C2A000FFFFFFFFFFFFFFFFFFFFFFFFFFFFFFFFFFFFFFFFFFFFFFFFFFFFFFFFFFFFFFFF9E
:20C2C000FFFFFFFFFFFFFFFFFFFFFFFFFFFFFFFFFFFFFFFFFFFFFFFFFFFFFFFFFFFFFFFF7E
:20C2E000FFFFFFFFFFFFFFFFFFFFFFFFFFFFFFFFFFFFFFFFFFFFFFFFFFFFFFFFFFFFFFFF5E
:20C30000FFFFFFFFFFFFFFFFFFFFFFFFFFFFFFFFFFFFFFFFFFFFFFFFFFFFFFFFFFFFFFFF3D
:20C32000FFFFFFFFFFFFFFFFFFFFFFFFFFFFFFFFFFFFFFFFFFFFFFFFFFFFFFFFFFFFFFFF1D
:20C34000FFFFFFFFFFFFFFFFFFFFFFFFFFFFFFFFFFFFFFFFFFFFFFFFFFFFFFFFFFFFFFFFFD
:20C36000FFFFFFFFFFFFFFFFFFFFFFFFFFFFFFFFFFFFFFFFFFFFFFFFFFFFFFFFFFFFFFFFDD
:20C38000FFFFFFFFFFFFFFFFFFFFFFFFFFFFFFFFFFFFFFFFFFFFFFFFFFFFFFFFFFFFFFFFBD
:20C3A000FFFFFFFFFFFFFFFFFFFFFFFFFFFFFFFFFFFFFFFFFFFFFFFFFFFFFFFFFFFFFFFF9D
:20C3C000FFFFFFFFFFFFFFFFFFFFFFFFFFFFFFFFFFFFFFFFFFFFFFFFFFFFFFFFFFFFFFFF7D
:20C3E000FFFFFFFFFFFFFFFFFFFFFFFFFFFFFFFFFFFFFFFFFFFFFFFFFFFFFFFFFFFFFFFF5D
:20C40000FFFFFFFFFFFFFFFFFFFFFFFFFFFFFFFFFFFFFFFFFFFFFFFFFFFFFFFFFFFFFFFF3C
:20C42000FFFFFFFFFFFFFFFFFFFFFFFFFFFFFFFFFFFFFFFFFFFFFFFFFFFFFFFFFFFFFFFF1C
:20C44000FFFFFFFFFFFFFFFFFFFFFFFFFFFFFFFFFFFFFFFFFFFFFFFFFFFFFFFFFFFFFFFFFC
:20C46000FFFFFFFFFFFFFFFFFFFFFFFFFFFFFFFFFFFFFFFFFFFFFFFFFFFFFFFFFFFFFFFFDC
:20C48000FFFFFFFFFFFFFFFFFFFFFFFFFFFFFFFFFFFFFFFFFFFFFFFFFFFFFFFFFFFFFFFFBC
:20C4A000FFFFFFFFFFFFFFFFFFFFFFFFFFFFFFFFFFFFFFFFFFFFFFFFFFFFFFFFFFFFFFFF9C
:20C4C000FFFFFFFFFFFFFFFFFFFFFFFFFFFFFFFFFFFFFFFFFFFFFFFFFFFFFFFFFFFFFFFF7C
:20C4E000FFFFFFFFFFFFFFFFFFFFFFFFFFFFFFFFFFFFFFFFFFFFFFFFFFFFFFFFFFFFFFFF5C
:20C50000FFFFFFFFFFFFFFFFFFFFFFFFFFFFFFFFFFFFFFFFFFFFFFFFFFFFFFFFFFFFFFFF3B
:20C52000FFFFFFFFFFFFFFFFFFFFFFFFFFFFFFFFFFFFFFFFFFFFFFFFFFFFFFFFFFFFFFFF1B
:20C54000FFFFFFFFFFFFFFFFFFFFFFFFFFFFFFFFFFFFFFFFFFFFFFFFFFFFFFFFFFFFFFFFFB
:20C56000FFFFFFFFFFFFFFFFFFFFFFFFFFFFFFFFFFFFFFFFFFFFFFFFFFFFFFFFFFFFFFFFDB
:20C58000FFFFFFFFFFFFFFFFFFFFFFFFFFFFFFFFFFFFFFFFFFFFFFFFFFFFFFFFFFFFFFFFBB
:20C5A000FFFFFFFFFFFFFFFFFFFFFFFFFFFFFFFFFFFFFFFFFFFFFFFFFFFFFFFFFFFFFFFF9B
:20C5C000FFFFFFFFFFFFFFFFFFFFFFFFFFFFFFFFFFFFFFFFFFFFFFFFFFFFFFFFFFFFFFFF7B
:20C5E000FFFFFFFFFFFFFFFFFFFFFFFFFFFFFFFFFFFFFFFFFFFFFFFFFFFFFFFFFFFFFFFF5B
:20C60000FFFFFFFFFFFFFFFFFFFFFFFFFFFFFFFFFFFFFFFFFFFFFFFFFFFFFFFFFFFFFFFF3A
:20C62000FFFFFFFFFFFFFFFFFFFFFFFFFFFFFFFFFFFFFFFFFFFFFFFFFFFFFFFFFFFFFFFF1A
:20C64000FFFFFFFFFFFFFFFFFFFFFFFFFFFFFFFFFFFFFFFFFFFFFFFFFFFFFFFFFFFFFFFFFA
:20C66000FFFFFFFFFFFFFFFFFFFFFFFFFFFFFFFFFFFFFFFFFFFFFFFFFFFFFFFFFFFFFFFFDA
:20C68000FFFFFFFFFFFFFFFFFFFFFFFFFFFFFFFFFFFFFFFFFFFFFFFFFFFFFFFFFFFFFFFFBA
:20C6A000FFFFFFFFFFFFFFFFFFFFFFFFFFFFFFFFFFFFFFFFFFFFFFFFFFFFFFFFFFFFFFFF9A
:20C6C000FFFFFFFFFFFFFFFFFFFFFFFFFFFFFFFFFFFFFFFFFFFFFFFFFFFFFFFFFFFFFFFF7A
:20C6E000FFFFFFFFFFFFFFFFFFFFFFFFFFFFFFFFFFFFFFFFFFFFFFFFFFFFFFFFFFFFFFFF5A
:20C70000FFFFFFFFFFFFFFFFFFFFFFFFFFFFFFFFFFFFFFFFFFFFFFFFFFFFFFFFFFFFFFFF39
:20C72000FFFFFFFFFFFFFFFFFFFFFFFFFFFFFFFFFFFFFFFFFFFFFFFFFFFFFFFFFFFFFFFF19
:20C74000FFFFFFFFFFFFFFFFFFFFFFFFFFFFFFFFFFFFFFFFFFFFFFFFFFFFFFFFFFFFFFFFF9
:20C76000FFFFFFFFFFFFFFFFFFFFFFFFFFFFFFFFFFFFFFFFFFFFFFFFFFFFFFFFFFFFFFFFD9
:20C78000FFFFFFFFFFFFFFFFFFFFFFFFFFFFFFFFFFFFFFFFFFFFFFFFFFFFFFFFFFFFFFFFB9
:20C7A000FFFFFFFFFFFFFFFFFFFFFFFFFFFFFFFFFFFFFFFFFFFFFFFFFFFFFFFFFFFFFFFF99
:20C7C000FFFFFFFFFFFFFFFFFFFFFFFFFFFFFFFFFFFFFFFFFFFFFFFFFFFFFFFFFFFFFFFF79
:20C7E000FFFFFFFFFFFFFFFFFFFFFFFFFFFFFFFFFFFFFFFFFFFFFFFFFFFFFFFFFFFFFFFF59
:20C80000FFFFFFFFFFFFFFFFFFFFFFFFFFFFFFFFFFFFFFFFFFFFFFFFFFFFFFFFFFFFFFFF38
:20C82000FFFFFFFFFFFFFFFFFFFFFFFFFFFFFFFFFFFFFFFFFFFFFFFFFFFFFFFFFFFFFFFF18
:20C84000FFFFFFFFFFFFFFFFFFFFFFFFFFFFFFFFFFFFFFFFFFFFFFFFFFFFFFFFFFFFFFFFF8
:20C86000FFFFFFFFFFFFFFFFFFFFFFFFFFFFFFFFFFFFFFFFFFFFFFFFFFFFFFFFFFFFFFFFD8
:20C88000FFFFFFFFFFFFFFFFFFFFFFFFFFFFFFFFFFFFFFFFFFFFFFFFFFFFFFFFFFFFFFFFB8
:20C8A000FFFFFFFFFFFFFFFFFFFFFFFFFFFFFFFFFFFFFFFFFFFFFFFFFFFFFFFFFFFFFFFF98
:20C8C000FFFFFFFFFFFFFFFFFFFFFFFFFFFFFFFFFFFFFFFFFFFFFFFFFFFFFFFFFFFFFFFF78
:20C8E000FFFFFFFFFFFFFFFFFFFFFFFFFFFFFFFFFFFFFFFFFFFFFFFFFFFFFFFFFFFFFFFF58
:20C90000FFFFFFFFFFFFFFFFFFFFFFFFFFFFFFFFFFFFFFFFFFFFFFFFFFFFFFFFFFFFFFFF37
:20C92000FFFFFFFFFFFFFFFFFFFFFFFFFFFFFFFFFFFFFFFFFFFFFFFFFFFFFFFFFFFFFFFF17
:20C94000FFFFFFFFFFFFFFFFFFFFFFFFFFFFFFFFFFFFFFFFFFFFFFFFFFFFFFFFFFFFFFFFF7
:20C96000FFFFFFFFFFFFFFFFFFFFFFFFFFFFFFFFFFFFFFFFFFFFFFFFFFFFFFFFFFFFFFFFD7
:20C98000FFFFFFFFFFFFFFFFFFFFFFFFFFFFFFFFFFFFFFFFFFFFFFFFFFFFFFFFFFFFFFFFB7
:20C9A000FFFFFFFFFFFFFFFFFFFFFFFFFFFFFFFFFFFFFFFFFFFFFFFFFFFFFFFFFFFFFFFF97
:20C9C000FFFFFFFFFFFFFFFFFFFFFFFFFFFFFFFFFFFFFFFFFFFFFFFFFFFFFFFFFFFFFFFF77
:20C9E000FFFFFFFFFFFFFFFFFFFFFFFFFFFFFFFFFFFFFFFFFFFFFFFFFFFFFFFFFFFFFFFF57
:20CA0000FFFFFFFFFFFFFFFFFFFFFFFFFFFFFFFFFFFFFFFFFFFFFFFFFFFFFFFFFFFFFFFF36
:20CA2000FFFFFFFFFFFFFFFFFFFFFFFFFFFFFFFFFFFFFFFFFFFFFFFFFFFFFFFFFFFFFFFF16
:20CA4000FFFFFFFFFFFFFFFFFFFFFFFFFFFFFFFFFFFFFFFFFFFFFFFFFFFFFFFFFFFFFFFFF6
:20CA6000FFFFFFFFFFFFFFFFFFFFFFFFFFFFFFFFFFFFFFFFFFFFFFFFFFFFFFFFFFFFFFFFD6
:20CA8000FFFFFFFFFFFFFFFFFFFFFFFFFFFFFFFFFFFFFFFFFFFFFFFFFFFFFFFFFFFFFFFFB6
:20CAA000FFFFFFFFFFFFFFFFFFFFFFFFFFFFFFFFFFFFFFFFFFFFFFFFFFFFFFFFFFFFFFFF96
:20CAC000FFFFFFFFFFFFFFFFFFFFFFFFFFFFFFFFFFFFFFFFFFFFFFFFFFFFFFFFFFFFFFFF76
:20CAE000FFFFFFFFFFFFFFFFFFFFFFFFFFFFFFFFFFFFFFFFFFFFFFFFFFFFFFFFFFFFFFFF56
:20CB0000FFFFFFFFFFFFFFFFFFFFFFFFFFFFFFFFFFFFFFFFFFFFFFFFFFFFFFFFFFFFFFFF35
:20CB2000FFFFFFFFFFFFFFFFFFFFFFFFFFFFFFFFFFFFFFFFFFFFFFFFFFFFFFFFFFFFFFFF15
:20CB4000FFFFFFFFFFFFFFFFFFFFFFFFFFFFFFFFFFFFFFFFFFFFFFFFFFFFFFFFFFFFFFFFF5
:20CB6000FFFFFFFFFFFFFFFFFFFFFFFFFFFFFFFFFFFFFFFFFFFFFFFFFFFFFFFFFFFFFFFFD5
:20CB8000FFFFFFFFFFFFFFFFFFFFFFFFFFFFFFFFFFFFFFFFFFFFFFFFFFFFFFFFFFFFFFFFB5
:20CBA000FFFFFFFFFFFFFFFFFFFFFFFFFFFFFFFFFFFFFFFFFFFFFFFFFFFFFFFFFFFFFFFF95
:20CBC000FFFFFFFFFFFFFFFFFFFFFFFFFFFFFFFFFFFFFFFFFFFFFFFFFFFFFFFFFFFFFFFF75
:20CBE000FFFFFFFFFFFFFFFFFFFFFFFFFFFFFFFFFFFFFFFFFFFFFFFFFFFFFFFFFFFFFFFF55
:20CC0000FFFFFFFFFFFFFFFFFFFFFFFFFFFFFFFFFFFFFFFFFFFFFFFFFFFFFFFFFFFFFFFF34
:20CC2000FFFFFFFFFFFFFFFFFFFFFFFFFFFFFFFFFFFFFFFFFFFFFFFFFFFFFFFFFFFFFFFF14
:20CC4000FFFFFFFFFFFFFFFFFFFFFFFFFFFFFFFFFFFFFFFFFFFFFFFFFFFFFFFFFFFFFFFFF4
:20CC6000FFFFFFFFFFFFFFFFFFFFFFFFFFFFFFFFFFFFFFFFFFFFFFFFFFFFFFFFFFFFFFFFD4
:20CC8000FFFFFFFFFFFFFFFFFFFFFFFFFFFFFFFFFFFFFFFFFFFFFFFFFFFFFFFFFFFFFFFFB4
:20CCA000FFFFFFFFFFFFFFFFFFFFFFFFFFFFFFFFFFFFFFFFFFFFFFFFFFFFFFFFFFFFFFFF94
:20CCC000FFFFFFFFFFFFFFFFFFFFFFFFFFFFFFFFFFFFFFFFFFFFFFFFFFFFFFFFFFFFFFFF74
:20CCE000FFFFFFFFFFFFFFFFFFFFFFFFFFFFFFFFFFFFFFFFFFFFFFFFFFFFFFFFFFFFFFFF54
:20CD0000FFFFFFFFFFFFFFFFFFFFFFFFFFFFFFFFFFFFFFFFFFFFFFFFFFFFFFFFFFFFFFFF33
:20CD2000FFFFFFFFFFFFFFFFFFFFFFFFFFFFFFFFFFFFFFFFFFFFFFFFFFFFFFFFFFFFFFFF13
:20CD4000FFFFFFFFFFFFFFFFFFFFFFFFFFFFFFFFFFFFFFFFFFFFFFFFFFFFFFFFFFFFFFFFF3
:20CD6000FFFFFFFFFFFFFFFFFFFFFFFFFFFFFFFFFFFFFFFFFFFFFFFFFFFFFFFFFFFFFFFFD3
:20CD8000FFFFFFFFFFFFFFFFFFFFFFFFFFFFFFFFFFFFFFFFFFFFFFFFFFFFFFFFFFFFFFFFB3
:20CDA000FFFFFFFFFFFFFFFFFFFFFFFFFFFFFFFFFFFFFFFFFFFFFFFFFFFFFFFFFFFFFFFF93
:20CDC000FFFFFFFFFFFFFFFFFFFFFFFFFFFFFFFFFFFFFFFFFFFFFFFFFFFFFFFFFFFFFFFF73
:20CDE000FFFFFFFFFFFFFFFFFFFFFFFFFFFFFFFFFFFFFFFFFFFFFFFFFFFFFFFFFFFFFFFF53
:20CE0000FFFFFFFFFFFFFFFFFFFFFFFFFFFFFFFFFFFFFFFFFFFFFFFFFFFFFFFFFFFFFFFF32
:20CE2000FFFFFFFFFFFFFFFFFFFFFFFFFFFFFFFFFFFFFFFFFFFFFFFFFFFFFFFFFFFFFFFF12
:20CE4000FFFFFFFFFFFFFFFFFFFFFFFFFFFFFFFFFFFFFFFFFFFFFFFFFFFFFFFFFFFFFFFFF2
:20CE6000FFFFFFFFFFFFFFFFFFFFFFFFFFFFFFFFFFFFFFFFFFFFFFFFFFFFFFFFFFFFFFFFD2
:20CE8000FFFFFFFFFFFFFFFFFFFFFFFFFFFFFFFFFFFFFFFFFFFFFFFFFFFFFFFFFFFFFFFFB2
:20CEA000FFFFFFFFFFFFFFFFFFFFFFFFFFFFFFFFFFFFFFFFFFFFFFFFFFFFFFFFFFFFFFFF92
:20CEC000FFFFFFFFFFFFFFFFFFFFFFFFFFFFFFFFFFFFFFFFFFFFFFFFFFFFFFFFFFFFFFFF72
:20CEE000FFFFFFFFFFFFFFFFFFFFFFFFFFFFFFFFFFFFFFFFFFFFFFFFFFFFFFFFFFFFFFFF52
:20CF0000FFFFFFFFFFFFFFFFFFFFFFFFFFFFFFFFFFFFFFFFFFFFFFFFFFFFFFFFFFFFFFFF31
:20CF2000FFFFFFFFFFFFFFFFFFFFFFFFFFFFFFFFFFFFFFFFFFFFFFFFFFFFFFFFFFFFFFFF11
:20CF4000FFFFFFFFFFFFFFFFFFFFFFFFFFFFFFFFFFFFFFFFFFFFFFFFFFFFFFFFFFFFFFFFF1
:20CF6000FFFFFFFFFFFFFFFFFFFFFFFFFFFFFFFFFFFFFFFFFFFFFFFFFFFFFFFFFFFFFFFFD1
:20CF8000FFFFFFFFFFFFFFFFFFFFFFFFFFFFFFFFFFFFFFFFFFFFFFFFFFFFFFFFFFFFFFFFB1
:20CFA000FFFFFFFFFFFFFFFFFFFFFFFFFFFFFFFFFFFFFFFFFFFFFFFFFFFFFFFFFFFFFFFF91
:20CFC000FFFFFFFFFFFFFFFFFFFFFFFFFFFFFFFFFFFFFFFFFFFFFFFFFFFFFFFFFFFFFFFF71
:20CFE000FFFFFFFFFFFFFFFFFFFFFFFFFFFFFFFFFFFFFFFFFFFFFFFFFFFFFFFFFFFFFFFF51
:20D00000FFFFFFFFFFFFFFFFFFFFFFFFFFFFFFFFFFFFFFFFFFFFFFFFFFFFFFFFFFFFFFFF30
:20D02000FFFFFFFFFFFFFFFFFFFFFFFFFFFFFFFFFFFFFFFFFFFFFFFFFFFFFFFFFFFFFFFF10
:20D04000FFFFFFFFFFFFFFFFFFFFFFFFFFFFFFFFFFFFFFFFFFFFFFFFFFFFFFFFFFFFFFFFF0
:20D06000FFFFFFFFFFFFFFFFFFFFFFFFFFFFFFFFFFFFFFFFFFFFFFFFFFFFFFFFFFFFFFFFD0
:20D08000FFFFFFFFFFFFFFFFFFFFFFFFFFFFFFFFFFFFFFFFFFFFFFFFFFFFFFFFFFFFFFFFB0
:20D0A000FFFFFFFFFFFFFFFFFFFFFFFFFFFFFFFFFFFFFFFFFFFFFFFFFFFFFFFFFFFFFFFF90
:20D0C000FFFFFFFFFFFFFFFFFFFFFFFFFFFFFFFFFFFFFFFFFFFFFFFFFFFFFFFFFFFFFFFF70
:20D0E000FFFFFFFFFFFFFFFFFFFFFFFFFFFFFFFFFFFFFFFFFFFFFFFFFFFFFFFFFFFFFFFF50
:20D10000FFFFFFFFFFFFFFFFFFFFFFFFFFFFFFFFFFFFFFFFFFFFFFFFFFFFFFFFFFFFFFFF2F
:20D12000FFFFFFFFFFFFFFFFFFFFFFFFFFFFFFFFFFFFFFFFFFFFFFFFFFFFFFFFFFFFFFFF0F
:20D14000FFFFFFFFFFFFFFFFFFFFFFFFFFFFFFFFFFFFFFFFFFFFFFFFFFFFFFFFFFFFFFFFEF
:20D16000FFFFFFFFFFFFFFFFFFFFFFFFFFFFFFFFFFFFFFFFFFFFFFFFFFFFFFFFFFFFFFFFCF
:20D18000FFFFFFFFFFFFFFFFFFFFFFFFFFFFFFFFFFFFFFFFFFFFFFFFFFFFFFFFFFFFFFFFAF
:20D1A000FFFFFFFFFFFFFFFFFFFFFFFFFFFFFFFFFFFFFFFFFFFFFFFFFFFFFFFFFFFFFFFF8F
:20D1C000FFFFFFFFFFFFFFFFFFFFFFFFFFFFFFFFFFFFFFFFFFFFFFFFFFFFFFFFFFFFFFFF6F
:20D1E000FFFFFFFFFFFFFFFFFFFFFFFFFFFFFFFFFFFFFFFFFFFFFFFFFFFFFFFFFFFFFFFF4F
:20D20000FFFFFFFFFFFFFFFFFFFFFFFFFFFFFFFFFFFFFFFFFFFFFFFFFFFFFFFFFFFFFFFF2E
:20D22000FFFFFFFFFFFFFFFFFFFFFFFFFFFFFFFFFFFFFFFFFFFFFFFFFFFFFFFFFFFFFFFF0E
:20D24000FFFFFFFFFFFFFFFFFFFFFFFFFFFFFFFFFFFFFFFFFFFFFFFFFFFFFFFFFFFFFFFFEE
:20D26000FFFFFFFFFFFFFFFFFFFFFFFFFFFFFFFFFFFFFFFFFFFFFFFFFFFFFFFFFFFFFFFFCE
:20D28000FFFFFFFFFFFFFFFFFFFFFFFFFFFFFFFFFFFFFFFFFFFFFFFFFFFFFFFFFFFFFFFFAE
:20D2A000FFFFFFFFFFFFFFFFFFFFFFFFFFFFFFFFFFFFFFFFFFFFFFFFFFFFFFFFFFFFFFFF8E
:20D2C000FFFFFFFFFFFFFFFFFFFFFFFFFFFFFFFFFFFFFFFFFFFFFFFFFFFFFFFFFFFFFFFF6E
:20D2E000FFFFFFFFFFFFFFFFFFFFFFFFFFFFFFFFFFFFFFFFFFFFFFFFFFFFFFFFFFFFFFFF4E
:20D30000FFFFFFFFFFFFFFFFFFFFFFFFFFFFFFFFFFFFFFFFFFFFFFFFFFFFFFFFFFFFFFFF2D
:20D32000FFFFFFFFFFFFFFFFFFFFFFFFFFFFFFFFFFFFFFFFFFFFFFFFFFFFFFFFFFFFFFFF0D
:20D34000FFFFFFFFFFFFFFFFFFFFFFFFFFFFFFFFFFFFFFFFFFFFFFFFFFFFFFFFFFFFFFFFED
:20D36000FFFFFFFFFFFFFFFFFFFFFFFFFFFFFFFFFFFFFFFFFFFFFFFFFFFFFFFFFFFFFFFFCD
:20D38000FFFFFFFFFFFFFFFFFFFFFFFFFFFFFFFFFFFFFFFFFFFFFFFFFFFFFFFFFFFFFFFFAD
:20D3A000FFFFFFFFFFFFFFFFFFFFFFFFFFFFFFFFFFFFFFFFFFFFFFFFFFFFFFFFFFFFFFFF8D
:20D3C000FFFFFFFFFFFFFFFFFFFFFFFFFFFFFFFFFFFFFFFFFFFFFFFFFFFFFFFFFFFFFFFF6D
:20D3E000FFFFFFFFFFFFFFFFFFFFFFFFFFFFFFFFFFFFFFFFFFFFFFFFFFFFFFFFFFFFFFFF4D
:20D40000FFFFFFFFFFFFFFFFFFFFFFFFFFFFFFFFFFFFFFFFFFFFFFFFFFFFFFFFFFFFFFFF2C
:20D42000FFFFFFFFFFFFFFFFFFFFFFFFFFFFFFFFFFFFFFFFFFFFFFFFFFFFFFFFFFFFFFFF0C
:20D44000FFFFFFFFFFFFFFFFFFFFFFFFFFFFFFFFFFFFFFFFFFFFFFFFFFFFFFFFFFFFFFFFEC
:20D46000FFFFFFFFFFFFFFFFFFFFFFFFFFFFFFFFFFFFFFFFFFFFFFFFFFFFFFFFFFFFFFFFCC
:20D48000FFFFFFFFFFFFFFFFFFFFFFFFFFFFFFFFFFFFFFFFFFFFFFFFFFFFFFFFFFFFFFFFAC
:20D4A000FFFFFFFFFFFFFFFFFFFFFFFFFFFFFFFFFFFFFFFFFFFFFFFFFFFFFFFFFFFFFFFF8C
:20D4C000FFFFFFFFFFFFFFFFFFFFFFFFFFFFFFFFFFFFFFFFFFFFFFFFFFFFFFFFFFFFFFFF6C
:20D4E000FFFFFFFFFFFFFFFFFFFFFFFFFFFFFFFFFFFFFFFFFFFFFFFFFFFFFFFFFFFFFFFF4C
:20D50000FFFFFFFFFFFFFFFFFFFFFFFFFFFFFFFFFFFFFFFFFFFFFFFFFFFFFFFFFFFFFFFF2B
:20D52000FFFFFFFFFFFFFFFFFFFFFFFFFFFFFFFFFFFFFFFFFFFFFFFFFFFFFFFFFFFFFFFF0B
:20D54000FFFFFFFFFFFFFFFFFFFFFFFFFFFFFFFFFFFFFFFFFFFFFFFFFFFFFFFFFFFFFFFFEB
:20D56000FFFFFFFFFFFFFFFFFFFFFFFFFFFFFFFFFFFFFFFFFFFFFFFFFFFFFFFFFFFFFFFFCB
:20D58000FFFFFFFFFFFFFFFFFFFFFFFFFFFFFFFFFFFFFFFFFFFFFFFFFFFFFFFFFFFFFFFFAB
:20D5A000FFFFFFFFFFFFFFFFFFFFFFFFFFFFFFFFFFFFFFFFFFFFFFFFFFFFFFFFFFFFFFFF8B
:20D5C000FFFFFFFFFFFFFFFFFFFFFFFFFFFFFFFFFFFFFFFFFFFFFFFFFFFFFFFFFFFFFFFF6B
:20D5E000FFFFFFFFFFFFFFFFFFFFFFFFFFFFFFFFFFFFFFFFFFFFFFFFFFFFFFFFFFFFFFFF4B
:20D60000FFFFFFFFFFFFFFFFFFFFFFFFFFFFFFFFFFFFFFFFFFFFFFFFFFFFFFFFFFFFFFFF2A
:20D62000FFFFFFFFFFFFFFFFFFFFFFFFFFFFFFFFFFFFFFFFFFFFFFFFFFFFFFFFFFFFFFFF0A
:20D64000FFFFFFFFFFFFFFFFFFFFFFFFFFFFFFFFFFFFFFFFFFFFFFFFFFFFFFFFFFFFFFFFEA
:20D66000FFFFFFFFFFFFFFFFFFFFFFFFFFFFFFFFFFFFFFFFFFFFFFFFFFFFFFFFFFFFFFFFCA
:20D68000FFFFFFFFFFFFFFFFFFFFFFFFFFFFFFFFFFFFFFFFFFFFFFFFFFFFFFFFFFFFFFFFAA
:20D6A000FFFFFFFFFFFFFFFFFFFFFFFFFFFFFFFFFFFFFFFFFFFFFFFFFFFFFFFFFFFFFFFF8A
:20D6C000FFFFFFFFFFFFFFFFFFFFFFFFFFFFFFFFFFFFFFFFFFFFFFFFFFFFFFFFFFFFFFFF6A
:20D6E000FFFFFFFFFFFFFFFFFFFFFFFFFFFFFFFFFFFFFFFFFFFFFFFFFFFFFFFFFFFFFFFF4A
:20D70000FFFFFFFFFFFFFFFFFFFFFFFFFFFFFFFFFFFFFFFFFFFFFFFFFFFFFFFFFFFFFFFF29
:20D72000FFFFFFFFFFFFFFFFFFFFFFFFFFFFFFFFFFFFFFFFFFFFFFFFFFFFFFFFFFFFFFFF09
:20D74000FFFFFFFFFFFFFFFFFFFFFFFFFFFFFFFFFFFFFFFFFFFFFFFFFFFFFFFFFFFFFFFFE9
:20D76000FFFFFFFFFFFFFFFFFFFFFFFFFFFFFFFFFFFFFFFFFFFFFFFFFFFFFFFFFFFFFFFFC9
:20D78000FFFFFFFFFFFFFFFFFFFFFFFFFFFFFFFFFFFFFFFFFFFFFFFFFFFFFFFFFFFFFFFFA9
:20D7A000FFFFFFFFFFFFFFFFFFFFFFFFFFFFFFFFFFFFFFFFFFFFFFFFFFFFFFFFFFFFFFFF89
:20D7C000FFFFFFFFFFFFFFFFFFFFFFFFFFFFFFFFFFFFFFFFFFFFFFFFFFFFFFFFFFFFFFFF69
:20D7E000FFFFFFFFFFFFFFFFFFFFFFFFFFFFFFFFFFFFFFFFFFFFFFFFFFFFFFFFFFFFFFFF49
:20D80000FFFFFFFFFFFFFFFFFFFFFFFFFFFFFFFFFFFFFFFFFFFFFFFFFFFFFFFFFFFFFFFF28
:20D82000FFFFFFFFFFFFFFFFFFFFFFFFFFFFFFFFFFFFFFFFFFFFFFFFFFFFFFFFFFFFFFFF08
:20D84000FFFFFFFFFFFFFFFFFFFFFFFFFFFFFFFFFFFFFFFFFFFFFFFFFFFFFFFFFFFFFFFFE8
:20D86000FFFFFFFFFFFFFFFFFFFFFFFFFFFFFFFFFFFFFFFFFFFFFFFFFFFFFFFFFFFFFFFFC8
:20D88000FFFFFFFFFFFFFFFFFFFFFFFFFFFFFFFFFFFFFFFFFFFFFFFFFFFFFFFFFFFFFFFFA8
:20D8A000FFFFFFFFFFFFFFFFFFFFFFFFFFFFFFFFFFFFFFFFFFFFFFFFFFFFFFFFFFFFFFFF88
:20D8C000FFFFFFFFFFFFFFFFFFFFFFFFFFFFFFFFFFFFFFFFFFFFFFFFFFFFFFFFFFFFFFFF68
:20D8E000FFFFFFFFFFFFFFFFFFFFFFFFFFFFFFFFFFFFFFFFFFFFFFFFFFFFFFFFFFFFFFFF48
:20D90000FFFFFFFFFFFFFFFFFFFFFFFFFFFFFFFFFFFFFFFFFFFFFFFFFFFFFFFFFFFFFFFF27
:20D92000FFFFFFFFFFFFFFFFFFFFFFFFFFFFFFFFFFFFFFFFFFFFFFFFFFFFFFFFFFFFFFFF07
:20D94000FFFFFFFFFFFFFFFFFFFFFFFFFFFFFFFFFFFFFFFFFFFFFFFFFFFFFFFFFFFFFFFFE7
:20D96000FFFFFFFFFFFFFFFFFFFFFFFFFFFFFFFFFFFFFFFFFFFFFFFFFFFFFFFFFFFFFFFFC7
:20D98000FFFFFFFFFFFFFFFFFFFFFFFFFFFFFFFFFFFFFFFFFFFFFFFFFFFFFFFFFFFFFFFFA7
:20D9A000FFFFFFFFFFFFFFFFFFFFFFFFFFFFFFFFFFFFFFFFFFFFFFFFFFFFFFFFFFFFFFFF87
:20D9C000FFFFFFFFFFFFFFFFFFFFFFFFFFFFFFFFFFFFFFFFFFFFFFFFFFFFFFFFFFFFFFFF67
:20D9E000FFFFFFFFFFFFFFFFFFFFFFFFFFFFFFFFFFFFFFFFFFFFFFFFFFFFFFFFFFFFFFFF47
:20DA0000FFFFFFFFFFFFFFFFFFFFFFFFFFFFFFFFFFFFFFFFFFFFFFFFFFFFFFFFFFFFFFFF26
:20DA2000FFFFFFFFFFFFFFFFFFFFFFFFFFFFFFFFFFFFFFFFFFFFFFFFFFFFFFFFFFFFFFFF06
:20DA4000FFFFFFFFFFFFFFFFFFFFFFFFFFFFFFFFFFFFFFFFFFFFFFFFFFFFFFFFFFFFFFFFE6
:20DA6000FFFFFFFFFFFFFFFFFFFFFFFFFFFFFFFFFFFFFFFFFFFFFFFFFFFFFFFFFFFFFFFFC6
:20DA8000FFFFFFFFFFFFFFFFFFFFFFFFFFFFFFFFFFFFFFFFFFFFFFFFFFFFFFFFFFFFFFFFA6
:20DAA000FFFFFFFFFFFFFFFFFFFFFFFFFFFFFFFFFFFFFFFFFFFFFFFFFFFFFFFFFFFFFFFF86
:20DAC000FFFFFFFFFFFFFFFFFFFFFFFFFFFFFFFFFFFFFFFFFFFFFFFFFFFFFFFFFFFFFFFF66
:20DAE000FFFFFFFFFFFFFFFFFFFFFFFFFFFFFFFFFFFFFFFFFFFFFFFFFFFFFFFFFFFFFFFF46
:20DB0000FFFFFFFFFFFFFFFFFFFFFFFFFFFFFFFFFFFFFFFFFFFFFFFFFFFFFFFFFFFFFFFF25
:20DB2000FFFFFFFFFFFFFFFFFFFFFFFFFFFFFFFFFFFFFFFFFFFFFFFFFFFFFFFFFFFFFFFF05
:20DB4000FFFFFFFFFFFFFFFFFFFFFFFFFFFFFFFFFFFFFFFFFFFFFFFFFFFFFFFFFFFFFFFFE5
:20DB6000FFFFFFFFFFFFFFFFFFFFFFFFFFFFFFFFFFFFFFFFFFFFFFFFFFFFFFFFFFFFFFFFC5
:20DB8000FFFFFFFFFFFFFFFFFFFFFFFFFFFFFFFFFFFFFFFFFFFFFFFFFFFFFFFFFFFFFFFFA5
:20DBA000FFFFFFFFFFFFFFFFFFFFFFFFFFFFFFFFFFFFFFFFFFFFFFFFFFFFFFFFFFFFFFFF85
:20DBC000FFFFFFFFFFFFFFFFFFFFFFFFFFFFFFFFFFFFFFFFFFFFFFFFFFFFFFFFFFFFFFFF65
:20DBE000FFFFFFFFFFFFFFFFFFFFFFFFFFFFFFFFFFFFFFFFFFFFFFFFFFFFFFFFFFFFFFFF45
:20DC0000FFFFFFFFFFFFFFFFFFFFFFFFFFFFFFFFFFFFFFFFFFFFFFFFFFFFFFFFFFFFFFFF24
:20DC2000FFFFFFFFFFFFFFFFFFFFFFFFFFFFFFFFFFFFFFFFFFFFFFFFFFFFFFFFFFFFFFFF04
:20DC4000FFFFFFFFFFFFFFFFFFFFFFFFFFFFFFFFFFFFFFFFFFFFFFFFFFFFFFFFFFFFFFFFE4
:20DC6000FFFFFFFFFFFFFFFFFFFFFFFFFFFFFFFFFFFFFFFFFFFFFFFFFFFFFFFFFFFFFFFFC4
:20DC8000FFFFFFFFFFFFFFFFFFFFFFFFFFFFFFFFFFFFFFFFFFFFFFFFFFFFFFFFFFFFFFFFA4
:20DCA000FFFFFFFFFFFFFFFFFFFFFFFFFFFFFFFFFFFFFFFFFFFFFFFFFFFFFFFFFFFFFFFF84
:20DCC000FFFFFFFFFFFFFFFFFFFFFFFFFFFFFFFFFFFFFFFFFFFFFFFFFFFFFFFFFFFFFFFF64
:20DCE000FFFFFFFFFFFFFFFFFFFFFFFFFFFFFFFFFFFFFFFFFFFFFFFFFFFFFFFFFFFFFFFF44
:20DD0000FFFFFFFFFFFFFFFFFFFFFFFFFFFFFFFFFFFFFFFFFFFFFFFFFFFFFFFFFFFFFFFF23
:20DD2000FFFFFFFFFFFFFFFFFFFFFFFFFFFFFFFFFFFFFFFFFFFFFFFFFFFFFFFFFFFFFFFF03
:20DD4000FFFFFFFFFFFFFFFFFFFFFFFFFFFFFFFFFFFFFFFFFFFFFFFFFFFFFFFFFFFFFFFFE3
:20DD6000FFFFFFFFFFFFFFFFFFFFFFFFFFFFFFFFFFFFFFFFFFFFFFFFFFFFFFFFFFFFFFFFC3
:20DD8000FFFFFFFFFFFFFFFFFFFFFFFFFFFFFFFFFFFFFFFFFFFFFFFFFFFFFFFFFFFFFFFFA3
:20DDA000FFFFFFFFFFFFFFFFFFFFFFFFFFFFFFFFFFFFFFFFFFFFFFFFFFFFFFFFFFFFFFFF83
:20DDC000FFFFFFFFFFFFFFFFFFFFFFFFFFFFFFFFFFFFFFFFFFFFFFFFFFFFFFFFFFFFFFFF63
:20DDE000FFFFFFFFFFFFFFFFFFFFFFFFFFFFFFFFFFFFFFFFFFFFFFFFFFFFFFFFFFFFFFFF43
:20DE0000FFFFFFFFFFFFFFFFFFFFFFFFFFFFFFFFFFFFFFFFFFFFFFFFFFFFFFFFFFFFFFFF22
:20DE2000FFFFFFFFFFFFFFFFFFFFFFFFFFFFFFFFFFFFFFFFFFFFFFFFFFFFFFFFFFFFFFFF02
:20DE4000FFFFFFFFFFFFFFFFFFFFFFFFFFFFFFFFFFFFFFFFFFFFFFFFFFFFFFFFFFFFFFFFE2
:20DE6000FFFFFFFFFFFFFFFFFFFFFFFFFFFFFFFFFFFFFFFFFFFFFFFFFFFFFFFFFFFFFFFFC2
:20DE8000FFFFFFFFFFFFFFFFFFFFFFFFFFFFFFFFFFFFFFFFFFFFFFFFFFFFFFFFFFFFFFFFA2
:20DEA000FFFFFFFFFFFFFFFFFFFFFFFFFFFFFFFFFFFFFFFFFFFFFFFFFFFFFFFFFFFFFFFF82
:20DEC000FFFFFFFFFFFFFFFFFFFFFFFFFFFFFFFFFFFFFFFFFFFFFFFFFFFFFFFFFFFFFFFF62
:20DEE000FFFFFFFFFFFFFFFFFFFFFFFFFFFFFFFFFFFFFFFFFFFFFFFFFFFFFFFFFFFFFFFF42
:20DF0000FFFFFFFFFFFFFFFFFFFFFFFFFFFFFFFFFFFFFFFFFFFFFFFFFFFFFFFFFFFFFFFF21
:20DF2000FFFFFFFFFFFFFFFFFFFFFFFFFFFFFFFFFFFFFFFFFFFFFFFFFFFFFFFFFFFFFFFF01
:20DF4000FFFFFFFFFFFFFFFFFFFFFFFFFFFFFFFFFFFFFFFFFFFFFFFFFFFFFFFFFFFFFFFFE1
:20DF6000FFFFFFFFFFFFFFFFFFFFFFFFFFFFFFFFFFFFFFFFFFFFFFFFFFFFFFFFFFFFFFFFC1
:20DF8000FFFFFFFFFFFFFFFFFFFFFFFFFFFFFFFFFFFFFFFFFFFFFFFFFFFFFFFFFFFFFFFFA1
:20DFA000FFFFFFFFFFFFFFFFFFFFFFFFFFFFFFFFFFFFFFFFFFFFFFFFFFFFFFFFFFFFFFFF81
:20DFC000FFFFFFFFFFFFFFFFFFFFFFFFFFFFFFFFFFFFFFFFFFFFFFFFFFFFFFFFFFFFFFFF61
:20DFE000FFFFFFFFFFFFFFFFFFFFFFFFFFFFFFFFFFFFFFFFFFFFFFFFFFFFFFFFFFFFFFFF41
:20E00000FFFFFFFFFFFFFFFFFFFFFFFFFFFFFFFFFFFFFFFFFFFFFFFFFFFFFFFFFFFFFFFF20
:20E02000FFFFFFFFFFFFFFFFFFFFFFFFFFFFFFFFFFFFFFFFFFFFFFFFFFFFFFFFFFFFFFFF00
:20E04000FFFFFFFFFFFFFFFFFFFFFFFFFFFFFFFFFFFFFFFFFFFFFFFFFFFFFFFFFFFFFFFFE0
:20E06000FFFFFFFFFFFFFFFFFFFFFFFFFFFFFFFFFFFFFFFFFFFFFFFFFFFFFFFFFFFFFFFFC0
:20E08000FFFFFFFFFFFFFFFFFFFFFFFFFFFFFFFFFFFFFFFFFFFFFFFFFFFFFFFFFFFFFFFFA0
:20E0A000FFFFFFFFFFFFFFFFFFFFFFFFFFFFFFFFFFFFFFFFFFFFFFFFFFFFFFFFFFFFFFFF80
:20E0C000FFFFFFFFFFFFFFFFFFFFFFFFFFFFFFFFFFFFFFFFFFFFFFFFFFFFFFFFFFFFFFFF60
:20E0E000FFFFFFFFFFFFFFFFFFFFFFFFFFFFFFFFFFFFFFFFFFFFFFFFFFFFFFFFFFFFFFFF40
:20E10000FFFFFFFFFFFFFFFFFFFFFFFFFFFFFFFFFFFFFFFFFFFFFFFFFFFFFFFFFFFFFFFF1F
:20E12000FFFFFFFFFFFFFFFFFFFFFFFFFFFFFFFFFFFFFFFFFFFFFFFFFFFFFFFFFFFFFFFFFF
:20E14000FFFFFFFFFFFFFFFFFFFFFFFFFFFFFFFFFFFFFFFFFFFFFFFFFFFFFFFFFFFFFFFFDF
:20E16000FFFFFFFFFFFFFFFFFFFFFFFFFFFFFFFFFFFFFFFFFFFFFFFFFFFFFFFFFFFFFFFFBF
:20E18000FFFFFFFFFFFFFFFFFFFFFFFFFFFFFFFFFFFFFFFFFFFFFFFFFFFFFFFFFFFFFFFF9F
:20E1A000FFFFFFFFFFFFFFFFFFFFFFFFFFFFFFFFFFFFFFFFFFFFFFFFFFFFFFFFFFFFFFFF7F
:20E1C000FFFFFFFFFFFFFFFFFFFFFFFFFFFFFFFFFFFFFFFFFFFFFFFFFFFFFFFFFFFFFFFF5F
:20E1E000FFFFFFFFFFFFFFFFFFFFFFFFFFFFFFFFFFFFFFFFFFFFFFFFFFFFFFFFFFFFFFFF3F
:20E20000FFFFFFFFFFFFFFFFFFFFFFFFFFFFFFFFFFFFFFFFFFFFFFFFFFFFFFFFFFFFFFFF1E
:20E22000FFFFFFFFFFFFFFFFFFFFFFFFFFFFFFFFFFFFFFFFFFFFFFFFFFFFFFFFFFFFFFFFFE
:20E24000FFFFFFFFFFFFFFFFFFFFFFFFFFFFFFFFFFFFFFFFFFFFFFFFFFFFFFFFFFFFFFFFDE
:20E26000FFFFFFFFFFFFFFFFFFFFFFFFFFFFFFFFFFFFFFFFFFFFFFFFFFFFFFFFFFFFFFFFBE
:20E28000FFFFFFFFFFFFFFFFFFFFFFFFFFFFFFFFFFFFFFFFFFFFFFFFFFFFFFFFFFFFFFFF9E
:20E2A000FFFFFFFFFFFFFFFFFFFFFFFFFFFFFFFFFFFFFFFFFFFFFFFFFFFFFFFFFFFFFFFF7E
:20E2C000FFFFFFFFFFFFFFFFFFFFFFFFFFFFFFFFFFFFFFFFFFFFFFFFFFFFFFFFFFFFFFFF5E
:20E2E000FFFFFFFFFFFFFFFFFFFFFFFFFFFFFFFFFFFFFFFFFFFFFFFFFFFFFFFFFFFFFFFF3E
:20E30000FFFFFFFFFFFFFFFFFFFFFFFFFFFFFFFFFFFFFFFFFFFFFFFFFFFFFFFFFFFFFFFF1D
:20E32000FFFFFFFFFFFFFFFFFFFFFFFFFFFFFFFFFFFFFFFFFFFFFFFFFFFFFFFFFFFFFFFFFD
:20E34000FFFFFFFFFFFFFFFFFFFFFFFFFFFFFFFFFFFFFFFFFFFFFFFFFFFFFFFFFFFFFFFFDD
:20E36000FFFFFFFFFFFFFFFFFFFFFFFFFFFFFFFFFFFFFFFFFFFFFFFFFFFFFFFFFFFFFFFFBD
:20E38000FFFFFFFFFFFFFFFFFFFFFFFFFFFFFFFFFFFFFFFFFFFFFFFFFFFFFFFFFFFFFFFF9D
:20E3A000FFFFFFFFFFFFFFFFFFFFFFFFFFFFFFFFFFFFFFFFFFFFFFFFFFFFFFFFFFFFFFFF7D
:20E3C000FFFFFFFFFFFFFFFFFFFFFFFFFFFFFFFFFFFFFFFFFFFFFFFFFFFFFFFFFFFFFFFF5D
:20E3E000FFFFFFFFFFFFFFFFFFFFFFFFFFFFFFFFFFFFFFFFFFFFFFFFFFFFFFFFFFFFFFFF3D
:20E40000FFFFFFFFFFFFFFFFFFFFFFFFFFFFFFFFFFFFFFFFFFFFFFFFFFFFFFFFFFFFFFFF1C
:20E42000FFFFFFFFFFFFFFFFFFFFFFFFFFFFFFFFFFFFFFFFFFFFFFFFFFFFFFFFFFFFFFFFFC
:20E44000FFFFFFFFFFFFFFFFFFFFFFFFFFFFFFFFFFFFFFFFFFFFFFFFFFFFFFFFFFFFFFFFDC
:20E46000FFFFFFFFFFFFFFFFFFFFFFFFFFFFFFFFFFFFFFFFFFFFFFFFFFFFFFFFFFFFFFFFBC
:20E48000FFFFFFFFFFFFFFFFFFFFFFFFFFFFFFFFFFFFFFFFFFFFFFFFFFFFFFFFFFFFFFFF9C
:20E4A000FFFFFFFFFFFFFFFFFFFFFFFFFFFFFFFFFFFFFFFFFFFFFFFFFFFFFFFFFFFFFFFF7C
:20E4C000FFFFFFFFFFFFFFFFFFFFFFFFFFFFFFFFFFFFFFFFFFFFFFFFFFFFFFFFFFFFFFFF5C
:20E4E000FFFFFFFFFFFFFFFFFFFFFFFFFFFFFFFFFFFFFFFFFFFFFFFFFFFFFFFFFFFFFFFF3C
:20E50000FFFFFFFFFFFFFFFFFFFFFFFFFFFFFFFFFFFFFFFFFFFFFFFFFFFFFFFFFFFFFFFF1B
:20E52000FFFFFFFFFFFFFFFFFFFFFFFFFFFFFFFFFFFFFFFFFFFFFFFFFFFFFFFFFFFFFFFFFB
:20E54000FFFFFFFFFFFFFFFFFFFFFFFFFFFFFFFFFFFFFFFFFFFFFFFFFFFFFFFFFFFFFFFFDB
:20E56000FFFFFFFFFFFFFFFFFFFFFFFFFFFFFFFFFFFFFFFFFFFFFFFFFFFFFFFFFFFFFFFFBB
:20E58000FFFFFFFFFFFFFFFFFFFFFFFFFFFFFFFFFFFFFFFFFFFFFFFFFFFFFFFFFFFFFFFF9B
:20E5A000FFFFFFFFFFFFFFFFFFFFFFFFFFFFFFFFFFFFFFFFFFFFFFFFFFFFFFFFFFFFFFFF7B
:20E5C000FFFFFFFFFFFFFFFFFFFFFFFFFFFFFFFFFFFFFFFFFFFFFFFFFFFFFFFFFFFFFFFF5B
:20E5E000FFFFFFFFFFFFFFFFFFFFFFFFFFFFFFFFFFFFFFFFFFFFFFFFFFFFFFFFFFFFFFFF3B
:20E60000FFFFFFFFFFFFFFFFFFFFFFFFFFFFFFFFFFFFFFFFFFFFFFFFFFFFFFFFFFFFFFFF1A
:20E62000FFFFFFFFFFFFFFFFFFFFFFFFFFFFFFFFFFFFFFFFFFFFFFFFFFFFFFFFFFFFFFFFFA
:20E64000FFFFFFFFFFFFFFFFFFFFFFFFFFFFFFFFFFFFFFFFFFFFFFFFFFFFFFFFFFFFFFFFDA
:20E66000FFFFFFFFFFFFFFFFFFFFFFFFFFFFFFFFFFFFFFFFFFFFFFFFFFFFFFFFFFFFFFFFBA
:20E68000FFFFFFFFFFFFFFFFFFFFFFFFFFFFFFFFFFFFFFFFFFFFFFFFFFFFFFFFFFFFFFFF9A
:20E6A000FFFFFFFFFFFFFFFFFFFFFFFFFFFFFFFFFFFFFFFFFFFFFFFFFFFFFFFFFFFFFFFF7A
:20E6C000FFFFFFFFFFFFFFFFFFFFFFFFFFFFFFFFFFFFFFFFFFFFFFFFFFFFFFFFFFFFFFFF5A
:20E6E000FFFFFFFFFFFFFFFFFFFFFFFFFFFFFFFFFFFFFFFFFFFFFFFFFFFFFFFFFFFFFFFF3A
:20E70000FFFFFFFFFFFFFFFFFFFFFFFFFFFFFFFFFFFFFFFFFFFFFFFFFFFFFFFFFFFFFFFF19
:20E72000FFFFFFFFFFFFFFFFFFFFFFFFFFFFFFFFFFFFFFFFFFFFFFFFFFFFFFFFFFFFFFFFF9
:20E74000FFFFFFFFFFFFFFFFFFFFFFFFFFFFFFFFFFFFFFFFFFFFFFFFFFFFFFFFFFFFFFFFD9
:20E76000FFFFFFFFFFFFFFFFFFFFFFFFFFFFFFFFFFFFFFFFFFFFFFFFFFFFFFFFFFFFFFFFB9
:20E78000FFFFFFFFFFFFFFFFFFFFFFFFFFFFFFFFFFFFFFFFFFFFFFFFFFFFFFFFFFFFFFFF99
:20E7A000FFFFFFFFFFFFFFFFFFFFFFFFFFFFFFFFFFFFFFFFFFFFFFFFFFFFFFFFFFFFFFFF79
:20E7C000FFFFFFFFFFFFFFFFFFFFFFFFFFFFFFFFFFFFFFFFFFFFFFFFFFFFFFFFFFFFFFFF59
:20E7E000FFFFFFFFFFFFFFFFFFFFFFFFFFFFFFFFFFFFFFFFFFFFFFFFFFFFFFFFFFFFFFFF39
:20E80000FFFFFFFFFFFFFFFFFFFFFFFFFFFFFFFFFFFFFFFFFFFFFFFFFFFFFFFFFFFFFFFF18
:20E82000FFFFFFFFFFFFFFFFFFFFFFFFFFFFFFFFFFFFFFFFFFFFFFFFFFFFFFFFFFFFFFFFF8
:20E84000FFFFFFFFFFFFFFFFFFFFFFFFFFFFFFFFFFFFFFFFFFFFFFFFFFFFFFFFFFFFFFFFD8
:20E86000FFFFFFFFFFFFFFFFFFFFFFFFFFFFFFFFFFFFFFFFFFFFFFFFFFFFFFFFFFFFFFFFB8
:20E88000FFFFFFFFFFFFFFFFFFFFFFFFFFFFFFFFFFFFFFFFFFFFFFFFFFFFFFFFFFFFFFFF98
:20E8A000FFFFFFFFFFFFFFFFFFFFFFFFFFFFFFFFFFFFFFFFFFFFFFFFFFFFFFFFFFFFFFFF78
:20E8C000FFFFFFFFFFFFFFFFFFFFFFFFFFFFFFFFFFFFFFFFFFFFFFFFFFFFFFFFFFFFFFFF58
:20E8E000FFFFFFFFFFFFFFFFFFFFFFFFFFFFFFFFFFFFFFFFFFFFFFFFFFFFFFFFFFFFFFFF38
:20E90000FFFFFFFFFFFFFFFFFFFFFFFFFFFFFFFFFFFFFFFFFFFFFFFFFFFFFFFFFFFFFFFF17
:20E92000FFFFFFFFFFFFFFFFFFFFFFFFFFFFFFFFFFFFFFFFFFFFFFFFFFFFFFFFFFFFFFFFF7
:20E94000FFFFFFFFFFFFFFFFFFFFFFFFFFFFFFFFFFFFFFFFFFFFFFFFFFFFFFFFFFFFFFFFD7
:20E96000FFFFFFFFFFFFFFFFFFFFFFFFFFFFFFFFFFFFFFFFFFFFFFFFFFFFFFFFFFFFFFFFB7
:20E98000FFFFFFFFFFFFFFFFFFFFFFFFFFFFFFFFFFFFFFFFFFFFFFFFFFFFFFFFFFFFFFFF97
:20E9A000FFFFFFFFFFFFFFFFFFFFFFFFFFFFFFFFFFFFFFFFFFFFFFFFFFFFFFFFFFFFFFFF77
:20E9C000FFFFFFFFFFFFFFFFFFFFFFFFFFFFFFFFFFFFFFFFFFFFFFFFFFFFFFFFFFFFFFFF57
:20E9E000FFFFFFFFFFFFFFFFFFFFFFFFFFFFFFFFFFFFFFFFFFFFFFFFFFFFFFFFFFFFFFFF37
:20EA0000FFFFFFFFFFFFFFFFFFFFFFFFFFFFFFFFFFFFFFFFFFFFFFFFFFFFFFFFFFFFFFFF16
:20EA2000FFFFFFFFFFFFFFFFFFFFFFFFFFFFFFFFFFFFFFFFFFFFFFFFFFFFFFFFFFFFFFFFF6
:20EA4000FFFFFFFFFFFFFFFFFFFFFFFFFFFFFFFFFFFFFFFFFFFFFFFFFFFFFFFFFFFFFFFFD6
:20EA6000FFFFFFFFFFFFFFFFFFFFFFFFFFFFFFFFFFFFFFFFFFFFFFFFFFFFFFFFFFFFFFFFB6
:20EA8000FFFFFFFFFFFFFFFFFFFFFFFFFFFFFFFFFFFFFFFFFFFFFFFFFFFFFFFFFFFFFFFF96
:20EAA000FFFFFFFFFFFFFFFFFFFFFFFFFFFFFFFFFFFFFFFFFFFFFFFFFFFFFFFFFFFFFFFF76
:20EAC000FFFFFFFFFFFFFFFFFFFFFFFFFFFFFFFFFFFFFFFFFFFFFFFFFFFFFFFFFFFFFFFF56
:20EAE000FFFFFFFFFFFFFFFFFFFFFFFFFFFFFFFFFFFFFFFFFFFFFFFFFFFFFFFFFFFFFFFF36
:20EB0000FFFFFFFFFFFFFFFFFFFFFFFFFFFFFFFFFFFFFFFFFFFFFFFFFFFFFFFFFFFFFFFF15
:20EB2000FFFFFFFFFFFFFFFFFFFFFFFFFFFFFFFFFFFFFFFFFFFFFFFFFFFFFFFFFFFFFFFFF5
:20EB4000FFFFFFFFFFFFFFFFFFFFFFFFFFFFFFFFFFFFFFFFFFFFFFFFFFFFFFFFFFFFFFFFD5
:20EB6000FFFFFFFFFFFFFFFFFFFFFFFFFFFFFFFFFFFFFFFFFFFFFFFFFFFFFFFFFFFFFFFFB5
:20EB8000FFFFFFFFFFFFFFFFFFFFFFFFFFFFFFFFFFFFFFFFFFFFFFFFFFFFFFFFFFFFFFFF95
:20EBA000FFFFFFFFFFFFFFFFFFFFFFFFFFFFFFFFFFFFFFFFFFFFFFFFFFFFFFFFFFFFFFFF75
:20EBC000FFFFFFFFFFFFFFFFFFFFFFFFFFFFFFFFFFFFFFFFFFFFFFFFFFFFFFFFFFFFFFFF55
:20EBE000FFFFFFFFFFFFFFFFFFFFFFFFFFFFFFFFFFFFFFFFFFFFFFFFFFFFFFFFFFFFFFFF35
:20EC0000FFFFFFFFFFFFFFFFFFFFFFFFFFFFFFFFFFFFFFFFFFFFFFFFFFFFFFFFFFFFFFFF14
:20EC2000FFFFFFFFFFFFFFFFFFFFFFFFFFFFFFFFFFFFFFFFFFFFFFFFFFFFFFFFFFFFFFFFF4
:20EC4000FFFFFFFFFFFFFFFFFFFFFFFFFFFFFFFFFFFFFFFFFFFFFFFFFFFFFFFFFFFFFFFFD4
:20EC6000FFFFFFFFFFFFFFFFFFFFFFFFFFFFFFFFFFFFFFFFFFFFFFFFFFFFFFFFFFFFFFFFB4
:20EC8000FFFFFFFFFFFFFFFFFFFFFFFFFFFFFFFFFFFFFFFFFFFFFFFFFFFFFFFFFFFFFFFF94
:20ECA000FFFFFFFFFFFFFFFFFFFFFFFFFFFFFFFFFFFFFFFFFFFFFFFFFFFFFFFFFFFFFFFF74
:20ECC000FFFFFFFFFFFFFFFFFFFFFFFFFFFFFFFFFFFFFFFFFFFFFFFFFFFFFFFFFFFFFFFF54
:20ECE000FFFFFFFFFFFFFFFFFFFFFFFFFFFFFFFFFFFFFFFFFFFFFFFFFFFFFFFFFFFFFFFF34
:20ED0000FFFFFFFFFFFFFFFFFFFFFFFFFFFFFFFFFFFFFFFFFFFFFFFFFFFFFFFFFFFFFFFF13
:20ED2000FFFFFFFFFFFFFFFFFFFFFFFFFFFFFFFFFFFFFFFFFFFFFFFFFFFFFFFFFFFFFFFFF3
:20ED4000FFFFFFFFFFFFFFFFFFFFFFFFFFFFFFFFFFFFFFFFFFFFFFFFFFFFFFFFFFFFFFFFD3
:20ED6000FFFFFFFFFFFFFFFFFFFFFFFFFFFFFFFFFFFFFFFFFFFFFFFFFFFFFFFFFFFFFFFFB3
:20ED8000FFFFFFFFFFFFFFFFFFFFFFFFFFFFFFFFFFFFFFFFFFFFFFFFFFFFFFFFFFFFFFFF93
:20EDA000FFFFFFFFFFFFFFFFFFFFFFFFFFFFFFFFFFFFFFFFFFFFFFFFFFFFFFFFFFFFFFFF73
:20EDC000FFFFFFFFFFFFFFFFFFFFFFFFFFFFFFFFFFFFFFFFFFFFFFFFFFFFFFFFFFFFFFFF53
:20EDE000FFFFFFFFFFFFFFFFFFFFFFFFFFFFFFFFFFFFFFFFFFFFFFFFFFFFFFFFFFFFFFFF33
:20EE0000FFFFFFFFFFFFFFFFFFFFFFFFFFFFFFFFFFFFFFFFFFFFFFFFFFFFFFFFFFFFFFFF12
:20EE2000FFFFFFFFFFFFFFFFFFFFFFFFFFFFFFFFFFFFFFFFFFFFFFFFFFFFFFFFFFFFFFFFF2
:20EE4000FFFFFFFFFFFFFFFFFFFFFFFFFFFFFFFFFFFFFFFFFFFFFFFFFFFFFFFFFFFFFFFFD2
:20EE6000FFFFFFFFFFFFFFFFFFFFFFFFFFFFFFFFFFFFFFFFFFFFFFFFFFFFFFFFFFFFFFFFB2
:20EE8000FFFFFFFFFFFFFFFFFFFFFFFFFFFFFFFFFFFFFFFFFFFFFFFFFFFFFFFFFFFFFFFF92
:20EEA000FFFFFFFFFFFFFFFFFFFFFFFFFFFFFFFFFFFFFFFFFFFFFFFFFFFFFFFFFFFFFFFF72
:20EEC000FFFFFFFFFFFFFFFFFFFFFFFFFFFFFFFFFFFFFFFFFFFFFFFFFFFFFFFFFFFFFFFF52
:20EEE000FFFFFFFFFFFFFFFFFFFFFFFFFFFFFFFFFFFFFFFFFFFFFFFFFFFFFFFFFFFFFFFF32
:20EF0000FFFFFFFFFFFFFFFFFFFFFFFFFFFFFFFFFFFFFFFFFFFFFFFFFFFFFFFFFFFFFFFF11
:20EF2000FFFFFFFFFFFFFFFFFFFFFFFFFFFFFFFFFFFFFFFFFFFFFFFFFFFFFFFFFFFFFFFFF1
:20EF4000FFFFFFFFFFFFFFFFFFFFFFFFFFFFFFFFFFFFFFFFFFFFFFFFFFFFFFFFFFFFFFFFD1
:20EF6000FFFFFFFFFFFFFFFFFFFFFFFFFFFFFFFFFFFFFFFFFFFFFFFFFFFFFFFFFFFFFFFFB1
:20EF8000FFFFFFFFFFFFFFFFFFFFFFFFFFFFFFFFFFFFFFFFFFFFFFFFFFFFFFFFFFFFFFFF91
:20EFA000FFFFFFFFFFFFFFFFFFFFFFFFFFFFFFFFFFFFFFFFFFFFFFFFFFFFFFFFFFFFFFFF71
:20EFC000FFFFFFFFFFFFFFFFFFFFFFFFFFFFFFFFFFFFFFFFFFFFFFFFFFFFFFFFFFFFFFFF51
:20EFE000FFFFFFFFFFFFFFFFFFFFFFFFFFFFFFFFFFFFFFFFFFFFFFFFFFFFFFFFFFFFFFFF31
:20F00000FFFFFFFFFFFFFFFFFFFFFFFFFFFFFFFFFFFFFFFFFFFFFFFFFFFFFFFFFFFFFFFF10
:20F02000FFFFFFFFFFFFFFFFFFFFFFFFFFFFFFFFFFFFFFFFFFFFFFFFFFFFFFFFFFFFFFFFF0
:20F04000FFFFFFFFFFFFFFFFFFFFFFFFFFFFFFFFFFFFFFFFFFFFFFFFFFFFFFFFFFFFFFFFD0
:20F06000FFFFFFFFFFFFFFFFFFFFFFFFFFFFFFFFFFFFFFFFFFFFFFFFFFFFFFFFFFFFFFFFB0
:20F08000FFFFFFFFFFFFFFFFFFFFFFFFFFFFFFFFFFFFFFFFFFFFFFFFFFFFFFFFFFFFFFFF90
:20F0A000FFFFFFFFFFFFFFFFFFFFFFFFFFFFFFFFFFFFFFFFFFFFFFFFFFFFFFFFFFFFFFFF70
:20F0C000FFFFFFFFFFFFFFFFFFFFFFFFFFFFFFFFFFFFFFFFFFFFFFFFFFFFFFFFFFFFFFFF50
:20F0E000FFFFFFFFFFFFFFFFFFFFFFFFFFFFFFFFFFFFFFFFFFFFFFFFFFFFFFFFFFFFFFFF30
:20F10000FFFFFFFFFFFFFFFFFFFFFFFFFFFFFFFFFFFFFFFFFFFFFFFFFFFFFFFFFFFFFFFF0F
:20F12000FFFFFFFFFFFFFFFFFFFFFFFFFFFFFFFFFFFFFFFFFFFFFFFFFFFFFFFFFFFFFFFFEF
:20F14000FFFFFFFFFFFFFFFFFFFFFFFFFFFFFFFFFFFFFFFFFFFFFFFFFFFFFFFFFFFFFFFFCF
:20F16000FFFFFFFFFFFFFFFFFFFFFFFFFFFFFFFFFFFFFFFFFFFFFFFFFFFFFFFFFFFFFFFFAF
:20F18000FFFFFFFFFFFFFFFFFFFFFFFFFFFFFFFFFFFFFFFFFFFFFFFFFFFFFFFFFFFFFFFF8F
:20F1A000FFFFFFFFFFFFFFFFFFFFFFFFFFFFFFFFFFFFFFFFFFFFFFFFFFFFFFFFFFFFFFFF6F
:20F1C000FFFFFFFFFFFFFFFFFFFFFFFFFFFFFFFFFFFFFFFFFFFFFFFFFFFFFFFFFFFFFFFF4F
:20F1E000FFFFFFFFFFFFFFFFFFFFFFFFFFFFFFFFFFFFFFFFFFFFFFFFFFFFFFFFFFFFFFFF2F
:20F20000FFFFFFFFFFFFFFFFFFFFFFFFFFFFFFFFFFFFFFFFFFFFFFFFFFFFFFFFFFFFFFFF0E
:20F22000FFFFFFFFFFFFFFFFFFFFFFFFFFFFFFFFFFFFFFFFFFFFFFFFFFFFFFFFFFFFFFFFEE
:20F24000FFFFFFFFFFFFFFFFFFFFFFFFFFFFFFFFFFFFFFFFFFFFFFFFFFFFFFFFFFFFFFFFCE
:20F26000FFFFFFFFFFFFFFFFFFFFFFFFFFFFFFFFFFFFFFFFFFFFFFFFFFFFFFFFFFFFFFFFAE
:20F28000FFFFFFFFFFFFFFFFFFFFFFFFFFFFFFFFFFFFFFFFFFFFFFFFFFFFFFFFFFFFFFFF8E
:20F2A000FFFFFFFFFFFFFFFFFFFFFFFFFFFFFFFFFFFFFFFFFFFFFFFFFFFFFFFFFFFFFFFF6E
:20F2C000FFFFFFFFFFFFFFFFFFFFFFFFFFFFFFFFFFFFFFFFFFFFFFFFFFFFFFFFFFFFFFFF4E
:20F2E000FFFFFFFFFFFFFFFFFFFFFFFFFFFFFFFFFFFFFFFFFFFFFFFFFFFFFFFFFFFFFFFF2E
:20F30000FFFFFFFFFFFFFFFFFFFFFFFFFFFFFFFFFFFFFFFFFFFFFFFFFFFFFFFFFFFFFFFF0D
:20F32000FFFFFFFFFFFFFFFFFFFFFFFFFFFFFFFFFFFFFFFFFFFFFFFFFFFFFFFFFFFFFFFFED
:20F34000FFFFFFFFFFFFFFFFFFFFFFFFFFFFFFFFFFFFFFFFFFFFFFFFFFFFFFFFFFFFFFFFCD
:20F36000FFFFFFFFFFFFFFFFFFFFFFFFFFFFFFFFFFFFFFFFFFFFFFFFFFFFFFFFFFFFFFFFAD
:20F38000FFFFFFFFFFFFFFFFFFFFFFFFFFFFFFFFFFFFFFFFFFFFFFFFFFFFFFFFFFFFFFFF8D
:20F3A000FFFFFFFFFFFFFFFFFFFFFFFFFFFFFFFFFFFFFFFFFFFFFFFFFFFFFFFFFFFFFFFF6D
:20F3C000FFFFFFFFFFFFFFFFFFFFFFFFFFFFFFFFFFFFFFFFFFFFFFFFFFFFFFFFFFFFFFFF4D
:20F3E000FFFFFFFFFFFFFFFFFFFFFFFFFFFFFFFFFFFFFFFFFFFFFFFFFFFFFFFFFFFFFFFF2D
:20F40000FFFFFFFFFFFFFFFFFFFFFFFFFFFFFFFFFFFFFFFFFFFFFFFFFFFFFFFFFFFFFFFF0C
:20F42000FFFFFFFFFFFFFFFFFFFFFFFFFFFFFFFFFFFFFFFFFFFFFFFFFFFFFFFFFFFFFFFFEC
:20F44000FFFFFFFFFFFFFFFFFFFFFFFFFFFFFFFFFFFFFFFFFFFFFFFFFFFFFFFFFFFFFFFFCC
:20F46000FFFFFFFFFFFFFFFFFFFFFFFFFFFFFFFFFFFFFFFFFFFFFFFFFFFFFFFFFFFFFFFFAC
:20F48000FFFFFFFFFFFFFFFFFFFFFFFFFFFFFFFFFFFFFFFFFFFFFFFFFFFFFFFFFFFFFFFF8C
:20F4A000FFFFFFFFFFFFFFFFFFFFFFFFFFFFFFFFFFFFFFFFFFFFFFFFFFFFFFFFFFFFFFFF6C
:20F4C000FFFFFFFFFFFFFFFFFFFFFFFFFFFFFFFFFFFFFFFFFFFFFFFFFFFFFFFFFFFFFFFF4C
:20F4E000FFFFFFFFFFFFFFFFFFFFFFFFFFFFFFFFFFFFFFFFFFFFFFFFFFFFFFFFFFFFFFFF2C
:20F50000FFFFFFFFFFFFFFFFFFFFFFFFFFFFFFFFFFFFFFFFFFFFFFFFFFFFFFFFFFFFFFFF0B
:20F52000FFFFFFFFFFFFFFFFFFFFFFFFFFFFFFFFFFFFFFFFFFFFFFFFFFFFFFFFFFFFFFFFEB
:20F54000FFFFFFFFFFFFFFFFFFFFFFFFFFFFFFFFFFFFFFFFFFFFFFFFFFFFFFFFFFFFFFFFCB
:20F56000FFFFFFFFFFFFFFFFFFFFFFFFFFFFFFFFFFFFFFFFFFFFFFFFFFFFFFFFFFFFFFFFAB
:20F58000FFFFFFFFFFFFFFFFFFFFFFFFFFFFFFFFFFFFFFFFFFFFFFFFFFFFFFFFFFFFFFFF8B
:20F5A000FFFFFFFFFFFFFFFFFFFFFFFFFFFFFFFFFFFFFFFFFFFFFFFFFFFFFFFFFFFFFFFF6B
:20F5C000FFFFFFFFFFFFFFFFFFFFFFFFFFFFFFFFFFFFFFFFFFFFFFFFFFFFFFFFFFFFFFFF4B
:20F5E000FFFFFFFFFFFFFFFFFFFFFFFFFFFFFFFFFFFFFFFFFFFFFFFFFFFFFFFFFFFFFFFF2B
:20F60000FFFFFFFFFFFFFFFFFFFFFFFFFFFFFFFFFFFFFFFFFFFFFFFFFFFFFFFFFFFFFFFF0A
:20F62000FFFFFFFFFFFFFFFFFFFFFFFFFFFFFFFFFFFFFFFFFFFFFFFFFFFFFFFFFFFFFFFFEA
:20F64000FFFFFFFFFFFFFFFFFFFFFFFFFFFFFFFFFFFFFFFFFFFFFFFFFFFFFFFFFFFFFFFFCA
:20F66000FFFFFFFFFFFFFFFFFFFFFFFFFFFFFFFFFFFFFFFFFFFFFFFFFFFFFFFFFFFFFFFFAA
:20F68000FFFFFFFFFFFFFFFFFFFFFFFFFFFFFFFFFFFFFFFFFFFFFFFFFFFFFFFFFFFFFFFF8A
:20F6A000FFFFFFFFFFFFFFFFFFFFFFFFFFFFFFFFFFFFFFFFFFFFFFFFFFFFFFFFFFFFFFFF6A
:20F6C000FFFFFFFFFFFFFFFFFFFFFFFFFFFFFFFFFFFFFFFFFFFFFFFFFFFFFFFFFFFFFFFF4A
:20F6E000FFFFFFFFFFFFFFFFFFFFFFFFFFFFFFFFFFFFFFFFFFFFFFFFFFFFFFFFFFFFFFFF2A
:20F70000FFFFFFFFFFFFFFFFFFFFFFFFFFFFFFFFFFFFFFFFFFFFFFFFFFFFFFFFFFFFFFFF09
:20F72000FFFFFFFFFFFFFFFFFFFFFFFFFFFFFFFFFFFFFFFFFFFFFFFFFFFFFFFFFFFFFFFFE9
:20F74000FFFFFFFFFFFFFFFFFFFFFFFFFFFFFFFFFFFFFFFFFFFFFFFFFFFFFFFFFFFFFFFFC9
:20F76000FFFFFFFFFFFFFFFFFFFFFFFFFFFFFFFFFFFFFFFFFFFFFFFFFFFFFFFFFFFFFFFFA9
:20F78000FFFFFFFFFFFFFFFFFFFFFFFFFFFFFFFFFFFFFFFFFFFFFFFFFFFFFFFFFFFFFFFF89
:20F7A000FFFFFFFFFFFFFFFFFFFFFFFFFFFFFFFFFFFFFFFFFFFFFFFFFFFFFFFFFFFFFFFF69
:20F7C000FFFFFFFFFFFFFFFFFFFFFFFFFFFFFFFFFFFFFFFFFFFFFFFFFFFFFFFFFFFFFFFF49
:20F7E000FFFFFFFFFFFFFFFFFFFFFFFFFFFFFFFFFFFFFFFFFFFFFFFFFFFFFFFFFFFFFFFF29
:20F80000FFFFFFFFFFFFFFFFFFFFFFFFFFFFFFFFFFFFFFFFFFFFFFFFFFFFFFFFFFFFFFFF08
:20F82000FFFFFFFFFFFFFFFFFFFFFFFFFFFFFFFFFFFFFFFFFFFFFFFFFFFFFFFFFFFFFFFFE8
:20F84000FFFFFFFFFFFFFFFFFFFFFFFFFFFFFFFFFFFFFFFFFFFFFFFFFFFFFFFFFFFFFFFFC8
:20F86000FFFFFFFFFFFFFFFFFFFFFFFFFFFFFFFFFFFFFFFFFFFFFFFFFFFFFFFFFFFFFFFFA8
:20F88000FFFFFFFFFFFFFFFFFFFFFFFFFFFFFFFFFFFFFFFFFFFFFFFFFFFFFFFFFFFFFFFF88
:20F8A000FFFFFFFFFFFFFFFFFFFFFFFFFFFFFFFFFFFFFFFFFFFFFFFFFFFFFFFFFFFFFFFF68
:20F8C000FFFFFFFFFFFFFFFFFFFFFFFFFFFFFFFFFFFFFFFFFFFFFFFFFFFFFFFFFFFFFFFF48
:20F8E000FFFFFFFFFFFFFFFFFFFFFFFFFFFFFFFFFFFFFFFFFFFFFFFFFFFFFFFFFFFFFFFF28
:20F90000FFFFFFFFFFFFFFFFFFFFFFFFFFFFFFFFFFFFFFFFFFFFFFFFFFFFFFFFFFFFFFFF07
:20F92000FFFFFFFFFFFFFFFFFFFFFFFFFFFFFFFFFFFFFFFFFFFFFFFFFFFFFFFFFFFFFFFFE7
:20F94000FFFFFFFFFFFFFFFFFFFFFFFFFFFFFFFFFFFFFFFFFFFFFFFFFFFFFFFFFFFFFFFFC7
:20F96000FFFFFFFFFFFFFFFFFFFFFFFFFFFFFFFFFFFFFFFFFFFFFFFFFFFFFFFFFFFFFFFFA7
:20F98000FFFFFFFFFFFFFFFFFFFFFFFFFFFFFFFFFFFFFFFFFFFFFFFFFFFFFFFFFFFFFFFF87
:20F9A000FFFFFFFFFFFFFFFFFFFFFFFFFFFFFFFFFFFFFFFFFFFFFFFFFFFFFFFFFFFFFFFF67
:20F9C000FFFFFFFFFFFFFFFFFFFFFFFFFFFFFFFFFFFFFFFFFFFFFFFFFFFFFFFFFFFFFFFF47
:20F9E000FFFFFFFFFFFFFFFFFFFFFFFFFFFFFFFFFFFFFFFFFFFFFFFFFFFFFFFFFFFFFFFF27
:20FA0000FFFFFFFFFFFFFFFFFFFFFFFFFFFFFFFFFFFFFFFFFFFFFFFFFFFFFFFFFFFFFFFF06
:20FA2000FFFFFFFFFFFFFFFFFFFFFFFFFFFFFFFFFFFFFFFFFFFFFFFFFFFFFFFFFFFFFFFFE6
:20FA4000FFFFFFFFFFFFFFFFFFFFFFFFFFFFFFFFFFFFFFFFFFFFFFFFFFFFFFFFFFFFFFFFC6
:20FA6000FFFFFFFFFFFFFFFFFFFFFFFFFFFFFFFFFFFFFFFFFFFFFFFFFFFFFFFFFFFFFFFFA6
:20FA8000FFFFFFFFFFFFFFFFFFFFFFFFFFFFFFFFFFFFFFFFFFFFFFFFFFFFFFFFFFFFFFFF86
:20FAA000FFFFFFFFFFFFFFFFFFFFFFFFFFFFFFFFFFFFFFFFFFFFFFFFFFFFFFFFFFFFFFFF66
:20FAC000FFFFFFFFFFFFFFFFFFFFFFFFFFFFFFFFFFFFFFFFFFFFFFFFFFFFFFFFFFFFFFFF46
:20FAE000FFFFFFFFFFFFFFFFFFFFFFFFFFFFFFFFFFFFFFFFFFFFFFFFFFFFFFFFFFFFFFFF26
:20FB0000FFFFFFFFFFFFFFFFFFFFFFFFFFFFFFFFFFFFFFFFFFFFFFFFFFFFFFFFFFFFFFFF05
:20FB2000FFFFFFFFFFFFFFFFFFFFFFFFFFFFFFFFFFFFFFFFFFFFFFFFFFFFFFFFFFFFFFFFE5
:20FB4000FFFFFFFFFFFFFFFFFFFFFFFFFFFFFFFFFFFFFFFFFFFFFFFFFFFFFFFFFFFFFFFFC5
:20FB6000FFFFFFFFFFFFFFFFFFFFFFFFFFFFFFFFFFFFFFFFFFFFFFFFFFFFFFFFFFFFFFFFA5
:20FB8000FFFFFFFFFFFFFFFFFFFFFFFFFFFFFFFFFFFFFFFFFFFFFFFFFFFFFFFFFFFFFFFF85
:20FBA000FFFFFFFFFFFFFFFFFFFFFFFFFFFFFFFFFFFFFFFFFFFFFFFFFFFFFFFFFFFFFFFF65
:20FBC000FFFFFFFFFFFFFFFFFFFFFFFFFFFFFFFFFFFFFFFFFFFFFFFFFFFFFFFFFFFFFFFF45
:20FBE000FFFFFFFFFFFFFFFFFFFFFFFFFFFFFFFFFFFFFFFFFFFFFFFFFFFFFFFFFFFFFFFF25
:20FC0000FFFFFFFFFFFFFFFFFFFFFFFFFFFFFFFFFFFFFFFFFFFFFFFFFFFFFFFFFFFFFFFF04
:20FC2000FFFFFFFFFFFFFFFFFFFFFFFFFFFFFFFFFFFFFFFFFFFFFFFFFFFFFFFFFFFFFFFFE4
:20FC4000FFFFFFFFFFFFFFFFFFFFFFFFFFFFFFFFFFFFFFFFFFFFFFFFFFFFFFFFFFFFFFFFC4
:20FC6000FFFFFFFFFFFFFFFFFFFFFFFFFFFFFFFFFFFFFFFFFFFFFFFFFFFFFFFFFFFFFFFFA4
:20FC8000FFFFFFFFFFFFFFFFFFFFFFFFFFFFFFFFFFFFFFFFFFFFFFFFFFFFFFFFFFFFFFFF84
:20FCA000FFFFFFFFFFFFFFFFFFFFFFFFFFFFFFFFFFFFFFFFFFFFFFFFFFFFFFFFFFFFFFFF64
:20FCC000FFFFFFFFFFFFFFFFFFFFFFFFFFFFFFFFFFFFFFFFFFFFFFFFFFFFFFFFFFFFFFFF44
:20FCE000FFFFFFFFFFFFFFFFFFFFFFFFFFFFFFFFFFFFFFFFFFFFFFFFFFFFFFFFFFFFFFFF24
:20FD0000FFFFFFFFFFFFFFFFFFFFFFFFFFFFFFFFFFFFFFFFFFFFFFFFFFFFFFFFFFFFFFFF03
:20FD2000FFFFFFFFFFFFFFFFFFFFFFFFFFFFFFFFFFFFFFFFFFFFFFFFFFFFFFFFFFFFFFFFE3
:20FD4000FFFFFFFFFFFFFFFFFFFFFFFFFFFFFFFFFFFFFFFFFFFFFFFFFFFFFFFFFFFFFFFFC3
:20FD6000FFFFFFFFFFFFFFFFFFFFFFFFFFFFFFFFFFFFFFFFFFFFFFFFFFFFFFFFFFFFFFFFA3
:20FD8000FFFFFFFFFFFFFFFFFFFFFFFFFFFFFFFFFFFFFFFFFFFFFFFFFFFFFFFFFFFFFFFF83
:20FDA000FFFFFFFFFFFFFFFFFFFFFFFFFFFFFFFFFFFFFFFFFFFFFFFFFFFFFFFFFFFFFFFF63
:20FDC000FFFFFFFFFFFFFFFFFFFFFFFFFFFFFFFFFFFFFFFFFFFFFFFFFFFFFFFFFFFFFFFF43
:20FDE000FFFFFFFFFFFFFFFFFFFFFFFFFFFFFFFFFFFFFFFFFFFFFFFFFFFFFFFFFFFFFFFF23
:20FE0000FFFFFFFFFFFFFFFFFFFFFFFFFFFFFFFFFFFFFFFFFFFFFFFFFFFFFFFFFFFFFFFF02
:20FE2000FFFFFFFFFFFFFFFFFFFFFFFFFFFFFFFFFFFFFFFFFFFFFFFFFFFFFFFFFFFFFFFFE2
:20FE4000FFFFFFFFFFFFFFFFFFFFFFFFFFFFFFFFFFFFFFFFFFFFFFFFFFFFFFFFFFFFFFFFC2
:20FE6000FFFFFFFFFFFFFFFFFFFFFFFFFFFFFFFFFFFFFFFFFFFFFFFFFFFFFFFFFFFFFFFFA2
:20FE8000FFFFFFFFFFFFFFFFFFFFFFFFFFFFFFFFFFFFFFFFFFFFFFFFFFFFFFFFFFFFFFFF82
:20FEA000FFFFFFFFFFFFFFFFFFFFFFFFFFFFFFFFFFFFFFFFFFFFFFFFFFFFFFFFFFFFFFFF62
:20FEC000FFFFFFFFFFFFFFFFFFFFFFFFFFFFFFFFFFFFFFFFFFFFFFFFFFFFFFFFFFFFFFFF42
:20FEE000FFFFFFFFFFFFFFFFFFFFFFFFFFFFFFFFFFFFFFFFFFFFFFFFFFFFFFFFFFFFFFFF22
:20FF0000FFFFFFFFFFFFFFFFFFFFFFFFFFFFFFFFFFFFFFFFFFFFFFFFFFFFFFFFFFFFFFFF01
:20FF2000FFFFFFFFFFFFFFFFFFFFFFFFFFFFFFFFFFFFFFFFFFFFFFFFFFFFFFFFFFFFFFFFE1
:20FF4000FFFFFFFFFFFFFFFFFFFFFFFFFFFFFFFFFFFFFFFFFFFFFFFFFFFFFFFFFFFFFFFFC1
:20FF6000FFFFFFFFFFFFFFFFFFFFFFFFFFFFFFFFFFFFFFFFFFFFFFFFFFFFFFFFFFFFFFFFA1
:20FF8000FFFFFFFFFFFFFFFFFFFFFFFFFFFFFFFFFFFFFFFFFFFFFFFFFFFFFFFFFFFFFFFF81
:20FFA000FFFFFFFFFFFFFFFFFFFFFFFFFFFFFFFFFFFFFFFFFFFFFFFFFFFFFFFFFFFFFFFF61
:20FFC000FFFFFFFFFFFFFFFFFFFFFFFFFFFFFFFFFFFFFFFFFFFFFFFFFFFFFFFFFFFFFFFF41
:20FFE000FFFFFFFFFFFFFFFFFFFFFFFFFFFFFFFFFFFFFFFFFFFFFFFFFFFFFFFF7F0083AF6C
:00000001FF
