:020000040000FA
:204100008107C4078007F8008007F4008007F0008007EC008007E8008007E4008007E00027
:204120008007DC008007D8008007D4008007D0008007BE8F8007E68D8007C4008007C000AB
:2041400080070C8C8007B8008007B4008007B0008007AC008007A8008007A4008007687F94
:204160008007B67E800798008007007E80074E7D80078C008007987C8007E67B8007800071
:204180008007307B80077E7A800774008007C8798007167980076478800764008007600060
:2041A00080075C0080075800800754008007500080074C008007D89480074C968007169728
:2041C0008007A8838007380081070E1881072E178107D21881078A1A800724008007200003
:2041E00080071C00800718008007548A8007100080070C008007080080070400E0074001AC
:20420000FFFFFFFFFFFFFFFFFFFFFFFFFFFFFFFFFFFFFFFFFFFFFFFFFFFFFFFFFFFFFFFFBE
:20422000FFFFFFFFFFFFFFFFFFFFFFFFFFFFFFFFFFFFFFFFFFFFFFFFFFFFFFFFFFFFFFFF9E
:20424000FFFFFFFFFFFFFFFFFFFFFFFFFFFFFFFFFFFFFFFFFFFFFFFFFFFFFFFFFFFFFFFF7E
:20426000FFFFFFFFFFFFFFFFFFFFFFFFFFFFFFFFFFFFFFFFFFFFFFFFFFFFFFFFFFFFFFFF5E
:20428000FFFFFFFFFFFFFFFFFFFFFFFFFFFFFFFFFFFFFFFFFFFFFFFFFFFFFFFFFFFFFFFF3E
:2042A000FFFFFFFFFFFFFFFFFFFFFFFFFFFFFFFFFFFFFFFFFFFFFFFFFFFFFFFFFFFFFFFF1E
:2042C000FFFFFFFFFFFFFFFFFFFFFFFFFFFFFFFFFFFFFFFFFFFFFFFFFFFFFFFFFFFFFFFFFE
:2042E000FFFFFFFFFFFFFFFFFFFFFFFFFFFFFFFFFFFFFFFFFFFFFFFFFFFFFFFFFFFFFFFFDE
:20430000FFFFFFFFFFFFFFFFFFFFFFFFFFFFFFFFFFFFFFFFFFFFFFFFFFFFFFFFFFFFFFFFBD
:20432000FFFFFFFFFFFFFFFFFFFFFFFFFFFFFFFFFFFFFFFFFFFFFFFFFFFFFFFFFFFFFFFF9D
:20434000FFFFFFFFFFFFFFFFFFFFFFFFFFFFFFFFFFFFFFFFFFFFFFFFFFFFFFFFFFFFFFFF7D
:20436000FFFFFFFFFFFFFFFFFFFFFFFFFFFFFFFFFFFFFFFFFFFFFFFFFFFFFFFFFFFFFFFF5D
:20438000FFFFFFFFFFFFFFFFFFFFFFFFFFFFFFFFFFFFFFFFFFFFFFFFFFFFFFFFFFFFFFFF3D
:2043A000FFFFFFFFFFFFFFFFFFFFFFFFFFFFFFFFFFFFFFFFFFFFFFFFFFFFFFFFFFFFFFFF1D
:2043C000FFFFFFFFFFFFFFFFFFFFFFFFFFFFFFFFFFFFFFFFFFFFFFFFFFFFFFFFFFFFFFFFFD
:2043E000FFFFFFFFFFFFFFFFFFFFFFFFFFFFFFFFFFFFFFFFFFFFFFFFFFFFFFFFFFFFFFFFDD
:20440000FFFFFFFFFFFFFFFFFFFFFFFFFFFFFFFFFFFFFFFFFFFFFFFFFFFFFFFFFFFFFFFFBC
:20442000FFFFFFFFFFFFFFFFFFFFFFFFFFFFFFFFFFFFFFFFFFFFFFFFFFFFFFFFFFFFFFFF9C
:20444000FFFFFFFFFFFFFFFFFFFFFFFFFFFFFFFFFFFFFFFFFFFFFFFFFFFFFFFFFFFFFFFF7C
:20446000FFFFFFFFFFFFFFFFFFFFFFFFFFFFFFFFFFFFFFFFFFFFFFFFFFFFFFFFFFFFFFFF5C
:20448000FFFFFFFFFFFFFFFFFFFFFFFFFFFFFFFFFFFFFFFFFFFFFFFFFFFFFFFFFFFFFFFF3C
:2044A000FFFFFFFFFFFFFFFFFFFFFFFFFFFFFFFFFFFFFFFFFFFFFFFFFFFFFFFFFFFFFFFF1C
:2044C000FFFFFFFFFFFFFFFFFFFFFFFFFFFFFFFFFFFFFFFFFFFFFFFFFFFFFFFFFFFFFFFFFC
:2044E000FFFFFFFFFFFFFFFFFFFFFFFFFFFFFFFFFFFFFFFFFFFFFFFFFFFFFFFFFFFFFFFFDC
:204500000100000078570000905700000000000000F2FFFF01F2FFFF02F2FFFF10F2FFFF11
:2045200012F2FFFF14F2FFFF16F2FFFF18F2FFFF1AF2FFFF1CF2FFFF1EF2FFFF20F2FFFF33
:2045400022F2FFFF0100000003000000070000000F0000001F0000003F0000007F00000052
:20456000FF000000010000000300000080B700000000000080B70000CAB6000088B600000C
:2045800096F5FFFF98F5FFFF9AF5FFFF90F5FFFF91F5FFFF30F1FFFF32F1FFFF92F5FFFFAE
:2045A00093F5FFFF94F5FFFF9CF5FFFF95F5FFFF00000000A6F5FFFFA8F5FFFFAAF5FFFF06
:2045C000A0F5FFFFA1F5FFFF36F1FFFF38F1FFFFA2F5FFFFA3F5FFFFA4F5FFFFACF5FFFF07
:2045E000A5F5FFFFADF5FFFFB6F5FFFFB8F5FFFFBAF5FFFFB0F5FFFFB1F5FFFF3CF1FFFF10
:204600003EF1FFFFB2F5FFFFB3F5FFFFB4F5FFFFBCF5FFFFB5F5FFFF00000000C6F5FFFF6B
:20462000C8F5FFFFCAF5FFFFC0F5FFFFC1F5FFFF42F1FFFF44F1FFFFC2F5FFFFC3F5FFFFCC
:20464000C4F5FFFFCCF5FFFFC5F5FFFFCDF5FFFFD6F5FFFFD8F5FFFFDAF5FFFFD0F5FFFF48
:20466000D1F5FFFF48F1FFFF4AF1FFFFD2F5FFFFD3F5FFFFD4F5FFFFDCF5FFFFD5F5FFFF1D
:204680000000000094F6FFFF000000000000000090F6FFFF000000004CF1FFFF00000000D3
:2046A0000000000000000000000000000000000000000000000000000001020304050607DE
:2046C0000001020304070005050000000100000004000000080000000200000001000000AF
:2046E0001000000020000000000000000700000080000000400000000200000000000000C1
:204700000200000001000000000000000000000004000000080000000200000000050A0F6A
:2047200082FDFFFF86FDFFFF8AFDFFFF84FDFFFF85FDFFFF40F3FFFF80FDFFFF62F1FFFFFA
:2047400000F4FFFF20F4FFFF40F4FFFF60F4FFFF00F7FFFF40FCFFFF0000000006F4FFFFAA
:2047600026F4FFFF46F4FFFF66F4FFFF06F7FFFF46FCFFFF0000000008F4FFFF28F4FFFF42
:2047800048F4FFFF68F4FFFF0000000048FCFFFF000000000AF4FFFF2AF4FFFF4AF4FFFFEF
:2047A00000000000000000004AFCFFFF000000000FF4FFFF2FF4FFFF4FF4FFFF0000000052
:2047C0000000000000000000000000000EF4FFFF2EF4FFFF4EF4FFFF000000000000000079
:2047E000000000000000000013F4FFFF33F4FFFF53F4FFFF73F4FFFF13F7FFFF53FCFFFF90
:2048000073FCFFFF12F4FFFF32F4FFFF52F4FFFF72F4FFFF12F7FFFF52FCFFFF0000000008
:204820000CF0FFFF2CF0FFFF4CF0FFFF0000000000000000000000000000000004F0FFFF38
:2048400024F0FFFF0000000000000000000000000000000000000000000000000000000046
:204860006CD3000002D30000C0D2000010FAFFFF11FAFFFF12FAFFFF14FAFFFF17FAFFFF5C
:2048800016FAFFFF60F1FFFF5EF1FFFF5CF1FFFF08820741064105410441034102410057A1
:2048A0000020000000000000010000000200000003000000050000000600000008000000BF
:2048C000D0DB000000000000000000000000000000000000E803D800E703D800E703D900E5
:2048E000E603D900E503DA00E403DA00E403DB00E303DB00E203DC00E103DC00E003DD00AF
:20490000E003DD00DF03DE00DE03DE00DD03DF00DC03DF00DB03E000DA03E000D903E100A3
:20492000D803E100D703E200D603E200D503E300D403E300D303E400D203E400D103E500A3
:20494000CF03E500CE03E600CD03E600CC03E700CB03E700C903E800C803E800C703E900AE
:20496000C503E900C403EA00C203EA00C103EB00BF03EB00BE03EC00BD03EC00BB03ED00C6
:20498000B903ED00B803EE00B603EE00B403EF00B303EF00B103F000AF03F000AD03F100EC
:2049A000AC03F100AA03F200A803F200A603F300A403F300A203F400A003F4009E03F5001F
:2049C0009C03F5009A03F6009803F6009603F7009403F7009103F8008F03F8008D03F90062
:2049E0008A03F9008803FA008603FA008303FB008103FB007E03FC007C03FC007903FD00B8
:204A00007703FD007403FE007103FE006F03FF006C03FF006903000066030000640301001C
:204A2000610301005E0302005B0302005803030055030300520304004F0304004C03050092
:204A40004903050046030600420306003F0307003C0307003903080035030800320309001A
:204A60002F0309002B030A0028030A0024030B0021030B001D030C001A030C0016030D00B2
:204A800013030D000F030E000B030E0008030F0004030F0000031000FC021000F80211005B
:204AA000F5021100F1021200ED021200E9021300E5021300E1021400DD021400D902150016
:204AC000D5021500D1021600CD021600C9021700C5021700C1021800BD021800B9021900D6
:204AE000B4021900B0021A00AC021A00A8021B00A4021B009F021C009B021C0097021D00A1
:204B000092021D008E021E008A021E0086021F0081021F007D022000790220007402210072
:204B2000700221006C02220067022200630223005E0223005A022400560224005102250048
:204B40004D0225004802260044022600400227003B02270037022800330228002E02290021
:204B60002A02290026022A0021022A001D022B0019022B0014022C0010022C000B022D00F7
:204B800007022D0003022E00FF012E00FA012F00F6012F00F2013000EE013000E9013100D1
:204BA000E5013100E1013200DD013200D8013300D4013300D0013400CC013400C8013500A2
:204BC000C4013500C0013600BC013600B8013700B4013700B0013800AC013800A801390065
:204BE000A4013900A0013A009C013A0098013B0094013B0090013C008C013C0089013D0024
:204C000085013D0081013E007E013E007A013F0076013F00730140006F0140006C014100D2
:204C20006801410064014200610142005D0143005A01430057014400530144005001450076
:204C40004D0145004901460046014600430147003F0147003C01480039014800360149000B
:204C60003301490030014A002D014A002A014B0027014B0023014C0020014C001D014D0093
:204C80001B014D0018014E0015014E0012014F000F014F000C0150000A015000070151000E
:204CA0000401510001015200FF005200FC005300F9005300F7005400F4005400F200550084
:204CC0004EDD0000000000004EDD00009ADC00007EDC00000ADE00000000000000000000C6
:204CE00000000000000000000800000001000000DCE0000044E000000000000000000000CB
:204D0000000000000600000002000000000100000700000040000000010000000200000040
:204D20000400000000010000080000000200000001000000050000008000000001000000DD
:204D4000050000001000000000010000F2E2000000000000F2E20000B0E200006EE20000B3
:204D6000E2E9000010E80000000000004CE6000030E6000004E6000000000000000000003E
:204D8000000000000000000050E5000012E50000000000000000000000000000D4EC000027
:204DA000000000000000000000000000000000000000000004000000070000008000000068
:204DC000000000000800000000000000200000000000000010000000090000001000000082
:204DE0000900000080000000090000004000000009000000040000000400000002000000CE
:204E000009000000020000000900000001000000090000000800000010F000007CEF000001
:204E20000000000050EF0000000000005EF000003AF00000000000000000000000000000BB
:204E4000000000008EF100000000000000000000000000002CF4000000000000F6F30000CA
:204E600062F300000000000003060000000000000400000008000000030000000B000000BA
:204E8000060000001300000003000000160000001300000029000000130000003C00000055
:204EA00006000000420000001A0000005C0000001A000000760000002200000098000000EA
:204EC000030000009D00000004000000A300000008000000AE00000003000000D8000000FA
:204EE00003000000DB0000001A000000F70000000800000003010000060000000A010000A6
:204F0000030000000D010000060000001301000021000000C04E0000904E0000C84E000043
:204F2000D04E0000B84E0000004F0000084F00000306000000000000010000FFFFFFFF00A1
:204F4000000000000000FFFFFFFFFFFFFFFFFFFFFFFFFFFFFFFFFF0000FFFFFFFFFFFFFF69
:204F6000FFFFFFFFFFFFFFFFFFFF0000FFFFFFFF0000415237392D3134443031352D414121
:204F8000000000000000000000000000415237392D3134443031372D4141000000000000F1
:204FA000000000000000466F726420425400000000000000000000000000000000000000B0
:204FC000000000000000000000000000000000000000000B0A030A05140000000000010095
:204FE0000000000000000000000000000000000000000000000000000000000000000000B1
:205000000000000000000000000000415237392D180A08022D000000000000000000000007
:2050200000000000000000000000010000000000000000000000010000000000000000006E
:20504000000000000000000000000000000000000000000000000000000000000000000050
:2050600000000000304F0000384F00003B4F0000434F0000464F0000594F00006C4F000016
:20508000724F00008C4F0000A64F0000C84F0000CD4F0000D34F0000DE4F000008500000A5
:2050A0000B50000027500000335000003A500000435000000000000000000000000000007E
:2050C00000000000000000000000000000FF000000000000000000000000000000000000D1
:2050E0000000000000000000000000000000000000000000000000000000000000000000B0
:2051000000000000000000000000000000000000000000000000000000000000000000008F
:2051200000000000000000000000000000000000000000000000000000000000000000006F
:2051400000000000000000000000000000000000000000000000000000000000000000004F
:2051600000000000000000000000000000000000000000000000000000000000000000002F
:2051800000000000000000000000000000000000000000000000000000000000000000000F
:2051A0000000000000000000000000000000000000000000000000000000000000000000EF
:2051C0000000000000000000000000000000000000000000000000000000000000000000CF
:2051E0000000000000000000000000000000000000000000000000000000000000000000AF
:2052000000000000000000000000000000000000000000000000000000000000000000008E
:2052200000000000000000000000000000000000000000000000000000000000000000006E
:2052400000000000000000000000000000000000000000000000000000000000000000004E
:2052600000000000000000000000000000000000000000000000000000000000000000002E
:2052800000000000000000000000000000000000000000000000000000000000000000000E
:2052A0000000000000000000000000000000000000000000000000000000000000000000EE
:2052C0000000000000000000000000000000000000000000000000000000000000000000CE
:2052E0000000000000000000000000000000000000000000000000000000000000000000AE
:2053000000000000000000000000000000000000000000000000000000000000000000008D
:2053200000000000000000000000000000000000000000000000000000000000000000006D
:2053400000000000000000000000000000000000000000000000000000000000000000004D
:2053600000000000000000000000000000000000000000000000000000000000000000002D
:2053800000000000000000000000000000000000000000000000000000000000000000000D
:2053A0000000000000000000000000000000000000000000000000000000000000000000ED
:2053C0000000000000000000000000000000000000000000000000000000000000000000CD
:2053E0000000000000000000000000000000000000000000000000000000000000000000AD
:2054000000000000000000000000000000000000000000000000000000000000000000008C
:2054200000000000000000000000000000000000000000000000000000000000000000006C
:2054400000000000000000000000000000000000000000000000000000000000000000004C
:2054600000000000000000000000000000000000000000000000000000000000000000002C
:2054800000000000000000000000000000000000000000000000000000000000000000000C
:2054A0000000000000000000000000000000000000000000000000000000000000000000EC
:2054C0000000000000000000000000000000F4017800320064FF000072FD0000000000005B
:2054E0009CF40000000000000000891112239B322446AD573665BF74488CC19D5AAFD3BE78
:205500006CCAE5DB7EE9F7F88110080193331A22A5562C47B7753E64C99C408DDBBF52AE9B
:20552000EDDA64CBFFF976E802218B30100299132667AF763444BD554AADC3BC588ED19F7B
:205540006EEBE7FA7CC8F5D983310A2091121803A7772E66B5543C45CBBD42ACD99E508F5B
:20556000EFFB66EAFDD874C904428D5316619F702004A9153227BB364CCEC5DF5EEDD7FC2B
:205580006888E1997AABF3BA85520C4397711E60A1142805B3373A26CDDE44CFDFFD56EC1B
:2055A000E9986089FBBB72AA06638F7214409D512225AB343006B9174EEFC7FE5CCCD5DDFB
:2055C0006AA9E3B8788AF19B87730E6295501C41A3352A24B1163807CFFF46EEDDDC54CDDB
:2055E000EBB962A8F99A708B088481951AA793B62CC2A5D33EE1B7F04008C919522BDB3ADB
:20560000644EED5F766DFF7C899400859BB712A6ADD224C3BFF136E0C1184809D33B5A2A9A
:20562000E55E6C4FF77D7E6C0AA583B4188691972EE3A7F23CC0B5D14229CB38500AD91B7A
:20564000666FEF7E744CFD5D8BB502A499961087AFF326E2BDD034C1C3394A28D11A580B5A
:20566000E77F6E6EF55C7C4D0CC685D71EE597F42880A1913AA3B3B2444ACD5B5669DF782A
:20568000600CE91D722FFB3E8DD604C79FF516E4A9902081BBB332A2C55A4C4BD7795E681A
:2056A000E11C680DF33F7A2E0EE787F61CC495D52AA1A3B03882B193466BCF7A5448DD59FA
:2056C000622DEB3C700EF91F8FF706E69DD414C5ABB122A0B9923083C77B4E6AD5585C49DA
:2056E000E33D6A2CF11E780FFFFFFFFF687474703A2F2F73756276657273696F6E2E7377A2
:2057000073612E636F6D2E61752F7265706F732F466F72645F3132335F4943432F46444D09
:205720002F7472756E6B2F536F6674776172652F776F726B7370616365732F332E332E31F9
:205740002F50726F6A6563745F576F726B73706163655F563835305F4170706C6963617456
:20576000696F6E2F776F726B737061636500333534303734000000001A670500EC560000E6
:205780006E57000000000000DE0709170E16220000000000000000000000000000000000F9
:2057A000000000001C09010000000000000000009009010000000000C40C01000000000058
:2057C00000000000E20B0100000000000000000014000000010000000200000003000000C1
:2057E0000400000005000000060000000700000008000000090000000A0000000B0000006D
:20580000130000000C0000000D0000000E0000000F00000010000000150000001100000009
:20582000120000000000000014000000010000000200000003000000050000000F00000028
:205840001000000015000000060000000700000008000000090000000A0000000C000000EF
:205860000D0000000E000000040000001100000012000000130000000B00000000000000C8
:2058800014000000010000000200000003000000050000000F0000001000000015000000B5
:2058A000060000000700000008000000090000000A0000000C0000000D0000000E00000099
:2058C000040000001100000012000000130000000B0000001200000011000000040000005C
:2058E0000E0000000D0000000C000000130000000B0000000A000000090000000800000048
:2059000007000000060000000F00000010000000150000000500000003000000020000003C
:20592000010000001400000000000000000000001400000001000000020000000300000038
:20594000050000000F000000100000001500000006000000070000000800000009000000F0
:205960000A0000000C0000000D0000000E00000004000000110000001200000013000000BC
:205980000B000000920E0100720E0100000000000000000000000000240E0100DC0D0100BD
:2059A000000000000000000000000000540D0100D40C0100000000000000000000000000A4
:2059C0008C15010000000000000000000000000000000000101501000000000000000000FF
:2059E0000000000000000000941401000000000000000000000000000000000046140100A3
:205A0000EE1301000000000000000000000000009013010034130100000000000000000098
:205A200000000000E61201009212010000000000000000000000000044120100DC11010083
:205A4000000000000000000000000000C01601000000000000000000A216010000000000B6
:205A60000700100000040100000301000002010000010100000001000100080002000800ED
:205A80000303020003000200040008000503010005020100000701000206010002030300C3
:205AA00001000E0003000E0005000E000600030001000E0003000E0005000E00060003006E
:205AC000000701000001060000000100010503000100050002070100020205000305050087
:205AE00003000500040404000400040005030500050201000501010005000100060701005A
:205B00000606010007000E000005010000040100000301000002010000010100000001004E
:205B2000020701000206010002050100020401000203010002020100020101000200010031
:205B4000030701000306010003050100030401000303010003020100030101000300010009
:205B60000407010004060100040501000404010004030100040201000401010004000100E1
:205B80000507010005060100050501000504010005030100050201000501010005000100B9
:205BA00007004000070040000000080004051200040302000402010005000900000701000E
:205BC000000601000000060001070100010601000100060002070100020601000200060085
:205BE000030701000306010003000600040404000403010004020100040101000400010061
:205C0000050602000505010005040100050301000502010005010100050001000605030036
:205C200006030200060102000600010007020300070101000700010007004000070040009E
:205C4000000701000006010000050100000401000003010000020100000101000000010020
:205C60000107010001060100010501000104010001030100010201000101010001000100F8
:205C80000207010002060100020105000200010003070100030601000305010003040100C0
:205CA000030301000302010003010100040008000500080006000800070501000000080096
:205CC000010008000200080003000800040008000500080006000800070008000007010068
:205CE000000205000100060002030500020102000507110005060100050501000504010049
:205D0000050301000502010005010100050001000607010006060100060501000604010033
:205D20000603010007030500020018000300080004070100050104000500010006050300FB
:205D400000000500010005000200050003000500040005000500030000000600010006000B
:205D60000200060003000600060403000600040007070100070502000704010007000100CA
:205D80000107010001060100010501000104010001030100010201000101010001000100D7
:205DA0000207010002060100020501000204010002030100020201000201010002000100AF
:205DC000030701000306010003050100030401000303010003020100030101000300010087
:205DE00004070100040601000405010004040100040301000402010004010100040001005F
:205E0000050701000506010005050100050401000503010005020100050101000500010036
:205E2000060701000606010007000E00000701000006010000050100000401000003010014
:205E4000000201000001010000000100010701000106010001050100010401000103010019
:205E60000102010001010100010001000207010002060100020501000204010002030100F1
:205E80000202010002010100020001000300030004040400040004000601040007000900C1
:205EA000070040000100100002000800030202000301010003000100050010000700100044
:205EC00000070100000601000005010000040100000301000002010000010100000001009E
:205EE000010701000106010001050100010401000103010001020100010101000100010076
:205F000002000800030008000400080005000800060008000707010007040100070004001F
:205F200000070100000601000005010000040100000301000002010000010100000001003D
:205F40000104040001000400020404000200040003040400030004000404040004000400FD
:205F60000500080006000800070701000706010007050100070401000703010007020100BB
:205F8000070101000700010005000D000605020007000D00020008000007010000060100A4
:205FA0000005010000040100000301000002010000010100000001000107010001060100BB
:205FC00001050100010401000103010001020100010101000100010003000800040008008F
:205FE000050701000506010005050100050401000503010005020100050101000500010055
:2060000006070100060601000605010006040100060301000602010006010100060001002C
:20602000000202000000020001000500020501000204010002030100020201000200020036
:2060400003030100030201000301010003000100000503000002030001070300010601000A
:206060000103030001000300020503000204010002010300030404000300040004050300E0
:206080000402030005070300050403000501030005000100060503000602030007070300A3
:2060A00007040300070301000700030000000800020010000400100005040C00060008006C
:2060C000000008000105010001040100010201000101010001000100020008000004040090
:2060E0000003010007003800070040000700400020010100605A000028010A00645A000002
:20610000160202008C5A0000E6020300945A0000EC020400A05A0000EF020400B05A0000BB
:20612000F2021200C05A0000F4022600085B0000F5020100A05B0000F6020100A45B0000D5
:20614000F9020500A85B0000FC021F00BC5B0000FE020100385C0000FF0201003C5C0000D9
:2061600007031F00405C000009030800BC5C00000B031300DC5C00000D030600285D00003A
:206180000F030600405D000011030A00585D000013032B00805D000015031D002C5E00009A
:2061A00017030100A05E000030030700A45E000053031800C05E000060031A00205F000002
:2061C00097030300885F0000E9030100945F000003042200985F000006040C0020600000A5
:2061E000090417005060000025040300AC6000004D040200B86000005C050700C0600000A0
:20620000FC060300DC600000A6070100E8600000AE070100EC600000002278211231112214
:2062200033350000A0180100941801000000000000000000000000006A18010052180100A2
:206240000000000000000000000000004424010018240100EE23010024230100C822010053
:2062600000000000429300000100000084C100000200000055C100000300000066C10000C1
:206280000400000040C100000500000059C100000600000000D90000070000001893000049
:2062A0000800000040A800000900000022A901000A00000023A901000B00000024A9010069
:2062C0000C0000008B9100000D000000155400000E0000002F0600000F00000050E000009E
:2062E0001000000077A4000011000000846700001200000038900000130000008591000074
:206300001400000005A200001500000090A3000016000000AB9000001700000087910000FA
:206320001800000004A2000019000000899100001A00000007A201001B0000008691010075
:206340001C000000889101001D0000008A9101001E0000001F9101002000000009000000D6
:2063600022A90000210000000A00000023A90000220000000B00000024A90000230000003E
:206380001A00000007A20000240000001B00000086910000250000001C000000889100008A
:2063A000260000000000000042930000270000000C0000008B910000280000000800000063
:2063C00040A80000290000001000000077A400002A0000000D000000155400002B000000B6
:2063E00007000000189300002C0000000600000000D900002D0000001400000005A20000F8
:206400002E0000001800000004A20000202601000000000000000000000000000000000049
:206420000A2D010000000000000000000000000000000000000202020C6400000F0000009F
:20644000281928199CA300000F000000533153319CA300000F000000186318634C62000072
:206460000F000000007100719CA300000F000000247124719CA300000F0000004071407103
:206480004C6200000F000000008000809CA300000F000000018001809CA300000F000000A1
:2064A000048004809CA300000F00000034813481C4A300000F00000022992299906F000031
:2064C0000F0000002D992D999CA300000F0000001CC11CC19CA300000F00000001C901C937
:2064E0009CA300000F00000002C902C9245A00000F00000003C904C9C05900000F0000006A
:2065000010C919C9584800000F00000020C929C96C4500000F00000030C930C9C04C000078
:206520000F00000038C938C9C04800000F00000039C939C9105A00000F00000040C945C99F
:206540004C4D00000F00000050C950C9604D00000F00000051C951C9744D00000F000000A1
:2065600052C952C9884D00000800000058C958C9D44C00000F00000060C963C99C4D000059
:206580000F00000068C968C9F04C00000F00000070C970C9FCA700000F00000073C973C9A3
:2065A000B0A300000F00000080C980C9246700000F00000081C981C92C4E00000800000037
:2065C00082C982C9404E00000800000090C990C9845900000F00000091C991C9985900004C
:2065E0000F00000092C992C9AC59000008000000A0C9A0C970B3000008000000B0C9B1C9D9
:206600003867000008000000B2C9B2C94C6200000F00000000CA00CA3862000008000000EA
:2066200001CA01CAB09100000800000002CA02CA88A300000800000003CA03CAD4A700009B
:206640000800000004CA04CAB86F00000800000005CA05CA5CB300000800000006CA06CA12
:20666000746700000800000007CA07CA4C6E00000800000000CB03CB4C6200000800000084
:2066800000D100D1206400000F00000000D204D2D45900000F00000000E200E2C059000004
:2066A0000F00000005E205E2385A00000F00000031E231E2FC5900000F00000017E21AE2DD
:2066C00028B400000F00000086E289E228B400000F00000000E304E3E85900000F000000F7
:2066E00000E40DE4246E00000F00000010E611E628B400000F000000F2E6F3E6C059000082
:206700000F00000000F0FFFF4C62000008000000F0370100A4410100000000008E380100F1
:2067200000000000FC36010000000000000000000000000000000000E64301006043010058
:2067400000000000000000000000000066470100B84601005E46010052460100000000004E
:20676000000000000000000000000000D447010000000000564801002648010000000000EF
:20678000000000000000000001260200007800000132000001000001012712007E0000006B
:2067A0000F00000000000000DC66010000000000510000000F000000000000008021010085
:2067C00076210100580000000F00000000000000841A010000000000540000000F000000B8
:2067E000000000001E1A010000000000500000000F00000000000000806701002A67010087
:20680000710000000F00000000000000661901002C650100720000000F0000000000000065
:206820000A19010000000000730000000F00000000000000BA180100000000007B00000064
:206840000F00000000000000E81E010000000000610000000F00000000000000781F01001A
:2068600000000000620000000F000000000000001C20010000000000670000000F000000F4
:2068800000000000BE20010024650100680000000F000000000000004666010034650100D1
:2068A000740000000E000000000000008A4A010000000000760000000E00000000000000FD
:2068C000784A010000000000770000000E00000000000000664A010000000000630000005C
:2068E0000F00000000000000EE1C0100000000007D0000000F00000000000000081C0100CD
:20690000000000006E0000000F00000000000000461E0100000000006F0000000D00000019
:20692000000000004E1B01001C650100C50000000F00000000000000C21901000C65010049
:20694000F10000000F000000000000003C1B010014650100FFFFFFFFFFFFFFFFFFFFFFFF71
:20696000FFFFFFFF0401FFFF03FFFFFF02FFFFFFFFFFFFFFFF090A10FFFFFF0B0CFFFFFFEA
:20698000FFFF1213FF0506070DFF0E0FFFFFFF08FF1100FFFFFFFFFFFF14FFFFFFFFFFFF7D
:2069A000FFFFFFFFFFFFFFFFFFFFFFFFFFFFFFFFFFFFFFFFFFFFFFFFFFFFFFFFFFFFFFFFF7
:2069C000FFFFFFFFFF15FFFFFFFFFFFFFFFFFFFFFFFFFFFF04265200B81EB81E7015941064
:2069E000540C4C0C1C0CFC0BFC0BF00BD80BD80B08080808080808080808080808ECFF0392
:206A000034ECFF0350EDFF033CECFF0344ECFF034CECFF0354ECFF035CECFF0364ECFF03A1
:206A20006CECFF0374ECFF037CECFF03AEA0010068A001007695010000000000A48C01009B
:206A4000008C010000000000AEA0010068A00100AC8B0100AEA0010068A0010002020104B8
:206A60000404040404040404000000000000000000000000000000010204080000100000D7
:206A8000981EF01B3411241018100C10A40F5C0E800D4C0DC00C5C0C440C3C0C340C2C0C31
:206AA000240CF80BE40BD40BD00BC80BBC0BB00B980B5808A004800419000000010002005E
:206AC00003000400050006000700080009000A000B000C000D000E000F001A0010001B00FC
:206AE000110012001300140015001600170018000807080307030805080808080607080884
:206B000006060807070306050800000084ECFF038CECFF0394ECFF039CECFF03A0ECFF03B7
:206B2000A8ECFF03ACECFF03B4ECFF03BCECFF03C4ECFF03CCECFF03D4ECFF03DCECFF03E1
:206B4000E4ECFF03ECECFF03F4ECFF03FCECFF0304EDFF030CEDFF0314EDFF031CEDFF03C1
:206B600024EDFF0328EDFF0330EDFF0338EDFF030000000040EDFF0348EDFF03A84A01004C
:206B8000A84A0100A84A0100A84A0100A84A0100A84A0100A84A0100A84A0100A84A01005D
:206BA000A84A0100A84A0100A84A0100A84A0100A84A0100A84A0100A84A0100A84A01003D
:206BC000A84A0100A84A0100A84A0100A84A0100A84A0100A84A0100A84A0100A84A01001D
:206BE000BEA30100BEA30100BEA30100000000004E8B010000000000000000000000000095
:206C0000448B01002A8B0100000000000000000000000000000000000000000000000000EE
:206C2000000000000000000000000000000000000000000000000000000000000000000054
:206C4000000000000000000000000000208B01000000000000000000000000000000000088
:206C60000000000001010101010101010202020202020202030000000102040810204080FA
:206C8000010204081020408001020408102040800100000000000A00070001000B000800D0
:206CA000DA680100AA6C0100AA6C01001C690100A66C0100A66C01003E690100A46C0100FE
:206CC000A46C0100A26C0100A26C0100A26C0100446901008A6C01008A6C010001010100D7
:206CE0006C6801006C6C01006C6C01002C680100BE4B0100324B01002A690100984B010078
:206D00000C4B0100A8680100504B0100C44A01006A6C01006A6C01006A6C0100686C010005
:206D2000686C0100686C0100CE670100666C0100666C0100646C0100646C0100646C01005A
:206D40000101010000FFFFFFFFFF0202FF0101FFFFFFFFFFFFFFFFFFFFFFFFFFFFFFFFFF41
:206D6000FFFFFFFFFFFFFFFF00020100002713000421FF01FF1FFF1FFF1FFFFFFFFFFFFF65
:206D8000FFFF00140000000000000000FFFFFFFFFFFF00000404030001150000FE000000C8
:206DA0000000000000000007FF0000000000000000000000000000000000000000000000CD
:206DC000000000009C6D0000A46D0000AC6D0000B46D0000BC6D0000030004000500060024
:206DE00009000101010101010101010103060306030C1919320A0C1919320A000000000077
:206E0000000102040810200003670300000000000000000000000000D2960100000000005D
:206E2000023410002CA901000000000000000000000000000000000062AF010056AF01001E
:206E40007AAC01005EAC01000000000000AB0100E4AA0100000000000000000000000000C5
:206E600001020000687474703A2F2F73756276657273696F6E2E737773612E636F6D2E617F
:206E8000752F7265706F732F466F72645F3132335F4943432F46444D2F7472756E6B2F535D
:206EA0006F6674776172652F776F726B7370616365732F332E332E312F50726F6A65637441
:206EC0005F576F726B73706163655F563835305F4170706C69636174696F6E2F776F726B8D
:206EE000737061636500000000000000000000000000000000000000000000000000000086
:206F0000000000000000000000000000000000000000000000000000000000000000000071
:206F200000000000000000000000000033353430373400000000000000000000000000001A
:206F4000000000000000000000000000000000000000000000000000000000000000000031
:206F6000000000001A670500646E00002C6F000000000000DE0709170E16220094B101008D
:206F80001CB2010000000000DCB1010000000000A6B001000000000000000000000000003D
:206FA0000000000018B80100BEB701000000000000000000000000002EB30100FCB20100F9
:206FC000000000000000000000000000C05A0000B8C8010002000000C45A0000B8C8010075
:206FE00000000000C85A0000B8C8010001000000CC5A0000B8C8010003000000D05A000019
:20700000B8C8010004000000D45A00000000000005000000D85A0000B8C8010008000000FD
:20702000DC5A0000B8C801000F000000E05A0000B8C801000C000000E45A0000B8C8010004
:207040000D000000E85A00005EC8010076000000EC5A0000B8C801000E000000F05A000025
:20706000B8C8010007000000F45A00000000000006000000F85A00000000000009000000D9
:20708000FC5A0000B8C801000B000000005B0000000000000A000000045B0000EAC7010098
:2070A00073000000285D0000B8C80100BC0000002C5D0000B8C8010010000000305D0000F4
:2070C000B8C8010011000000345D0000B8C8010012000000385D0000B8C8010013000000D1
:2070E0003C5D0000B8C8010014000000DC6000000000000000000000E060000000000000E6
:2071000000000000E46000000000000000000000A05A000038C701006D000000A45A0000C6
:2071200038C701006E000000A85A000038C701006F000000AC5A0000E8C601007400000047
:20714000B05A000038C7010070000000B45A000038C7010071000000B85A000038C7010024
:2071600072000000BC5A0000E8C6010075000000945A0000000000006A000000985A000019
:20718000B8C801006B0000009C5A0000B8C801006C000000A05B0000000000000000000025
:2071A000BC5C00000000000000000000C05C00000000000000000000C45C0000000000007B
:2071C00000000000C85C00000000000000000000CC5C00000000000000000000D05C000037
:2071E0000000000000000000D45C00000000000000000000D85C000000000000000000002B
:20720000085B000000000000290000000C5B0000B8C801002A000000105B0000B8C80100E4
:207220002B000000145B0000B8C801002C000000185B0000B8C801002D0000001C5B00006F
:20724000B8C801002E000000205B0000B8C801002F000000245B0000B8C801003000000024
:20726000285B0000B8C80100310000002C5B0000B8C8010032000000305B0000B8C8010093
:2072800033000000345B0000B8C8010034000000385B0000B8C80100350000003C5B000097
:2072A000B8C8010036000000405B0000B8C8010037000000445B0000B8C80100380000006C
:2072C000485B0000B8C80100390000004C5B0000B8C801003A000000505B0000B8C80100C3
:2072E0003B000000545B0000B8C801003C000000585B0000B8C801003D0000005C5B0000BF
:20730000B8C801003E000000605B0000B8C801003F000000645B0000B8C8010040000000B3
:20732000685B0000B8C80100410000006C5B0000B8C8010042000000705B0000B8C80100F2
:2073400043000000745B0000B8C8010044000000785B0000B8C80100450000007C5B0000E6
:20736000B8C8010046000000805B0000B8C8010047000000845B0000B8C8010048000000FB
:20738000885B0000B8C80100490000008C5B0000B8C801004A000000905B0000B8C8010022
:2073A0004B000000945B0000B8C801004C000000985B0000B8C801004D0000009C5B00000E
:2073C000000000004E000000DC5C0000000000004F000000E05C000000000000500000004C
:2073E000E45C00000000000051000000E85C00000000000052000000EC5C0000000000001E
:2074000053000000F05C00000000000054000000F45C0000B8C8010055000000F85C0000FF
:20742000B8C8010056000000FC5C0000B8C8010057000000005D0000000000005800000090
:20744000045D0000B8C8010059000000085D0000000000005A0000000C5D0000B8C8010048
:207460005B000000105D0000B8C801005C000000145D0000B8C801005D000000185D0000A3
:20748000B8C801005E0000001C5D0000B8C801005F000000205D0000B8C801006000000056
:2074A000245D0000B8C8010061000000A85B0000B8C8010025000000AC5B0000B8C8010038
:2074C000BD000000B05B0000B8C8010027000000B45B0000B8C8010028000000B85B000071
:2074E000B8C8010026000000385C00000000000000000000405D0000B8C801001F00000014
:20750000445D0000B8C8010020000000485D0000B8C80100210000004C5D0000B8C80100B8
:2075200022000000505D0000B8C8010023000000545D0000B8C8010024000000585D0000CD
:20754000B8C80100150000005C5D0000B8C8010016000000605D0000B8C8010017000000F0
:20756000645D0000B8C8010018000000685D000000000000190000006C5D0000B8C8010089
:207580001A000000705D0000B8C801001B000000745D0000B8C801001C000000785D000025
:2075A000B8C801001D0000007C5D0000B8C801001E000000A05E00000000000000000000B7
:2075C0002060000000000000000000002460000000000000000000002860000062F80100C4
:2075E000000000002C600000000000000000000030600000000000000000000034600000DB
:2076000000000000000000003860000000000000000000003C600000000000000000000036
:2076200040600000000000000000000044600000000000000000000048600000000000005E
:20764000000000004C6000000000000000000000885F00000000000000000000905F0000A8
:2076600000000000000000008C5F00000000000000000000985F0000000000000000000028
:207680009C5F00000000000000000000A05F00000000000000000000A45F000000000000ED
:2076A00000000000A85F00000000000000000000AC5F00008AEF010018000000B05F000017
:2076C0000000000000000000B45F00000000000000000000B85F0000000000000000000080
:2076E000BC5F00000000000000000000C05F00000000000000000000C45F0000000000002D
:2077000000000000C85F00000000000000000000CC5F00000000000000000000D05F0000E8
:207720000000000000000000D45F00000000000000000000D85F00000000000000000000DF
:20774000DC5F00000000000000000000E05F00000000000000000000E45F0000000000006C
:2077600000000000E85F00000000000000000000EC5F00000000000000000000F05F000028
:207780000000000000000000F45F00000000000000000000F85F000000000000000000003F
:2077A000FC5F000000000000000000000060000000000000000000000460000000000000AA
:2077C000000000000860000000000000000000000C60000000000000000000001060000065
:2077E00000000000000000001460000000000000000000001860000000000000000000009D
:207800001C6000000000000000000000506000005C03020000000000546000005C030200C6
:2078200001000000586000005C030200020000005C6000005C03020003000000606000004C
:207840005C03020004000000646000005C03020005000000686000005C030200060000006A
:207860006C6000005C03020007000000706000005C03020008000000746000005C03020066
:2078800009000000786000005C0302000A0000007C6000005C0302000B0000008060000074
:2078A0005C0302000C000000846000005C0302000D000000886000005C0302000E000000B2
:2078C0008C6000005C0302000F000000906000005C03020010000000946000005C03020096
:2078E00011000000986000005C030200120000009C6000005C03020013000000A06000009C
:207900005C03020014000000A46000005C03020015000000A86000005C03020016000000F9
:20792000E86000000000000000000000C05E0000ACEF010000000000C45E0000ACEF010087
:2079400001000000C85E0000ACEF010002000000CC5E0000ACEF010003000000D05E00006B
:20796000ACEF010004000000D45E0000ACEF010005000000D85E0000ACEF010006000000BC
:20798000DC5E0000ACEF010007000000E05E0000ACEF010008000000E45E0000ACEF01004A
:2079A00009000000E85E0000ACEF01000A000000EC5E0000ACEF01000B000000F05E000093
:2079C000ACEF01000C000000F45E0000ACEF01000D000000F85E0000ACEF01000E00000004
:2079E000FC5E0000ACEF01000F000000005F0000ACEF010010000000045F0000ACEF010078
:207A000011000000085F0000ACEF0100120000000C5F0000ACEF010013000000105F0000B7
:207A2000ACEF010014000000145F0000ACEF010015000000185F0000ACEF01001600000049
:207A40001C5F0000ACEF010017000000A45E00000000000000000000A85E000002F80100F5
:207A600000000000AC5E000032F8010000000000B05E00000000000000000000B45E0000B1
:207A80000000000000000000B85E000026E5010000000000BC5E000026E50100010000009D
:207AA000645A00000000000000000000685A000000000000000000006C5A00000000000080
:207AC00000000000705A00000000000000000000745A00000000000000000000785A00003C
:207AE0005C0302003C0000007C5A00000000000000000000805A0000000000000000000039
:207B0000845A000026E5010003000000885A000026E50100020000008C5A000000000000A2
:207B200000000000905A0000FCF7010000000000205F00000000000000000000245F000065
:207B40000000000000000000285F000000000000000000002C5F0000000000000000000013
:207B6000305F00000000000000000000345F00005C03020032000000385F000000000000B9
:207B8000000000003C5F00005C03020033000000405F00000000000000000000445F000074
:207BA0000000000000000000485F000000000000000000004C5F0000000000000000000073
:207BC000505F00005C03020034000000545F00005C03020035000000585F00005C03020000
:207BE000360000005C5F00005C03020037000000605F00000000000000000000645F00007A
:207C00000000000000000000685F000000000000000000006C5F00000000000000000000D2
:207C2000705F00000000000000000000745F00000000000000000000785F000000000000CB
:207C4000000000007C5F00000000000000000000805F00000000000000000000845F000087
:207C60000000000000000000EC6000000000000000000000AC6000000000000000000000AC
:207C8000B06000000000000000000000B46000000000000000000000C060000000000000A0
:207CA00000000000C46000000000000000000000C86000000000000000000000CC6000004C
:207CC0000000000000000000D06000000000000000000000D4600000000000000000000040
:207CE000D86000000000000000000000405C00000000000000000000445C00000000000010
:207D000000000000485C000000000000000000004C5C00000000000000000000505C00006B
:207D20000000000000000000545C00000000000000000000585C00000000000000000000DF
:207D40005C5C00000000000000000000605C00000000000000000000645C000000000000EF
:207D600000000000685C000000000000000000006C5C00000000000000000000705C0000AB
:207D80000000000000000000745C00000000000000000000785C000000000000000000003F
:207DA0007C5C00000000000000000000805C00000000000000000000845C0000000000002F
:207DC00000000000885C000000000000000000008C5C00000000000000000000905C0000EB
:207DE0000000000000000000945C00000000000000000000985C000000000000000000009F
:207E00009C5C00000000000000000000A05C00000000000000000000A45C0000000000006E
:207E200000000000A85C00000000000000000000AC5C00000000000000000000B05C00002A
:207E40000000000000000000B45C00000000000000000000B85C00000000000000000000FE
:207E6000BC5B00000000000000000000C05B00000000000000000000C45B000000000000B1
:207E800000000000C85B00000000000000000000CC5B00000000000000000000D05B00006D
:207EA0000000000000000000D45B00000000000000000000D85B0000000000000000000060
:207EC000DC5B00000000000000000000E05B00000000000000000000E45B000000000000F1
:207EE00000000000E85B00000000000000000000EC5B00000000000000000000F05B0000AD
:207F00000000000000000000F45B00000000000000000000F85B00000000000000000000BF
:207F2000FC5B00000000000000000000005C00000000000000000000045C0000000000002E
:207F400000000000085C000000000000000000000C5C00000000000000000000105C0000E9
:207F60000000000000000000145C00000000000000000000185C000000000000000000001D
:207F80001C5C00000000000000000000205C00000000000000000000245C0000000000006D
:207FA00000000000285C000000000000000000002C5C00000000000000000000305C000029
:207FC0000000000000000000345C00000000000000000000805D0000000000000000000034
:207FE000845D00000000000000000000885D000000000000000000008C5D000000000000D2
:2080000000000000905D00000000000000000000945D00000000000000000000985D00008D
:2080200000000000000000009C5D00000000000000000000A05D000000000000000000004A
:20804000A45D00000000000000000000A85D00000000000000000000AC5D00000000000011
:2080600000000000B05D00000000000000000000B45D00000000000000000000B85D0000CD
:208080000000000000000000BC5D00000000000000000000C05D00000000000000000000AA
:2080A000C45D00000000000000000000C85D00000000000000000000CC5D00000000000051
:2080C00000000000D05D00000000000000000000D45D00000000000000000000D85D00000D
:2080E0000000000000000000DC5D00000000000000000000E05D000000000000000000000A
:20810000E45D00000000000000000000E85D00000000000000000000EC5D00000000000090
:2081200000000000F05D00000000000000000000F45D00000000000000000000F85D00004C
:208140000000000000000000FC5D00000000000000000000005E0000000000000000000068
:20816000045E00000000000000000000085E000000000000000000000C5E000000000000CD
:2081800000000000105E00000000000000000000145E00000000000000000000185E000089
:2081A00000000000000000001C5E00000000000000000000205E00000000000000000000C7
:2081C000245E00000000000000000000285E000000000000000000003C5C000000000000FF
:2081E00000000000A45B000000000000000000002C5E00000000000000000000305E000068
:208200000000000000000000345E00000000000000000000385E0000000000000000000036
:208220003C5E00000000000000000000405E00000000000000000000445E00000000000064
:2082400000000000485E000000000000000000004C5E00000000000000000000505E000020
:208260000000000000000000545E00000000000000000000585E0000000000000000000096
:208280005C5E00000000000000000000605E00000000000000000000645E000000000000A4
:2082A00000000000685E000000000000000000006C5E00000000000000000000705E000060
:2082C0000000000000000000745E00000000000000000000785E00000000000000000000F6
:2082E0007C5E00000000000000000000805E00000000000000000000845E000000000000E4
:2083000000000000885E000000000000000000008C5E00000000000000000000905E00009F
:208320000000000000000000945E00000000000000000000985E0000000000000000000055
:208340009C5E00000000000000000000605A00008CE9010004000000945F00008CE9010086
:2083600003000000B86000000000000000000000BC6000008CE90100020000002801000025
:20838000B8B3FF030A000000A07A0000E6020000BCB3FF030300000070710000EC02000021
:2083A000C0B3FF030400000010710000EF020000C8B3FF030400000040710000F2020000AC
:2083C000D0B3FF0312000000CC6F0000F4020000DCB3FF032600000000720000F9020000B1
:2083E000E0B3FF0305000000AC740000FC020000E4B3FF031F000000607E00000703000025
:20840000E8B3FF031F000000EC7C000009030000ECB3FF0308000000A07100000B03000064
:20842000F4B3FF0313000000C87300000D030000F8B3FF0306000000A47000000F0300005C
:20844000FCB3FF0306000000F47400001103000000B4FF030A0000003C7500001303000062
:2084600004B4FF032B000000D47F00001503000008B4FF031D000000F08100001703000046
:208480000CB4FF0301000000B47500003003000010B4FF03070000004C7A000053030000D4
:2084A00018B4FF03180000002C7900006003000020B4FF031A000000307B0000030400002C
:2084C00028B4FF032200000074760000970300002CB4FF0303000000507600000604000063
:2084E00034B4FF030C000000C07500000904000038B4FF03170000000C780000FC060000B9
:2085000040B4FF0303000000EC700000A607000048B4FF030100000020790000AE0700000C
:208520004CB4FF0301000000687C00001602000050B4FF0302000000187B00002504000078
:2085400054B4FF0303000000747C00002001000058B4FF03010000004C830000E903000033
:208560005CB4FF0301000000588300004D04000060B4FF03020000006483000000000000BD
:208580000000000000000000000000000000000000000000000000000000000000000000DB
:2085A0000000000000000000000000000000000000000000000000000000000000000000BB
:2085C00000000000000000000000000000000000000000000000000000000000000000009B
:2085E00000000000000000000000000000000000000000000000000000000000000000007B
:2086000000000000000000000000000000000000000000000000000000000000000000005A
:2086200000000000000000000000000000000000000000000000000000000000000000003A
:2086400000000000000000000000000000000000000000000000000000000000000000001A
:208660000000000000000000000000000000000000000000000000000000000000000000FA
:208680000000000000000000000000000000000000000000000000000000000000000000DA
:2086A0000000000000000000000000000000000000000000000000000000000000000000BA
:2086C00000000000000000000000000000000000000000000000000000000000000000009A
:2086E00000000000000000000000000000000000000000000000000000000000000000007A
:20870000000000000000000000000000000000000000000000000000000000000000000059
:20872000000000000000000000000000000000000000000000000000000000000000000039
:20874000000000000000000000000000000000000000000000000000000000000000000019
:20876000000000000000000008790100067A01000000000096E40100A6E40100B0790100C6
:2087800044C0010024C00100B0780100000000001A7701004277010000000000C4C00100F5
:2087A000A4C0010084C0010064C00100BA750100EA7501001A7601004A7601003A75010058
:2087C0006A75010092750100227C0100000000009E840100C6840100EE8401001685010095
:2087E0003E850100668501008E850100B68501005E83010086830100AE830100D683010001
:20880000FE830100268401004E840100768401001E820100468201006E82010096820100E9
:20882000BE820100E68201000E83010036830100DE800100068101002E81010056810100D3
:208840007E810100A6810100CE810100F68101009E7F0100C67F0100EE7F010016800100BF
:208860003E800100668001008E800100B68001000E7F0100000000000000000034C1010088
:20888000FA870100F285010022860100F48A0100C88A010026BD0100F6BC010000000000CC
:2088A0007CBA01000000000090B4FF030102000091B4FF030102000092B4FF0301020000A3
:2088C00093B4FF030102000094B4FF030102000095B4FF030102000096B4FF030102000062
:2088E00097B4FF030102000098B4FF030102000099B4FF03010200009AB4FF030102000032
:208900009BB4FF03010200009CB4FF03010200009DB4FF03010200009EB4FF030102000001
:208920009FB4FF0301020000A0B4FF03010A0000A1B4FF03010A0000A2B4FF03010A0000B9
:20894000A3B4FF03010A0000A4B4FF03010A0000A5B4FF03010C0000A6B4FF03010C00007D
:20896000A7B4FF03010C0000A8B4FF03010C0000A9B4FF03010C0000AAB4FF03010C000049
:20898000ABB4FF03010C0000ACB4FF03010C0000ADB4FF03010C0000AEB4FF03010C000019
:2089A000AFB4FF03010B0000B0B4FF03010B0000B1B4FF03010B0000B2B4FF03010B0000ED
:2089C000B3B4FF03010B0000B4B4FF03010B0000B5B4FF0301050000B6B4FF0302050000C8
:2089E000B8B4FF0301050000B9B4FF0301050000BAB4FF0301030000BBB4FF0301030000A5
:208A0000BCB4FF0301030000BDB4FF0301030000BEB4FF0301030000BFB4FF030103000078
:208A2000C0B4FF0301030000C1B4FF0301030000C2B4FF0301030000C3B4FF030103000048
:208A4000C4B4FF0301030000C5B4FF0301030000C6B4FF0301030000C7B4FF030103000018
:208A6000C8B4FF0301030000C9B4FF0301030000CAB4FF0301030000CBB4FF0301030000E8
:208A8000CCB4FF0301030000CDB4FF0301030000CEB4FF0301030000CFB4FF0301030000B8
:208AA000D0B4FF0301030000D1B4FF0301030000D2B4FF0301030000D3B4FF030103000088
:208AC000D4B4FF0301030000D5B4FF0301030000D6B4FF0301030000D7B4FF030103000058
:208AE000D8B4FF0301030000D9B4FF0301030000DAB4FF0301030000DBB4FF030103000028
:208B0000DCB4FF0301030000DDB4FF0301030000DEB4FF0301030000DFB4FF0301030000F7
:208B2000E0B4FF0301090000E1B4FF0301090000E2B4FF0301090000E3B4FF0301090000AF
:208B4000E4B4FF0301090000E5B4FF0301090000E6B4FF0301090000E7B4FF03010900007F
:208B6000E8B4FF0301090000E9B4FF0301090000EAB4FF0301090000EBB4FF03010900004F
:208B8000ECB4FF0301090000EDB4FF0301090000EEB4FF0301090000EFB4FF03010900001F
:208BA000F0B4FF0301090000F1B4FF0301090000F2B4FF0301090000F3B4FF0301080000F0
:208BC000F4B4FF0301080000F5B4FF0301080000F6B4FF0301080000F7B4FF0301080000C3
:208BE000F8B4FF0301080000F9B4FF0301080000FAB4FF0301080000FBB4FF03010000009B
:208C0000FCB4FF0301000000FDB4FF030100000000B5FF030401000004B5FF030401000071
:208C200008B5FF03040100000CB5FF030401000010B5FF030401000014B5FF03040100000C
:208C400018B5FF03041100001CB5FF03010100001DB5FF03010100001EB5FF03011100009E
:208C60001FB5FF030106000023B5FF030106000022B5FF030106000021B5FF030106000077
:208C800028B5FF030106000027B5FF030106000026B5FF03010600002EB5FF030106000039
:208CA00030B5FF03010600002FB5FF030106000033B5FF03010600002CB5FF0301060000FE
:208CC0002BB5FF03010600002AB5FF030106000029B5FF030106000038B5FF0301060000E6
:208CE00037B5FF030106000036B5FF030106000035B5FF03010600003BB5FF03010600009F
:208D00003AB5FF030106000039B5FF03010600003EB5FF03010E00003FB5FF03010E00005B
:208D200040B5FF03020E000046B5FF03010D000047B5FF03010D000048B5FF03010D000008
:208D400049B5FF03010D00004AB5FF03010D00004BB5FF03010D00004CB5FF03010D0000D5
:208D60004DB5FF03010D00004EB5FF03010D00004FB5FF03010D000050B5FF03010D0000A5
:208D800051B5FF03010D000052B5FF03010D000053B5FF03010D000054B5FF03010D000075
:208DA00055B5FF03010D000056B5FF03010D000057B5FF03010D000058B5FF03010D000045
:208DC00059B5FF03010D00005AB5FF03010D00005BB5FF03010D00005CB5FF03010D000015
:208DE0005DB5FF03010D00005EB5FF03010D00005FB5FF03010D000060B5FF03010D0000E5
:208E000061B5FF03010D000062B5FF03010D000063B5FF03010D000064B5FF03010D0000B4
:208E200065B5FF03010D000066B5FF03010D000067B5FF03010D000068B5FF03010D000084
:208E400069B5FF03010D00006AB5FF03010D00006BB5FF03010D00006CB5FF03010D000054
:208E60006DB5FF03010D00006EB5FF03010D00006FB5FF03010D000070B5FF03010D000024
:208E800074B5FF03040D000098B5FF03041300009CB5FF03041300000007010000060100B7
:208EA00000030300020612000404120006021200080012000B0612000D0412000F021200DB
:208EC000100403001000030011000400000206000001010000000100010503000100050039
:208EE00002070100020601000205010002000500030701000306010003050100030005002A
:208F0000040404000503050006060500000501000004010000030100000201000001010013
:208F2000000001000107010001060100010501000104010001030100010201000101010006
:208F40000100010002070100020601000205010002040100020301000202010002010100DE
:208F60000200010003070100030601000305010003040100030301000302010003010100B6
:208F800003000100040701000406010004050100040401000403010004020100040101008E
:208FA000040001000000080002070900020102000200010000070100000601000000060075
:208FC000010701000106010001000600020701000206010002000600030701000306010049
:208FE000030501000304010003030100030201000301010003000100040503000403020035
:2090000004010200040001000502030005010100050001000600050006050100000008000E
:209020000100080002000800030008000400080005000800060008000700080000070100D4
:209040000002050001000600020305000201020005071100050601000505010005040100B5
:209060000503010005020100050101000500010006070100060601000605010006040100A0
:2090800006030100070305000000080001070100020104000200010002050300000005008D
:2090A000010005000200050003000500040005000405030000000600010006000200060071
:2090C000030006000404030004000400050701000505020005040100050001000007010043
:2090E00000060100000501000004010000030100000201000001010000000100010701004B
:20910000010601000105010001040100010301000102010001010100010001000207010022
:209120000206010002050100020401000203010002020100020101000200010003070100FA
:209140000306010003050100030401000303010003020100030101000300010004070100D2
:209160000406010004050100040401000403010004020100040101000400010005070100AA
:20918000050601000505030007001100000501000001040001000900030010000500100061
:2091A00000000800030012000200180005001200E6D10100B0D10100000000000000000027
:2091C00000000000CC8E000090B4FF03010000007C850000D08E000091B4FF030100000047
:2091E00080850000D48E000092B4FF030100000084850000D88E000093B4FF030100000006
:2092000088850000DC8E000094B4FF03010000008C850000E08E000095B4FF0301000000C1
:2092200090850000E48E000096B4FF030100000094850000E88E000097B4FF03010000007D
:2092400098850000EC8E000098B4FF03010000009C850000F08E000099B4FF030100000039
:20926000A0850000F48E00009AB4FF0301000000A4850000F88E00009BB4FF0301000000F5
:20928000A8850000FC8E00009CB4FF0301000000AC850000008F00009DB4FF0301000000B0
:2092A000B0850000048F00009EB4FF0301000000B4850000088F00009FB4FF03010000006B
:2092C000B885000088900000A0B4FF0301000000BC8500008C900000A1B4FF03010000002D
:2092E000C085000090900000A2B4FF0301000000C485000094900000A3B4FF0301000000E9
:20930000C885000098900000A4B4FF0301000000CC850000A48E000000B5FF03040000003F
:20932000D0850000A88E000004B5FF0304000000D4850000AC8E000008B5FF03040000008D
:20934000D8850000B08E00000CB5FF0304000000DC850000B48E000010B5FF03040000003D
:20936000E0850000B88E000014B5FF0304000000E4850000BC8E000018B5FF0304000000ED
:20938000E8850000C08E00001CB5FF0301000000EC850000C48E00001DB5FF0301000000A6
:2093A000F0850000C88E00001EB5FF0301000000F4850000988E0000FBB4FF0301000000BB
:2093C000F88500009C8E0000FCB4FF0301000000FC850000A08E0000FDB4FF0301000000D0
:2093E000008600000C8F0000BAB4FF030100000024860000108F0000BBB4FF030100000020
:2094000028860000148F0000BCB4FF03010000002C860000188F0000BDB4FF0301000000BB
:20942000308600001C8F0000BEB4FF030100000034860000208F0000BFB4FF030100000077
:2094400038860000248F0000C0B4FF03010000003C860000288F0000C1B4FF030100000033
:20946000408600002C8F0000C2B4FF030100000044860000308F0000C3B4FF0301000000EF
:2094800048860000348F0000C4B4FF03010000004C860000388F0000C5B4FF0301000000AB
:2094A000508600003C8F0000C6B4FF030100000054860000408F0000C7B4FF030100000067
:2094C00058860000448F0000C8B4FF03010000005C860000488F0000C9B4FF030100000023
:2094E000608600004C8F0000CAB4FF030100000064860000508F0000CBB4FF0301000000DF
:2095000068860000548F0000CCB4FF03010000006C860000588F0000CDB4FF03010000009A
:20952000708600005C8F0000CEB4FF030100000074860000608F0000CFB4FF030100000056
:2095400078860000648F0000D0B4FF03010000007C860000688F0000D1B4FF030100000012
:20956000808600006C8F0000D2B4FF030100000084860000708F0000D3B4FF0301000000CE
:2095800088860000748F0000D4B4FF03010000008C860000788F0000D5B4FF03010000008A
:2095A000908600007C8F0000D6B4FF030100000094860000808F0000D7B4FF030100000046
:2095C00098860000848F0000D8B4FF03010000009C860000888F0000D9B4FF030100000002
:2095E000A08600008C8F0000DAB4FF0301000000A4860000908F0000DBB4FF0301000000BE
:20960000A8860000948F0000DCB4FF0301000000AC860000988F0000DDB4FF030100000079
:20962000B08600009C8F0000DEB4FF0301000000B4860000A08F0000DFB4FF030100000035
:20964000B88600003C900000E0B4FF0301000000BC86000040900000E1B4FF0301000000BF
:20966000C086000044900000E2B4FF0301000000C486000048900000E3B4FF03010000007B
:20968000C88600004C900000E4B4FF0301000000CC86000050900000E5B4FF030100000037
:2096A000D086000054900000E6B4FF0301000000D486000058900000E7B4FF0301000000F3
:2096C000D88600005C900000E8B4FF0301000000DC86000060900000E9B4FF0301000000AF
:2096E000E086000064900000EAB4FF0301000000E486000068900000EBB4FF03010000006B
:20970000E88600006C900000ECB4FF0301000000EC86000070900000EDB4FF030100000026
:20972000F086000074900000EEB4FF0301000000F486000078900000EFB4FF0301000000E2
:20974000F88600007C900000F0B4FF0301000000FC86000080900000F1B4FF03010000009E
:209760000087000084900000F2B4FF030100000004870000A48F0000B5B4FF03010000007B
:2097800008870000A88F0000B6B4FF03020000000C870000AC8F0000B8B4FF030100000058
:2097A00010870000B08F0000B9B4FF0301000000148700009C900000AFB4FF030100000036
:2097C00018870000A0900000B0B4FF03010000001C870000A4900000B1B4FF030100000014
:2097E00020870000A8900000B2B4FF030100000024870000AC900000B3B4FF0301000000D0
:2098000028870000B0900000B4B4FF03010000002C870000B4900000A5B4FF03010000009B
:2098200030870000B8900000A6B4FF030100000034870000BC900000A7B4FF030100000067
:2098400038870000C0900000A8B4FF03010000003C870000C4900000A9B4FF030100000023
:2098600040870000C8900000AAB4FF030100000044870000CC900000ABB4FF0301000000DF
:2098800048870000D0900000ACB4FF03010000004C870000D4900000ADB4FF03010000009B
:2098A00050870000D8900000AEB4FF030100000054870000A09100001EB5FF030100000022
:2098C00058870000A491000018B5FF03040000005C8700000000000085B5FF03080000007A
:2098E00000000000000000008DB5FF030800000000000000B48F000025B5FF0301000000FC
:2099000068870000B88F000020B5FF03010000006C870000BC8F00001FB5FF030100000024
:2099200070870000C08F000023B5FF030100000074870000C48F000022B5FF0301000000DE
:2099400078870000C88F000021B5FF03010000007C870000CC8F000028B5FF03010000009A
:2099600080870000D08F000027B5FF030100000084870000D48F000026B5FF030100000056
:2099800088870000D88F00002EB5FF03010000008C870000DC8F000030B5FF030100000005
:2099A00090870000E08F00002FB5FF030100000094870000E48F000033B5FF0301000000C1
:2099C00098870000E88F00002CB5FF03010000009C870000EC8F00002BB5FF03010000008C
:2099E000A0870000F08F00002AB5FF0301000000A4870000F48F000029B5FF030100000050
:209A0000A8870000F88F000038B5FF0301000000AC870000FC8F000037B5FF0301000000F3
:209A2000B08700000090000036B5FF0301000000B48700000490000035B5FF0301000000B5
:209A4000B8870000089000003BB5FF0301000000BC8700000C9000003AB5FF03010000006B
:209A6000C08700001090000039B5FF0301000000C4870000149000003CB5FF03010000002B
:209A8000C8870000189000003DB5FF0301000000CC870000DC90000046B5FF03010000001D
:209AA000D0870000E090000047B5FF0301000000D4870000E490000048B5FF030100000011
:209AC000D8870000E890000049B5FF0301000000DC870000EC9000004AB5FF0301000000CD
:209AE000E0870000F09000004BB5FF0301000000E4870000F49000004CB5FF030100000089
:209B0000E8870000F89000004DB5FF0301000000EC870000FC9000004EB5FF030100000044
:209B2000F0870000009100004FB5FF0301000000F48700000491000050B5FF0301000000FE
:209B4000F88700000891000051B5FF0301000000FC8700000C91000052B5FF0301000000BA
:209B6000008800001091000053B5FF0301000000048800001491000054B5FF030100000074
:209B8000088800001891000055B5FF03010000000C8800001C91000056B5FF030100000030
:209BA000108800002091000057B5FF0301000000148800002491000058B5FF0301000000EC
:209BC000188800002891000059B5FF03010000001C8800002C9100005AB5FF0301000000A8
:209BE00020880000309100005BB5FF030100000024880000349100005CB5FF030100000064
:209C000028880000389100005DB5FF03010000002C8800003C9100005EB5FF03010000001F
:209C200030880000409100005FB5FF0301000000348800004491000060B5FF0301000000DB
:209C4000388800004891000061B5FF03010000003C8800004C91000062B5FF030100000097
:209C6000408800005091000063B5FF0301000000448800005491000064B5FF030100000053
:209C8000488800005891000065B5FF03010000004C8800005C91000066B5FF03010000000F
:209CA000508800006091000067B5FF0301000000548800006491000068B5FF0301000000CB
:209CC000588800006891000069B5FF03010000005C8800006C9100006AB5FF030100000087
:209CE00060880000709100006BB5FF030100000064880000749100006CB5FF030100000043
:209D000068880000789100006DB5FF03010000006C8800007C9100006EB5FF0301000000FE
:209D200070880000809100006FB5FF0301000000748800008491000070B5FF0301000000BA
:209D4000788800008891000074B5FF03040000007C8800008C9100003EB5FF0301000000A4
:209D600080880000909100003FB5FF0301000000848800009491000040B5FF030200000099
:209D8000888800009891000042B5FF03020000008C8800009C91000044B5FF030200000051
:209DA00090880000AC9100009CB5FF030400000064870000A891000098B5FF030400000080
:209DC000608700002E000000050000002F00000004000000300000000300000031000000D2
:209DE000020000003200000001000000000000000100000001000000020000000200000028
:209E00000400000003000000080000000400000010000000050000002000000006000000F4
:209E2000000000000700000000010000080000000002000009000000000300000B000000F9
:209E4000010000000C000000010100000D000000010200000E0000000103000010000000C1
:209E600002000000110000000201000012000000020200001300000002030000140000008A
:209E8000020400001500000003000000160000000301000017000000030200001800000056
:209EA0000303000019000000030400001A000000040000001B000000040100001C00000022
:209EC000040200001D000000040300001E000000040400001F0000000500000020000000EE
:209EE000050100002B000000070200002A00000007010000290000000700000024000000A2
:209F00000600000025000000060100002600000006020000060000000000000007000000D4
:209F200000010000080000000002000009000000000300000D000000010000000E000000EE
:209F40000101000010000000020000001100000002010000120000000202000013000000B0
:209F6000020300001400000002040000150000000300000016000000030100001700000079
:209F800003020000180000000303000019000000030400001A000000040000001B00000045
:209FA000040100001C000000040200001D000000040300001E000000040400001F00000011
:209FC0000500000020000000050100002B000000070200002A0000000701000029000000C7
:209FE0000700000024000000060000002500000006010000260000000602000001000000D5
:20A00000E27A0100020000000A7B010003000000527C010004000000E07801000500000027
:20A02000827B0100060000007EE4010007000000E27D010008000000BA7D01000900000009
:20A040008EE401000B000000927D01000C0000006A7D01000D000000427D01000E000000A3
:20A060001A7D0100100000007A7C010011000000AA7E0100120000006EE40100130000008F
:20A0800076E401001400000086E4010015000000327B010018000000DE7901001D00000096
:20A0A000AEE401001E0000009EE40100020402020104040404060000150000000000000036
:20A0C0001B00000000040000030000000002000002000000000700001C0000000002000035
:20A0E000000000000301000004000000020200001600000001040000180000000107000019
:20A100001A000000020700001D000000000200001E000000000300002B00000003070000A7
:20A120002A0000000306000029000000030500002400000003040000250000000303000065
:20A14000260000000302000019000000000500001700000000040000100000000307000081
:20A1600014000000020200000B000000020100000C0000000200000007000000010600009D
:20A180000D000000010300000E000000010200001200000001010000130000000100000075
:20A1A00008000000000700001100000000020000090000000001000006000000000000006D
:20A1C000010000000203000005000000020200000000000003070000010000000003000062
:20A1E000020000000000000003000000000400000400000004070000050000000002000040
:20A20000060000000207000007000000020600000800000002050000090000000204000002
:20A220000B000000010600000C000000010500000D000000020000000E00000001070000D5
:20A240001000000002020000110000000203000012000000010400001300000001030000A6
:20A26000140000000201000015000000000100001600000004050000170000000404000073
:20A28000180000000403000019000000040200001A000000040600001B000000040100003C
:20A2A0001C000000040000001D000000030600001E000000030500002B00000005070000FB
:20A2C0002A00000005060000290000000505000024000000050400002500000005030000BC
:20A2E000260000000502000000000000010000000200000003000000040000000500000022
:20A30000060000000700000008000000090000000B0000000C0000000D0000000E000000ED
:20A32000100000001100000012000000130000001400000015000000160000001700000081
:20A3400018000000190000001A0000001B0000001C0000001D0000001E0000002B00000015
:20A360002A0000002900000024000000250000002600000098E00100DADC010032DA0100DE
:20A38000D4D90100000000007ED901003CD9010000000000000000000000000010D70100B9
:20A3A0000000000000000000FAD4010082D3010000000000000000000000000012D3010092
:20A3C000DAD201008ED2010000000000000000004AD2010042D2010012E50100B6E40100AA
:20A3E0000000000000000000000000007CE801000AE6010000000000000000000000000007
:20A400005CA7000008B8FF0301000000E0A5000060A7000009B8FF0301000000E4A500009D
:20A4200064A700000AB8FF0301000000E8A5000068A700000BB8FF0301000000ECA5000059
:20A440006CA700000CB8FF0301000000F0A5000070A700000DB8FF0301000000F4A5000015
:20A4600074A700000EB8FF0301000000F8A5000078A700000FB8FF0301000000FCA50000D1
:20A480007CA7000010B8FF030100000000A6000080A7000011B8FF030100000004A600008B
:20A4A00084A7000012B8FF030100000008A6000088A7000013B8FF03010000000CA6000047
:20A4C0008CA7000014B8FF030100000010A6000090A7000015B8FF030100000014A6000003
:20A4E00094A7000016B8FF030100000018A6000098A7000017B8FF03010000001CA60000BF
:20A500009CA7000018B8FF030100000020A60000A0A7000019B8FF030100000024A600007A
:20A52000A4A700001AB8FF030100000028A60000A8A700001BB8FF03010000002CA6000036
:20A54000ACA700001CB8FF030100000030A60000B0A700001DB8FF030100000034A60000F2
:20A56000B4A700001EB8FF030100000038A60000B8A700001FB8FF03010000003CA60000AE
:20A58000BCA7000020B8FF030100000040A60000C0A7000021B8FF030100000044A600006A
:20A5A000C4A7000022B8FF030100000048A60000C8A7000023B8FF03010000004CA6000026
:20A5C000CCA7000024B8FF030100000050A60000D0A7000025B8FF030100000054A60000E2
:20A5E00000000000000000000000000000000000000000000000000000000000000000005B
:20A6000000000000000000000000000000000000000000000000000000000000000000003A
:20A6200000000000000000000000000000000000000000000000000000000000000000001A
:20A6400000000000000000000000000000000000000000000000000058ED010010ED0100B6
:20A6600000000000000000000000000008B8FF030100000009B8FF03010000000AB8FF038F
:20A68000010000000BB8FF03010000000CB8FF03010000000DB8FF03010000000EB8FF039C
:20A6A000010000000FB8FF030100000010B8FF030100000011B8FF030100000012B8FF036C
:20A6C0000100000013B8FF030100000014B8FF030100000015B8FF030100000016B8FF033C
:20A6E0000100000017B8FF030100000018B8FF030100000019B8FF03010000001AB8FF030C
:20A70000010000001BB8FF03010000001CB8FF03010000001DB8FF03010000001EB8FF03DB
:20A72000010000001FB8FF030100000020B8FF030100000021B8FF030101000022B8FF03AA
:20A740000102000023B8FF030102000024B8FF030102000025B8FF0301020000000701004B
:20A760000006010000050100000401000003010000020100000101000000010001070100B4
:20A7800001060100010501000104010001030100010201000101010001000100020008008C
:20A7A000030008000400080005000800060008000707010007040100070004000705010034
:20A7C000000004000007010000060100000501000100080056F0010024F0010000000000FB
:20A7E000000000000000000032F7010036F4010000000000C8F20100000000005AF20100FC
:20A80000C0F101000000000000000000000000000000000000000000010000000100000084
:20A82000020000000200000003000000040000000400000008000000050000000F000000ED
:20A840000000000000000000010000000100000002000000020000000300000003000000EC
:20A8600000000000F0000000010000000100000002000000020000000300000003000000DC
:20A8800004000000040000000500000005000000060000001600000007000000170000006C
:20A8A000080000001800000009000000190000000A000000060000000B000000100000002B
:20A8C0000C000000F10000000D000000FF0000008CB000009FB9FF0301000000F4B1000033
:20A8E00090B00000A0B9FF0301000000F8B1000094B00000A1B9FF0301000000FCB10000C5
:20A9000098B00000A2B9FF030100000000B200009CB00000A3B9FF030100000004B200007E
:20A92000A0B000006CB9FF030100000008B20000A4B000006DB9FF03010000000CB20000AA
:20A94000A8B000006EB9FF030100000010B20000ACB000006FB9FF030100000014B2000066
:20A96000B0B0000070B9FF030100000018B20000B4B0000071B9FF03010000001CB2000022
:20A98000B8B0000072B9FF030100000020B20000BCB0000073B9FF030100000024B20000DE
:20A9A000C0B0000074B9FF030100000028B20000C4B0000075B9FF03010000002CB200009A
:20A9C000C8B0000076B9FF030100000030B20000CCB0000077B9FF030100000034B2000056
:20A9E000D0B0000078B9FF030100000038B20000D4B0000079B9FF03010000003CB2000012
:20AA0000D8B000007AB9FF030100000040B20000DCB000007BB9FF030100000044B20000CD
:20AA2000E0B000007CB9FF030100000048B20000E4B000007DB9FF03010000004CB2000089
:20AA4000E8B000007EB9FF030100000050B20000ECB000007FB9FF030100000054B2000045
:20AA6000F0B0000080B9FF030100000058B20000F4B0000081B9FF03010000005CB2000001
:20AA8000F8B0000082B9FF030100000060B20000FCB0000083B9FF030100000064B20000BD
:20AAA00000B1000084B9FF030100000068B2000004B1000085B9FF03010000006CB2000077
:20AAC00008B1000086B9FF030100000070B200000CB1000087B9FF030100000074B2000033
:20AAE00010B1000088B9FF030100000078B2000014B1000089B9FF03010000007CB20000EF
:20AB000018B100008AB9FF030100000080B200001CB100008BB9FF030100000084B20000AA
:20AB200020B100008CB9FF030100000088B2000024B100008DB9FF03010000008CB2000066
:20AB400028B100008EB9FF030100000090B200002CB100008FB9FF030100000094B2000022
:20AB600030B1000090B9FF030100000098B2000034B1000091B9FF03010000009CB20000DE
:20AB800038B1000092B9FF0301000000A0B200003CB1000093B9FF0301000000A4B200009A
:20ABA00040B1000094B9FF0301000000A8B2000044B1000095B9FF0301000000ACB2000056
:20ABC00048B1000096B9FF0301000000B0B200004CB1000097B9FF0301000000B4B2000012
:20ABE00050B1000098B9FF0301000000B8B2000054B1000099B9FF0301000000BCB20000CE
:20AC000058B100009AB9FF0301000000C0B200005CB100009BB9FF0301000000C4B2000089
:20AC200060B100009CB9FF0301000000C8B2000064B100009DB9FF0301000000CCB2000045
:20AC400068B100009EB9FF0301000000D0B200006CB10000A4B9FF0302000000D4B20000FB
:20AC600070B10000A6B9FF0302000000D8B2000074B10000A8B9FF0301000000DCB20000AF
:20AC800078B10000A9B9FF0301000000E0B200007CB10000AAB9FF0301000000E4B200006B
:20ACA00080B10000ABB9FF0301000000E8B2000084B10000ACB9FF0301000000ECB2000027
:20ACC00088B10000ADB9FF0301000000F0B200008CB10000AEB9FF0301000000F4B20000E3
:20ACE00090B10000AFB9FF0301000000F8B2000094B10000B0B9FF0301000000FCB200009F
:20AD000098B10000B1B9FF030100000000B300009CB10000B2B9FF030100000004B3000058
:20AD2000A0B10000B3B9FF030100000008B30000A4B10000B4B9FF03010000000CB3000014
:20AD4000A8B10000B5B9FF030100000010B30000ACB10000B6B9FF030100000014B30000D0
:20AD6000B0B10000B7B9FF030100000018B30000B4B10000B8B9FF03010000001CB300008C
:20AD8000B8B10000BAB9FF030200000020B30000BCB10000BCB9FF030200000024B3000043
:20ADA000C0B10000BEB9FF030100000028B30000C4B10000BFB9FF03010000002CB30000FE
:20ADC000C8B10000C0B9FF030400000030B30000CCB10000C4B9FF030400000034B30000B1
:20ADE000D0B10000C8B9FF030100000038B30000D4B10000C9B9FF03010000003CB300006A
:20AE0000D8B10000CAB9FF030200000040B30000DCB10000CCB9FF030200000044B3000022
:20AE2000E0B10000CEB9FF032000000048B30000E4B10000EEB9FF03010000004CB300009F
:20AE4000E8B10000FAB9FF030200000050B30000ECB10000FCB9FF030100000054B3000043
:20AE6000F0B10000FDB9FF030100000058B30000E20002007400020000000000F4F8010026
:20AE8000000000006CB9FF03010100006DB9FF03010100006EB9FF03010100006FB9FF030A
:20AEA0000101000070B9FF030101000071B9FF030101000072B9FF030101000073B9FF03D8
:20AEC0000101000074B9FF030101000075B9FF030101000076B9FF030101000077B9FF03A8
:20AEE0000101000078B9FF030101000079B9FF03010100007AB9FF03010100007BB9FF0378
:20AF0000010100007CB9FF03010100007DB9FF03010100007EB9FF03010100007FB9FF0347
:20AF20000101000080B9FF030101000081B9FF030101000082B9FF030101000083B9FF0317
:20AF40000102000084B9FF030102000085B9FF030102000086B9FF030102000087B9FF03E3
:20AF60000102000088B9FF030102000089B9FF03010200008AB9FF03010200008BB9FF03B3
:20AF8000010200008CB9FF03010200008DB9FF03010200008EB9FF03010200008FB9FF0383
:20AFA0000102000090B9FF030102000091B9FF030102000092B9FF030102000093B9FF0353
:20AFC0000102000094B9FF030102000095B9FF030102000096B9FF030102000097B9FF0323
:20AFE0000102000098B9FF030102000099B9FF03010200009AB9FF03010200009BB9FF03F3
:20B00000010200009CB9FF0301020000A8B9FF0301050000A9B9FF0301050000AAB9FF039B
:20B0200001050000ABB9FF0301050000ACB9FF0301050000ADB9FF0301050000AEB9FF035A
:20B0400001050000C8B9FF0301070000C9B9FF0301070000CAB9FF0302070000CCB9FF03BE
:20B0600002070000A3B9FF0301000000FAB9FF0302090000FCB9FF0301090000FDB9FF032F
:20B0800001090000CEB9FF03200A00000000080001000800020008000300080004000800C1
:20B0A000000503000002030001070300010601000103030001000300020503000204010054
:20B0C00002010300030404000300040004050300040203000507030005040300050103001F
:20B0E0000500010006050300060203000707030007040300070301000700030000070100F5
:20B1000000060100000501000004010000030100000201000001010000000100010701000A
:20B120000106010001050100010401000103010001020100010101000100010002070100E2
:20B140000206010002050100020401000203010002020100020101000403040004000300B6
:20B1600005040400050001000000040001001000030010000007010000060100000501007F
:20B1800000000400010404000100040002000400000701000006010000050100000302007D
:20B1A000000003000100080002000800030008000400080005000800070010000900100025
:20B1C0000A0602000A0501000E00200012002000000008000106020002000C0004001000BA
:20B1E000000000000000080001001000020602000204020000000000000000000000000024
:20B2000000000000000000000000000000000000000000000000000000000000000000002E
:20B2200000000000000000000000000000000000000000000000000000000000000000000E
:20B240000000000000000000000000000000000000000000000000000000000000000000EE
:20B2600000000000628901008A890100B2890100DA890100028A01002A8A0100528A01000F
:20B280007A8A0100228801004A880100728801009A880100C2880100EA88010012890100B3
:20B2A0003A890100E28601000A870100328701005A87010082870100AA870100D28701009D
:20B2C0005A860100B286010088860100BA7A01000000000000000000000000000000000010
:20B2E00000000000000000000000000000000000000000000000000000000000000000004E
:20B3000000000000000000000000000000000000000000000000000000000000000000002D
:20B3200000000000000000000000000000000000000000000000000000000000000000000D
:20B34000000000000000000000000000D00202000000000000000000000000000E04020005
:20B36000DC0302000000000000000000000000006206020000000000000000000000000082
:20B380000000000088120200261202000000000000000000000000004142534E060010009D
:20B3A0004143534E060011004441534E060012004442534E060013004443534E0600140091
:20B3C0004242534E070010004243534E070011004541534E070012004542534E0700130071
:20B3E0004543534E070014004342534E08000C004343534E08000D004641534E08000E0055
:20B400004642534E08000F004643534E080010004444534E030009004544534E040009003E
:20B420004644534E05000900B61802001C16020000000000000000000000000025732D25E5
:20B44000732D256325630041523739003134473136350025732D25732D25632563004152C4
:20B4600037390031344430313700415237390000284E614E2900282D494E462900282B49D3
:20B480004E462900000000A082000000CDCCCCCC7B000000000000A082000000DE8D5D93A4
:20B4A00080000000FFFFFFFF4001480150015801600118012001280130013801F000F800C6
:20B4C000000108011001C800D000D800E000E800A000A800B000B800C00078008000880029
:20B4E00090009800CC01D001D401D801DC01B801BC01C001C401C801A401A801AC01B0018A
:20B50000B4019001940198019C01A0017C018001840188018C0168016C01700174017801AB
:20B520008007E170E00744018207E170E00744018407E170E00744018607E170E0074401EF
:20B540008807E170E00744018007E130E00744018207E130E00744018407E130E00744018D
:20B560008607E130E00744018807E130E00744018007E110E00744018207E110E0074401EB
:20B580008407E110E00744018607E110E00744018807E110E00744018007E100E007440119
:20B5A0008207E100E00744018407E100E00744018607E100E00744018807E100E007440127
:20B5C00080076100E007440182076100E007440184076100E007440186076100E00744010F
:20B5E00088076100E007440180072100E007440182072100E007440184072100E0074401AD
:20B6000086072100E007440188072100E00744014006FF704206FF704406FF704606FF7094
:20B620004806FF704006FF304206FF304406FF304606FF304806FF304006FF104206FF1044
:20B640004406FF104606FF104806FF104006FF004206FF004406FF004606FF004806FF006C
:20B6600040067F0042067F0044067F0046067F0048067F0040063F0042063F0044063F0048
:20B6800046063F0048063F00E0310060DA0D2456848C00580B68C26ACA694D070000415A97
:20B6A0006A5A96FD9515460EFFFF2176E0366A72AE0DC2322486848CC681500EFDFF41075C
:20B6C00080DBA50505620C507F00820761008800460EFFFF21EEE0366AEA00580768DE1D24
:20B6E0006242BA1D233E02000D3080FF2E50E051A2152486848CC2EA1070237F0200DD7172
:20B70000CF7EFF036E7F0200DD81018A508F00000058A50D045A850D6242B205045AC505A6
:20B720006AEAA705055A0B5042067F0005026A3200E8AE1D245E848CC2320B50C6510A6FC1
:20B740000000616A0660EA05CC590B70EEEF0300E5153D061C450000CCE93DEF0100FDEFDD
:20B76000010086EAC50D6407018004924497088064370D802436008080FFFC391D50230259
:20B780000A028900460EFFFF2166E0366A6207E008E8DE15624AB6150C30BFFF92FF1C3041
:20B7A0000A3880FFBC50E051E205026A5D6F00000060E5055D0700000462A50504620C50EC
:20B7C0002802400E000021571145200E3FFF0A580B67000041614A670000400E0000216FB2
:20B7E00011450D700E7F00004D7F00007F0094076100E03106E8BA0580073C01400E0000D2
:20B8000021571145206650004A6700003D5F05006A5A8E0D400E0000216F15454D5F0000EF
:20B82000E50D640701800172447708803D7F0500647F0D802436008080FF3C393D5F0100D8
:20B840006A5ACE55400E000021871945505F00003D8F0100678A9F1D0592639715003D9F02
:20B8600001002C0644450000C29AD3612C67010063671900016A436F1C0043071D0023360C
:20B88000140080FFDA1B952D047263770100057A637F15003D870100320644450000C282CD
:20B8A000D0913297010063970500400E0000219F6145639F190001524357080043571C00E4
:20B8C0004307090043071D002336000080FF901B2336140080FF881B3D670100246E848C55
:20B8E000C262CC694D070000E50D640701800272447708803D7F0100647F0D8024360080FF
:20B9000080FF7438400E000021871145200E7FFF108811970000419150970000400E0000BD
:20B92000219F114513500A6700008C66800053670000C50D64070180036A446F0880640720
:20B940000D802436008080FF2E3854067F0005020132203E100080FFB41AE05100E8AA0505
:20B9600001EA1D5023028A076100015263570100205E1800635F050043570800026A636F0D
:20B980000D002336000080FFD61A20EE6AF11D30003880FF701200381D3080FF5212203625
:20B9A0006CF1003880FF5E12203666F1003880FF5412203668F1003880FF4A124A067F00A8
:20B9C0000002245EAC8CEC3740020B50C6510A6F0400E069066082150B70CC712E7F0100AB
:20B9E000E079A20DCC590B80308F0100450E000021FE4E0571001E025C1A630F0100A007E9
:20BA0000210063373D00633F390063473500634F310063572D00635F290063672500636FFE
:20BA2000210063771D00637F190063871500638F110063970D00639F0900F00F4000630F2E
:20BA40000500F10F4000630F01000532BFFF74FF230F0100E18F2000230F0500E187200044
:20BA6000239F090023970D00238F110023871500237F190023771D00236F210023672500DE
:20BA8000235F290023572D00234F310023473500233F390023373D0060062000230F010027
:20BAA000441AE00740015C1A630F0100A007210063373D00633F390063473500634F3100DB
:20BAC00063572D00635F290063672500636F210063771D00637F190063871500638F1100BE
:20BAE00063970D00639F0900F00F4000630F0500F10F4000630F01000432BFFFC6FE230FE1
:20BB00000100E18F2000230F0500E1872000239F090023970D00238F110023871500237F1F
:20BB2000190023771D00236F210023672500235F290023572D00234F310023473500233FDD
:20BB4000390023373D0060062000230F0100441AE00740015C1A630F0100A007210063378B
:20BB60003D00633F390063473500634F310063572D00635F290063672500636F210063775D
:20BB80001D00637F190063871500638F110063970D00639F0900F00F4000630F0500F10FC3
:20BBA0004000630F01000432BFFF18FE230F0100E18F2000230F0500E1872000239F09007B
:20BBC00023970D00238F110023871500237F190023771D00236F210023672500235F29009D
:20BBE00023572D00234F310023473500233F390023373D0060062000230F0100441AE0072C
:20BC000040015C1A630F0100A007210063373D00633F390063473500634F310063572D00D7
:20BC2000635F290063672500636F210063771D00637F190063871500638F110063970D003C
:20BC4000639F0900F00F4000630F0500F10F4000630F01000332BFFF6AFD230F0100E18F73
:20BC60002000230F0500E1872000239F090023970D00238F110023871500237F190023777C
:20BC80001D00236F210023672500235F290023572D00234F310023473500233F390023379C
:20BCA0003D0060062000230F0100441AE00740015C1A630F0100A007210063373D00633FDE
:20BCC000390063473500634F310063572D00635F290063672500636F210063771D00637FDC
:20BCE000190063871500638F110063970D00639F0900F00F4000630F0500F10F4000630FAF
:20BD000001000332BFFFBCFC230F0100E18F2000230F0500E1872000239F090023970D0063
:20BD2000238F110023871500237F190023771D00236F210023672500235F290023572D005B
:20BD4000234F310023473500233F390023373D0060062000230F0100441AE00740015C1ABA
:20BD6000630F0100A007210063373D00633F390063473500634F310063572D00635F290042
:20BD800063672500636F210063771D00637F190063871500638F110063970D00639F0900BB
:20BDA000F00F4000630F0500F10F4000630F01000232BFFF0EFC230F0100E18F2000230F29
:20BDC0000500E1872000239F090023970D00238F110023871500237F190023771D00236FBE
:20BDE000210023672500235F290023572D00234F310023473500233F390023373D00600647
:20BE00002000230F0100441AE00740015C1A630F0100A007210063373D00633F390063473C
:20BE20003500634F310063572D00635F290063672500636F210063771D00637F190063875A
:20BE40001500638F110063970D00639F0900F00F4000630F0500F10F4000630F010002321B
:20BE6000BFFF60FB230F0100E18F2000230F0500E1872000239F090023970D00238F1100D2
:20BE800023871500237F190023771D00236F210023672500235F290023572D00234F31001A
:20BEA00023473500233F390023373D0060062000230F0100441AE00740015C1A630F010089
:20BEC000A007210063373D00633F390063473500634F310063572D00635F29006367250065
:20BEE000636F210063771D00637F190063871500638F110063970D00639F0900F00F40000A
:20BF0000630F0500F10F4000630F01000132BFFFB2FA230F0100E18F2000230F0500E187F8
:20BF20002000239F090023970D00238F110023871500237F190023771D00236F210023671E
:20BF40002500235F290023572D00234F310023473500233F390023373D0060062000230F3E
:20BF60000100441AE00740015C1A630F0100A007210063373D00633F390063473500634F46
:20BF8000310063572D00635F290063672500636F210063771D00637F190063871500638FD9
:20BFA000110063970D00639F0900F00F4000630F0500F10F4000630F01000132BFFF04FA06
:20BFC000230F0100E18F2000230F0500E1872000239F090023970D00238F110023871500CB
:20BFE000237F190023771D00236F210023672500235F290023572D00234F310023473500D9
:20C00000233F390023373D0060062000230F0100441AE00740015C1A630F0100A0072100FE
:20C0200063373D00633F390063473500634F310063572D00635F290063672500636F2100D8
:20C0400063771D00637F190063871500638F110063970D00639F0900F00F4000630F050024
:20C06000F10F4000630F01000030BFFF56F9230F0100E18F2000230F0500E1872000239F8C
:20C08000090023970D00238F110023871500237F190023771D00236F210023672500235FF8
:20C0A000290023572D00234F310023473500233F390023373D0060062000230F0100441A25
:20C0C000E00740015C1A630F0100A007210063373D00633F390063473500634F3100635759
:20C0E0002D00635F290063672500636F210063771D00637F190063871500638F1100639758
:20C100000D00639F0900F00F4000630F0500F10F4000630F01000030BFFFA8F8230F0100DD
:20C12000E18F2000230F0500E1872000239F090023970D00238F110023871500237F1900E1
:20C1400023771D00236F210023672500235F290023572D00234F310023473500233F390097
:20C1600023373D0060062000230F0100441AE007400166320058DE150660EC674002246E79
:20C18000AC8CCC690D770400E071B20DF4374402310680450000C689318F0900F15F0100C4
:20C1A0000B507F0020563000245EAC8C00600B68CC694D0704000B70CC716E0701004C6209
:20C1C000EA61E7F57F0000026632BE2D245EAC8C0670EC7740020B50CE510A7F0400E079FF
:20C1E0008225F43744022D0680450000C6692D8F0D00510700000B90CE91520704000B98E5
:20C20000CE9973070100CE590B502A670900E061B2056162EA052D371500013A80FFE60954
:20C220001E02050200E81D30BFFF9EFF41EA64EAB7FD2302050205EA01524457EC8C26670C
:20C2400009006467E98C6407F18C400E0000216F91464D070000400E000021779946207E41
:20C2600047004E7F0000400E0000215F9146268701003206C0460000D09112970000400EC1
:20C280000000219F9146135700000A914B97000026670400400E0000216F85466D67000012
:20C2A000400E000021379946003880FF5809F4EF4402330680450000DD99337F0D00200E57
:20C2C0007FFF0F80108F000041894F8F0000339F0D0013500A970000929680005397000095
:20C2E00023028A07E100E03106E0BA0580070A023C670100CC667F006462B7058007A4015B
:20C300002476AC8C0C58EC5F40020E78CB790F870400E081B20580078A013C8F0900688A06
:20C32000B60580077E013C9705006392B60580077201203647000C98F49F44023D06804598
:20C340000000D3E90E50CB51017A4A7F04000E803C8F1500CB81708F0100CB713C9F050089
:20C360000E90729F09003D570D004A0700003D7F15004F3700003D871900503700003D4FCC
:20C380000D003C9709002A06B8460000D2510A570000097F00000F51495700003D871100A5
:20C3A0003C8F05003306C6460000D199139F0000509F00003D7F01003C570C006F5700003B
:20C3C0003C470500E041C2056142F20DE5553D9705003006FFFF00007287000000383D375F
:20C3E000150080FF2008954D3D5F2D00DCFF0000E205207E20004B7F0000D505205610002C
:20C400004B5700003D8F21003C97110033061C470000D299139F0000519F0000017A437FC3
:20C420000800C4622B06CC460000CC592B97010063970100DCFF0000E2052B870900638741
:20C440000500D5052B8F0500638F05002B9F0D00639F0D00430709002336000080FF001026
:20C46000DCFF0000C2053D5F1900B5053D5F150000380B3080FF8E073D7F0D00200E7FFFFE
:20C480000F500A97000041914F9700003D870D001088119F0000939E8000509F0000F53501
:20C4A0002476AC8C0C58EC5F40020E50CB510A7F0400E079FA0501926497118044971880C8
:20C4C000E505640711800382448718803C9F0900C89A3C570500CA99D862CC99CB710E90D4
:20C4E000928F0500D08AD199649F1D802436108080FF842CC50D64071180028244871880E4
:20C5000064071D802436108080FF6C2C4A06FF0020564800245EAC8C00600B68CC694D07EF
:20C5200004000B70CC716E0701004C62EA61E6F57F000152445727807F00400E000021579C
:20C5400021471E0A0A580B67000041614A670000400E0000216F21470D700E7F00008F7EC7
:20C5600001004D7F00007F005C1A630F0100A007210063373D00633F390063473500634F7B
:20C58000310063572D00635F290063672500636F210063771D00637F190063871500638FD3
:20C5A000110063970D00639F0900F00F4000630F0500F10F4000630F0100400E0000215729
:20C5C00025470A670000CC6680000C0680FFB2058007F602400E0000215F29470B6F00004D
:20C5E000CD6E40000D06C0FFE21D24772080E071A21D017A647F31800482448738808B8F72
:20C600000100C88AE4972180D19164973D802436308080FF622BBFFF24FF019A449F278075
:20C620008007A60204572680E051B20580072601400E0000216725470C6F0000CD6E040038
:20C64000646AAA6D245F2D80E059920D0132450E000021FEB0116B0064072D8001724477D6
:20C660002680400E0000217F25470F870000D086080068828A3D400E0000218F2147170A8E
:20C680001190129F00004199519F0000400E0000215721470A600C6F00008D6E08004A6FAF
:20C6A000000024772080E071F315247FF98C0F870000400E00002197394752870000248F16
:20C6C000F98C418A648FF98C249F20805F9A649F20808007F401BFFF64FE01624467288041
:20C6E0008007E601400E000021572147200ED3FF0A680D77000041714A770000400E0000E7
:20C70000217F21470F9012870000908624004F8700008007B401245F2D80E059920D450E32
:20C72000000021FE821200306B0064072D80018A648F3180029A449F3880400E0000216757
:20C7400025478C6F0100646F3D80BFFFF0FD80077801400E0000215F25470B570000CA567A
:20C76000080068528A450B770000CE7604006472B21D24972080E091F215017A647F3180D7
:20C780000382448738808B8F0100C88AE49F2180D199649F3D802436308080FFDA29BFFF8C
:20C7A0009CFD8007240124672080E061E315246FF98C0D570000400E0000217739474E5749
:20C7C00000002497F98C41926497F98C247F20805F7A647F2080857DBFFF62FD01824487BA
:20C7E0002880A575248F2280249F2480F3898955400E0000216739470C6F00002477F58C74
:20C800004E6F00002457F58C41526457F58C24972280419264972280247F2280248724802F
:20C82000F079EA1D400E0000218F2147200ED3FF119813670000416151670000400E000057
:20C84000217721470E680D5700008A5628004E570000BFFFE8FC019244972880D535400E41
:20C860000000217F2147200EDFFF0F80109F000041994F9F0000400E0000218F21471160C7
:20C880000C6F00008D6E2000516F0000D51D400E000021772147200ED3FF0E500A97000003
:20C8A00041914E970000400E00002187214710780F9F0000939E2800509F0000BFFF7EFCAD
:20C8C000016244672880230F0100E18F2000230F0500E1872000239F090023970D00238FDC
:20C8E000110023871500237F190023771D00236F210023672500235F290023572D00234FD0
:20C90000310023473500233F390023373D0060062000230F0100441AE0074001400E000088
:20C9200021572147200E7FFF0A580B67000041614A670000400E0000216F21470D700E7FF4
:20C9400000004D7F00007F008607E1F08700C9001DEA0D5263570100206632006367050036
:20C96000450E0000216E8A10636F0900400E0000217729470E780F8700005D814E8700003B
:20C98000400E0000218F29471190129F0000939E0200519F0000400E000021572147200E58
:20C9A0003FFF0A600C6F000041694A6F0000400E0000217F21470F700E8700009086C000B1
:20C9C0004F870000400E000021972947128F0000200E4000D18E4000E18908D009D806C074
:20C9E00007C8E26D400E0000215F25470B9F0000D39E0200DA650B670000CC6601008A65EF
:20CA000001E2400E000021373D471C3880FFF601400E0000215721470A680D7700005D714D
:20CA20004A770000400E0000217F21470F8010970000929602004F970000400E00002137F3
:20CA40003D47003880FFBE01E0C18A0D64D7F98C64DF2080D9CEFE00950D64D7F58C64DFBB
:20CA600024806407228099CE01004407268044072880440727802336000080FF2C40400E35
:20CA80000000218F394751CF0000049F2880E099DA0D04672780E0619A0D046F2880E0693D
:20CAA000DA0504572780E05192FD04772780E071A20500E00D3280FFBC3F1C50B51D400E96
:20CAC0000000215F2547018264873180448738808B970100400E0000218F2947919F010006
:20CAE000C89AD39164973D802436308080FF882600504606FFF000028600E0390658B20540
:20CB0000643F2D800040004800300B38BFFF3CFE1E028A072100400E000021572147200EA4
:20CB20007FFF0A580B67000041614A670000400E0000216F21470D700E7F00004D7F000034
:20CB4000400E000021873D47208E4700508F0000400E0000219721471298135F00008B5E14
:20CB60000C00525F0000400E00002157294703624A670000400E000021772D47086A4E6F23
:20CB80000000400E0000217F314701824F870000400E0000218F3547209E1300519F00009B
:20CBA000400E00002197394752070000400E000021373D47003880FF4C00065A635F010046
:20CBC0002056C00063570500016A436F0800027263770D00436F1100436F10002336000002
:20CBE00080FF7C084A063F007F007F00683A9E0D06500A5F0000CB5EF8000759465F000073
:20CC00007F0006500A5F0000200E3FFF4159465F000006600C6F0000613AE2770000C6721E
:20CC20000E69466F00007F00C505E08760017F00D5FDC505E00760017F00D5FD5C1A630F1B
:20CC40000100A007610063373D00633F390063473500634F310063572D00635F29006367BB
:20CC60002500636F210063771D00637F190063871500638F110063970D00639F0900F00F97
:20CC80004000630F0500F10F4000630F010024EFFD8CE0E9E205450E000021FEF8177D00E0
:20CCA000230F0100E18F2000230F0500E1872000239F090023970D00238F110023871500DE
:20CCC000237F190023771D00236F210023672500235F290023572D00234F310023473500EC
:20CCE000233F390023373D0060066000230F0100441AE00740018A072100E031E22564371E
:20CD0000FD8C20564700405776F1035A635F010020663F0063670500016A436F08004307AC
:20CD2000090063070D00436F10002336000080FF2E07400700F3207E3F00407F00F3203685
:20CD400076F10038BFFFBEFE4A063F005C1A630F0100A007210063373D00633F390063471E
:20CD60003500634F310063572D00635F290063672500636F210063771D00637F190063870B
:20CD80001500638F110063970D00639F0900F00F4000630F0500F10F4000630F0100245785
:20CDA000018DE051821D0132023A80FF60066152AA0D2467018D450E000021FE1A19003069
:20CDC0006C00950D0132246F018D450E000021FE2C196D00230F0100E18F2000230F0500D3
:20CDE000E1872000239F090023970D00238F110023871500237F190023771D00236F210072
:20CE000023672500235F290023572D00234F310023473500233F390023373D006006200017
:20CE2000230F0100441AE00740018A076100E03106E8A2753D6F0900E069E26D646F018D83
:20CE40003D5F0100E059B21D615AE225625A9235640741800592449748803D9F0100649FA2
:20CE60004D802436408080FF0E233D5F0500685AFE2D8B564000405722F1F53500500A77C7
:20CE800026FC8E760200407726FC00780F8706FC408706FCB5ED0088119726FC409726FCCB
:20CEA0000098135706FC8A560200405706FCE5DD00700E7F26FC8F7E0200407F26FC0080A2
:20CEC000108F06FC918E0200408F06FCF5CD640741800672447748803D7F0500647F4D8065
:20CEE0002436408080FF9022018263870100028A638F0500438708004307090063070D005A
:20CF0000430710002336000080FF5405203622F10038BFFFF0FC4A067F005C1A630F010083
:20CF2000A007210063373D00633F390063473500634F310063572D00635F290063672500F4
:20CF4000636F210063771D00637F190063871500638F110063970D00639F0900F00F400099
:20CF6000630F0500F10F4000630F01002457058DE051921D0632203E200080FF900461521E
:20CF8000AA0D2467058D450E000021FEEA1A00306C00950D0132246F058D450E000021FE3F
:20CFA000FC1A6D00230F0100E18F2000230F0500E1872000239F090023970D00238F110017
:20CFC00023871500237F190023771D00236F210023672500235F290023572D00234F3100C9
:20CFE00023473500233F390023373D0060062000230F0100441AE00740018A076100E0311E
:20D0000006E8C2753D6F0900E0698275646F058D3D5F0100E059B21D615AE225625A9235A7
:20D02000640741800392449748803D9F0100649F4D802436408080FF3E213D5F0500685A84
:20D04000FE2D8B56400040571CF1F53500500A7733FC8E762000407733FC00780F8713FC8F
:20D06000408713FCB5ED0088119733FC409733FC0098135713FC8A562000405713FCE5DD5A
:20D0800000700E7F33FC8F7E2000407F33FC0080108F13FC918E2000408F13FCF5CD6407D1
:20D0A00041800472447748803D7F0500647F4D802436408080FFC020068263870100208EAB
:20D0C0002000638F05000192439708004307090063970D00439710002336000080FF800325
:20D0E00020361CF10038BFFF1CFB4A067F005C1A630F0100A007210063373D00633F39008E
:20D1000063473500634F310063572D00635F290063672500636F210063771D00637F1900A7
:20D1200063871500638F110063970D00639F0900F00F4000630F0500F10F4000630F010072
:20D140002457098DE051921D203E4000003080FFBC026152AA0D2467098D450E000021FED6
:20D16000BE1C00306C00950D0132246F098D450E000021FED01C6D00230F0100E18F2000AD
:20D18000230F0500E1872000239F090023970D00238F110023871500237F190023771D004A
:20D1A000236F210023672500235F290023572D00234F310023473500233F390023373D0047
:20D1C00060062000230F0100441AE00740018A076100E03106E8B2753D6F0900E069F26D9B
:20D1E000646F098D3D5F0100E059B21D615AE225625A9235640741800192449748803D9F9E
:20D200000100649F4D802436408080FF6A1F3D5F0500685AFE2D8B56400040571AF1F535A0
:20D2200000500A7720FC8E764000407720FC00780F8700FC408700FCB5ED0088119720FC2F
:20D24000409720FC0098135700FC8A564000405700FCE5DD00700E7F20FC8F7E4000407F43
:20D2600020FC0080108F00FC918E4000408F00FCF5CD640741800272447748803D7F0500A7
:20D28000647F4D802436408080FFEC1E630701002086400063870500018A438F080043074C
:20D2A000090063070D00430710002336000080FFAE0120361AF10038BFFF4AF94A067F00A4
:20D2C000E0310060DA0D24560C8D00580B68C26ACA694D070000415A6A5A96FD9515460E75
:20D2E000FFFF2176F0366A72AE0DC23224860C8DC681500EFDFF4107C0DBA50505620C50B4
:20D300007F008800460EFFFF216EF0366A6AEE1D6242CA1D24960C8DC2321270C671017A1A
:20D320004E0EFDFF417FC0DB1280C681078F0000500EFDFF418FC1DBC691079F0100520EA7
:20D34000FDFF419FC2DB0050A50504527F006A320058BE0DFC3740022E0640470000C6715F
:20D360002E7701008E5F01000B507F000A028900460EFFFF2166F0366A6207E008E8DE0D1D
:20D38000614AB60D0C30BFFFC8FF5C570000016A5D6F00000050A5050152280287006A32DA
:20D3A000BE0DFC3740022C0640470000C6612C6701004C3F00007F0005026A3206E89E0D73
:20D3C0001D30BFFF8CFF2A3887001D30BFFFD0FF230288006A329E1DFC3740022A064047C4
:20D3E0000000C6512A570100E041820D0A680D77000007714A770000850D27780A870000F3
:20D400008F0050794A7F00007F006A320058EE0DFC3740022E0640470000C6712E77010070
:20D420008E7F01004779EA5F00000B507F000A026A3207E806E0AE151D381C30BFFFCEFF8F
:20D440006152FA051C3000401D38BFFF88FFE50501421C301D38BFFF7CFF2802031EE4FFBF
:20D46000E031BA058007FA01265F01006A5AB6058007EE0186570500FC5F40022D064047A6
:20D480000000CB692D7F0100237600006E7F01002D8705006E8705002D8F09006E8F0900A6
:20D4A0002D970D006E970D002D9F11006E9F11002D5F15006E5F15002D7F19006E7F190040
:20D4C00006870800E081D26D235F0900E059F2050B88119700000A914B970000265F0D0012
:20D4E000645ABE6D635A0B988B6D530004001C0032004700235F1100E059920D0B780F778B
:20D5000000002A688D004D714B770000235F0D00E059B2552A800B8F0000900051814B8725
:20D520000000B54D235F1100E059920D0B90129F00002A608C004C994B9F0000235F0D00BE
:20D54000E059B23D0B7F00000A794B7F0000D535235F1100E059E2050B6F00000A694B6F68
:20D560000000235F0D00E059822D2A700B8F00008E0051714B7700008525235F1100E05978
:20D58000E2050B8700000A814B870000235F0D00E059B2150B9700000A914B970000D50D25
:20D5A000235F0900E059920D0B600C9F00002A788F004F994B9F0000066F0900E069B20D69
:20D5C000235F05002A880B77000091004E894B8F0000850D235F05000B8700000A814B8746
:20D5E000000023971500E091E21D06670800E061DA05067F0900E079E215069F1000E0994B
:20D60000920D235F15000B6F00000A694B6F0000A50D235F15002A700B8F00008E00517160
:20D620004B77000023871900E081A21D06971100E091D20D2667010066629A0D235F1900AF
:20D640000B7F00000A794B7F0000A50D235F19002A980B6F000093004D994B9F00004E06B3
:20D660001F00400E0000215F89488B5701007F00400E0000215F85488B5701007F00400E3F
:20D680000000215F79488B5701007F005C1A630F0100A007210063373D00633F39006347DA
:20D6A0003500634F310063572D00635F290063672500636F210063771D00637F19006387C2
:20D6C0001500638F110063970D00639F0900F00F4000630F0500F10F4000630F0100015264
:20D6E00064575980036244676080400E0000216F79488D770100647765802436588080FF91
:20D70000761A400E0000217F81488F5F0100230F0100E18F2000230F0500E1872000239F8F
:20D72000090023970D00238F110023871500237F190023771D00236F210023672500235F41
:20D74000290023572D00234F310023473500233F390023373D0060062000230F0100441A6E
:20D76000E00740018A072100205E4600400E000021576D48200E1FFF0A600C6F00004169B5
:20D780004A6F0000400E000021776D480E780F8700004E870000400E0000218F8548515FC9
:20D7A0000000400E000021978948525F0000400E0000219F8D48206647005367000007521E
:20D7C00063570100036A636F05004307080023360000BFFF8AFC400E000021378548013AAD
:20D7E000BFFF22F4400E000021378948013ABFFF14F4400E000021378D48013ABFFF06F46F
:20D800004A063F005C1A630F0100A007610063373D00633F390063473500634F310063575A
:20D820002D00635F290063672500636F210063771D00637F190063871500638F1100639700
:20D840000D00639F0900F00F4000630F0500F10F4000630F010024EF5580400E0000215799
:20D8600081488A5F0100E0E9820D450E000021FECE230B307D00B505BFFFECFE230F0100ED
:20D88000E18F2000230F0500E1872000239F090023970D00238F110023871500237F19006A
:20D8A00023771D00236F210023672500235F290023572D00234F310023473500233F390020
:20D8C00023373D0060066000230F0100441AE00740015C1A630F0100A007210063373D00AA
:20D8E000633F390063473500634F310063572D00635F290063672500636F210063771D00E0
:20D90000637F190063871500638F110063970D00639F0900F00F4000630F0500F10F400002
:20D92000630F01002457348DE051D315245F398D0B6601006467398D0B6F0000400E00000B
:20D9400021777D484E6F0000247F348D5F7A647F348DC50D2487348DE0818A0D248F518012
:20D96000450E000021FEC2247100230F0100E18F2000230F0500E1872000239F09002397D7
:20D980000D00238F110023871500237F190023771D00236F210023672500235F29002357FF
:20D9A0002D00234F310023473500233F390023373D0060062000230F0100441AE007400187
:20D9C0000A02C600613207E806E0D635E041B20564475180400E0000215F79480B570000BD
:20D9E000CA568000AA1DBFFF4CF264E7348D3D6601006467398D1D6F0000400E0000217711
:20DA00007D484E6F0000247F348D5F7ACF00647F348DBFFF16F2A51D01826487598044873A
:20DA200060808B970100649765802436588080FF4617C50D64075980029A449F608064E735
:20DA400065802436588080FF2E1728028A07E17020D61FFF205E4600400E000021576D488C
:20DA60000A600C6F00005A694A6F0000400E000021776D480E780F8700004E870000400E6B
:20DA80000000218F8548515F0000400E000021978948525F0000400E0000219F8D48206668
:20DAA000470053670000400E000021576D480A680D7F00008F7E12004A7F0000693207C89A
:20DAC000EE15C132320690480000C69112870000400E0000218F7148518700001297010017
:20DAE000400E0000219F75485397000002E207DA63DF0100016A636F0500436F0900436FBA
:20DB0000080023EE000063E70D001D30BFFF50F963DF010063E7050043070900015243576F
:20DB2000080063E70D001D30BFFF34F9400E0000213785480038BFFFCCF0400E0000213783
:20DB400089480038BFFFBEF0400E000021378D480038BFFFB0F0400E0000217F6D480F701D
:20DB60000E8F00005A894F8F0000400E000021876D481098139700009296E000509700005B
:20DB8000E0C9B20564CF55804A06FF700002BFFF34DC1E020002673200600658BE0DC25A2E
:20DBA0002606A4480000CB3126370100BFFF80DB0A600C501E028407210008526357010033
:20DBC0006307050023360000BFFF26DC44063F008407E1108900210638C90000E13107D816
:20DBE00008E0EA25664AC6255B0700001B360100E43F3D8D80FF6A2CE05100E8D215246752
:20DC000069805B6703002336000081FF9838236F01005B6F0400237705005B770500067A56
:20DC20005C7F0000850D5C07000004EAC5055C07000004EA1D504406FF1024576980665724
:20DC400001007F008A0721000652635701000162636705004307080043070900233600004F
:20DC6000BFFFFCF70632013ABFFFA2F7E051EA6F0000646F698080FF9C044A063F0021060E
:20DC800030C90000E1310058D205E031B2050452C5054407418D0B507F0088002A0630C9BE
:20DCA0000000EA31CA0D6142AA0D076700004467408D016A446F418D0050D505EA31EA57C0
:20DCC000000044527F00820761000457418DE051AA3D0432BFFFC0FE200EE803E1510A708D
:20DCE000F7050832003880FF9E4E00E8E52D400E0000E17FBD4CEF718E0D20EEFA0008325D
:20DD0000003880FF824E95252B06D448000000680D60C262CB61EC8F0100F1718F0DEC9753
:20DD20000500F271C605436F0300E505416A8D000D0605FFE6ED0832013A80FF4A4EA3EFD1
:20DD40000300B50584EF418D1D5042067F000A028900210630C90000E13107E008E8CA0D1C
:20DD6000614AA60DBFFF62FF5C570000016A5D6F00000050A5050152280205020432BFFFCA
:20DD800016FE2B06D4480000006800E80A700D60C262CB61EC870100F0718F0DEC8F0500AA
:20DDA000F171C6050CEF0200E505416A8D000D0605FFE6ED1D5023024407418D7F00000201
:20DDC00062329E15E031C2056132820DC50D023201420638BFFFFEF5E5050232004006382E
:20DDE000BFFFF2F51E028A0721000252635701006357050043070800015A435F090023362D
:20DE00000000BFFF5AF64A063F008900210658C90000E131CA0D614AA60D04676D80476747
:20DE20000000016A486F00000050A50501527F0086006132CA0544076C80C505015244571D
:20DE40006C807F0001524457448D7F0044076E807F0084576F807F008207E130C700206631
:20DE600000040670CE00CE6E3F00EC6908D8005807D0CE35DA69EC699F3587728E00CE7641
:20DE800006008E76A0004337030023EE0300014A00300EE01D400E38BFFFB0EAE051B20DF3
:20DEA00001321C381B401A48BFFFA0EAE051EA5F0000C515014A1C3800301D40BFFF8CEA22
:20DEC000E051B20D01321C381B401A48BFFF7CEAE051EA5F0000A50500580B504206FF309C
:20DEE0000002C70004577080E0510670085800600768CA0D017A447F70800B400E300D3865
:20DF0000BFFF58FF440770800A600C501E028A07E1F7C7000658CB00CB763F00C771200E8C
:20DF20000004E17108B007A89F4D01BAE0A9A34DC600CBCE0F0000D006C080FFCA0018D8C7
:20DF400087DADBDE06009BDEA00020E61000B9E19C001558BA59EBE1B7058B000BE043C7B4
:20DF60000000233601001638DA391C4081FF9C3BE051F21D23EE00001C4E0100C90000307E
:20DF80001B381D40BFFFC4E9E051B20501BAC50D1C4E0100C90000301B381D40BFFFACE98A
:20DFA000E051A20D01BADCD1DA00DCC1D80000C8F5D1C1C5F50500B8D505018244876E80EE
:20DFC00000B817504A06FFF70002C70004576F80E0510670085800600768CA0D017A447FDE
:20DFE0006F800B400E300D38BFFF26FF44076F800A600C501E0244076E8044076F804407A3
:20E0000070807F0000020232013A0740BFFFC6F30232013A0040BFFFBCF31E028A07210074
:20E02000025263570100015A635F050043070800435F090023360000BFFF24F4BFFFC8FFFE
:20E040004A063F000A028800210668C90000E131BA4561429A4507570000E05100E0AA0D8C
:20E060000832400E0000213FED4C0040BFFF66F3C5350832400E0000213FED4C0142BFFF0C
:20E0800054F30432003880FF8A030332003880FF82030232003880FF7A0320EE71021D3018
:20E0A00080FF6E290132003880FF6803BFFF58FF260624F4000080FF5829BFFF4AFF013262
:20E0C000063880FF4E031D3080FF46290232013A80FF4003A50501E21C5028020F02890009
:20E0E000210668C90000E13107D808E09A15614AF60D0832400E0000213FED4CBFFF0EF3B2
:20E100005B57000001625C6700000050A50501522D028A0721000832400E0000213FED4CD8
:20E120000040BFFFB0F2085263570100400E0000215FED4C635F05004307080001624367FD
:20E14000090023360000BFFF16F34A063F000002E0310060EA05023A0030BFFFB0F20A606F
:20E160000C501E02050224574D8D6152FA152076FF0044774A8D00E80332BFFFD4F12A60B4
:20E18000CC663F0004874A8D4C8144874A8D41EA9D0063EAA6F54407498D23020152445759
:20E1A000498D7F00016264674D8D046F498DE069FA050C704477498D845F4B8DA5050058A7
:20E1C000445F488D0B507F000502BFFFDAFFCA663F0000E8A20501EA1D5023022456748066
:20E1E00000580A60046F488DCB614C6F0000415A635A86FD8457498D7F00000264074D8DDC
:20E200000332BFFF4CF1245E7480A46777800B70CC712A78CF7E3F004E7F00000467778041
:20E2200041628C00446777806362B60544077780206EFF0000600B90CC9112970000526902
:20E240004162636296FD446F488D0D501E02000264074D8D44074A8D4407498D4407488D14
:20E26000450E00002136BC2CBFFF8EEA1E02E0310060DA0D2456508D00580B68C26ACA69DD
:20E280004D070000415A665A96FD9515460EFFFF2176C0366672AE0DC2322486508DC6815E
:20E2A000500EFDFF410700DBA50505620C507F008800460EFFFF216EC036666AEE15614220
:20E2C000CA152486508DC2321070C671877F01004E0EFDFF617F02DBC681018A500EFDFFE5
:20E2E000418F00DB0050D5056142E257000044527F000A028900460EFFFF216EC036666A1C
:20E3000008E8067007E0AE1D614A861DEC7740022706044D0000CE39470EF7FF2137019138
:20E32000470EF7FF213F0591BFFFE2F05C570000018A5D8F00000050A505015228028A07DA
:20E34000E100633206E0D20564E2B20565E2BA2D3D06044D00001C70EC774002DD712E37E7
:20E3600001002E3F05000E770900E071E2470000BFFF62F0ECE74002DDE13C8F0100638F81
:20E3800001003C970500639705001CE7080043E710004307080001524357090023360000BF
:20E3A000BFFFBCF04A06FF008A0721006332D2056432B2056532FA15EC3740022D06044DAA
:20E3C0000000C6692D670100636701002D6F0500636F050043070800430709002336000038
:20E3E000BFFF7CF04A063F000002663200600668EE0DEC6F40022706044D0000CD39273782
:20E400000100273F0500BFFF04F00A600C501E02050287006632AE350650EC5740022B06E3
:20E42000044D0000CA592B6F050024EE508D2B770100C2321D78C6790F8700006182066090
:20E44000CA0DCCE91D88F19703000D3892000E301240BFFF80EFA515AB670900613AFA05FD
:20E460000D380C400E30BFFF6CEF850DE061E24700000E300D38BFFF5CEF23028A07E10095
:20E480004307080001524357090000E064E2C2153D06044D00001C78EC7F4002DD792F37A6
:20E4A00001002F3F05000F7F0900E079E2470000BFFF22EFF50D400E00002137354D400E88
:20E4C0000000213F394D0040BFFF0AEF3D06044D00001C50EC574002DD512A9701006397F0
:20E4E00001002A9F0500639F05000A5708004357100023360000BFFF66EF1C60C262246E95
:20E50000508DCC694D07000041E266E286C54A06FF008800210652C90000E131FA15080697
:20E52000C3FFCF15E0410060A3152456688D00580A68CB690778CB790F7F00004D7F000072
:20E54000415A8B00E859D1F5A50501620C507F008900210652C90000E131AA1D205E3D0047
:20E56000EB49E6152456688D006800600770CC710A78CC790F8700004E8700004162EB6160
:20E58000E6F5208E3D00488F00000D50A50501527F008407E1102056280043570700430700
:20E5A00004004307050004DF968820E6DE0023460700014A1C380030BFFF90E3E0518225DB
:20E5C00023EE04000132024A1D401C38BFFF7CE3E051E215835F05000367050043670400AD
:20E5E000435F0500233E02001D3080FF2E21E051F205E3DF030081DA1BDEEFFEBB001B50A2
:20E600004406FF100F028900210651C90000E13107D808E0CA0D614AA60DBFFF78FF5B57D1
:20E62000000001625C6700000050A50501522D02210650C90000E1310058D205E031B205EF
:20E640000552C5054407EE8D0B507F008800210650C90000E1318A256642EA1D0767000053
:20E660004467ED8D076F0100446FEC8D077702004477EB8D077F0300447FEA8D07870400CA
:20E680004487E98D078F0500448FE88D01924497EE8D0050A50504527F008407E130205E84
:20E6A0003B0086570100EB5100D806D0B70580070801BA7F0100EB79B7058007FC001A878D
:20E6C0000200200E1700E181FB75BA5F0300615AB6750B06E1FF8F759A5F0500615AC66D3E
:20E6E0006C5AAF6D1A8F0500200E6300E189CB650A5A430700009A9F010013904B90C492A3
:20E70000D2967000EB9F809AD39E0F00139143970100BA7F01000F504B50C452CA567000A4
:20E72000EB7F807ACF7E0F000F51435702009A8F030011804B80C482D0863000EB8F808A45
:20E74000D18E0F0011819086800043870300BA7F03000F904B90C492D2963000EB7F807A4E
:20E76000CF7E0F000F91439704009A87050010884B88C48AD18E1000EB878082D0860F0098
:20E780001089438F0500BA97050012784B78C47ACF7EF000EB978092D2960F001279437F93
:20E7A0000600203EDE0023460000074A0030BFFF9AE10152C52D02E264E779800182448739
:20E7C00080809A8F0100D08A9A9F0300BA970100D38924EE7880C892D289648F85801D30C7
:20E7E00080FF940964E7798044E78080BA570300D052BA8705009A9F0500D051C89AD3512D
:20E80000645785801D3080FF6E091B504406FF30840761008800210650C90000E131CA255C
:20E820006642AA2507570000435707000767010043670600076F0200436F05000777030093
:20E8400043770400077F0400437F0300078705004387020023360200BFFF42FEE05100E8DA
:20E86000CA0501EAA50504EA1D5044067F008407E110430701004307020043070300430766
:20E880000400430705000457EE8D61520058006006D8CA1D046FE88D5B6F00000477E98D7C
:20E8A0005B770100047FEA8D5B7F02000487EB8D5B870300048FEC8D5B8F04000497ED8DB8
:20E8C0005B97050001E280071601435F00004367070020EEDE0023460700014A00301D3841
:20E8E000BFFF68E0E05100E0BA058007F200013223460000064A1D38BFFF50E0E051F26D0A
:20E90000836F0100CD9E7000849AEA9ACD6E0F00CD995B9F000003770100CE7670008472B8
:20E92000037F0100EA72CF7E0F00CF715B77010003670200CC660F00C3FF0200B20D038FC7
:20E940000200D18E3000848AEA8ACC895B8F0200E51D035F0200CB5E1000845AEA5ACC597D
:20E96000C3EF0200B20D6C5ACA055B5F0200F50D0B560C005B570200A50D6C5AEA050B6ED0
:20E98000F4FF5B6F0200B5055B5F0200039F0300D39E3000849A037F0300EA9ACF7E0F0079
:20E9A000CF995B9F030003770400CE761000847203870400EA72D0860F00D0715B770400C4
:20E9C000038F0500D18EF000848A03970500EA8AD2960F00D2895B8F050001E21C504406D6
:20E9E000FF108407E1108900210650C90000E13107D808E09A2D664AF62523360200BFFF3F
:20EA000070FEE05100E8D21D036707005B670000036F06005B6F0100037705005B770200B7
:20EA2000037F04005B7F0300038703005B870400038F02005B8F050006925C970000D50518
:20EA40005C070000A50501EA1D504406FF10200E3D00E1310058BE0DE039920D2466688D21
:20EA6000C6610C6F0000476F0000015A0B507F0087000606C3FFEE052456688DC6514A3FB2
:20EA800000007F000606C3FFAE0D2456688DC6510A580B67000041624A6700007F008207B8
:20EAA00021000606C3FFAE1D2476688D0E60C6610C500A6F0000416A4C6F000043370200C1
:20EAC000C6710E7F0000437F0300203EAE0023460200024A0030BFFF72DE42063F0082079C
:20EAE000210087000606C3FFEE152466688D0C50C6514A3F000043370200C6610C6F000004
:20EB0000436F0300203EAE0023460200024A0030BFFF38DE42063F00A00721000457688DDA
:20EB200041524457688D43070200205E3D002466688D236E020000700D78CE790C80CE8182
:20EB4000108F00004F8F01004172EB71E6F5203EAE00204E3E0000300D40BFFFEEDD600629
:20EB60003F00820761004307030020EEAE0023460300014A00301D38BFFFD0DDE051920DEC
:20EB800001322446688D204E3D001D38BFFFBCDD42067F00820721000D524357020020669A
:20EBA000E00043670300203EDE0023460200024A0030BFFF96DD42063F00820721000D52E4
:20EBC000435702002066A00043670300203EDE0023460200024A0030BFFF70DD42063F0011
:20EBE0008607610043070200430703004307040020568000435705000162436706004367EE
:20EC0000070043070800066A436F090043670A00207E5000437F0B000D8243870000208EFA
:20EC2000E000438F010020EEDE00234602000A4A00301D38BFFF14DD23460000024A00305D
:20EC40001D38BFFF06DD4407EE8D46067F008207E10007524357030020E6DE00430702009D
:20EC600023EE0300014A1D4000301C38BFFFDCDCE051B21501322346020006481C38BFFFE8
:20EC8000CADCE051820DC3C70200B205006085250162E51D0060C51D014A1C3800301D40EE
:20ECA000BFFFA8DCE051B21501322346020006481C38BFFF96DCE051820DC3C70200B205A7
:20ECC0000060E5050162C5050060A50500600C504206FF008900614AF62D460EFFFF216680
:20ECE000A03663620058EB254C0004000C0014001C000477F38D47770000017A487F00008A
:20ED0000C51D0487F28D47870000018A488F0000C5150497F18D47970000019A489F000084
:20ED2000C50D0467F08D47670000016A486F0000C505015AA505015A0B507F0005020457E3
:20ED4000F48DE051AA250132203E2000BFFFBEE60132043A0AE8BFFFB4E6EAE9CA0D04674F
:20ED6000F58D5F624467F58D046FF18D416A446FF18DB50D0477F58D41724477F58D047F24
:20ED8000F28D417A447FF28D0487F08D41824487F08D230201624467F48D045FF58D440700
:20EDA000F58D4407F48D046FF38DCB69446FF38D0B507F008C0721004407F58D4407F48D84
:20EDC0004407F38D4407F28D4407F18D4407F08D2056810063570100015A635F0500635F77
:20EDE00009002C06FFFF000063670C00036A636F1100450E000021769438637715002336B6
:20EE00000000BFFFE0D44C063F00190200D006C83C06B04D000000E81D38C33ADC3927374A
:20EE20000100FAE9273F0500E2470000BFFFA6E541EA65EAA6F520363B0180FFD41B3D06B9
:20EE4000D84D000000D81B38C33ADD3927370100273F0500BFFFB6E51B60E5674002245EA1
:20EE60008880CC59DA59E051E28700004B875000246E0081CC69DA698B8701008B3F2900E5
:20EE80008B375100105007510D7F000006514F514681478110514D5700000B9728004B97E4
:20EEA00000000B7F50004B7F28001980CC810D570000DA815057000041DA68DAD6C541D22F
:20EEC00065D2F6A537028A07E1103D06B04D000000D81B38C33ADD39273701000040273F22
:20EEE0000500BFFFF0E41B80C382DD81307F0100637F0100308705006387050043070800AD
:20EF0000018A438F090023E60000430710001C30BFFF4CE541DA65DAD6DD3D06D84D000078
:20EF200000D81B50C352DD512A9F0100639F01002A57050063570500430708004307090094
:20EF40001C30BFFF1AE541DA68DAC6ED4A06FF100002E0310060EA0D0457F98D61528A0DA4
:20EF60000C3280FF101B4407F98D4407F88D0162C5056132AA0501620C501E02860721000C
:20EF80000632BFFF12EC6457FC8D0532BFFF08EC6457FA8D81FF5409E0518A252467FC8D3D
:20EFA0000C06B2FEB11D046FF98DE069EA250C72637701002F06A0860100637F0500450E81
:20EFC000000021867A3B63870900018A448FF98D2336000080FFD21A85150497F98D61928C
:20EFE0008A0D0C3280FF8E1A4407F98D4407F88D0732013A80FF903B049FF88D619AFA0594
:20F000004407F88D0732003880FF7C3B46063F006407FC8D6407FA8D4407F98D4407F88D67
:20F020007F004407F98D01524457F88D7F00E457FB8D7F00E457FD8D7F0088006142EA0DE6
:20F04000210681C90000E1319A0DE039F20507670000446728810050A50501527F0089005F
:20F06000210681C90000E1318A15E039E20DE041C20D614AA60D0467288147670000016AEB
:20F08000486F00000050A50501527F008C072100025263570900205E2A00635F0D00433731
:20F0A00010002336000081FFDE02A3670100836F0100D06283770300D86ACD61A37F0300C5
:20F0C000C872CE61CF61636715002336080080FFA6000030BFFFF2D004872881E081C20526
:20F0E00080FF920CE5FD4C063F0024572D817F00040263370100633F050063470900634F2B
:20F100000D00A45F3181846731814162EC59A2356462B605E059E22DBFFFD2FF233701001E
:20F1200064320A58FE258B00E659CF25847F3181236E00000F7601008E0044773081C47AF2
:20F140002486008E2D970100CF81709701002D9F0500709F05002D570900705709002D6F7C
:20F160000D00706F0D00047730816472B1054407308122020002064826370100293F0500A3
:20F1800029470900294F0D00BFFF68FF1E02880721008800210682C90000E131EA15E03958
:20F1A000C2156142AA15025263570100206E2B00636F05004307080063070D002336000055
:20F1C000BFFFB4FF0050A505015248063F008807E1F0870006C007C880FFA8540AD080FF94
:20F1E00006510AD8BFFF8CE40AE0BFFF78E40AE8BFFF44FECA00E051BE0D0A3081FF2429E5
:20F2000006384036004F81FF9A290688D5050A3081FF1029068840361C42113881FF382AC0
:20F22000063826066666E63E81FF782981FF002B860002526357010063C7050043CF0800CA
:20F24000C832C4DA1AD9DB31D0E2DC31400E40000131D8EADD3163370D0023360000BFFF0A
:20F2600016FF4806FFF08C072100870002526357090063370D00433F10002336000081FFD8
:20F280000601A35F010083670100D05A836F0300D862CC59A3770300C86ACD59CE59635F9D
:20F2A000150023360800BFFFCEFE4C063F006432BE0564372D817F00501A23560000A46FA6
:20F2C0003181249E008E0D6601008C0044673181C46ACD99338701006A870100338F0500C7
:20F2E0006A8F0500339709006A970900339F0D006A9F0D00046731816462B10544073181A8
:20F300002A6F0100666F01002A870500668705002A8F0900668F09002A970D0066970D003D
:20F3200048061F00045F308104673181EC59E25700007F00845735817F00050206E8260601
:20F34000843B02001F3A81FF9E4780FF661EE0E9C205015A445F3481BFFFACEC80FF9A1D5C
:20F36000C5FD88076100E03100E8EA2D03320038BFFFA0F00332BFFF32F004320038BFFFCF
:20F3800092F00432BFFF24F02036710280FF821680FF8254E051FA0502320038BFFF74F0F0
:20F3A00001EAF525026263670100206E1600636F050001724377080063070D002336000099
:20F3C000BFFFB4FDE5156132CA150232013ABFFF42F02036881380FF38160332BFFF62EFF1
:20F3E0000432BFFF5CEF0432013ABFFF26F001EA1D5048067F0000020232BFFFEEEF6152E0
:20F40000DA1580FF1054E0519A150432BFFFDCEF61528A0D04320038BFFFF8EF0432BFFF2A
:20F420008AEF02320038BFFFEAEF1E020A02BFFF4EF004320038BFFFDAEF03320038BFFF08
:20F44000D2EF02320038BFFFCAEF01320038BFFFC2EF20EE6A1800E01D3080FFB415BFFF6B
:20F46000A6EB41E26AE296FD01320638BFFFA4EF1D3080FF9C15BFFF8EEB0232013ABFFF56
:20F4800092EF2036881380FF8815013A0030BFFF82EF0432013ABFFF7AEF28020002E0316F
:20F4A00082156132EA0DBFFF50EB01524457658104676781200E1500E161B305440767819B
:20F4C000A45765811E021402C700C80023DF1500045738816152006806D0AA451A06EBFF71
:20F4E000FE3D3D066C4E00001A60C362DD61EC5F0500EB39DE350780C881EB819F35246ECE
:20F50000748EE0410DE00070A3152C8F01000998CD89C789CE89CE99139F0000519F000050
:20F520004172CE00E871A1F5EC5F05002C370100CD310B3EFEFFC70080FFAC111A98C39A51
:20F54000DD99338F0100F39F0500DC89D3897157FEFF247E3981DA794FDF0000016A0D50B0
:20F560003202C700C800046F3881616A0058FA3D0606EBFFCE3DC3322C066C4E0000C66139
:20F58000EC570500EA39BE350778C879EA790058A71DA751E051D7152456748E09882C9FE1
:20F5A0000100CB89CA99C799CB99139F0000519F0000415ACB00EC770500A771EE59F6ED1D
:20F5C000015AD515E041A3152456748E09782C970100CB79CA91C791CB91129700004F976A
:20F5E0000000415ACB00E859A1F5015A0B507F008407E11080FF9C3620E6140023EE07009A
:20F6000000D801421C301B381D48BFFF58FFA3670700205E7FFF4C59435F06000B0681FFCB
:20F62000D615200E1000E1D9D21DCC768000A21D0142234E0600634701001C301B38BFFFB5
:20F6400088FE1B3080FFA030D50D0C860100438707000142634701001C301B381D48BFFF94
:20F6600068FE41DA9B001B06E1FFC6CD4406FF10840761004307070024EE748E04577E81D6
:20F6800063528B350132234E070000380640BFFFD4FEE051F225A35F0700E0599A150142C0
:20F6A000434706000D32234E0600634701000038BFFF16FE8337070080FF8AEAB515615A16
:20F6C0009A150272437706000D320142234E0600634701000038BFFFF0FD8337070080FF80
:20F6E00064EA2606684E0000023A80FFFA0F400E0000E187714EDD817057FEFF400E000031
:20F70000218F684E7D8F0000400E0000E13F714E00301D40BFFFB4E820369001400E00002E
:20F72000E13F714E1D40BFFFA2E844067F00C800E041E30D00500758CA590668CA690D6FB4
:20F7400000004B6F00004152CA00E851D1F57F000F028700200E1500E13100E806D8B605A6
:20F7600080079401E039B23D243EA88F3C066C4E00001B40C342DC41287F01002436748E4F
:20F78000CF31E8470500BFFFA8FF1B80900044876181246E3981DB690D8F0000448F628116
:20F7A0004D070000440784814407648144078381A4676181C362DC61EC9F0500819ACCC799
:20F7C0000400F205335601008A0044578281C5059300449F82810182448763818467638138
:20F7E0002C8EFFFF648ADB0D510005000500090005000700035AE505025AC505015AA50599
:20F80000035A8437858184778381EE31F12544078481635AB2050058C50D049F6481E099A7
:20F82000B2050058E505015244576481A45F638101EA445F6381E059EA5D6262CA5D047FB5
:20F840008381617AEA050432003880FF8427B5550038003080FF7A27E54DA48761812D063E
:20F860006C4E0000C382D069635A0060FA05048F6481E089B20520669001625ABA05206684
:20F88000900106960100EE918A0D2D5F0400CB5E0100CA05025AA505025A847785812446CE
:20F8A000A88FC172CE412D370100CC31CE310B38BFFF18E7E0510AE8BA15017A447F83813A
:20F8C0000E32003880FFC0324407748124366C81BFFFA4F8845F8581415A8B00F5050E3215
:20F8E000013A80FFA232845F85810B8E01009100448F84811D502D0220661500845761819A
:20F90000205EFF00EC518E150A68245639810A78CD790F7F0000E079B2050D58D505416A94
:20F920008D00EC69D6F50B0601FFEA15848F6181E089A3152456398100600A98CC99139FA7
:20F940000000E099B2050C58F50541628C00847F6181EF61B1F50B507F000A0220EE150006
:20F96000A4576781FD5100E087250467638161628A0DA43761810038BFFFD8FD0AE0D515C5
:20F98000045F6181415A8B00FD59445F6081B60544076081BFFF64FFFD510A58EE05013A3C
:20F9A0000B30BFFFAEFD0AE01C5028020002E45F5F81200EFF030B560600E1510660CF05FB
:20F9C0000B06DFFCDE05206E2103646F5E818C77050044774E810C7F0800447F4F810C36FA
:20F9E0000C00243E50810442BFFF46FDE4375F81063A24464E81BFFFD2E5018244877D814C
:20FA00001E0282072100C6000606DFFCF60D060601FCCF0D0656DFFC43570300203620033A
:20FA2000013A23460300BFFFA2E542063F0024563981005800600A70CB710E770000E071DB
:20FA4000B2050162D505415A0B06EBFFD6F50C507F008807610004576781200E1500E151CE
:20FA60009315BFFFCCFF6152D20D046F6381616A920DA467818141628C006262C7050262D2
:20FA8000A5050060446781816262AA25047F7D81617AAA15E45F5F81465ACB000B0601FC65
:20FAA000B705205E2103645F5E810B30BFFF56FF44077D81D50DBFFF6EF8E0519A0D23EEC0
:20FAC00000001D30BFFFF4F71D30BFFFE2FE48067F000F020162200E1500E13108E006D8E9
:20FAE000CE4D3D066C4E00001B60C362DD61EC5F05000B68826A8D00CB7E0300B205416A26
:20FB00008D00E0392C770100CA05CE000E60C5050E669001CC0084776981ED71D91D0E9E10
:20FB20000100F369EA05CB6E0300CA05046AA505046AC272CE61CEE11C400C300D38BFFF3B
:20FB4000A2E3E051F205048F6881418A9100448F68810060A5150B3EFEFFC7001C3080FF72
:20FB6000860BC3DADDD9FBDF0500DCD9FBDFFFFFEAD9EA67000041620C502D021402205E5F
:20FB80001500A46F6781EB69B6058007DA01845781813A06304F000024DE748E6352B305D7
:20FBA0008007A8014A0004000D002800490044077F814407688101624467808180079001A3
:20FBC0002446408E00380D30BFFF0AFF61520A588A0D4407688102624467808180077001C9
:20FBE000625AB205800768014407688103624467808180075A01013A2446408E0D30BFFF0D
:20FC0000D4FE61520A58DA054407808180074001625AB20580073801A47F6781245E398190
:20FC2000CF590B870000E081CA05058A4B8F0000440780818007180124E6408E013A1C4016
:20FC40000D30BFFF90FE61520A589A2524EE3981A46767811D98CC99139F0000E099CA1564
:20FC6000C36228066C4E0000CC41283F0100E8470500DB391C30BFFFB8FAA48F678103528E
:20FC8000DD8951570000440780819565625AFA5D24E63981A46F67811C98CD99139F000072
:20FCA000E099AA3D2F06B8500000CD790F7F0000E079A2353D066C4E0000C36ADD692D5FA7
:20FCC0000100ED470500CBD11B38CB391A30BFFF60FAA43F6781C33ADD3927370100E73F32
:20FCE0000500DB315E3AC70080FFFC09A4976781C392DD91328F0100F2970500DB89D2891B
:20FD00007157FEFFA49F67810472DC9953770000017A447F7F8104577F81E051BA1500386D
:20FD2000003080FF622E018244877481A49767816497798124366C81BFFF3CF4018A448F96
:20FD40007F8144078081B505440780818467818144678081E061DA0D049F6781419A449F47
:20FD60006781F505EB69DA050D760100447767813202050280FF7AFB8A00046F6681E069EB
:20FD80000AE8A20D02724477748124366C81BFFFE6F344076681BFFFE6FDBFFFB8FCBFFFBD
:20FDA000BCFB400E0000A17F694E84877F81F079970DBFFFBEF8400E0000018F694E448F73
:20FDC0007E81049765816192CA1563EAB20562EA8A1544076581BFFF1AF881FF3811BFFF5A
:20FDE00056F5E051E20520361100003880FF982D23028207610020362003013A234603008E
:20FE0000BFFFE0E0E05100E8E20DA3EF03001DEE2103DD001D06DFFCEE051D0601FCB705EE
:20FE200020EE21031D5042067F000F0286002C06304F0000245E748EE0310BD8A22D204667
:20FE400034010C300B38BFFFE8F83D066C4E000000E01C38C33ADD3927370100E73F050082
:20FE6000DB315E3AC70080FF7E081C90C392DD91328F0100F2970500DB89D2897157FEFFCF
:20FE8000BFFF84E141E2DC001C06EBFFB6E5F5153D066C4E000000E01C38C33ADD392737ED
:20FEA00001001B40E73F0500C641BFFF36E0BFFF56E141E2DC001C06EBFFF6EDBFFF36FF0A
:20FEC00064575E810192449738812D020F0220E610003D06CD50000000D81B30C4321D4035
:20FEE0001C38BFFFE6E0BFFF1EE141DADB001B06C0FFC6F52D020F0224DE748EBFFFD0FF0B
:20FF00000132BFFF28FF3D066C4E000000E01C38C33ADD39273701001B40E73F0500C64199
:20FF2000BFFFA8E0BFFFE0E01C38C33ADD39275F01001B400B369001E73F0500CB41BFFFED
:20FF40008AE0BFFFC2E041E29C001C06EBFF86E52036210364375E81BFFFAAFA019A449FCD
:20FF600066812D0282076100BFFF8EE00152445765812036D43080FF980A24EEDA8F400E3D
:20FF80000000E13F714E1D400030BFFF56DFE051B26D400E0000A167694E44677E81046F88
:20FFA000DA8F636AC205BFFF50FFE55DA45FDB8FEB61DE050030BFFF74FEE555EB61975587
:20FFC000445F7E810030BFFF64FE0477DB8F6472BB1D20361200014229063A50000063478E
:20FFE00001000038BFFFE2F402422906684E000001826387010000300038BFFFCCF4208E09
:020000040001F9
:200000001500448F67810497DB8F6592DB2D20361300044229063D500000019A639F010003
:200020000038BFFFA4F42036140020461F00290643500000016A636F01000038BFFF8AF4CF
:2000400002422906684E000001726377010000300038BFFF74F4207E1500447F6781C50573
:200060000030BFFFC8FD0A32400E0000E147C14E00381D48BFFFEEF4E051B20DC4D7DA8FDB
:20008000D205018244877C81F50544077C81C505018A448F7C8120362A000C3ABFFFCAF198
:2000A00042067F0084577D817F008207E1108800200E1500E13107E006D8DE2D1B50C3527A
:2000C0002C066C4E0000CA61EC6705000C5EFEFFEB41F205615ABA056242B7050562B5250C
:2000E00002EA63EF01001C481B3000380C40BFFFD8F36152EA0D6ADA1D608A0DDCD7000050
:20010000D205017244777C81E50D44077C81B50D0462950D1B0680FFDA05BFFFB2FD00608D
:20012000A50505620C504206FF100A02C700C800200E1500E1310058076809E808E0AE2598
:20014000C3322E066C4E0000C671EE670500EC699E1D2E5F0100CD590B5E90010D80DC8183
:20016000EC81A70DAD61CC000C381D400B30BFFF72DD0A58F5051D400B301C38BFFF64DD54
:200180000A580B50280214028900E03908D0065800E009D800E80760BA0501EAB565206E28
:2001A0001500ED598E150B50C3523C066C4E0000CAE1FCE705001C400C4800380B30BFFF61
:2001C000A4F385550B06C0FFBE1D20E6140020362000E659BF15ED599615E659AA0504E29B
:2001E000F45F40020B5E7C011C380C400B30BFFFF2DCE051FA3501EAD53505EAB5350B06DE
:2002000080FFFE150B76C0FF8E00ED718E150E90C3923C066C4E0000D2E1FCE705001C4097
:200220000C4800380E30BFFF04FFC51D05EAA51D20E61400207633000B6E80FF8D00EE69E1
:200240008B15EE690D58AA0504E2EB5E14001C380C400B30BFFF8CDCE051CA0501EAA505BA
:2002600005EAFBE1FF05E0D1D2055AE700001D50C50501525A07000032029007E1F18700D7
:200280008800673A06B8C60505EA800784020750C2523106144F0000CA89318F0100F18F17
:2002A00001005E8AE889C20504EA8007640202D2663A00C01AE80790B3058007460252009C
:2002C0000700320078008E00B900C400E9000A32014263D7010017480038BFFFECF1E0515C
:2002E0000AC0BA0580071C02D7D70000D205017A447F7C81B50544077C8123E61F000332B1
:20030000014200381C48BFFF5CF2C3371F00033201426347010000381C48BFFFACF10AC0F5
:200320008007E00123DE1F000332014200381B48BFFF32F220E680FFA38F1F005C89EACFCC
:200340000000E0C9EA1D05322046110063D7010017480038BFFF72F161520AC0AA15039776
:200360001F001C9143971F00033201426347010000381B48BFFF52F161520AC0AA0501CA02
:20038000E0C9BA0580077C0104322046110063D7010000381748BFFF30F161520AC0B2055F
:2003A000800760012036100080FFD42780075401977701006272B76F0100EF0D656ACF0DE8
:2003C0000B3263D7010000381A401748BFFFFAF00AC080072E0105EA80072801975F0100F6
:2003E0000B06DDFFDF25B76F0100636A962520661E00EC69DF1D976F0300636A961DEC698A
:20040000FF15976F0500616AB6156A6A9F15B76F0500616AD60DEC69BF0D0C32064263D7E5
:20042000010000381748BFFFA0F00AC0A56D05EA856D09322046200063D701000038174886
:20044000BFFF86F00AC0D55D975F0100E059D205615AB20505EAD55520361200014263D7F5
:20046000010000381748BFFF60F023E61F000332014200381C48BFFFECF0C32F1F000332BA
:2004800001426347010000381C48BFFF3CF00AC0853D97CF0100B78F0100C8CA11C997DFCC
:2004A0000300B7E70300073220461800234E06000038BFFFB0F0835F13000B06BDFFE2052B
:2004C0000B06BAFFB20501EAC51D63DA9E1D63E2FE15C1DA2F06CE540000DB79EF7F0100C9
:2004E000F979C60D20361300044263D7010000381748BFFFD4EF0AC0C50505EAA50505EA99
:20050000E0C1DA0562EACA0504EAA5051AE81D505006FFF18C07E110870048070000673AF8
:2005200006D808E0C60505EA80077401663A006000E80750B305800756014A0007001C00FD
:200540003000440058006C008100400E0000E147C14E0A325E42C80000381B48BFFF06F06A
:20056000400E0000217FC04E5E7A5C7F00000A6080071C01400E0000E147914E04325E4293
:20058000C80000381B48BFFFDCEF400E0000218F904E5E8A5C8F00000A60957D400E0000F6
:2005A000E147C94E0B325E42C80000381B48BFFFB4EF400E0000219FC84E5E9A5C9F000044
:2005C0000A60D565400E0000E147D14E0C325E42C80000381B48BFFF8CEF400E0000217782
:2005E000D04E5E725C7700000A609555400E0000E147B94E09325E42C80000381B48BFFF6D
:2006000064EF400E00002187B84E5E825C8700000A60D53D400E0000E147014F203612001E
:200620005E42C80000381B48BFFF3AEF400E00002197004F5E925C9700000A60852D073243
:2006400020461800234E00000038BFFF18EF835F0D000B06BDFFF2050B06BAFFC20505EA7B
:200660000162D515400E0000E147094F203613005E42C80000381B48BFFFEAEE400E00000F
:20068000216F084F5E6A5C6F00000A601C7F0000417A5C7F0000E061AA0504EA1D504C06A8
:2006A000FF10C7002B06FFFF0000E039871D5F3AC7002A06E854000006804132908701009B
:2006C0002B819000C182CA81F0870100A85A2B8107685F3AC700E0691058FFEDAB56FFFFBF
:2006E000CA007F000002C700BFFFBAFF1E02E031A215E0398215067E010086770100C8721C
:20070000677700000F360100EE008F7F0100CF716777000006507F00E031A215E03982154D
:20072000067E010086770100C872677700000F360100EE008F7F0100CF7167770000065067
:200740007F00E031D225E039B225068E010086770100D8726777010011760100278701002F
:20076000918F0100D08AD181678701000E860100278F01008E770100C872CE89678F0100E3
:200780001036010090870100D089678F010006507F00E031C21DE039A21D06960100276FDA
:2007A0000100867F0100D07ACF69676F0100127E010092970100C892D269676F01000F366D
:2007C00001008F7F0100CF69676F010006507F00E031921DE039F215A69F0300D89A679F85
:2007E000010086770300D072CE99679F0100A68F0100C88AD199679F0100865F0100CB9905
:20080000679F010006507F00E031921DE039F215869F0100D89A679F0100A6770100D0721D
:20082000CE99679F0100868F0300C88AD199679F0100A65F0300CB99679F010006507F0027
:20084000E700E031B20D0656010007608862466700000A3601004A3F000006507F00C70020
:20086000E031B20D0656010007608862466700000A3601004A3F000006507F00E031F21596
:200880000666010007709872467700000C5E01000778907A4C7F00000B56010007808882FB
:2008A0004B8700000A3601004A3F000006507F00E031F21506660100077098724677000004
:2008C0000C5E01000778907A4C7F00000B560100078088824B8700000A3601004A3F0000CA
:2008E00006507F0087005F3AA700E03900600750C6150A58E4674E020680CB8190870100CA
:20090000D07EF000847AEA7ACF61D0860F00D0615F5AAB00E059FEED0C507F008C0761001A
:20092000205EB40024660C9000680C50CD516A0701000C70CD716E0705000C78CD794F07B7
:2009400008004C6AEB69A7F503826387010063070500048A638F090020967C0063970C0049
:20096000450E0000219E0255639F150023EE00001D30BFFF70B902526357010063570500E4
:200980000572637709001D30BFFF5AB94C067F000002E031BA050162F50561320060CA051D
:2009A000BFFF7CFF01620C501E020A0224EE0C9000E01C60EC6740021D50CC510A6F080069
:2009C000616AAA251D58CC590B702E7F01005F7A6B7F01001D80CC81308F0100E089CA1504
:2009E0001D90CC91520708001D98CC9933570500E051A20D1D68CC692D770500450E00004D
:200A000021FE5E556E0041E26FE2C7D528020A02C60006E00232BFFF5CB70AE8BFFFE8D532
:200A20000232BFFF50B7FD510A58D3050B60BD61FC61BE0DEBE9B3F51D68AB692E06FFFF3D
:200A40000000BC71EE69BFED28026F3200608F1524560C90EC3740020A68C6690D770800EF
:200A600061720658DA05CB510A782F6701000C507F006F328F1D24560C90EC3740020A6024
:200A8000C6610C6F0800616A0658DA0D0A70CB714E0708000A78CB796F070500CB510A80A2
:200AA000700701007F00E0319225266F01006F6ADF1D24560C90EC6F40020A70CD710E7F14
:200AC0000800E0790D58AA150A80268F0500CB81708F01000A90269F0900CB91729F050027
:200AE000CB51017A0A704E7F08007F000002BFFF16D52056BF00005F28F800004A59405FF0
:200B0000FCF10000405F28F8000000000000000000000057C2F6E051DA05005FC2F6E059BA
:200B2000D2FDBFFFE2D4C0072CF8006724F8CC660100E205006F24F8CD6E0100CAFDC00F8D
:200B40002CF8BFFFC2D4205EF700006728F800004B614067FCF10000406728F8000000001A
:200B6000000000000000007728F8CE761000E205007F28F8CF7E1000CAFDBFFF8AD41E02A4
:200B80000002BFFF82D40852005F28F800000A59405FFCF10000405F28F8000000000000B8
:200BA00000000000005728F8CA561000EA05005F28F8CB5E1000C2FDBFFF4CD4C0872CF8DF
:200BC00020664000005F28F800000B614067FCF10000406728F80000000000000000000009
:200BE0001E028A076100E03100609A55BFFFA0CFBFFF2CBDBFFF2EB6203E7C0000300040C3
:200C0000BFFFD2C7013200400638BFFFC8C70132083A0040BFFFBEC70532023A0142BFFF13
:200C2000B4C70632033A0040BFFFAAC70732013A0040BFFFA0C70632203EC0000142BFFF25
:200C400094C7015263570100206E1000636F05004307080023EE0000430709001D30BFFFF5
:200C6000FEC7077263770100027A637F0500018243870900430708001D30BFFFE2C7073263
:200C8000023A0040BFFF4EC70162A51D61328A1DBFFF14B5BFFF7EBEBFFF1ECF018A638FFD
:200CA00001002096100063970500438F0800025263570D0023360000BFFFA4C701620C5038
:200CC0004A067F000002BFFF4CBEBFFFECCEBFFF76CF1E0214028800210692C90000E131AE
:200CE00000D0EA35E041BA2D20DE150024EE30B61BE0E8E74402DDE1084200381C3081FFD6
:200D000076101C3608000842003881FF6A101C3610000842003881FF5E101C361C000842ED
:200D2000003881FF52101B585FDAE059AAE56407A1B96407A5B96407A9B9B50D6142EA0576
:200D4000076700004467E781C50501D2A50501D21A5032020F028900210692C90000E1312C
:200D6000077008D89A3D205E3500EB49D635A46FE781200E1600E16900E0EE254E6F00009A
:200D80002457A1B92E7E01006F5701002487A5B92E8E0500718701002497A9B92E9E090055
:200DA00073970100A47FE7810E360D00EF7E2800243E30B6CF39204628000BE881FF4C0D0D
:200DC0005BEF0000A50D208E16004E8F000001825B870000A50501E21C502D02880021063A
:200DE00091C90000E131DA1D6642BA1D076700004467E181076F0100446FE2810777020089
:200E00004477E381077F0300447FE481078704004487E581078F0500448FE6810050A50570
:200E200001527F008900210691C90000E1318A25664AE61D0467E18147670000046FE28111
:200E4000476F01000477E38147770200047FE481477F03000487E58147870400048FE681CE
:200E6000478F05000692489700000050A50501527F008800210690C90000E1319A0D6142F0
:200E8000FA05076700004467E0810050A50501527F008900210690C90000E131CA0D614A70
:200EA000A60D0467E08147670000016A486F00000050A50501527F000457CC90E0518A1590
:200EC000045FCD90415A445FCD908467E181A46FCD90ED61DE050477CD904477E0817F0056
:200EE000A457CD907F008C07210004526357010063070500065A635F09002066340C63672C
:200F00000C00450E0000216E105A636F15004407CD904407CC9023360000BFFFC8B34C065F
:200F20003F008407E1F03A06CC57000024DE888100C81978C27ADA792F7F09010FE0C27ADD
:200F4000DB792F7F01002F7F0D00E079F21D23EE00001D3080FF0C891C90C292DB913297C4
:200F60000100003032970D00450E000021FECA5A7200E8E74402244630B6DC41083E080092
:200F8000084620001D3080FF868720EE160041CAFDC986D5246FA5B9416A646FA5B9BFFF2F
:200FA000E2FB0477558241724477558280FFD4366352CA25BFFF50D000E01C90C292DA9167
:200FC0003297B1001260C292DB913297010032970900E091C20DC262DB612C770100450E32
:200FE00000002E77090021FE445B6E0041E2FDE1D6E580FF8E366352E2DDBFFFF2FA00C03A
:201000001890C292DA913297610112C8C292DB913297010032970D00E091F21D23E600007B
:201020001C3080FF3E8801321970C272DB712E770100450E00002E770D0021FE985B6E00B8
:20104000E8CF4402244630B6D941083E1000084624001C3080FFB88641C2FDC1A6D5248771
:20106000A9B941826487A9B9BFFF7EFE048F5382418A448F53824406FFF08407E1703B0693
:20108000CC57000024E6888100C81958C25ADB592B5F59000B70C272DC712E7701002E7767
:2010A0000500E071E21D23EE00001D300BD080FFB2871A88C28ADC89318F0100450E000083
:2010C000318F050021FE225C7100E8D74402244630B6DA41083808461C001D3080FF3086A1
:2010E00041CA1906EAFFA6D5249FA1B9419A649FA1B94406FF70000280FF883563520A68EF
:20110000CB1D4D000400040004001800047FCD90E079E30D01824487CC90048FCD905F8ACA
:20112000448FCD904407CC90BFFF52FFE50580FF54FEB505BFFFEEFD1E028407E1703B066E
:20114000CC57000024E6888100C81958C25ADB592B5F01000B70C272DC712E7701002E77FE
:201160000100E071822523EE00001D300BD080FFF2861A88C28ADC89318F0100450E0000DF
:20118000318F010021FEE25C71003D3701003D3F050080FF6486E8D74402249E30B6DA9941
:2011A0007357190041CA1906EAFF86D54406FF70000280FF2234BFFF5AB380FFC286023288
:2011C000BFFFEEE0BFFF76FFBFFF1EFD80FF18DF045753824152445753821E028207E11034
:2011E000880008E806D807E080FF6A5A6452D20580FF625A6852BA25210605E20000E1D946
:20120000EA1DE0E1A21D61EA8A1D9C5F0100635AAF15615A86150D320142026A636F0100C1
:2012200000381C48BFFFA2E2E051E2670000C1624262E5050562C5050162A50507620C50A2
:201240004206FF1014028900E03909D8075808D0F21DE0D1D21D210605E20000E13100E0B8
:20126000AA150D32014200380B48BFFFF8E2E05100E8F20561DAB60501E2E50501EAC50582
:2012800001EAA50504EA5AE700001D50A505015232028207E110880006D807E008E880FFB6
:2012A000B4596452D20580FFAC5968529A1D210602C90000E1D9CA15E0E1821564EAEA0D77
:2012C000023204426337010000381C48BFFFFAE1E051EA6700004162C5050162A50507625F
:2012E0000C504206FF1014028900E03909D8075808D0F21DE0D1D21D210602C90000E131B8
:2013000000E0AA150232044200380B48BFFF56E2E05100E8F20564DAB60504E2E50501EA6F
:20132000C50501EAA50504EA5AE700001D50A505015232028207E110880008E806D807E0CA
:2013400080FF3A1A6152BA050462852580FF06596852BA1D210639C90000E1D9EA15E0E126
:20136000A21564EA8A15203611000442026A636F010000381C48BFFF50E1E051EA670000D0
:201380004162C5050162A50507620C504206FF108007E1F0890009D806C007C808D080FF09
:2013A000B458685200E800E08A25210639C90000E1C1BA1DE0C9C215E0D1A21520361100FF
:2013C000044200381948BFFF9CE1E051F20564DAB60504EAE50501E2C50501E2A50501E2DD
:2013E0005AEF00001C50A50507524006FFF08207E110880008E806D807E080FF5858645264
:20140000D20580FF50586852BA1D210631E20000E1D9EA15E0E1A21564EA8A150632044267
:20142000026A636F010000381C48BFFF9CE0E051E2670000C1624262C5050162A505076216
:201440000C504206FF1014028900E03909D8075808D0F21DE0D1D21D210631E20000E1310E
:2014600000E0AA150632044200380B48BFFFF6E0E05100E8F20564DAB60504E2E50501EA6C
:20148000C50501EAA50504EA5AE700001D50A5050152320214028900E03909D8076808D040
:2014A000E235E0D1C2352B0600E30000EB3100E0962D210604E30000E131CF25EB3100E882
:2014C000FA0D4D0700004D0701004D070200053201420D4E03000038BFFF8AE0D50DC232F8
:2014E0002106FD73FCFFC13186000638053204420D48BFFF70E064DAB60504E2C50501EA30
:20150000A50504EA5AE700001D50A5050152320214028900E03909D8076808D0E235E0D1AC
:20152000C2352B0600D20000EB3100E0962D210604D20000E131CF25EB3100E8FA0D4D0790
:2015400000004D0701004D070200043201420D4E03000038BFFF0EE0D50DC2322106FDB774
:20156000FCFFC13186000638043206400D48BFFFF4DF64DAB60504E2C50501EAA50504EA2C
:201580005AE700001D50A505015232028207E1108900046AE03908E007D8006009E8BA050B
:2015A0008007FC00E0E1B27D210603C90000E131E215210604C90000E131922D210600E2EE
:2015C0000000E131E23D2106F2E60000E131C2552106F3E60000E131D255955D203F05051E
:2015E000633F0100273F01001B30BFFFC6F2235F01000B770C00E071DA050B7F0D00E079EF
:20160000B205DB3F00000462006895452336000080FF8A9A233F0100273F01001B30BFFF82
:2016200092F2235F01000B970C00E091DA050B9F0D00E099B205DB3F000004620068F525BC
:201640002336000080FF569A237F01000F7F12005B7F0000238F0100118F13005B8F010054
:201660002397010032971000129694F85B97020003620068C50D0E9A5B9F000001620068A2
:20168000E5050C725B77000001620068ECE9B905016A00605C6700000D50A5050152420682
:2016A000FF100002E0310060DA05BFFF5AC90162E5056132CA05BFFF66C901620C501E026D
:2016C0000002BFFF5AC91E025C1A865703006852EF05877F0100637F0100A515200E100021
:2016E000E151EF05E787010063870100950D206E2000ED51DF05278F0100638F0100206EC0
:20170000200086770100A65F0100ED51EE050162EA67C0005F62A5051F62ED51BF3D233780
:201720000100EB67C000EB37C0004C31CE41087F0000068090001079487F0000088AAB8975
:20174000F1510868B70D6172960D069088920D9FFFFF920013914D97FFFF20861000AB8149
:20176000F051B70D6272960D0678907A0D8FFEFF8F0011794D7FFEFF209E1800AB99F3518C
:20178000970D6372F6050D87FDFF983210314D37FDFF42061F00C90020562000EA499F5DC5
:2017A000865F0300866F0100A6670100EA59EE050132EB37C0005F32A5051F32CD41888749
:2017C0000100685A0870D735AE8FFFFF207E1000C88A1089EF59F71D8E97FFFF207E1800B9
:2017E000D0921191EF59970DAE57FDFFD8521251EC5780004651B52DAC79EF591250F70564
:20180000636AD605AE87FDFFD8821051EC5780004651D51DAC79EF591150F705626AD60577
:201820008E9FFFFFD09A1351EC5780004651F50D10500882AC81F059F705616AD605AE8F14
:20184000FFFFC88A1151EC5780004651675701007F002456E98100580A60CB614C07000019
:20186000415A6E5AA6FD00507F0089000058EB49E70D0760CB612476E981CB710E77000032
:201880004C770000415ACB006E5AA6F5485F000000507F00000280FF0CF780FFFC181E020F
:2018A000000280FFFE0C013280FFD81480FFBC1480FFE01380FF141E1E02020263370100CE
:2018C000633F0500C700613A0658CA0D8B37010023460400204EFF000B3880FF421A0A58AD
:2018E000A505045AE059EA05E337050080FF3E4DC50D260618620000CB318637010080FFDE
:201900004453003080FF264D20028607210063370500633F0900C700623A06588A158B37D2
:201920000100AB3F0100234E08002076FF00637701000B4080FF921B0A58A505045AE059B8
:20194000EA05E337090080FFE44CC50D260618620000CB318637010080FFEA52003080FF2A
:20196000CC4C46063F00020263370100633F0500C700623A0658BE05045AB50D8B37010017
:2019800023460400204EFF000B3880FFBC1B0A58E059EA05E337050080FF924CA515625A58
:2019A000DA05016A446FE881C50D260618620000CB318637010080FF8C52003080FF6E4CC9
:2019C000200282072100C70043070300865F01000457F68141524457F681613A0660BA0D02
:2019E00023460300204EFF000B300C3880FF940C0A58A505045AE059EA05A337030080FF82
:201A00002C4CC50D260618620000CB318637010080FF3252003080FF144C42063F008207FA
:201A20002100C70043070300865F0100C85AA66F0100CD59CB000477F58141724477F5818D
:201A4000623A0660BA0D23460300204EFF000B300C3880FF200D0A58A505045AE059EA0527
:201A6000A337030080FFC64BC50D260618620000CB318637010080FFCC51003080FFAE4B83
:201A800042063F0084072100C7004307070086670100A65F0100C85A86770300CE59CB00F3
:201AA000047FF481417A447FF481633AEA0D234E0700208EFF00638F010006400B380C30CA
:201AC00080FF020D0A58A505045AE059EA05A337070080FF584BC50D260618620000CB316F
:201AE0008637010080FF5E51003080FF404B44063F007F007F007F0000028600060606FF21
:201B0000D2052036120080FF3C511E0200022036220080FF30511E02000280FFF01400300B
:201B200080FF5A0B013280FF5A1280FF3E1280FF7A1B80FFCA0E1E027F007F0000022036F3
:201B4000220080FF0051003080FFE24A1E021402C70086EF0100A66F0100C8EACDE9633A2A
:201B600006D000E007D8BE050462E5351D3080FFD4140477EC8141724477EC81E0510A607B
:201B8000A22D9A5F0300E059FA0D2C5F1100E059920D450E000021FEF6661D306B000A60D6
:201BA000B51D0562951D675ACA152C5F0D00E059E20D1A3E03001B46FDFF8800450E000047
:201BC00021FE20671D306B000A60E5050562C5050562A5050562E061EA051C36030080FFA6
:201BE0004C4AA5156262DA05038A448FE881C50D260618620000CC318637010080FF4650E1
:201C0000003080FF284A32028607E170C70086DF0100A6E7010086EF0300C8EAA66703009C
:201C2000CCE9DD005A3A433F0B000477ED8141728E004477ED8106C880FF1A50685200D05D
:201C4000B20506EA953D67DAAA150332194E0600237E0B00637F01002086FF006387050046
:201C60001C381D4080FF10090AE8E52566DA8A1580FF0A11E051AA0D193E0600A3470B006C
:201C80001C30BFFF28E40AE8F51504EAD51568DAAA150532194E0600238E0B00638F010006
:201CA0002096FF00639705001C381D4080FFC8080AE8A50504EAE0E9EA051A36040080FF5B
:201CC0006C49A51562EADA0504624467E881C50D260618620000DD318637010080FF664F78
:201CE000003080FF484944EFEF814606FF708607E13043070B0086DF0100A6E7010086EFEA
:201D00000300C8EAA6770300CEE9DD00047FED81417A447FED8106D080FF3A4F6852B2052E
:201D200006EAA56D67DAAA1501321A4E040023860B0063870100208EFB00638F05001C386F
:201D40001D4080FF32080AE8F55565DACA0D1A3E040023460B00204EFB001C30BFFF2AE4CA
:201D60000AE8A54D68DAAA1504321A4E040023960B0063970100209EFB00639F05001C3809
:201D80001D4080FFF2070AE8F53569DACA35BA6701009A7F0300D862BA870300D07ACF61DA
:201DA0009A8F0500C882D061D161BA5F0500200E8AFDE161EB1D615A00E89A0D0C9700003E
:201DC0005A970500019A439F0B00E515625AFA0D0C5700005A5706000C7E01000F8700008D
:201DE0005A870500028A438F0B00E50505EAC50504EAA50504EAE0E9AA1569DAEA05A35FAF
:201E00000B00455A8B00D505A35F0B00445A8B00435F0B000B3080FF1448A51562EADA05D5
:201E2000049A449FE881C50D260618620000DD318637010080FF0E4E003080FFF04744EF80
:201E4000EE814606FF301402C70086EF0100A66F0100C8EACDE90477EF8141724477EF81FE
:201E600006D007D880FFEE4D645200E0F20580FFE44D6852B2050762F51D63DABE05046264
:201E8000B51D1D3080FFBE11E0510A60C2152C5F0500E059E20D1A3E02001B46FEFF88006B
:201EA000450E000021FE046A1D306B000A60C5050562A5050562E061EA051C36020080FFDB
:201EC0006C47A5156262DA05028A448FE881C50D260618620000CC318637010080FF664DC5
:201EE000003080FF484732020A02C70006E007E880FF624D6452F20580FF5A4D6852B20556
:201F0000075AB52562EABE05045AF51D9C5F0100615AB20D1C3601001D46FFFF88000B3812
:201F2000BFFF5AE30A58951580FF520EE051CA0D1C3601009C3F01001D46FFFF8800BFFFDD
:201F40003CE30A58A505085A625ADA05017A447FE881A515E059DA05013280FFD046C50D46
:201F6000260618620000CB318637010080FFD64C003080FFB846280282072100C700613A7D
:201F80000658BA0D0B3601008B3F010023460300BFFF84E50A58A505045A625ADA05016214
:201FA0004467E881B515E059EA05A337030080FF7C46C50D260618620000CB3186370100CB
:201FC00080FF824C003080FF644642063F0000028700205E10000457E98141528A00445740
:201FE000E9814437EA81443FEB81E03107608A0D8437E981CC31C60080FF3246F50D6A3216
:20200000FE052B0618620000C6598B5F01000B3080FF324C003080FF14461E028207E1003D
:20202000C7004307030086EF0100C8EAA66F0100CDE90477ED8141728E004477ED81623AA9
:2020400006E0DA1D1D3080FFFC0FE0510A60D2152C5F0100E059F20D1C3E020023460300BE
:20206000204EFD00450E000021FEC86B1D306B000AE8E50505EAC50505EAA50504EAE0E9B3
:20208000AA0DA3370300423286004337030080FF9C45A51562EADA0502824487E881C50D66
:2020A000260618620000DD318637010080FF964B003080FF784544EFEE814206FF0084076E
:2020C000E130C7004307070086E70100A6EF0100D0EA86670300A66F0300C862CCE9CDE97C
:2020E0000477F28141724477F28106D007D880FF644B6452F20580FF5C4B6852B205075A89
:20210000D52561DAD20564DAB205045AF51D61E2C61D62E2AF1D61E2DA0561DAB205045AA6
:20212000D51562E2DA0564DAB205045AF50D234E0700207EFF00637F01001A401C301D384A
:2021400080FF460C0A58A505055AE059EA05A337070080FFD844E50D260618620000CB310B
:202160008637010080FFDE4A003080FFC04480FFFA0B4406FF3000020132BFFF12CF1E0256
:202180000002C700613A9A0D065700006152DA05003080FF9844A50D400E000081371D6283
:2021A00080FFA24A003080FF84441E020A0206E080FF3ED78A000AE880FF9A4A9C5F0100BC
:2021C000200E8100E1590A68820D0B067BFFF21D0B0679FFF20D8535646AEA2D63EAC22D18
:2021E00062EAA22D400E0000A137196280FF564AB525616A9A2563EAF21D62EAD21D400EBB
:202200000000A137196280FF3C4AE515616AEA0D63EAB20562EAAA0D207F1105450E00009B
:2022200021FE806D00306F00F505400E0000A137196280FF104A28020A0283E70D00C4E727
:20224000D59000E80958FA3D02524457F0900467008241628C00446700824467F19044373A
:20226000F290443FF3900868886A8D00446FF4904447F59044E7F690E0E1F7052436F79051
:202280001C400B3880FF84F80477F881E071BA1D2436D0901C3E0700C7002446F090450E69
:2022A0000000214EC66F80FF0E19E0510AE8EA056407FD814407F981E50501824487F88163
:2022C0004487F9811D5028028207E10002EA06E080FF82496152F20580FF7A496852B2053F
:2022E00007EAE51D630701001C40004800381D30BFFF48FFE051DA056407FD8101EA8515D4
:202300001C06E89CB205E0E1BA0D4407018280FFD4D56B52D20503320038BFFFF6C01D5000
:202320004206FF008207E1F0880002DA01E206C007C808D080FF1E496152F20580FF1649DA
:202340006852B20507DA955520EE1863FDC1A21D1806C08EDA2D61D2B20504DA853D1967BE
:2023600000006662B30505DAA53564CFFD811B3863D7010018401B301948BFFFBEFE0AE07D
:20238000E52561D2B20504DAA525196F0000616AB30505DAC51D64CFFD811B3863D7010096
:2023A00018401B301948BFFF92FE0AE0851580FFA4486852CA0D64CFFD811B3863D701000C
:2023C00018401B301948BFFF72FE0AE0E0E1DA056407FD8101DA950DFDC1FA05013A443F60
:2023E00001820332BFFF2CC01B504206FFF08207610002EA643FFD81013A630701000048F4
:2024000006401D30BFFF34FEE051CA056407FD8101EA1D5042067F0082076100880002EAD3
:20242000643FFD810748013A6347010006400030BFFF08FEE051CA056407FD8101EA1D50CB
:2024400042067F008207610002EA643FFD81630701000038004806400030BFFFDEFDE05193
:20246000CA056407FD8101EA1D5042067F0000028600E0319A0D4407F9816407FD81033262
:202480000038BFFF4CFB4407F8811E020A02C6000457F38141524457F381875F0100615A36
:2024A00000E00760EA05016A023A03EA0B70D5050272033A04EA0E68047FF981E079D24D73
:2024C0000C58CD598B5F0100645AF245060601FFEF3D6172920D62728A450C8F010004970E
:2024E0000082F289AA3DE059CA25249FFD81E099B21D0C58C7598B5F0100E0590B68A71570
:202500000D0610FFAE050BE00678BD79EFE1B705860006E02437FD81DD611C400C3880FF19
:20252000EAF56407FD8100301C38BFFFA4FAC50D615AEA0501320038BFFF96FAD5050432AE
:202540000038BFFF8CFA4407F981F50501320038BFFF7EFA4407F9812802A45701827F00B3
:20256000820721006307010000400048BFFFCCFC42063F0005025C1AC80023570D0002EAF9
:20258000644FFD810A57000063570100BFFFACFCE051CA056407FD8101EA1D50441A2302C4
:2025A00000020B524457D490245FD590200EFFF041598B5E0002645FD5902436D090450EFE
:2025C0000000213EE46F80FFC4116407FD814407F8814407F9811E022456F09100580060B0
:2025E0000A70CB710E770000E071B20541628C00415A6F5AE6F50C507F00245600920058EB
:2026000000600B70C272CA710E770000E071B20541628C00415A0B06E1FFC6F50C507F0092
:202620000F028900E03900E808E007D88225E0E1E21D614AC61D060600FE920D0606FEFD93
:20264000E20D05EA01725C770000A515BFFFAEFF5B57000001625C670000A50DBFFF7CFF6E
:202660005B570000016A5C6F0000A50501EA1D502D020002BFFF86FF1E02643705827F003B
:202680000A0286008900E03908E00658C215E0E1A215614A8615E059870D625AEF050B3073
:2026A000BFFFDAFF00E8A50504EA01525C5700001D50A5050152280284072100200E1F0070
:2026C000E1310658EE0D4307070020361400CB000142234E0700634701000B38BFFFEACDEB
:2026E00044063F000F0220E61F00FC310660CA2520EE1D0000D8FDD9A21D1B50C252245E00
:202700000092CA592B6F0100100A41696B6F0100CBA700002B770100200E9FFF41716B7755
:202720000100CBBF00001B30BFFF90FF41DA9B00FCD9A6E5E51DE061C61DFC61AE1D0C8086
:20274000C282245E0092D0592B8F0100100A41896B8F0100CBA700002B970100200E9FFF5D
:2027600041916B970100CBBF00000C30BFFF4CFF2D020A02C6008900E03908E0E215E0E172
:20278000C215624AA615210600FF0000E13100588A0D20361F00BFFF4EFF025A00E8A50566
:2027A00005EA5C5F0000A50501EA245EE98100600B50CC514A07000041626E62A6FD1D5042
:2027C000280205028600C70083770900210600FF0000E139005800608A7DE031DA3D015AF6
:2027E00024EE0092003800500A68C26ADD692D870100D9829E82E081822D0B8E0300EE8976
:20280000BF250A90C392330660620000D2990878F3870500CB7988824F870000415A8B0036
:202820000890339F0400CB91529F0000415A8B0008800D8F0000CB81508F0000415A8B0042
:20284000413A8700A505056241520A06E1FFD6CD483F0000B53D6132EA35015A00680B7EC8
:202860000300EE79EF250D80C3822A0660620000D0510888EA970500CB8988925197000089
:20288000415A8B0008782A870400CB794F870000415A8B000890CB910D98C29A248600926C
:2028A000D3811087000052870000415A8B00A5050562416A0D06E1FFB6D5209E1F00489F30
:2028C0000000C5050462A5050562495F00000C50230282076100200E1F00E13100E80658FF
:2028E0008E1520361400CB000142234E03000B38BFFF72CCA35F0300CB5E8000A20501EACA
:202900001D5042067F00245705827F000F02870006D807E0BFFFE6FC81E2FC511C5800E8F9
:202920000A60C705C15A0B38C505C1628C000C382436009200580B90C292C6911297000013
:20294000E091C21D1D7601008E000B50C352330660620000CA991B78F3870500DD798882C5
:202960004F8700000EEE01009D001B90339F0400CE91529F0000E7E9E905415A8B000B0621
:20298000E1FFA6DD2D020F02870006D807E0BFFF4AFC81E2FC511C5800E80A60C705C15AE7
:2029A0000B38C505C1628C000C382436F09100580690CB9112970000E091C21D1D76010065
:2029C0008E000B50EC52330658630000CA991B78F3870900DD7988824F8700000EEE010030
:2029E0009D001B90339F0800CE91529F0000E7E9D905415A8B006F5AC6DD2D022456F091FB
:202A000000580A60CB614C070000415A6F5AA6FD7F008407E1104307070006D8BFFFEAFE9E
:202A2000625292251B06E1FFEE1D23EE070020E614001B38C70001421C301D48BFFF26CB30
:202A4000A36F07000D0680FFE20D2076800043770700DB000142634701001D481C301B3838
:202A6000BFFF66CA4406FF101402880008E007D806D0BFFF94FE625200E88255E0D1C64D4D
:202A80001A06E1FF9E4D63DA1B60CB454C000400120022003200C2D2245E0092DA592B7F48
:202AA0000100DC860F00100A417910796B7F0100E535C2D2245E0092DA592B970100DC9E2A
:202AC0000100C49A200EEFFF419113916B970100E525C2D2245E0092DA592B670100DC6E40
:202AE0000300C56A200E9FFF41610D616B670100E515C2D2245E0092DA592B870100DC7E13
:202B00000100C77A200E7FFF41810F816B870100E50505EAC50505EAA50501EA1D503202BA
:202B20000502200E1F00E13106E8EE0D013A1D300040BFFF36FF023A03421D30BFFF2CFFD4
:202B40001D30BFFFD0FE230200020F5A0606E1FFC705065EE0FF8B006F5A8E152466F0910F
:202B6000CB61016A4C6F0000EC5A260658630000CB3126370500BFFFAAFF1E020002BFFF31
:202B800066FB1E028207E10006E007E8BFFFA8C4200E1F00E1E10A58FE3D0B06B2FEC70512
:202BA0000B06A1FDB60567E2CA3D0467088261628A3DE0E9FA0D013A1C300040BFFFACFEDD
:202BC000023A03421C30BFFFA2FE1C30BFFF46FE852D203614001C38C7000142234E03008E
:202BE000BFFF82C9C3FF0300C20D013A1C300040BFFF78FE023A01421C30BFFF6EFE95159E
:202C0000013A1C300040BFFF62FE023A00401C30BFFF58FEE505E0E9CA051C30BFFF2CFF3C
:202C20004206FF008207E130245E009220DE1F0000600C50C252CB514A0700004162FB6146
:202C400096FD20E6140023EE030000D001421C301A381D48BFFF0EC9A35F0300CB5E80005A
:202C6000435F0300E059F20D1A06E3FFF205023A01421A30BFFFF4FDE505023A03421A3051
:202C8000BFFFE8FD41D29A00FBD196E54206FF3000020152445708820030BFFFE0F9BFFF27
:202CA00086FF1E02E0310058F62D0606E1FFCE2D633A07609B2D4C0004000D0016001F009E
:202CC000C232245E0092C6592B5F0100CB5E0F00B51DC23224960092C691D2E70000EA5F9F
:202CE0000000A515C232245E0092C6592B5F0100D95A9E5A950DC23224860092C681D0FF55
:202D00000000EA5F00000B507F000A028900210600D10000E13107E008E8DA25614AB62595
:202D200080FF323F61520A60F20D62620C589215645AC2152086FA005C870000018A5D8F29
:202D4000000000509515206E81005C6F0000F5F5207685005C770000A5F5207E87005C7F2D
:202D60000000D5ED0152280244077E9244077D9244077C9244070C827F00245711827F0021
:202D8000643711827F008607E1F0860083D7290007E808C009C806E080FFBA3E645200D8AC
:202DA000920D80FFB03E6852D20507DA005880074602DC7E0100B2058007C00104870C82FB
:202DC000E081BA058007B401048F7E92438F020004977D9243970300049F7C92439F040002
:202DE000025243570500207EFE00437F06002086AC0043870700208E5600438F08002096C5
:202E0000E10043970900249FADB9400E00FF41992106A941C5000199649FADB90030236E04
:202E20000200C66900588D870100D0560100C4C7ACB9EA7F00002F5181824D8700001F3AC4
:202E4000248FADB9883A4789818A249FADB9400E00FF41991199649FADB9D7520A99649F8A
:202E6000ADB9DC9A9F9AC4FFAEB9EA5700002A992487ADB9C39A170A418113816487ADB9D9
:202E8000C8829F82C4EFACB9EA8F000031812497ADB9C582200EDFFF419110916497ADB93C
:202EA000C8929F92C4E7ADB9EA7F00002F912457ADB9CC92200EFFEF415112516457ADB9DC
:202EC000C8529F52C4FFADB9EA9F00003351248FADB9CF522106FF7FFFFF41890A89648F84
:202EE000ADB9C88A9F8AC4E7AEB9EA8700003089D18E0100C205C427AEB9B505C4A7AEB9B0
:202F0000415A685A9695413286006832968D245FADB9249FADB9D45A9C5AC45A2467ADB92E
:202F2000D89A9C9A13592487ADB9D0629C62C462246FADB9C8829C821061247FADB9CD6E00
:202F40000F00C46ACC7A9C7A0F691D98909A9300EB99EA0D1D9088929200EC919A0D9D0059
:202F6000EDE9EA050030BFFF1AFE015AB50509DA005844070C82F53DDC8E0100618A8A3D0E
:202F8000BFFFFAFDE0519A0D580701005807020058070300045AF52D0030BFFFD891D05288
:202FA00001320AE8BFFFCE91CAE9CA053D06563412001D80900044877E921D78887A8F0040
:202FC000447F7D9290EA9D0044EF7C9204577E925857010004877D9258870200047F7C92A0
:202FE000587F0300045A01EA44EF0C82C50501DAA35F0100EBD1D105595F00001B50C505C6
:203000000152590700004606FFF00A023D063464000000E01C68EC6ADD692D6F0500E069F1
:20302000B20D2D671100E061F205450E000021FE8E7B00306C0041E29C001C06C3FFB6ED97
:20304000280214023D063464000000E000D806D01C58EC5ADD59EB6F0100FA699F15EB7703
:203060000300FA71D60D80FFEC3B1C60EC62DD610C8708004A81C2052CDF0500E50541E207
:203080009C001C06C3FFD6E51B50320200022457C59261528A256232B20D0606EFFFC20D04
:2030A000060662FFD20D060661FFE20DC515043280FF2ADC8515043280FF32D8C50D043273
:2030C00080FF2AD6850D03626467C5920632053ABFFF90F41E0200022437C192BFFFB0FF62
:2030E0001E020F02C60007E006D8BFFF4ABF0AE880FFFEC72477C59261720A60BA1D8C0085
:2031000063628A1D1D068BFED7151D06A1FDAE151B06E0FFFE0DBC670100E061C205656229
:20312000E205850D1C3080FFA4D6C5051C3080FF58D62D0205028900C4E7A59208580060AD
:2031400009E88A2D6632EE251D06E0FFBF25015244578092046F1482416A8D00446F1482AC
:20316000446F819244378292443F839244EF8492243685921D400B3880FF90E92436A09284
:203180001D3E0500C70024468092004880FF280A0A600C50230288076100BFFF9ABE0AE8B0
:2031A00080FF4EC7245FC592615A0A68B20580074A018D00636AB205800740011D068BFE66
:2031C000BF05800736011D06A1FDB60580072C012487C19262829A1D003080FF00DBE051E9
:2031E000DA05023280FFF6DA8515013280FFEEDA61528A0D043280FFE4DA028A648FC592C6
:20320000C505033280FFD6DA2497C1921206EFFF9A1D003080FFD6D6E051DA05023280FF97
:20322000CCD68515013280FFC4D661528A0D043280FFBAD6029A649FC592C505033280FF03
:20324000ACD62477C1920E0662FFEA25003080FF9CD4E051DA05023280FF92D4D51D01320D
:2032600080FF8AD461528A0D043280FF80D4027A647FC5929515053280FF72D461529A0D68
:203280006407C1926407C592043280FF60D4C505033280FF58D42487C192100661FFCA1DC0
:2032A00080FFE0D4E051DA05028A648FC592C51580FFD0D46152EA056407C5926407C192D6
:2032C000B50D80FFBED46252DA0502926497C592B50580FFAED4249FC192130655FFDA1D6D
:2032E0002336000080FF12E3237701006272DA15027A647FC5929515615A9A0D2437C19233
:20330000BFFF8CFD03826487C592F505635ADA052437C192BFFF78FD48067F008807E1F0FB
:203320008900623207C808D000E009D8005806C082151806EFFFD20D180662FFA20D18061C
:2033400055FFF205180661FFC20505E2800770012457C192EAC1B205800762012467C59202
:2033600062629A6D62C2F20D1806EFFFC20D180662FFB225180661FF822D180655FFD22D90
:2033800080073C01BFFFEEF259C70000E0510AE8F20D016A596F0100193602001B38BFFFF3
:2033A0006EF5C1EA42EA9D001D588007120159070100025A8007080159C7000080FF58D40F
:2033C00059570100025AB57D59C7000080FFB4D359570100025AB5752336000080FFCCE1CC
:2033E000237F0100627AAA1D23870D006182EA0D208EAB00598F0000019259970100239F6F
:203400000900599F0200035AA55D206EAB00596F000059070100025AA5552076AB00597781
:203420000000015259570100237F0900597F0200035AD54563628A4562C2F20D1806EFFFC9
:20344000C20D180662FFE235180661FFE205180655FF920D05E2B535025A59C70000595F8C
:203460000100D52D2336000080FF40E1238701006282AA1D238F0D00618AEA0D2096AB00F8
:2034800059970000019A599F0100236F0900596F0200035AC5152076AB005977000059079B
:2034A0000100025AC50D025A59C70000595F0100E50501E2C50503E2A50501E25A5F0000E6
:2034C0001C504806FFF08007E1F083DF1D00623200E000E808C809D006C0C20D1806EFFFC6
:2034E000920D180662FFE205180661FFB20505E2A525245FC192EBC1DA1D2457C5926152E3
:203500009A1DE039DA150B30BFFF84FB03626467C59262DAB60DE0C9920D59C70000206EF8
:203520006400596F010002EAE50501E2C50505E2A50501E2E0D1D2055AEF00001C50A50580
:2035400001524006FFF08607E1F3890009C807B808C006B0BFFFE0BA0AE080FF94C38A0049
:203560000AE8BFFF18F8247FC592617A00D800D00A60BA058007140163EAB20580070C01B1
:203580001C068BFEBF05800702011C06A1FDB6058007F80062B2E2651606EFFFB2651606A0
:2035A00062FF920D160661FFC22D160655FFE23D05D2C56D188700006382EA05173080FFCF
:2035C0007CD20AD0A50504D262D28A6564B7C19201DA64DFC59257B700000E926397010094
:2035E000330650C30000639F0500450E0000216E2E7C636F090023360000BFFFACD4E54550
:20360000187700006272DA0580FF12D20AD0A50504D2E0D1B20562D29A3D64B7C19201DAEF
:2036200064DFC59257B7000095358C00E0618A1D188F0000628ACA05B7370100B505203643
:20364000FF0080FF1CDF7F52920D64B7C19201DA64DFC59257B70000951D01D2F51501D22E
:20366000D515189F0000629AEA0D176F0100E069B20505D2B50D64B7C19201DA64DFC592B3
:2036800000D0C50504D2A50501D2FBC9B10558DF00001A504606FFF3C6002056AB00645742
:2036A000C1926437C5927F000002245FC1920B0655FFA20D0B30BFFFD6F96407C192640769
:2036C000C59280FFA6D11E0200020D524457A492245FA592200EFFF04159645FA592243686
:2036E000A092450E0000213E3A7C80FFA0006407C1926407C59280FF72D11E0289002106FF
:2037000080C90000E1318A45245F2982E0590050F23500700B30867F0500EE79831D0A8655
:203720000700F049C715065A0A604152CA000790CC91520700000B685F5AE0698B00DAF52A
:2037400041728E0086870500EE81ABED0A8E0700F149E71500600A5841520798CB9906805C
:20376000CC8110871800CA005387000041626762B6F541728E0026370100E031DACD48579C
:2037800000000050A50504527F00245F2982663F1500C6A70500E0590050A215206E6300CF
:2037A000866705008B7F0500EC79A90D0B502B5F0100E059D2050D705F6AE071CAF5E05968
:2037C000F205068704000B8F0400F1818215E0518A0D249729826697010064372982F5054E
:2037E0002A9F0100669F01006A37010001527F0000020732450E0100213EC28DBFFF50A298
:20380000015244574082205E1800445FEB964407EC964407C89244070C9924670D99200E7D
:20382000FFF041618C66000364670D99243608990038BFFF58FF4407EA961E020002245FD9
:20384000298244074082E0590B609215CCA705006C070D0000580C50CB514A071800415A99
:20386000675AA6FD2C670100E0619AF56407318264072D82206E1800446FEB964407EC96A1
:203880004407C8924407EA96BFFFDC9E1E020002E0310060DA05BFFFA6FF0162E5056132CB
:2038A000CA05BFFF4EFF01620C501E028007E1F00457EC96615200C09A254407EC96247F78
:2038C0002D82E079F215245F2D822B5F1100E059B20D450E010021FE368400306B00248F99
:2038E0002D827107110024972D82D2A7050064072D82209EFF00449FEB9624572D82E05112
:20390000B20580079801047FEB96E079BA0580078C0124773182E071BA0580078001245EB8
:20392000ED9664772D822E870D006487318218660100248F2D820B6871070D00D869245785
:203940002D820A570400E0519A1520CE50004DCF000024772D828E7705000B80CC81507726
:2039600000000CC601002EC9D565249F2D82200EFF00339F0600E199AB2D20CE53004DCF1D
:20398000000024772D828E7705000B78CC794F7700000CC601002EC9243F2D82873F07009C
:2039A0000B98D899533F000041C227C9844F35820B7804873482D8794F87000041C229C904
:2039C00004973482419244973482C53520CE54004DCF000024772D828E7705000B50CC510E
:2039E0004A7700000CC601002EC9243F2D82E73F0700883A0B90D891523F000041C227C9B3
:203A0000244F2D82894F07000B80D881504F000041C229C984E735820B90049F3482D891AE
:203A2000529F000041C23CC9047F3482417A447F3482248F2D82F18F0700E0890070F31556
:203A4000246F2D822D6F0900CE698D6F01000B50D8514A6F000041C2D8002DC94172CE00BC
:203A600024972D82F2970700EE91BBED0B98D89953CF000018360100C6004407EB96450EBB
:203A800001002146528D0B38BFFF389F247F2D820F8F1A00418A4F8F1A004006FFF0000203
:203AA0008600870064371982443F20826447258224361882BFFFC0B61E028600245F298250
:203AC000E059F20D00508B670500E661A20D2B5F0100E059E20541528A000A06E0FFC9F5FC
:203AE0000B507F000A0286000457EB96E05106E09A6520EE1800FDE1C2051C067FFFDA55CE
:203B000044E7EB960030BFFF6CCF4407EC96247F3D822106400D0300E1799A2D24872D82AF
:203B2000E081D2250132BFFF24CF248F3D829151200E2C01E1510A68830D24772D820E9F6F
:203B40001E00419A4E9F1E0024772D828E671D00C862AE871D001061ED61990D0D508852ED
:203B60004E571C00248F2D82516F1D000132BFFF04CF245F2D82E059D21D2B6F1100E06933
:203B8000F20DFDE1E2370000450E010021FEEA866D00245F2D826B071100245F2D82CBA786
:203BA000050064072D82E505033A00301C40BFFFF0FE28020A02C70004574082E05106E056
:203BC00000E80758A23DE0E1823DDCE70500DA35E059B7350B06EEFD8F35246F31827C5F62
:203BE00006007C4709007C4F1100DC2705007C070D0001EAE069006082153C5F0500D45A86
:203C00009C5A2D7F0500D47A9C7AEB79E1050D602D6F0D00E069EAF5E0618A0D24873182DB
:203C20007C870D0064E73182A5152C8F0D007C8F0D006CE70D00B50DE0E1920D9C47050072
:203C4000023AD0420B410030BFFF56FEE0E1D20D1C57180041525C571800E0E9EA051C7FAC
:203C60001900417A5C7F19001D5028020F022457E694247FE894EF51BA0580072805BFFF4F
:203C800086A3E46FE794016224E6EA94CDE19CE70100416ACD000D0600FEA60500680497D9
:203CA0004182E091920D440741821C0602FFE20D4407EA96B50D1C0602FF8A0D049F358270
:203CC000659ACA05446741820060E061BA058007C404646FE694845FEB96200E2D00E159B3
:203CE00000D80B78B305800792044F002E004602460246024602460246024602460246028F
:203D000046028300E000FC0046024602460246024602460246029C00BE00E000270146025A
:203D2000460246024602460246029C00BE00D800E0002701460246024602460246028301F5
:203D40008B019301B600F001DC8EF0001106B0FFB20580072A04DC9E0F00449F35824407A2
:203D6000CA926407CC926407D292659A9B3D530006000B0014001D0026002F000B7A447F46
:203D8000EA968007FA0301824487CF92208E1500448FEA968007E80302924497CF92209E5A
:203DA0001500449FEA968007D60301524457CF92207E1F00447FEA968007C403028244873F
:203DC000CF92208E1F00448FEA968007B2034407CF92209629004497EA968007A2030132E1
:203DE000A4473582083A88460050BFFFB4FC80078E0344E7D092E0E1D20D0132A447358239
:203E0000073AC8421C41BFFF98FC4407EA9680076E03415A8B0001826487CC92445FEA96D0
:203E200080075C031C06B0FF86150132073AA44735828497D192C8421241BFFF64FC4407D6
:203E4000EA9601DA8007380344E7D092415A8B00445FEA968007280344E7D092415A8B000A
:203E6000445FEA9680071803E46FCD92C86ACD00DC69CD000467CF925F628C004467CF9295
:203E8000646FCC92E061B7058007F402415A8B00445FEA96646FCC928007E40244E7CE9205
:203EA000415A8B00445FEA968007D402E467D392249ED4920C8E0100648FD292CC9953E7F3
:203EC0000000245FCC925F5ACB00E059645FCC92B7058007AA02047FEA96417A447FEA9633
:203EE00080079C028467CB924407EA96ECE1DA158437D192BFFFC6FB8437D5920AE8BFFF5F
:203F0000E6FBE0E9BA05800776021D971B0041925D971B00800768020132053AA447358283
:203F2000849FD192D8421C78D09A1341C87A0F410C41BFFF6CFB800746028457CB92EAE1B9
:203F4000E2EF0000E0E9EA970000F29697FF129681004497C99224360899013A2446C992CE
:203F60000048BFFF52FCE0E98235049F3582639AF105047F3782048FCE92F179F2358437A5
:203F8000D192BFFF38FB0487CE9244873782E0510AE8C2153D5F1500E0598215E437D39263
:203FA000243ED492450E010021FE068B6B001D9F1B00419A5D9F1B00951D043A8447D192E3
:203FC0000030BFFFDCFAA5150132053AA44735821C50D842848FD1928487CB92D08A11413F
:203FE000C8520A411041BFFFB8FA4407EA9680078E0144E73782415A8B00445FEA96800706
:204000007E0144E7CE92415A8B00445FEA9680076E01A46FCF92E069CA2DDC8E80009A0D12
:2040200064E7CC92415A8B00445FEA96800750012066E000016A1C804C810C78C17AEF814D
:20404000EA052C905C916497CC92850DA1628C668000416A8D00666AF7ED446FCF92666A98
:20406000BE0580071A01016A446FCF9280071001E477CD92C672CE00DC563F000A715F6A4F
:204080008D00446FCF926477CC92E0698F7D0E06EEFDC715446FCF920132063A8447D19261
:2040A000A4973582D0426477CC92D8920E911241BFFFEEF94407EA96A565415A8B00445F24
:2040C000EA96446FCF926477CC92955D845FCB92EBE1E2EF0000E0E98A150132053AA4477F
:2040E00035828457D192D8421C80D0520A41C88210410B41BFFFAAF9845FCF920B0680FF8C
:20410000F20584973782F259B20500E8850D047F3682417ACF7E7F00447F3682E0E9EA3731
:204120000000E63697FF063681008600BFFFB8F9E0E982252457D292E051C31D8437D1929D
:20414000BFFF7AF9E0510A60F20D2C5F1500E059B20DE437D392243ED492450E010021FE41
:20416000BC8C6B00F505043A8447D1920030BFFF30F94407EA96B5054407EA968487CB9257
:204180003C814487CA92E0D9B205BF074CFBE46FE794646FE694E48FE994F169B205BF07DC
:2041A000E0FA2D020002BFFFC6FABFFF02F70457C8926152CA1580FF9C2A68528215440797
:2041C000C892203615000038BFFFBCE9203622000A3ABFFFFCAF0030BFFFB4AE1E02015297
:2041E0004457C8927F00000201524457EC96093A00400A30BFFFAAF81E0286076100245F2B
:204200002D820B570400E051F225630701002066881363670500450E0100216E3E8D636F66
:20422000090023EE00004407EC961D30BFFF7AC8017263770100247F3D82637F0500450E60
:2042400001002186368D638709004407C8921D30BFFF56C8950D208E1800448FEB96CBA704
:20426000050064072D8246067F00860020560002E46FE9942476EA94CD714E370000047F28
:204280003882417A8F00447F3882246FE894416ACD00EA69A6050068E467E794646FE8949B
:2042A000EC69AA0D0C5E0100CB00645FE694EA59B6056407E6947F0000020132BFFFB6C7AD
:2042C0002A06400D030064573D8201521E0200020132BFFFA0C72A06C027090064573D827D
:2042E00001521E02246F29820058005004773882E0710060A3050162E069D20D0D7F1A00A6
:20430000CF598B000D871B00D0518A002D6F0100E069DAF5E059B7058C660200E051B70505
:204320008C6604000C507F00245608992A66200006582A6F01002A7705006B6F01006B7786
:2043400005002A6F09002A770D000A5610006B6F0900EA616B770D002B5E1000BAED7F00BC
:204360000A0288002106B0C90000E13108E006600768F2052106B1C90000E161C21D9535B7
:20438000246746822D570000EC51B205055AA52D205E00022D770200CE61EC00646746824D
:2043A000EB61D61D0C6600FEEC00EB61CEFD64674682D515200E6400E1E1B305055AA515A9
:2043C00024EE28991D301C400D3880FF3ED724368C9B1C3800481D40BFFFDCF70058A5057B
:2043E000065A0B5028028007E1F789002106B0C90000E13107A809B808B0DA4D24C746823C
:2044000055C7000002CA1850885255570100247F4482EFC1C23D24E68C995EBA1C58D859C1
:204420008B6701009700ECB9A63520EE00020CD01888DA89FD8997151DD8B8D91530D9317C
:204440001B400B3880FFC4D6DBC91B989300B3B99700BBD11C5800C01530D9311A400B380C
:2044600080FFA8D6DAC1FDC1D60518C600FEFDC1DEFDDAC924874482F0C1920DBAB91C584B
:20448000D8598BD701009700FAB9BED556CF00000050A50506524006FFF71902246744828C
:2044A000246F468286D70100EC6906C8823520E600020D50AC510A560002FC578052FA5135
:2044C000EE25245E8C990B60CD618C670100E061DA05640746820060A51DCC69ED00FC6999
:2044E000E6050D6E00FEED00FC69CEFD24674482646F4682EC69B20D646F46820D80AC81E6
:2045000010860002FC878082FA81E6DD20E600021C58AC59FA59FE0D24EE8C991D30CC31E0
:20452000646744820BD819380B4080FFDED5BBD10060C50524EE8C9900D8CCE9DBC9646750
:2045400044821D301A40193880FFC0D5245F4482DA59EB00645F4482FC59860D0B5E00FE4A
:20456000EB00FC59CEFD645F448237020002C60062320758A70D0B570000E051BA054B372B
:2045800000000B30BFFF16FF24674482246F4682EC69CA05205E0002950DAC690D6E000289
:2045A000200E0002E16F806A0D58027A447F28990182448729990B88888A448F2A99445F3E
:2045C0002B9924368C9B043A244628990048BFFFE6F51E0200020C524457909B245F919B57
:2045E000200EFFF04159645F919B24368C9B450E0100213EC490BFFF94F11E02501AB20707
:20460000610063376D00633F710063477500634F79002346700023360200233F6D0080FF53
:2046200068D7200E5000E1510AE8B7051952D50D1D6E0200436F00000472437701002336C7
:204640000000BFFF58FE1D5072066000031E10007F00E031BA054407AC9B01527F0000021B
:204660000457AC9BE051C20D80FF8401845F57820B0601FFDE050B660100446756821E02CF
:20468000050280FF90010AE880FF6C01E0510A58DA05E0E9BA050362E50DE059DA0561EA71
:2046A000BA050262850D615ADA05E0E9BA050060A50501620C50230288076100BFFFC4FFC4
:2046C000233600000AE880FF30CF236F0100616A924D80FF406944EF528244574F8263EAEC
:2046E0000A601D70CB254E003D00040013003D00E0618A3D003080FF7E00845F55820B06F4
:2047000001FF8E350B86010044875482B52D61629A2D013280FF6000845F57820B0601FF58
:204720009E250B8E0100448F5682C51D20EEFF00845F4F82FD59DE050B96010044974E8248
:20474000E061DA05003080FF2E00C505013280FF2600A45F4D82FD59DE050B9E0100449F22
:204760004D8248067F004407AC9B7F0001524457AC9B7F008807610001EAE031EA050030CD
:204780000038BFFF8E9CC5256132AA250232BFFF5A9CE0519A1D026263670100206E16000A
:2047A000636F05004307080063070D0023360000BFFFC4A902321D38BFFF589C20368813A9
:2047C000BFFF4EC200E8013A0030BFFF469C1D5048067F00000201626132FA050C30BFFFED
:2047E00096FF440748820A600C501E020152445748827F0000020030BFFFF09B046F48823A
:20480000E0690A58B2050152C505E059EA5700001E0200020632203E2000BFFFF08BE0515D
:20482000EA5700001E028800210606CA0000E1319A15E039F20DE041DA0D24564C82005817
:204840000A60CB614C070000415A6B5AA6FD0050A50501527F0014028900210606CA00000A
:20486000E13109E008D807D0CA2DE0D1A22DE0D9822D015244574C82BFFF7CFF8A0044578D
:20488000508224EE5082BFFF8CFF1D7F0000C4528A000A795D7F00000058EBE1E30D1A88C8
:2048A000CB89249E4C82CB99139F0000519F0000415A8B006B5AA6F55B5F00000050A505D4
:2048C000015232022506A8B400002406647CFF03C5212306ACEFFF033E0600B0FF03005AC2
:2048E000405FFCF1405FFCF9015240576EF020A6FF003506FFFF00002D0690BDFF032C069E
:20490000ACEDFF03EC69E9056D070100446AEC69C1FD2D06ACEDFF032C06ACEFFF03EC6991
:20492000E9056D070100446AEC69C1FD2C06A8B40000ECA720002D06FB8F0000606F64F032
:204940002A0600B0FF032B0600F0FF031F72008A6A7701002A870100EE81CA0D6A070100EB
:204960002A870100E081EA054452EB51AAF580071000018A6A0701004452EB51CAFD5C1A21
:20498000638F010080FF2A00238F0100441A440EFFFF618FF57F440EFFFF2137F57F440E48
:2049A000FFFF213EF87FBFFF94A9E0072001015A405F6EF006624067C0F64007FCF1400788
:2049C00028F8006FC2F6E069DA050077C2F6E071D2FD037A407FC1F6C0072CF8008724F898
:2049E000E081D205008F24F8E089DAFD01924097FCF11298409F60F8C00F2CF8805729F871
:204A00004057FCF1405728F8205E8300405F0CF84007B0F820661F004067D0F640072FF848
:204A20007F007F007F007F007F007F007F000152445758827F00440758827F00845759825C
:204A40007F007F00000280FFDA651E02000280FFCA651E02000280FFC2651E028600E03149
:204A6000E25700007F0000022036110080FFD621003080FFB81B1E0200022036110080FF15
:204A8000C421003080FFA61B1E0200022036110080FFB221003080FF941B1E027F007F006A
:204AA0007F007F007F007F000002063826370500E6370D008232273F090080FFB26F00501B
:204AC0001E027F00C700045F5D82E059DA150706F0FDFF05016244675D822456F09BE5151C
:204AE000A457A1840A0601FFDE050A6E0100446FA1840050B50DA457A1840A0601FFDE052D
:204B00000A7601004477A18400507F0000028600A45FA184200EFF00E1590660DE050B56A4
:204B200001004457A18444075D820C3080FFE24D1E0205028600C7000740243EF09B06E80A
:204B400080FFC48344075D821D3080FFC44D2302C700045F5C82E059DA150706F0FDFF0535
:204B6000016244675C822456B09BE5158457A1840A0601FFDE050A6E0100446FA0840050F7
:204B8000B50D8457A1840A0601FFDE050A7601004477A08400507F0000028600845FA184A1
:204BA000200EFF00E1590660DE050B5601004457A08444075C820C3080FF564D1E02050276
:204BC0008600C7000740243EB09B06E880FF388344075C821D3080FF384D2302000280FF4C
:204BE000060D0A60E0076001245F319E5F5A645F319EE059BA0D00682D7704F1247F249EED
:204C0000CE76FF870F71607704F1CC862000BA05E08760011E028607210080FFCA0C0A60F8
:204C2000E0076001245F319EE0598A25206F04F1CD6E0078636F000000702E7F04F18F7ECA
:204C40000078607F04F1238E0000319701002486249E70970100319F0500709F05003157A9
:204C6000090070570900245F319E0B6E0100646F319ECC762000BA05E087600146063F0079
:204C80000467349E5F620C50AA004457349EE0519A0D245F399ECB6E2000CA050B50E08787
:204CA00060017F000002045F349EE059AA0D80FF360C0A58E0076001645F399E045F349EB3
:204CC0000B6601004467349E1E0219022B0600C0FE036437219E2B570000CA560100615208
:204CE00000D006C8E20D400E00000187926D2F0602C0FE034F870000208E00016B8F0000DB
:204D00003D0650C0FE033D970000D2961800D21D3D9F0000D39E18001306E8FFDA05205642
:204D200010007D5700003D7F0000CF7E0800687ACA0508827D8700001D8831970000D2966A
:204D400018001D586B970000029A400EFF03619F0EC13D570000CA560700E20D077A7D7FE2
:204D600000003D870000D0860700E2053D8F0000D18E0700CAFD1958C15A33066E6D000092
:204D8000CB99339F00002A065AC0FE034A9F00003006706D0000CB813087000031065CC040
:204DA000FE03718700002A066C6D0000CB512A570000330656C0FE0373570000247E009EFA
:204DC000647FD1B900D8048F3C9ED18E04001BE0D20D1B80C18224964C9ED091F25F0100AF
:204DE0006C5ACE050B3080FFC41FC1E224564C9EDC512F06FFFF00006A7F00001B58C55A9B
:204E00004B0EFF03218F0EC1D18E0100D20D01824B0EFF0361870EC14B0EFF0321970EC102
:204E2000D2960100DAF5209E1C004B0EFF03619F0EC101524B0EFF03415709C1207E000880
:204E40004B0EFF03617F0EC141DA9B0061DAC6BD0A680D58C55A4B0EFF0321870EC1D086B6
:204E60000100D20D01924B0EFF0361970EC14B0EFF03219F0EC1D39E0100DAF520661E00CE
:204E80004B0EFF0361670EC14B0EFF03410709C1416A636AF6DD036A0D58C55A4B0EFF031C
:204EA00021570EC1CA560100D20D017A4B0EFF03617F0EC14B0EFF03218F0EC1D18E0100EC
:204EC000DAF5203600094B0EFF0361670EC109824B0EFF03418709C10D96FDFFD200C19276
:204EE0002A06806A0000D2512A5700004B0EFF0361570CC14B0EFF0361370EC1416A0D0694
:204F0000E1FFB6CD205EE0034B0EFF03217F0EC1CF7E0100D20D018A4B0EFF03618F0EC131
:204F20004B0EFF0321870EC1D0860100DAF54B0EFF0361670EC11A90C3921296100092003E
:204F4000929601004B0EFF03419709C1C3CAC1D22A068A6D0000D951DA512A5700004B0EB5
:204F6000FF0361570AC13106826D0000D989DA89318F00004B0EFF03618F0CC14B0EFF038E
:204F800061370EC12C067A6D0000D9612C870000320640C0FE03728700002B06726D000062
:204FA000D9592B9F00002A0642C0FE036A9F00002C7F0200310644C0FE03717F00002B971E
:204FC0000200300646C0FE03709700002C570400330648C0FE03735700002B8F04002F0605
:204FE0004AC0FE036F8F00002C87060032064CC0FE03728700002B9F06002A064EC0FE03A2
:205000006A9F00002F0658C0FE030F88319700006F970000208620007D870000205606018D
:205020007D570000370200022437219EBFFF9EFC01521E022A0650C0FE032A5F0000CB5E89
:205040001800C21D2A670000CC6618000C06E8FFDA05206E10006A6F00002A770000CE764A
:2050600008006872CA05087A6A7F00000A80308F0000D18E18006A8F000007926A970000C1
:205080002A9F0000D39E0700E2052A5F0000CB5E0700CAFD01527F002B0650C0FE030862EA
:2050A0006B6700002D0658C0FE03207620006D77000001527F002D0600C0FE032C060080C0
:2050C00000002D770000CE760080EE61EA0D205600082B0650C0FE036B5700002D7F0000F4
:2050E000CF7E0080EF6192FD300658C0FE03308F0000D18E0300920D320650C0FE03089A0A
:20510000729F00000058A505015A00000B507F00045F3C9ECB5E01000B507F0084574B9E42
:205120007F000502860006E880FFBC070A58E007600104674A9E5D618C0044674A9ECB6E20
:205140002000DA05245E4A9EE087600123020502860006E880FF90070A58E0076001046753
:205160004A9E1D618C0044674A9ECB6E2000DA05245E4A9EE0876001230205024407499EE2
:2051800000E804573C9ECA560400B20D24663D9EDD610C670000E061C2051D3080FF0E1CFB
:2051A000246E3D9EDD694D07000041EADD006CEA96ED2302000280FF2E070A60E00760017A
:2051C000245E3C9E0B680D770000CE76FE004B770000CC7E2000BA05E0876001BFFF9EFF2C
:2051E0001E02000280FF00070A60E0076001245E3C9E0B680D7700008E7601004B7700003B
:20520000CC7E2000BA05E08760011E0214028600C7002A0653C0FE030A7F0000CF7E1000F0
:2052200006D007D8C20DC1D2248E4C9EDA893206FFFF0000719700000050A57D1A60C56207
:205240001B98C19A2F06D8690000D3792F7F00004C0EFF03617F0CC13106F0690000DB89D3
:20526000118F00004C0EFF03418F08C11B90C2923D06FC690000D2E93DEF0100E0E91AE047
:20528000D21D80FF62060A68E00760011A78C57A2B0600C1FE03CF5900600B80CC811D88B5
:2052A000CC89119700005097000041626862E1F5CD9E2000BA05E087600180FF2A060A58A4
:2052C000E007600124664C9E1C70C1720C78CE79EF8F0100F1D9EA1504873C9ED086010084
:2052E00092151A60C562209600014C0EFF0361970EC1209E00024C0EFF03619F0EC1016A36
:2053000095150C50CE51EA7F0100EFD9E28F0000E58A0C80CE813206FFFF0000709700003E
:205320001168CB9E2000BA05E08760010D503202190286000658C55A4B0EFF0321570EC193
:20534000CA56010006D006C8D20D016A4B0EFF03616F0EC14B0EFF0321770EC1CE7601003D
:20536000DAF524E64C9E1978C17ADC79EFEF01002106FFFF0000E1E9BA05800714012106F9
:20538000FEFF0000E1E9F22D80FF5C050A60E00760013006686A0000DD81908F0100245E8D
:2053A000C8B9D1593206746A0000DD91129F00000B6F00000D994B9F0000CC762000BA05E2
:2053C000E08760011D78C27A2B062C6A0000CF592B5F0100E059F205450E010021FE3C9F3C
:2053E0001D306B0080FF00050A58E00760010487499EE0818245CB8E2000BA05E08760012D
:205400000BDA24EE3D9E1D68DB690D6F0000E069A22D80FFD2040A58E0076001049F499ED4
:20542000E099B20D1D70DB714E070000047F499E5F7A8F00447F499ECB862000BA05E087F3
:205440006001C1D2DCD11A8871DF00001B38C7001930BFFFBAFD6552BA1DDB001B3080FFAE
:205460004C19E5155FDAE0D9FECD80FF7A040A58E00760011A98C19ADC992E06FFFF0000B5
:2054800073770000CB7E2000BA05E087600137020502C60006E880FF4E040A60E0076001BB
:2054A0002D065C6C0000DD698D770100245ECCB9CE592F06786C0000DD790F8700000B8FD9
:2054C000000011814B870000CC962000BA05E08760011D98C29A2B06EC6B0000D3592B5F10
:2054E0000100E059F205450E010021FE4AA01D306B0023021402C6003C06F06A000064372E
:20550000C0B91C68C6698D6F0100247FB9B98F7F0900EF6906D0B7050058A55524DEB4B98B
:205520001B3080FF68186152B2050058954D1A80C2822C067C6B0000D0612C8F0100E08930
:20554000F20D64D7C4B9450E01002C97010021FEAEA01B307200E051BA05005895353D06FD
:205560000C6B00001A70C272DD712E770100E071E22580FF72030A60E00760011C78DA791D
:205580000F7F0000E0790058D3151A80C282DD81308F01003B970900CB89CB91129F0000AC
:2055A000519F0000415A1C70DA718E570100EB51DBEDCC6E2000BA05E0876001015A0B5008
:2055C00032020A0286000670C572210600C1FE03C1716477B9B96477BDB92E770C00CE76AA
:2055E0000080D072E07106E09A251C7EFDFFCF00C17A2C06B86A0000CF61EC670100210654
:20560000FFFF0000E161A2150C300CE8BFFFE8FE6152CA0DC5E204921C88510EFF036197FB
:205620000EC11D30BFFF6CFE850DC5E2046A1C98530EFF03616F0EC1280200022456009E85
:205640006457B9B96457BDB92F06FFFF0000647FC0B9246FB9B9ED6F0D00CD8E0080D08ABA
:20566000E0899A15CD96001E200E0014E1910D60AA0D2436B4B9CC9EFC01829A449FC2B911
:2056800080FF443D1E0200022B0658C0FE032B570000CA561C00C21D2B670000CC66180025
:2056A000D205206E18006B6F00002B770000CE760400C205047A6B7F0000300653C0FE0330
:2056C000108F0000D18E1000B20580FF563F1E020F02C60004573C9ECA56010006D8BA0507
:2056E0000060E57530065C6A0000DB8110870000848F4B9E5181B2050262A56D320653C0BB
:20570000FE03129F0000D39E1000B2050060856580FFD40100E80A5800E0E0076001047F0C
:205720003C9ECF7E01008A0DCB8E2000BA05E08760010060D54D246E4C9E1D70C1720D805F
:20574000CE81F09701002C06FFFF0000EC91821D24663D9EDB610C9F0000E099AA0D015257
:205760004C570000047F499E417A8F00447F499ECB8E2000BA05E08760010162952D0D8076
:20578000CE81F0970100EC91DA1D1C98C59A530EFF0321570EC1CA560300CA150D78CE7933
:2057A0006FDF0000CB8E2000BA05E08760011B381C30BFFF5AFA65520A58AA0500580B605F
:2057C000F505CB862000BA05E087600100600C502D020A02C6006C3206E0AE2D80FF080133
:2057E0000AE8E0076001245E3D9EDC590B670000E061C20D046F499E5F6A8D00446F499E11
:205800004B0700001C3080FFA415E4774D9EEEE100589A0D2F06FEFF0000647F4C9E1C3053
:2058200080FF8A15DD862000BA05E0876001280200024407349E245ECCB900600B50CC5118
:205840004A07000041626462A6FD4407C8B944073C9E6407B5B96407319E44074A9EBFFFF6
:205860001CF90030BFFF66F4245E3C9E0B680D7700008E7605004B7700001E028600C53210
:205880002B0600C1FE03C6592456009E006806600A70CD710B80CD81108700004E87000013
:2058A000416A686AE6F54C0EFF03018F08C1448F089E4C0EFF0321970AC164970A9E4C0E86
:2058C000FF03219F0CC1649F0C9E4C0EFF03217F0EC1647F0E9E04724C0EFF0361770EC1B9
:2058E0007F00D505E55740007F007F00C5FD0002BFFFA8F780FF6A041E025C1A630F0100BE
:20590000A407210063374500633F410063473D00634F390063573500635F310063672D004E
:20592000636F290063772500637F210063871D00638F190063971500639F1100E00F400007
:20594000630F0D00E10F4000630F0900F00F4000630F0500F10F4000630F01002A0658C06C
:20596000FE032A5F0000CB5E2000B205BFFF82FF230F0100E18F2000230F0500E1872000DC
:20598000230F0900E10F2000230F0D00E1072000239F110023971500238F190023871D0041
:2059A000237F210023772500236F290023672D00235F310023573500234F390023473D003F
:2059C000233F41002337450064062000230F0100441AE00740015C1A630F0100A40721008D
:2059E00063374500633F410063473D00634F390063573500635F310063672D00636F29003F
:205A000063772500637F210063871D00638F190063971500639F1100E00F4000630F0D00A2
:205A2000E10F4000630F0900F00F4000630F0500F10F4000630F0100BFFF4EFC230F010017
:205A4000E18F2000230F0500E1872000230F0900E10F2000230F0D00E1072000239F110092
:205A600023971500238F190023871D00237F210023772500236F290023672D00235F31001E
:205A800023573500234F390023473D00233F41002337450064062000230F0100441AE007C1
:205AA00040015C1A630F0100A407E11063374500633F410063473D00634F3900635735009D
:205AC000635F310063672D00636F290063772500637F210063871D00638F190063971500BE
:205AE000639F1100E00F4000630F0D00E10F4000630F0900F00F4000630F0500F10F400044
:205B0000630F01002A0658C0FE03026A6A6F0000E08760013C0660C0FE03FC670100CC76B3
:205B20000200AA2DCC5E00FF885A0B80C582500EFF03218F0EC1D18E0400648A0BE8FA157D
:205B40001D90C592520EFF03219F0EC1D39E0020EA0D1D06E1FFDE051D30BFFF68FAF5057B
:205B60001D30BFFF1AFD1D30BFFFD2FAFC670100CC7E020082DDCC860100D23D20EE1F008E
:205B8000018A7C8F00001DD81B58C55A4B0EFF0321970EC1D296040064928A154B0EFF03AA
:205BA000219F0EC1D39E00209A0D1B308600BFFFCEFC1B308600BFFF84FA41DA1B06E0FF9D
:205BC000C9E503E21C58C55A4B0EFF0321770EC1CE7604006472CA0D4B0EFF03217F0EC11E
:205BE000CF7E0020DA051C308600BFFFD8F941E2FDE191EDE0076001230F0100E18F20006E
:205C0000230F0500E1872000230F0900E10F2000230F0D00E1072000239F11002397150091
:205C2000238F190023871D00237F210023772500236F290023672D00235F3100235735007C
:205C4000234F390023473D00233F4100233745006406E010230F0100441AE00740015C1A27
:205C6000630F0100A407610063374500633F410063473D00634F390063573500635F31002F
:205C800063672D00636F290063772500637F210063871D00638F190063971500639F1100DC
:205CA000E00F4000630F0D00E10F4000630F0900F00F4000630F0500F10F4000630F010022
:205CC0002A0658C0FE0301726A770000E08760013D0664C0FE03FD6F0100CD7E0200BA0D76
:205CE000CD3600FF8832BFFF4AF6FD6F0100CD960200F2F5E0076001230F0100E18F200026
:205D0000230F0500E1872000230F0900E10F2000230F0D00E1072000239F11002397150090
:205D2000238F190023871D00237F210023772500236F290023672D00235F3100235735007B
:205D4000234F390023473D00233F41002337450064066000230F0100441AE007400100022A
:205D600001524457599EA45F579E0B0601FFEA0D0467D4B9E061CA05026A446FD4B904770F
:205D8000D6B9E071BA0580FF6A041E020002BFFFD0FF80FF18051E02000201524457D6B98D
:205DA00080FF20051E020F0287008800890009E808E007D8BFFFF0EE245ED5B90B50DC518A
:205DC0000A7700005D71DA2DA46FD5B9DC590B600C7F00001D794C7F0000E069AA25845F45
:205DE000D7B9E059BA0D80FF12040487D4B9E081AA15038A448FD4B9E50D615ACA0D04973A
:205E0000D8B9E0918A0D049FD4B9E099CA0503524457D4B92076FF004477569E44DF579E98
:205E2000BFFF60EE2D020502845FD7B9625ACE25E0598A0DA457599E0A0601FFBA0580FFEE
:205E4000B20302EA44EFD6B9400E0000A1479567014A00380030BFFF50FF2066F4016467A7
:205E6000509E046FD4B9E069BA0544EFD4B9A437579E80FFE80380FF7A042302000280FF8F
:205E80001C041E0200024407589E0457539E61528A0D80FF7E03BFFF02F24407539EF50501
:205EA0000467D8B9E061BA05BFFFF0F1016A446FD8B91E020002BFFFCEFF1E02000280FF4A
:205EC000E4031E027F000002BFFFDCEDBFFFEAF101624467D6B9E0510A588215445FD8B91F
:205EE0004407589E80FF22034407D6B9016A446F539E80FFF602845FD9B9445FD8B90B3079
:205F0000BFFF5CEB4457589E4407D4B9A477579E0E0601FFA20D047FD8B9E079B20580FF9D
:205F2000DA0203824487D4B9BFFF58ED1E02000280FFA403BFFF92FF1E024407549E7F0032
:205F400001524457549E7F000F0287008800890009E808E007D8BFFF4EED245ED5B90B501D
:205F6000DC510A7700005D719235DC590B780F8700003D88910051810B604C870000A46F17
:205F8000D5B9E069BA25205EFF00A497579EEB91EA0544DF569E44DF559EC515049FD6B9FA
:205FA000E099AA0DA457599EEA59CA0D80FF3C024407D4B9F505A477559EEE59B20544DFE7
:205FC000569E207EFF00447F579EBFFFB6EC2D028457D7B97F00000280FF50031E02000209
:205FE00080FF4A031E0200022066FF00400E0000A16F95674467599E4407589E0152445703
:20600000D8B903724477D6B94457549E4407D7B94407539E400E000081879767F069FF0DD3
:20602000245ED5B90B88CD8951070000416A8D00400E0000819F9767F369D7F5845F539E6F
:206040004467579E4467569E4467559E6407509E615ABA1D400E0000C1C79467C215400E82
:206060000000A1479567014A00380030BFFF3AFD2056F4016457509E01724477D4B9845FE2
:20608000539EB5054407D4B9615ABA0580FFA0021E02000280FF86011E0200024407529E5D
:2060A000BFFFF2FFBFFF42FF80FFA802400E0000C1C79467A2150038400E0000A147956717
:2060C000014A0030BFFFE2FC2056F4016457509E015A445FD4B9B5054407D4B9016244676A
:2060E000529E1E0205020457549E6152DA7DBFFFB6EB20EEFF00A45F579EFD59922D24672E
:20610000509EE061CA050B3080FF5201046FD6B9626AB915400E0000C1C79467E20D400ECA
:206120000000A1479567014A00300038BFFF7AFC2076F5016477509E037A447FD6B944EF3D
:20614000579E44EF559E44EF599E4407589E845F579EEBE9B20D028A448FD6B90B3080FFA6
:20616000CA0044EF569E44EF559E049F599E619A8A250467D6B96262A91D02524457D6B9C2
:2061800080FFB2004407589E400E0000C1C79467E20D400E0000A1479567014A00300038E8
:2061A000BFFF06FC206EF501646F509E44EF599E047F589EE079B205BFFF0EFDE45F519E2C
:2061C000E05982155F5ACB00645F509EE059AA0D400E0000A1479567014A00300038BFFF27
:2061E0006AFDBFFF9EEA23020002BFFF5AE81E020002BFFF5AE81E020002BFFF5AE81E0267
:206200002056FF007F0000020030BFFFB47B1E0200020132BFFFAA7B1E020002BFFFCA7B0E
:206220000132BFFF9C7B1E020002003080FFE02B1E0200020457D4B96352DA05043280FF27
:206240003212850D045FD4B9625ACA05023280FF2212013280FFB82B1E020002BFFF74FD20
:20626000E0510A58F205615ACA150467D8B9E0618A15046FD4B9636ADA05043280FFF411B8
:20628000850D0477D4B96272CA05023280FFE411013280FF7A2B00501E020002BFFFA6E705
:2062A0001E020002BFFF8AE71E02000280FF120D80FF260D01524457D7B9BFFF72E71E0266
:2062C00000024407D7B9BFFF64E780FF240D80FF380D1E02000280FF480D80FF5E0DBFFFC6
:2062E0004AE71E02000280FF6C0D80FFDC0D1E027F00000280FFA80C80FFB40C80FFDE106B
:20630000BFFFE4FD80FFA23680FFEA0780FF2A3B845F5D9EE059CA0580FF662B025A0B5680
:20632000FFFF44575C9E1E027F007F0000020030BFFF9AE980FFC40D013280FF36110132BD
:2063400080FFF62903524457D6B9BFFFD8E61E02000244075C9EBFFFDAF480FF9E0D013254
:2063600080FF1011013280FFD02903524457D6B980FFB44580FFC6081E020002860087005F
:2063800003524457FCBA20667F004467FDBA4437FEBA443FFFBA440700BB440701BB440729
:2063A00002BB440703BB400E0000E137956CBFFF22F31E020457E3B961529A0DC4C7F8BA2F
:2063C000A20D205EF401645FF2BAD5052066F4016467F2BA7F000502860006E80030BFFF78
:2063E000D6FF61EAB20563EAFA058437E9B9203E7200BFFF88FF230200028600C4D7F8BA0E
:206400000658820D0B3080FF0835C497F8BAC497DDB91E020F02E65F0D003D064F6D000018
:20642000DD598B5F0100E05906D8B205015A95653B870500108708006882B9050058955DC0
:20644000C4D7DDB9C20DC4D7F8BA9A0DC4DFF8BAFA4D0030BFFF60FF0058B54D3B6709005A
:206460008C770100CE6EF000822D20361000E669FA3DEE31FA15AC6F0100686ABE15E06919
:20648000C70D8C370300203E7500BFFFF0FEFB5F0D00DD598B5F01000B30BFFF5EFF0058AD
:2064A000852DC4D7F8BAC205C497DDB9B505C417F8BAC48FE4B9C51DC48FE4B901E23B6797
:2064C00009000C9F0000D39E0F00679A870DAC370100203E1200BFFFA4FE00E0FB370D0020
:2064E000DD3186370100BFFF12FF1C58A505015A0B502D0200022056F4016457F2BABFFF6C
:20650000A6E7C407F8BABFFF7AE71E020002BFFFE6FF1E020002BFFFDEFF1E020002BFFFF0
:20652000D6FF1E020002BFFFCEFF1E020002BFFFC6FF1E020002BFFFBEFFC4CFF8BA820DC3
:206540008437F5BABFFF0AECBFFFF2B5950D8437F5BA26308600BFFFCCEBBFFFDEB51E02EA
:20656000000286000457E2B9E051DA05E031BA05C42FDDB90030BFFF3EFEC49FF8BA64078A
:20658000F0BA6407EEBA245FDDB9200EFFE74159645FDDB9C48FE4B9BFFF0CE7C497DDB98C
:2065A000BFFFE0E61E020502C60024EEE8B96407F2BA6407E8BA0457E2B9E051B21D640732
:2065C000F0BA6407EEBABFFFDEE6C407DDB9BFFFB2E61D6700005D670100206E7F005D6FA3
:2065E00000000477E2B95D770200037A647FE0B9C51D06860100D0006487E0B9848FDDB94A
:2066000033069C670000F18E1400D199139F0000449FE8B96407F0BA6407EEBABFFF88E6B7
:20662000C407DDB9BFFF5CE623020002C600C487E4B9C4F7DDB9C205BFFF6EFFC5050030E7
:20664000BFFF20FF1E020002C700633A06600758EA350C5700006152E205207E1200447F83
:20666000E2B99535AC6F0100616AE705208631004487E2B9852DCD8E0100C205C40FF8BA4B
:20668000B505C48FF8BA8C7703006172820D6272E20D205631004457E2B9D51504924497D8
:2066A000F4BA0C300B38BFFFF6E3D50D019A449FF4BA0C300B38BFFFE6E3D505207E120078
:2066C000447FE2B90030BFFF64FF1E020002BFFFD6E5C4B7DDB9BFFFAAE51E020A02C7001F
:2066E000613A06E007E8BA159C6701006162D20562628A0DBFFFD8FF1C301D38BFFFA2E3E9
:20670000A50D205612004457E2B9D505206E1200446FE2B90030BFFF14FF2802000286008E
:206720004437E3B9BFFFD2B31E020002A467D9B9200E8100E1610C58C20D2056F4010B06A0
:206740007BFF6457F2BAF20D0B0679FF8215B5150132BFFFCAFFBFFF4EE5C407F8BABFFF89
:2067600022E5C50D0232BFFFB6FF850D0432BFFFAEFFC5050832BFFFA6FF4407D9B91E0202
:206780000002C700613A06700760AA1D8E5F0100200E8100E1590B68F2050D067BFFC2055C
:2067A0000D0679FF8A0D445FD9B90E300C38BFFFFEB9A50D0B300C38BFFF40B3D505205659
:2067C00012004457E2B90132BFFF62FE1E026407F2BA7F0000026407F0BA6407EEBAC487F5
:2067E000F8BA0457E3B96152C2050132BFFF30FF2036FA00BFFF2EE9BFFF40B3BFFF1CB3F3
:206800001E0200026407F2BABFFFCCFFC497DDB91E0200022036FA00BFFF0AE9BFFF1CB315
:206820004407F8BA01524457E3B91E0200028600C7004407E2B905526457F0BA20667517AE
:206840006467EEBAC437DDB9643FE0B9C40FDDB9246FDDB9200EFFE741698D6E0008646FD2
:20686000DDB980FFAC30C497F8BA1E0200028600C800C4CFE4B90668C20DC4D7E4B907609E
:20688000BA150C5700004457E8B9C417E4B9C50DEC6A248604BBCD81F08705002436E8B9BC
:2068A000D03180FF66B21E02C700C4D7DDB9DA0D070601FFD705C40FE4B9C497E4B9C41715
:2068C000DDB92456E8B9A50500507F000002C600C407E4B9BFFFD2FC1E0200028700C4DF86
:2068E000E4B90758C205C49FE4B9851DC4C7E4B9A215E059BA0D05526457F0BA2066751786
:206900006467EEBAC42FDDB9950DC487E4B9C497DDB9C5050B30BFFF4AFC1E02000286004F
:206920008700BFFFB8FF00501E02000287000730BFFFA6FAC48FE4B9C497DDB91E02C41FE9
:20694000F8BA7F000002C4DFE4B90670A20D2E37050003422E3F090080FFB0B10050952590
:20696000EE6F0D00E069E315245EE8B900602E870500E497E9BACC81CC91D200CB91129790
:206980000000509700004162CC00EE6F0D00EC69FBED247FE8BACD79CF00647FE8BA0050CB
:2069A0001E020F02E4DFE1B9E0D9BA0DC4B7DDB9205611004457E2B90030BFFF70FC8575A7
:2069C000846FE9B924E6E8B9CD66C000B2150C0680FFF215205EFF000B0601FF9A1D445F3D
:2069E000DAB9208611004487E2B90030BFFF3EFCF5552B0654690000CD598B5F0100D5EDB4
:206A00002B0694690000CD598B5F81FFE5E5445FDAB9C4CFE4B9920D208E1200448FE2B9BB
:206A20000030BFFF08FCC53D445FDCB9EB5E14003D069C670000DD592B9F0500A457E3B9EB
:206A4000D39E0F0053510B689A0D207622004477E2B90030BFFFD6FBB5252D670900E06173
:206A6000E20D450E010021FEC4B56C00047FE2B9E079D2050030BFFFB4FBA5151C360100D7
:206A80001B3EFFFF8497DBB9C700F2961400450E0100DD9132970D0021FEF6B572002D028A
:206AA00000026407F2BA6407F0BA6407EEBAC49FE4B9C487DDB9C48FDDB9C497DDB924575F
:206AC000DDB9200EFFE741516457DDB9C4AFDDB9C437DDB9205EFF00445FDCB96407E0B9D6
:206AE0004407E2B9C48FE4B94407D9B9BFFF26FD1E020002C4EFDDB9821DBFFFAAE1C4AF3C
:206B0000DDB9BFFF7EE18457DDB92B069C670000EA561400CA592B5F1100E059E205450E98
:206B2000010021FE80B66B00BFFF7CE1E45FF3BAE05992155F5ACB00645FF2BAE0598A0DE6
:206B4000BFFF40E1BFFF90FCC497DDB9E505BFFF32E1B505BFFF2CE12477EEBAE071F21540
:206B6000BFFF44E1247FEEBA5F7A647FEEBABFFF12E12487EEBAE081AA0D6407F0BA6407E7
:206B8000EEBABFFF1EFFBFFF6CAFF555248FF0BAE0898235BFFF10E12497F0BA5F926497D2
:206BA000F0BABFFFDEE0249FF0BAE099BA2520567F004457EABA0467E8B94467EBBA206ECC
:206BC0007800446FECBAC41FE4B9243EEABA0342003080FF4236E051EA05207690016477D0
:206BE000F0BA850D247FF0BA417A647FF0BAC49FE4B9C4CFDDB9C20D0030BFFFBAF7BFFF6F
:206C0000A6E0C48FDDB9BFFF7AE0BFFF98FDC4C7DDB9B215243EE8B9E447E1B9003080FF3B
:206C2000F635E0518A0DBFFF7EE0C487DDB9BFFF52E0B5056407E8BA1E020002BFFF64FE6B
:206C40001E0286000457E2B9E051BA054437E2B97F00A457E3B97F00E457E1B97F0024562F
:206C6000E9B97F007F007F007F007F0000028600C800EC32248604BBC68130370100F087FA
:206C80000500D03180FFC2431E020002064026370500283F0900E8470D0080FFAC43005036
:206CA0001E027F007F0001527F007F007F0000507F007F007F000A02C60006E0BFFFE8DFDC
:206CC0002F06FB6D0000DC798F7F0100246E58BCCF698D6701002B06016E0000DC598B5F21
:206CE00001000CE84BE9E2052B8891004C894D8F0000BFFF8EDF1D502802C600246E53BC66
:206D0000C6698D6F0100200EFF00E1690058AA05015A24764DBCC6710E7F0000CF7E80003A
:206D2000B2058B5E02000B507F000F02C4CF4CBC822524E653BC20EEFF0000D81C58DB59DE
:206D40008B570100FD519A154B070000BFFF58DF245E4DBCDB590B600C6F00008D6E8000EC
:206D60004B6F0000BFFF1CDF41DADB0065DAF6E52D02C60024564DBCC6510A580B6700002D
:206D80008C6680004A6700007F00265F0C000B06E7FFB9050152950D04674CBCCC660C0065
:206DA000BA050050A50501527F00C6002A06D86D000000580B68C16ACA69ED6F0100E66938
:206DC000EA05247653BCCB714E070000415A655AA6F57F000F02C60006D8BFFFCADE24EEE9
:206DE00053BC24E64DBC1C58DB590B500A670000CC667F004B6700001D68DB692076FF003C
:206E00004D770000BFFF7CDE1B78C17A2606D86D0000CF31E6370100BFFFB8E86152921581
:206E2000BFFF84DEDBE11C90129F0000939E80001C584B9F0000DBE95D070000BFFF44DE02
:206E40002D021902C4CF4CBCB25D05CA24D653BC20DEFF005FCAD9001A58D9598B5F0100D8
:206E6000FB59E20DE059C70DBFFF3CDE1A58D9590B8700005F824B870000BFFF06DE24E655
:206E80004DBC1C88D98911970000D2960100E22524EE609E1D68D9698D670100E061F205C7
:206EA000D9E95F625D6700008C001D68E061EA152E06F16D0000D9710E7700004D77000015
:206EC000BFFFE4DD1C58D9590B780F870000908680004B870000BFFFAADDD9E11C881197C1
:206EE0000000D2968000A20D1A50D9510A570000E051CA051930BFFFDEFEE0C9CAAD3702CA
:206F00008007E1F104574CBCCA560300E24505BA3906D86D00003A06FFFF00005FBAD700FA
:206F20001758C15AD959EB5F0100FA59C2353D06746A00003C06686A000024DEC8B91C78B4
:206F4000CB798F7F01001D90DB790F870000CB919297010052810BC0E21DBFFF4ADDD8E186
:206F60009C5F0100DB59D8E99D6F01002D680B7700008D004E694B6F0000247E53BCD779FD
:206F80003206EC6D0000D791129700004F970000BFFFF0DCE0B9BAC54006FFF10002BFFFD1
:206FA00062FFBFFFA0FE1E027F007F000002BFFFFCFFBFFFF6FF1E0204574CBC7F008457AB
:206FC0004DBCCA5E0100F205CA66FE008C66020044674CBC7F0084574DBCCA5E0400F2052D
:206FE000CA66FB008C66080044674CBC7F0084574DBCCA5E0200F205CA66FD008C66010015
:2070000044674CBC7F0084574DBCCA5E0800F205CA66F7008C66040044674CBC7F000002E2
:20702000845F4DBCCB560300F205CB66FC0044674CBC80FFAE3F1E020002845F4DBCCB56CE
:207040000C00F205CB66F30044674CBC80FFAC3F1E020002C4CF4CBCEA352606E76D000090
:20706000243E609E24664DBC2D06E26D0000247653BC00580C50CB510D80CB8110870000B2
:207080004A8700000E88CB89510700000790CB910678CB790F7F0000527F0000415A655A6F
:2070A000A6ED243652BC013A80FFBE3F80FFAC1A80FF3C3F04574CBCCA56FE008A5602007C
:2070C00044574CBC1E020002C4DF4CBCDA15243658BC013A80FF923F243659BC013A80FF2F
:2070E000883F80FF223F04574CBCCA56FB008A56080044574CBC1E020F0244074CBC3D0619
:207100000C6B000000E01C58C25ADD592B5F0100E059A20D2706F06A0000DC39873F01007C
:207120000B3080FF443F41E2DC001C06E7FFC6EDBFFF84FB243658BC013A80FF2C3F24362E
:2071400059BC013A80FF223F3C06D86D00003D06FC69000000D81B70C172DC71EE77010087
:207160000E68C26ADD692D6F0100E069B21D2C06F0690000CE618C6701001B78C27A2B06C4
:20718000C46D0000CF592B5F0100E059F2050D300B380C4080FF923ED5050D300C3880FFE6
:2071A000C83E248E4DBCDB8951070000249653BCDB9152070000249E609EDB995307000036
:2071C00041DADB0065DA86CD243652BC013A80FF983E80FF3E3E2D020002BFFF1EFF1E0208
:2071E00001527F000A023D06E26D000000E01D50DC51CAEF0000C2051C30BFFF78FB41E285
:207200009C0065E2D6F528020002C4D7709EB205015AA5050058E059F255C4C7789EB205FF
:20722000015AA5050058E059F21DC4C7749EB205015AA5050058E059920DBFFF18FEC40781
:207240007C9EBFFFA2FFC487749EC4D7749EB205015AA5050058E059F2054407689EC497BB
:20726000709EC497749EC4D7789EB205015AA5050058E059922DC4DF749EB205015AA50565
:207280000058E059F205BFFFCCFDBFFF38D8C49F749EC4C7749EB205015AA5050058E059B2
:2072A000F205C4077C9EBFFF3EFFC487749EC4D7749EB205015AA5050058E059D205C4976E
:2072C000709EC497749EC4D7709EB205015AA5050058E059BA25BFFF0AFFE051FA1DC4C7C4
:2072E000789EB205015AA5050058E059F2158467699E6262BE15C4CF749EB205015AA5053A
:207300000058E059BA05E0619A0DC4077C9E0C6E0100446F689EC48F749E1E020002C4CF02
:20732000709EB205015AA5050058E059E235846FB1B90A5AE4776D9E4172CE00207E640031
:20734000AD794B78EF71BA05C41F749E2086FA00AD814B80F071BA05C407749E208EF401F7
:20736000AD894B88F171DA0DC417749EC4C7789EB2050162A5050060E061BA05C48F709EA8
:2073800064776C9E2096EE02AD914B90F271DA05C40F749EC48F709EC4C7709EB205015A16
:2073A000A5050058E059921D245F6A9E5F5ACB00E059645F6A9E9A15C487709EC4DF709E17
:2073C000B205015AA5050058E059F205C49F709EC497709EBFFF7EFC1E020002BFFF40FF38
:2073E000BFFF28FE1E02C60064376A9EC407709E7F0064076C9EC487749EC497749EC49F26
:20740000749EC40F709E7F007F007F000002C4D7709EB205015AA5050058E0598A15C4C7DA
:20742000709EB205015AA5050058E059CA1DBFFFB6FD20361900BFFFB0FFD515C4DF709E22
:20744000B205015AA5050058E059D20DBFFF06FCBFFF94FDC49F709EC497709E20361900A8
:20746000BFFF86FF1E020002BFFFA4FF00501E020502860044077C9E4407789E4407749E26
:207480004407709E06E8BFFF82FF61EACA05C407789E850D62EACA05C40F789EB505C41740
:2074A000789EC417709EBFFF4CFFBFFF1CFCC4CF789EB205015AA5050058E059D20DC41F36
:2074C000709E2036FA008467B1B90A0AAC314130C600BFFF14FF23020502BFFFCAD7245FF2
:2074E00031BCC85A985AC85A24EF31BC98EA0BE9BFFF90D71D5023020502BFFFAAD7245F73
:20750000A5BBCB5A9B5AC85A24EFA5BB98EA0BE9BFFF70D71D5023020502BFFF8AD7245FA6
:20752000A5BBCB5E1F00C85A24EFA5BBD0EA98EA0BE9BFFF4ED71D50230200028600245766
:2075400065BBC3529D52EA318215245F65BBC6660700DA622106FFFFFFE341590C59645F7A
:2075600065BB0432BFFF0EF81E0200028600C4CF67BBEA570000EA31C20DC65E0100C2057D
:20758000C40F67BBB505C48F67BB0432BFFFE6F71E0200028600C4C767BBEA570000EA3145
:2075A000C20DC65E0100C205C40767BBB505C48767BB0432BFFFBEF71E0200028600245730
:2075C00065BBC8529D52EA318215245F65BBC6660700D5622106FFFF1FFF41590C59645FBE
:2075E00065BB0432BFFF8EF71E0200028600245765BBCB529E52EA318215245F65BBC66621
:207600000300D3622106FFFFE7FF41590C59645F65BB0432BFFF5EF71E02000286002457D9
:2076200065BBCD529E52EA318215245F65BBC6660300D1622106FFFFF9FF41590C59645F85
:2076400065BB0432BFFF2EF71E0200028600C4C766BBEA570000EA31C20DC65E0100C20586
:20766000C40766BBB505C48766BB0432BFFF06F71E0200028600245765BBD0529E52EA3197
:207680008215245F65BBC6660300CE622106FF3FFFFF41590C59645F65BB0432BFFFD6F64C
:2076A0001E0200028600C4EF65BBEA570000EA31C20DC65E0100C205C42F65BBB505C4AFF8
:2076C00065BB0432BFFFAEF61E0200028600C4E765BBEA570000EA31C20DC65E0100C20568
:2076E000C42765BBB505C4A765BB0432BFFF86F61E0200028600C4DF65BBEA570000EA3103
:20770000C20DC65E0100C205C41F65BBB505C49F65BB0432BFFF5EF61E0200028600C4D7E3
:2077200065BBEA570000EA31C20DC65E0100C205C41765BBB505C49765BB0432BFFF36F6C2
:207740001E0200028600C4CF65BBEA570000EA31C20DC65E0100C205C40F65BBB505C48FB7
:2077600065BB0432BFFF0EF61E0200028600C4C765BBEA570000EA31C20DC65E0100C20587
:20778000C40765BBB505C48765BB0432BFFFE6F51E0200028600245765BBD8529C52EA3194
:2077A000F20D245F65BBC6660F00C462200E0FFF41590C59645F65BB0432BFFFB8F51E02E7
:2077C00000028600C4DF64BBEA570000EA31C20DC65E0100C205C41F64BBB505C49F64BB0A
:2077E0000432BFFF90F51E0200028600C4D764BBEA570000EA31C20DC65E0100C205C417BC
:2078000064BBB505C49764BB0432BFFF68F51E0200028600C4CF64BBEA570000EA31C20D3F
:20782000C65E0100C205C40F64BBB505C48F64BB0432BFFF40F51E0200028600C4C764BBC3
:20784000EA570000EA31C20DC65E0100C205C40764BBB505C48764BB0432BFFF18F51E02E2
:2078600000028600C4FF63BBEA570000EA31C20DC65E0100C205C43F63BBB505C4BF63BB0C
:207880000432BFFFF0F41E0200028600C4F763BBEA570000EA31C20DC65E0100C205C4377D
:2078A00063BBB505C4B763BB0432BFFFC8F41E0200028600245761BBC2529A52EA318215B6
:2078C000245F61BBC6663F00D8622106FFFFFFC041590C59645F61BB0432BFFF98F41E0202
:2078E00000028600C4FF62BBEA570000EA31C20DC65E0100C205C43F62BBB505C4BF62BB8F
:207900000432BFFF70F41E0200028600C4F762BBEA570000EA31C20DC65E0100C205C4377D
:2079200062BBB505C4B762BB0432BFFF48F41E0200028600245761BBCA529A52EA318215AF
:20794000245F61BBC6663F00D0622106FFFFC0FF41590C59645F61BB0432BFFF18F41E0209
:2079600000028600C4FF61BBEA570000EA31C20DC65E0100C205C43F61BBB505C4BF61BB11
:207980000432BFFFF0F31E0200028600C4F761BBEA570000EA31C20DC65E0100C205C4377F
:2079A00061BBB505C4B761BB0432BFFFC8F31E0200028600245761BBD2529A52EA31F20D42
:2079C000245F61BBC6663F00C862200EFFC041590C59645F61BB0432BFFF9AF31E02000205
:2079E0008600C4FF60BBEA570000EA31C20DC65E0100C205C43F60BBB505C4BF60BB043260
:207A0000BFFF72F31E0200028600C4F760BBEA570000EA31C20DC65E0100C205C43760BB98
:207A2000B505C4B760BB0432BFFF4AF31E0200028600245761BBCA563F00EA31E20D245F9A
:207A400061BBC6663F00200EC0FF41590C59645F61BB0432BFFF1EF31E0200028600C4EF74
:207A60004FBBEA570000EA31C20DC65E0100C205C42F4FBBB505C4AF4FBB0332BFFFF6F2D6
:207A80001E020002860024574DBBC8529852EA31E20544374EBB0332BFFFDAF21E02000250
:207AA000860024574DBBD0529852EA31E20544374DBB0332BFFFBEF21E0200028600C4FF1E
:207AC0004BBBEA570000EA31C20DC65E0100C205C43F4BBBB505C4BF4BBB0332BFFF96F2C2
:207AE0001E0200028600C4F74BBBEA570000EA31C20DC65E0100C205C4374BBBB505C4B7D0
:207B00004BBB0332BFFF6EF21E0200028600C4EF4BBBEA570000EA31C20DC65E0100C20594
:207B2000C42F4BBBB505C4AF4BBB0332BFFF46F21E0200028600C4E74BBBEA570000EA3139
:207B4000C20DC65E0100C205C4274BBBB505C4A74BBB0332BFFF1EF21E0200028600C4DF00
:207B60004BBBEA570000EA31C20DC65E0100C205C41F4BBBB505C49F4BBB0332BFFFF6F102
:207B80001E0200028600C4D74BBBEA570000EA31C20DC65E0100C205C4174BBBB505C4978F
:207BA0004BBB0332BFFFCEF11E0200028600C4CF4BBBEA570000EA31C20DC65E0100C205B5
:207BC000C40F4BBBB505C48F4BBB0332BFFFA6F11E0200028600C4FF4ABBEA570000EA3163
:207BE000C20DC65E0100C205C43F4ABBB505C4BF4ABB0332BFFF7EF11E0200028600C4F7BB
:207C00004ABBEA570000EA31C20DC65E0100C205C4374ABBB505C4B74ABB0332BFFF56F1D4
:207C20001E0200028600245749BBCA529B52EA318215245F49BBC6661F00D1622106FFFF38
:207C4000C1FF41590C59645F49BB0332BFFF26F11E0200028600C4C74ABBEA570000EA3100
:207C6000C20DC65E0100C205C4074ABBB505C4874ABB0332BFFFFEF01E0200028600C4FF23
:207C800049BBEA570000EA31C20DC65E0100C205C43F49BBB505C4BF49BB0332BFFFD6F0C8
:207CA0001E0200028600C4F749BBEA570000EA31C20DC65E0100C205C43749BBB505C4B712
:207CC00049BB0332BFFFAEF01E0200028600C4EF49BBEA570000EA31C20DC65E0100C20599
:207CE000C42F49BBB505C4AF49BB0332BFFF86F01E0200028600C4E749BBEA570000EA3140
:207D0000C20DC65E0100C205C42749BBB505C4A749BB0332BFFF5EF01E0200028600C4DF04
:207D200049BBEA570000EA31C20DC65E0100C205C41F49BBB505C49F49BB0332BFFF36F007
:207D40001E0200028600C4D749BBEA570000EA31C20DC65E0100C205C41749BBB505C497D1
:207D600049BB0332BFFF0EF01E0200028600C4CF49BBEA570000EA31C20DC65E0100C205B8
:207D8000C40F49BBB505C48F49BB0332BFFFE6EF1E0200028600C4C749BBEA570000EA31A0
:207DA000C20DC65E0100C205C40749BBB505C48749BB0332BFFFBEEF1E0200028600C4FF25
:207DC00048BBEA570000EA31C20DC65E0100C205C43F48BBB505C4BF48BB0332BFFF96EFCB
:207DE0001E0200028600C4F748BBEA570000EA31C20DC65E0100C205C43748BBB505C4B7D3
:207E000048BB0332BFFF6EEF1E0200028600C4EF48BBEA570000EA31C20DC65E0100C2059A
:207E2000C42F48BBB505C4AF48BB0332BFFF46EF1E0200028600C4E748BBEA570000EA3142
:207E4000C20DC65E0100C205C42748BBB505C4A748BB0332BFFF1EEF1E0200028600C4DF06
:207E600048BBEA570000EA31C20DC65E0100C205C41F48BBB505C49F48BB0332BFFFF6EE0B
:207E80001E0200028600C4D748BBEA570000EA31C20DC65E0100C205C41748BBB505C49792
:207EA00048BB0332BFFFCEEE1E0200028600C4CF48BBEA570000EA31C20DC65E0100C205BB
:207EC000C40F48BBB505C48F48BB0332BFFFA6EE1E0200028600C4C748BBEA570000EA31A3
:207EE000C20DC65E0100C205C40748BBB505C48748BB0332BFFF7EEE1E02245745BB24676C
:207F000045BBCA529A52C85298620C517F0000028600C4FF46BBEA570000EA31C20DC65ECE
:207F20000100C205C43F46BBB505C4BF46BB0232BFFF42EE1E0200028600C4F746BBEA5770
:207F40000000EA31C20DC65E0100C205C43746BBB505C4B746BB0232BFFF1AEE1E020502F8
:207F6000C60006E8BFFF96FFEAE9921DBFFF38CD1D608862CC663F00246F45BBD0622106F1
:207F8000FFFFC0FF41690C69646F45BB9D0044EF47BBBFFFEECC0232BFFFDAED2302000208
:207FA0008600C4FF45BBEA570000EA31C20DC65E0100C205C43F45BBB505C4BF45BB0232ED
:207FC000BFFFB2ED1E0200028600C4F745BBEA570000EA31C20DC65E0100C205C43745BBCF
:207FE000B505C4B745BB0232BFFF8AED1E0200028600C4EF45BBEA570000EA31C20DC65E39
:208000000100C205C42F45BBB505C4AF45BB0232BFFF62ED1E0200028600C4E745BBEA57A3
:208020000000EA31C20DC65E0100C205C42745BBB505C4A745BB0232BFFF3AED1E0200021F
:208040008600C4DF45BBEA570000EA31C20DC65E0100C205C41F45BBB505C49F45BB0232AC
:20806000BFFF12ED1E0200028600C4D745BBEA570000EA31C20DC65E0100C205C41745BB0E
:20808000B505C49745BB0232BFFFEAEC1E0200028600C4CF45BBEA570000EA31C20DC65E79
:2080A0000100C205C40F45BBB505C48F45BB0232BFFFC2EC1E0200028600C4C745BBEA5704
:2080C0000000EA31C20DC65E0100C205C40745BBB505C48745BB0232BFFF9AEC1E02000260
:2080E0008600C4FF44BBEA570000EA31C20DC65E0100C205C43F44BBB505C4BF44BB0232AF
:20810000BFFF72EC1E0200028600C4F744BBEA570000EA31C20DC65E0100C205C43744BBD0
:20812000B505C4B744BB0232BFFF4AEC1E0200028600C4EF44BBEA570000EA31C20DC65E3A
:208140000100C205C42F44BBB505C4AF44BB0232BFFF22EC1E0200028600C4E744BBEA57A6
:208160000000EA31C20DC65E0100C205C42744BBB505C4A744BB0232BFFFFAEB1E02000222
:208180008600C4DF44BBEA570000EA31C20DC65E0100C205C41F44BBB505C49F44BB02326E
:2081A000BFFFD2EB1E0200028600C4D744BBEA570000EA31C20DC65E0100C205C41744BB11
:2081C000B505C49744BB0232BFFFAAEB1E0200028600C4CF44BBEA570000EA31C20DC65E7B
:2081E0000100C205C40F44BBB505C48F44BB0232BFFF82EB1E0200028600C4C744BBEA5707
:208200000000EA31C20DC65E0100C205C40744BBB505C48744BB0232BFFF5AEB1E02000261
:208220008600C4FF43BBEA570000EA31C20DC65E0100C205C43F43BBB505C4BF43BB023270
:20824000BFFF32EB1E0200028600C4F743BBEA570000EA31C20DC65E0100C205C43743BBD2
:20826000B505C4B743BB0232BFFF0AEB1E0200028600C4EF43BBEA570000EA31C20DC65E3C
:208280000100C205C42F43BBB505C4AF43BB0232BFFFE2EA1E0200028600C4E743BBEA57AA
:2082A0000000EA31C20DC65E0100C205C42743BBB505C4A743BB0232BFFFBAEA1E02000224
:2082C0008600C4DF43BBEA570000EA31C20DC65E0100C205C41F43BBB505C49F43BB023230
:2082E000BFFF92EA1E0200028600C4D743BBEA570000EA31C20DC65E0100C205C41743BB13
:20830000B505C49743BB0232BFFF6AEA1E0200028600C4CF43BBEA570000EA31C20DC65E7C
:208320000100C205C40F43BBB505C48F43BB0232BFFF42EA1E0200028600C4C743BBEA5709
:208340000000EA31C20DC65E0100C205C40743BBB505C48743BB0232BFFF1AEA1E02000263
:208360008600C4FF42BBEA570000EA31C20DC65E0100C205C43F42BBB505C4BF42BB023232
:20838000BFFFF2E91E0200028600C4F742BBEA570000EA31C20DC65E0100C205C43742BBD5
:2083A000B505C4B742BB0232BFFFCAE91E0200028600C4EF42BBEA570000EA31C20DC65E3F
:2083C0000100C205C42F42BBB505C4AF42BB0232BFFFA2E91E0200028600C4E742BBEA57AD
:2083E0000000EA31C20DC65E0100C205C42742BBB505C4A742BB0232BFFF7AE91E02000226
:208400008600C4DF42BBEA570000EA31C20DC65E0100C205C41F42BBB505C49F42BB0232F1
:20842000BFFF52E91E0200028600C4D742BBEA570000EA31C20DC65E0100C205C41742BB14
:20844000B505C49742BB0232BFFF2AE91E0200028600C4CF42BBEA570000EA31C20DC65E7E
:208460000100C205C40F42BBB505C48F42BB0232BFFF02E91E0200028600C4C742BBEA570C
:208480000000EA31C20DC65E0100C205C40742BBB505C48742BB0232BFFFDAE81E02000266
:2084A0008600C4FF41BBEA570000EA31C20DC65E0100C205C43F41BBB505C4BF41BB0232F4
:2084C000BFFFB2E81E0200028600C4F741BBEA570000EA31C20DC65E0100C205C43741BBD7
:2084E000B505C4B741BB0232BFFF8AE81E0200028600C4EF41BBEA570000EA31C20DC65E41
:208500000100C205C42F41BBB505C4AF41BB0232BFFF62E81E0200028600C4E741BBEA57AF
:208520000000EA31C20DC65E0100C205C42741BBB505C4A741BB0232BFFF3AE81E02000227
:208540008600C4DF41BBEA570000EA31C20DC65E0100C205C41F41BBB505C49F41BB0232B3
:20856000BFFF12E81E0200028600C4D741BBEA570000EA31C20DC65E0100C205C41741BB16
:20858000B505C49741BB0232BFFFEAE71E0200028600C4CF41BBEA570000EA31C20DC65E81
:2085A0000100C205C40F41BBB505C48F41BB0232BFFFC2E71E0200028600C4C741BBEA5710
:2085C0000000EA31C20DC65E0100C205C40741BBB505C48741BB0232BFFF9AE71E02C4C7DF
:2085E0003EBBEA57000024673DBBC85298620C517F000002860024573DBBCB529C52EA31AD
:208600008215245F3DBBC6660F00D1622106FFFFE1FF41590C59645F3DBB0132BFFF56E7ED
:208620001E020502C60006E8BFFFB6FFEAE9D215BFFF74C61D608862CC660100C205C4070E
:208640003EBBB505C4873EBB9D0044EF3FBBBFFF32C60132BFFF1EE7230200028600245785
:208660003DBBD8529C52EA31F20D245F3DBBC6660F00C462200E0FFF41590C59645F3DBBFE
:208680000132BFFFF0E61E020002860024573DBBCA560F00EA31D20D245F3DBBC6660F0019
:2086A000100A41590C59645F3DBB0132BFFFC6E61E0200028600245739BBC5529D52EA3111
:2086C0008215245F39BBC6660700D8622106FFFFFFF841590C59645F39BB0132BFFF96E6E0
:2086E0001E0200028600C4FF3ABBEA570000EA31C20DC65E0100C205C43F3ABBB505C4BFCE
:208700003ABB0132BFFF6EE61E0200028600C4F73ABBEA570000EA31C20DC65E0100C205B0
:20872000C4373ABBB505C4B73ABB0132BFFF46E61E0200028600C4EF3ABBEA570000EA3156
:20874000C20DC65E0100C205C42F3ABBB505C4AF3ABB0132BFFF1EE61E0200028600C4E70C
:208760003ABBEA570000EA31C20DC65E0100C205C4273ABBB505C4A73ABB0132BFFFF6E527
:208780001E0200028600C4DF3ABBEA570000EA31C20DC65E0100C205C41F3ABBB505C49F8D
:2087A0003ABB0132BFFFCEE51E0200028600C4D73ABBEA570000EA31C20DC65E0100C205D1
:2087C000C4173ABBB505C4973ABB0132BFFFA6E51E0200028600C4CF3ABBEA570000EA31B7
:2087E000C20DC65E0100C205C40F3ABBB505C48F3ABB0132BFFF7EE51E0200028600C4C76D
:208800003ABBEA570000EA31C20DC65E0100C205C4073ABBB505C4873ABB0132BFFF56E566
:208820001E0200028600C4FF39BBEA570000EA31C20DC65E0100C205C43F39BBB505C4BF8E
:2088400039BB0132BFFF2EE51E0200028600C4F739BBEA570000EA31C20DC65E0100C205B2
:20886000C43739BBB505C4B739BB0132BFFF06E51E0200028600C4EF39BBEA570000EA3159
:20888000C20DC65E0100C205C42F39BBB505C4AF39BB0132BFFFDEE41E0200028600C4E70F
:2088A00039BBEA570000EA31C20DC65E0100C205C42739BBB505C4A739BB0132BFFFB6E42A
:2088C0001E0200028600C4DF39BBEA570000EA31C20DC65E0100C205C41F39BBB505C49F4E
:2088E00039BB0132BFFF8EE41E0200028600C4D739BBEA570000EA31C20DC65E0100C205D3
:20890000C41739BBB505C49739BB0132BFFF66E41E0200028600C4CF39BBEA570000EA31B9
:20892000C20DC65E0100C205C40F39BBB505C48F39BB0132BFFF3EE41E0200028600C4C76E
:2089400039BBEA570000EA31C20DC65E0100C205C40739BBB505C48739BB0132BFFF16E469
:208960001E0200028600C4FF38BBEA570000EA31C20DC65E0100C205C43F38BBB505C4BF4F
:2089800038BB0132BFFFEEE31E0200028600C4F738BBEA570000EA31C20DC65E0100C205B5
:2089A000C43738BBB505C4B738BB0132BFFFC6E31E0200028600C4EF38BBEA570000EA315D
:2089C000C20DC65E0100C205C42F38BBB505C4AF38BB0132BFFF9EE31E0200028600C4E711
:2089E00038BBEA570000EA31C20DC65E0100C205C42738BBB505C4A738BB0132BFFF76E32D
:208A00001E0200028600C4DF38BBEA570000EA31C20DC65E0100C205C41F38BBB505C49F0E
:208A200038BB0132BFFF4EE31E0200028600C4D738BBEA570000EA31C20DC65E0100C205D4
:208A4000C41738BBB505C49738BB0132BFFF26E31E0200028600C4CF38BBEA570000EA31BC
:208A6000C20DC65E0100C205C40F38BBB505C48F38BB0132BFFFFEE21E0200028600C4C771
:208A800038BBEA570000EA31C20DC65E0100C205C40738BBB505C48738BB0132BFFFD6E26D
:208AA0001E02245731BB846735BB9852C8520C517F00245731BB246731BBD0529852C85270
:208AC000C86298620C517F000502C60006E8BFFFD4FFEAE9F20DBFFFCEC11D608862446719
:208AE00033BB9D0044EF34BBBFFF98C10030BFFF84E223020502C60006E8BFFFB8FFEAE936
:208B0000F20DBFFFA2C11D608862446731BB9D0044EF32BBBFFF6CC10030BFFF58E2230242
:208B2000C42F58BCC42F59BC7F00045758BC8A561C00445758BC045F59BC8B5E1C00445F6D
:208B400059BC7F00C40F58BCC40F59BC7F00C40758BCC40759BC7F000002BFFF4AC1245EA8
:208B6000C8B90B500A670000CC66E0004B670000BFFF10C11E020002BFFF2CC12476CCB969
:208B80004E070000246ECDB94D0700002466CEB94C070000245ECFB90B500A7F0000CF7E75
:208BA000FE004B7F0000BFFFDAC01E020002045752BC8A563F00445752BC80FF344380FFCD
:208BC000584180FF944180FFD04180FF0C4280FF484280FF844280FF024380FF763580FF90
:208BE000C63580FF445580FF044180FFEA4080FFA84280FFCC4080FFB24080FFB2421E02FD
:208C0000000280FF904080FF764080FF5C4080FF424080FF284080FF0E4080FFF43F80FFCD
:208C2000DA3F80FFC03F80FFA63F80FF8C3F80FF723F80FF583F80FF3E3F80FF243F80FF4C
:208C40000A3F80FFF03E80FFD63E80FFBC3E80FFA23E80FF883E80FF6E3E80FF543E80FFB3
:208C60003A3E80FF203E80FF063E80FFEC3D80FFD23D80FFB83D80FF9E3D80FF843D80FF19
:208C80006A3D80FFCC3C80FFB23C80FF483D80FF2E3D80FF143D80FFFA3C80FFE03C80FFAC
:208CA000C63C1E02000280FFA67980FF8C7980FF727980FF587980FF3E7980FF247980FFE3
:208CC0000A7980FFF07880FFD67880FFBC7880FFA27880FF887880FF6E7880FF547880FF63
:208CE0003A7880FF207880FF1A4080FF027880FFE87780FFCE7780FFB47780FF9A7780FF7E
:208D0000807780FF667780FFBC411E020002BFFF96BFC497889EBFFF6ABF1E020002BFFF07
:208D200086BFC417889EBFFF5ABF1E02C487889EC4B7899E7F00000286004437849EBFFF81
:208D400066BF4407889E4407899E4407869E4407859E4407829E206E5C00446F839E4407BA
:208D600044BC440745BCBFFFC6FF847F859E0A724477809E667A8B2D4F00260007002B006A
:208D80000A000F0026001200C417889EA525C417889EC43F889ED51DC43F889EA51DBFFFF2
:208DA00016C4C417889EC43F889EC43F899EC427889E078A448F849EBFFF76D1BFFF08D152
:208DC000BFFFC0BE95154407849EBFFFB6BEC50DBFFFE4D0BFFF0EC4BFFF4ED001924497F0
:208DE000849EBFFF9EBE1E0200020030BFFF4AFF1E0200020132BFFF40FF1E028457899E6A
:208E00007F000457889E465700007F00050206E8BFFF94BEE0E9CA05C43F889EF50561EA2B
:208E2000DA05C4BF889EC4BF899EBFFF56BE2302C42F899E01524457869E045F829E0B5EF1
:208E40001000445F829EC487889EC4B7899E246745BC200EFFF041618C660001646745BC22
:208E6000046F819E446F44BCC4FF889EC205C42745BCB505C4A745BCC4AF45BC7F000502F1
:208E8000BFFF24BEA45F859EE059D7050B56FFFF4457859EBFFFECBDBFFF0CBE8467859EDD
:208EA000CC667F00046F829ECD6EF000846A686AA70D207610004477829E207E3200447FBB
:208EC000859E04624467849EE0610C58BE0580079E040B0680FFB70580079404655ABA05C2
:208EE00080076C02655AFF15635ABA058007F201635ABF0D615AD21D615ABF058007700407
:208F0000625AA27D80076804645ABA058007400280075C04675ABA0580073004675AB7059E
:208F200080074C04665ABA0580077E0380074004BFFFFCFD20EE5C004407899EC4B7889ED4
:208F4000C4AF889EC4A7889EC49F889EC487889EC48F889E4407869E44EF839E0487829E06
:208F600041824487829EBFFF7CC2C4D7889E922DC42F899E018A448F869E0497829E1296C8
:208F800010004497829E44EF44BC44EF819E249F45BC200EFFF04199939E0001649F45BC50
:208FA000C4AF45BCC4A745BC440746BC440747BC440748BC440749BC44074ABC44074BBCF4
:208FC0000457829ECA560F0064529F0D056A446F859E02724477849E8007B403207E100003
:208FE000447F829E208632004487859E048A448F849E80079A03C4D7889E9A15C4FF889EC8
:20900000C205C43F899EB505C4BF899E0C9A449F859E03524457849E80077403C4DF899E75
:20902000B205BFFF0EFEC4CF899E9215C4D7899EE205046A446F859E800754030C7244774A
:20904000859E037A447F849E800744030487859EE081B20580073803A45F819EC42F899EF9
:20906000018A448F869E0497829E129610004497829E0B06A4FFD215C4FF899EF205C4FFC1
:20908000889EC205C42F45BCB505C4AF45BCC4FF889EC205C42745BC850DC4A745BCD5054D
:2090A000C4AF45BCC4A745BCC4F7899EC205C407889EB505C437899E245745BC200EFFF0C1
:2090C00041518A560002645745BC445F44BC0C6A446F859E03724477849E8007B202C4CF51
:2090E000899E9215C4D7889EB20DC4D7899E820D047A447F859E02824487849EC5050C8A9C
:20910000448F859EC4D7889EF205C4DF899EC215BFFF20FD9515C4F7899EC205C407889EE1
:20912000B505C437899EC4FF889EC205C43F899EB505C4BF899E049F859EE099B205800798
:209140004E0201524457849E80074402BFFFE0FBC41F889E046F829ECD6EF000446F829EAF
:20916000C4C7899EB205C427899EC4E7899E8215C4D7889ED2050477829EE0719A0D440795
:20918000829E207E8100447F849E800702020487849E6482EA55048F859EE0899A3DC4CFC5
:2091A000889ED205C48F889EBFFFD4CCBFFF36C0C4D7889E922DC4FF889EC205C43F899ECD
:2091C000B505C4BF899EC42F899E019A449F869E205610004457829E246F45BC200EFFF07D
:2091E00041698D6E0004646F45BC0477819E447744BCC4AF45BCC4FF889EC205C42745BC8D
:20920000B505C4A745BC208632004487859EC4D7889E9A0DC4FF889EC205C43F899EB50566
:20922000C4BF899EC4FF899EBA05800762010C924497859E209E8500449F849E8007500135
:20924000C4FF899EF225C4CF899EE2050C524457859E80073A01046F859EE069B205800771
:209260002E01BFFF52BFC42F889EC4AF899E4407869EC4CF889ED205C48F889EBFFF00CC3B
:2092800020764B004477859E067A447F849E8007FE00C4A7899E208632004487859E048A3F
:2092A000448F849EC575BFFF86FAC4A7899E4407829E0497859E1206B6FFBA05BFFFDCCA96
:2092C000C4FF899EEA25C4AF889EBFFF18BFC4DF889E821D209E1000449F829EC4CF889E75
:2092E000920D0457809EE051D305026A446F859ED505207632004477859E047A447F849E28
:20930000D505208681004487849EBFFF82CAF53DA45F859E615ABA0DBFFF9CBEC4AF899EC9
:209320004407869E0030BFFFA4B99535E059FA2DC4AF889EC427889EBFFFF6CBBFFF88CB0F
:20934000078A448F849EB525C49F889EC4FF899EEA1DC4A7889EBFFF5ECBBFFF88BEBFFFF9
:20936000C8CA209681004497849E9515BFFFC0F94407889E4407899E4407869E4407859E46
:209380004407829E209E5C00449F839E0457899ECA56F0004457899EBFFFE8B8C4FF849EAD
:2093A000B205BF07F6FA046F869E616ABA0DC4D7889E820D0232BFFF1AC36152BA0544073B
:2093C000869E2302000226770500EE770D0082728E00CE767F004477839E265F09000B7FF5
:2093E0000100CF7E0F00627A82150B870100D0860F006182A20D0B8F0100D18E0F00648A1C
:209400008A75C407899ED56D205E5C00A467819EC407899EEB61A70DA46F839EEC69E90DA4
:20942000EB69C70D446F819E950DA46F839EEC69B105EB69B705446F819E26970900129FF8
:209440000100D39E0F00629A8A4DC40F899E266709008C570100EA59822D8C770100A47F2B
:20946000839EEE79A225C497899E266709008C870100EB81CE0DA46F839E8C8F0100F16980
:209480008635EB69EE2DC41F899EB52DA46F839E8C970100F269EE05EB69BE25C41F899ECF
:2094A0008525C41F899ED51DC417899E269F090093570100EA59DA15C4EF899EAA15440735
:2094C00046BC440747BC440748BC440749BC44074ABC44074BBCD505C487889EC4B7899E0D
:2094E000C4C7899EF245047F829ECF7EF000447F829E265F09000B770100200E1000CE762D
:209500001000E171CA05C4E7889ED205C4BF899E265F09000B870100D08620001006E0FF3C
:209520009A2DC4E7889EEA25C4EF889EBA25C4FF889EB215BFFF80BCC43F899EC42F889EDF
:20954000C4AF899E4407869E208E4B00448F859E06924497849EE50D845F859E645AB20511
:20956000655A8A0DC4CF889ED205C48F889EBFFF0EC900501E020002C4AF899E0457829E70
:20958000CA560F004457829E0A624467809E245F45BCD45A9C5A625ABA2DC4FF899EA215C0
:2095A000C4EF45BCF20DBFFF0EBCC42F889E4407869E20764B004477859E067A447F849EC4
:2095C000F52DC4FF889EE205C4E745BCB205C43F899EC4EF889ECA25C497899EC49F889E39
:2095E0000C824487859E038A448F849E951D645ABA0DC4D7889EC215C4E7899E9215019292
:209600004497849ED50D615ABA0D845F859E645AB205655ADA05209E1000449F829E1E02DF
:209620000002BFFF92BBC40F889E0030BFFF9EB6C4FF899EF205C4E7889E8A2DC4EF889EA0
:20964000DA250457899ECA56F0004457899EC4A7899EC4AF899E4407869E206610004467DB
:20966000829E046F849ECD6E7F00656AF20D845F819EE059EF770000EE76D0FF0E76320023
:209680004477859E047A447F849E845F819EE059D7050B86FFFF4487809EBFFF22C81E0232
:2096A0008C0721006307010063070500025263570900205E3100635F0C00450E01002166AD
:2096C0003EE26367150023360000BFFF182C4C063F00050201EAE031D2056132BA05BFFFB5
:2096E000C2FF1D5023022456608200680D60C162CA612C7F0000417ACF000F586C5F000031
:20970000E059CA05416A646AA6F57F008407E11023E60000247E60822F8F01001C80708F4B
:2097200001002F970500709705003D06FFFF00000070004800D800500A60C1621C88CC89AA
:20974000F18F01000680CC81F0870100B089A989FD89EB4F00001178CF000A98C49AF37F48
:20976000C0000F710768CC69ED5F0100D100D159DB59FD59EBDF00006D5F00004152645254
:20978000C6DD288F0100EE89B905687701004406FF10581A234E0000247E60822F8F0100DA
:2097A0000980708F01002F970500709705002806FFFF00000038005000700A58C15A09603F
:2097C000CB61EC6701000668CB69ED8F01000C80B181A781E881EB3F0000D0000A78C47AE1
:2097E000EF87C00010716D67000041526452E6E50E50481A7F00501A63370900633F0D00CF
:2098000023460000247E60822F8F01000880708F01002F970500709705002606FFFF000013
:20982000233E08000060006800500A58C15A0878CB79EF7F01000780CB81F0870100B07983
:20984000AD79E679EB6F0000CF000A98C49AF37FC0000F614152645296ED0C5048061F0023
:20986000E031C20D245660822A67010006586B6701002A6F05006B6F05007F000002243691
:2098800060820842003880FFEE84BFFF16FE1E028600C332245E989EC659CB9704007F004A
:2098A0008600C332245E989EC659CB1704007F008600025A245674BC8A670B00E661CA0D4B
:2098C0000B68C36A2476989ECD71CECF0400C2058B000B50F5055F5A5452E059EEED2056A9
:2098E000FF007F008600C3322456989EC6512A6701001F32883246616A670100CA8704003D
:20990000CA8F0400CA970400CA9F04007F008600C23224568C9EC6512A6701002106FFFFAD
:20992000FFF041616A670100CAA70300CAAF0300CAB70300CABF03007F008600C232246641
:209940008C9EC661CCEF0300B2050152A50500507F000F02860024E604BB06D8EC320038E1
:20996000DC310C4280FF108424EE8C9E1B30C232DD310442003880FFFE831B68EC6A207603
:20998000FF00DC694D7708001B78C27ADD794F070200C1DA26069A6C0000DB31E637010043
:2099A000BFFF32BE2D020A0202E224EE8C9E1C70C272DD712E770100C4729C72E07192556E
:2099C000BFFFE4B21C58C25ADD59EB6F0100E069E2450D8EFFFF6B8F0000F100E089CA3DAE
:2099E0002B6F0100C46A9C6A616AE205646AC21DBFFF90B2E5351C308600033A1C508A001A
:209A0000C2522F06F86C0000CA792F7F0100450E010021FE70E56F001C308600BFFF36FFAB
:209A2000BFFF60B2E51D1C308600043A1C909200C2922A06F86C0000D2512A570100450E26
:209A4000010021FEA0E56A001C308600BFFF06FFBFFF30B2E505BFFF2AB2B505BFFF24B2F0
:209A60005FE2E0E1DEA528020A02860024EE5CBC06E0EC320038DD310C4280FFFA821C606C
:209A8000C3622436989ECC310842003880FFE8821C70EC72207EFF00DD714E7F0A00C1E25A
:209AA0002606946C0000DC31E6370100BFFF26BD28028807E170860024DE989E24D65CBCD4
:209AC0000658EC5A43370000DA592B7F0100EB8705000660D079637F0900C362DB612C6785
:209AE00001009862200E1000E16106C882150C06E0FF827D0C06D0FFBA058007EE010C066E
:209B0000C0FFBA058007E4018007E8023D06946C00003C06FC6900001930C132DD31E63799
:209B200001000038C232DC3126370100084280FF46821978C17A1988EC8ADD79DA89EF9FD2
:209B40000100C29ADC99339F01003187060053870000EF7F0100C27ADC792F7F0100417A5E
:209B6000637F0500318F0600638F0C00233600001990C2923006D06C0000D2813087010067
:209B8000450E010021FEE2E67000E051BA0580076202203E21001978C27A3206AC6C0000A3
:209BA000CF9132970100450E010021FE0AE719307200E051AA15C3CADBC9398701001F3229
:209BC0008832468179870100D9870400D98F0400D99F040080071C021930BFFF8EFE8007F8
:209BE000120206EA2C06FC6900001978C17A2E06946C0000CF71EE970100C292CC9132978A
:209C000001002056100052570000EE6F0100C26ACC692D6F01002B870600D086000F0D7F0F
:209C2000000088820F814D870000EE970100C292CC91329701002B57060052570100EE7F16
:209C40000100C27ACC792F7F0100427A637F050063EF0C00233600001980C2823206D06C28
:209C60000000D09132970100450E010021FECAE77200E051F225203E21001998C29A300619
:209C8000AC6C0000D38130870100450E010021FEEEE719307000E051AA151958C35ADB59ED
:209CA0002B9701001F32883246916B970100CB870400CB8F0400CB9F0400C5051930BFFF09
:209CC000AAFD1958EC5ADA596BEF04002B7F09002106FFFFFFF041796B7F0900C3CADBC9F0
:209CE0005907020080070C013D06946C00003C06FC6900001968C16ADD69ED970100C292B9
:209D0000DC9132970100209E2000529F0000ED670100C262DC612C6701002B870900C482F2
:209D20000C5700009C820A814C870000ED970100C292DC9132970100419263970500079AC1
:209D4000639F0C00233600001978C27A3006D06C0000CF8130870100450E010021FEBAE840
:209D60007000E051F225203E21001988C28A3306AC6C0000D199339F0100450E010021FEBE
:209D8000DEE819307300E051AA151958C35ADB592B8701001F32883246816B870100CB87C5
:209DA0000400CB8F0400CB9F0400C5051930BFFFBAFC1960EC62DA612C5F0400475A6C5F4F
:209DC0000400CB00EC670700EC59B315C1CADDC9F9370100C232DC31263701000038CC3157
:209DE0002B88418AD1314832AC590B4080FF887F4806FF700502860006E8BFFFB8FC1D507C
:209E0000C352246E989ECA692D6F0100986AE0698215C1EA2606946C0000DD31E6370100B0
:209E2000BFFFB0B86152B2050058C505015AA50500580B5023028407E10002E224EE989EFB
:209E40001C70C372DD712E7701009872E071BA0580070A02BFFF50AE1C58C35ADD59EB6FC3
:209E60000100E069BA058007F0010D8EFFFF6B8F0000F100E089B2058007D8012B670100CA
:209E80009862616282256262B24D6462BA0580078C01200E1000E161BA05800728010C0601
:209EA000E0FFBA0580071E010C06D0FFBA05800714010C06C0FFBA0580070A01BFFFC4ADD1
:209EC00080079A011C308600203E23001C508A00C2522F06AC6C0000CA792F7F0100450E71
:209EE000010021FE40EA6F00E051AA151C58C35ADD592B8F01001F32883246896B8F010062
:209F0000CB870400CB8F0400CB9F0400D5051C308600BFFF56FBBFFF6AAD80074001BFFF09
:209F200062AD1C98EC9F4002246E5CBCD3692D67090063670500C4629C626F6289150C7E22
:209F4000010023570500CF7E0F00D87A2106FFFFFFF041510F516D570900950D23870500AF
:209F60002106FFFFFFF041816D8709001C58C35ADD592B97010063970100ED9F0500ED7794
:209F800007005972EE99C60D237F01001F3288324679400E004001796B7F0100B50D2357F9
:209FA00001001F3288324651400E003001516B57010006826B8700001C308600BFFF38FE2B
:209FC000D54D1C308600203E22001C989300C29A2F06AC6C0000D3792F7F0100450E0100CE
:209FE00021FE3EEB6F00E051AA151C58C35ADD592B8F01001F32883246896B8F0100CB8711
:20A000000400CB8F0400CB9F0400D5051C308600BFFF58FABFFF6CAC9525BFFF66AC1C60D8
:20A02000C362DD612C5F01001F3288324659CCD70400CA0D6C5F0100CC870400CC8F040087
:20A04000CC970400CC9F0400950D6C5F0100E505BFFF30ACB505BFFF2AAC5FE2E0E1B6052D
:20A06000BF07E0FD4406FF00C60024568C9E2D06436D0000C6698D6F01000D80C282CA815F
:20A0800030870100C4829C8264829A15C26ACA6909926D9700002D9F01002106FFFFFFF030
:20A0A0004199400E000101996D9F01007F000002C600243E989E2E06436D0000C6718E77D1
:20A0C00001000E58C372C7712E7701009872200E1000E171C20D0E06E0FF822D0E06D0FF18
:20A0E000E2450E06C0FFB20580072A010B60C362C76102926C970000400E00042C9F010090
:20A100001F328832469901996C9F01000B30C25A3106A06C0000CB89318F0100450E0100AC
:20A1200021FE80EC00387100D5750B60C362C761099A6C9F0000400E00012C5701001F3217
:20A140008832465101516C570100CCA70400063A0B30C25A3206B86C0000CB913297010008
:20A16000450E010021FEC2EC7200C5550B68C36AC7698D670300E061B22D0C7EFFFF4D7FF7
:20A180000200AF00E079FA0D09826D870000400E00012D8F01001F328832468901896D8FC3
:20A1A0000100A52D0B90EC97420224565CBCD251AA5709006D570000400E00022D7F0100EA
:20A1C0001F328832467901796D7F0100D5150B80EC87420224965CBCD091B29709006D9799
:20A1E0000000400E00022D9F01001F328832469901996D9F0100073A0B30C25A3106B86CBE
:20A200000000CB89318F0100450E010021FE6AED71001E028207E1308600C80024EE989E9E
:20A220000668C36ADD692D6F0100986AE06908E006D007D8B2050362A555BFFF6AAA1A585E
:20A24000C35ADD59CBCF0400D205BFFF36AA0362E545CB0F0400BFFF2AAA1A78EC7A245E1F
:20A260005CBCCF596BDF01006B0704001A606BE70600C362DD612C8F0100638F010067E2B0
:20A28000CF0D239701001F3288324691400E001001916C970100B50D239F01001F328832C1
:20A2A0004699400E002001996C9F010006526C5700001A30BFFF40FB61528215C3D2DDD1C0
:20A2C0007A070000DA8F04003A7701001F32883246717A7701000162A50500600C50420619
:20A2E000FF30050286002B06FC6900000650C15206E826069A6C0000CA31E6770100C272F6
:20A30000CB712E770100207E30004E7F0000E68F0100C28ACB89318F010051070100E69F0B
:20A320000100C29ACB99339F010053070200E66F0100C26ACB692D6F01004D070300E67F1E
:20A340000100C27ACB792F7F01004F070400E68F0100C28ACB89318F010051070500E69FBA
:20A360000100C29ACB99339F010053070600E66F0100C26ACB692D6F01004D0707001D70AE
:20A38000C272247E8C9ECE794F070200E6370100BFFF40B36152B215023A1D88C28A33066F
:20A3A000F86C0000D199339F0100450E010021FE0EEF1D3073001D30BFFF9AF52302820784
:20A3C000E13006D8BFFF50C0E051CA05006080072A05FB7F0D003A064F6D0000CFD19AD716
:20A3E00001003B5F09000B8F0000D166F000A215200E1000E161E20D0C06E0FFBA0580079B
:20A400008402206E3000ED61BA0580077E048007E80424E68C9E1A58C25ADC59CBEF0300BB
:20A42000F21D2B9F0100C49A9C9A649ACA0500608007C804063A1A78C27A3106F86C000085
:20A44000CF89318F0100450E010021FEAAEF1A3071001A30BFFFFEF41A58C25ADC5924EE4D
:20A4600004BB1A60EC674002CB2F0300DD616C0704003B6F09000D7F0000CF76F000BA0529
:20A4800080072801200E1000E171B20580076A043B8F0500118F0800688AE205CBAF030003
:20A4A0000060800756040D970000D2960F00C8926C9706003B9F0900B35701002C7F06003E
:20A4C0000F516C570600EA006752EB05CBAF03000060800726041A90C2922F06286D00006A
:20A4E000D2792F7F0100450E010021FE4AF01A306F001A38EC3F4002450E0100DD39E73FAD
:20A5000007001A90C2922F06046D0000D2792F7F010021FE72F01A306F001A58EC5F40025D
:20A52000DD596B570100E0518A0DC2D2DCD1DAAF030000608007C4033B3F0900450E010008
:20A54000423A06421A50C2523106E06C0000CA89318F010021FEB4F01A3071001A68EC6FC7
:20A560004002065ADD696D5F04002D9F0900200EFFF04199939E00016D9F09001A60C26272
:20A58000DC612C5701002106FFFFFFF04151400E000401516C5701006C5F00001A30BFFF19
:20A5A00044FD0060800754038D8F01006C8F06003B9F0500939F0900F19911301170EF05A4
:20A5C000CBAF03000060800732036732E705CBAF03000060800724031A50C2523106046DAC
:20A5E0000000CA89318F0100450E010021FE4EF11A300E3871001A60EC674002DD616C5784
:20A600000100E0518A0DC2D2DCD1DAAF030000608007E8023B3F0900450E0100413AEC474E
:20A6200007001A90C2922F06E06C0000D2792F7F010021FE92F11A306F001A58C25ADC597C
:20A640002B8F01002106FFFFFFF04189400E000401896B8F01001A38EC3F4002DD39E73F8F
:20A6600007001A30C2D23106EC6C0000DA89318F0100450E010021FED4F1710000608007B2
:20A680007A0224E68C9E1A90C292DC9132970100C4929C926192B20580075E0224EE04BBEF
:20A6A0003B7705001A60EC6740028E770900DD61EC370500EC6F0700068E0700ED89C65DCA
:20A6C000A669EE690DD8C605006080072E021A682C970900C26AD4920B9F00009C92D39E24
:20A6E0000F00F391C215013A3106F86C0000CD89318F0100450E010021FE58F21A3071008B
:20A700001A30BFFF50F200608007F0010B3E01009B003006E06C0000CD8130870100450E57
:20A72000010021FE84F21A301B4070001A58C25ADC592B5701002106FFFFFFF04151400E34
:20A74000000401516B5701006B0700001A38EC3F4002DD39E73F07001A30C2D22A06EC6C06
:20A760000000DA512A570100450E010021FECAF26A00800712016872B20580070A011A6854
:20A78000C26A2C9F0900D49A0B7F00009C9ACF7E0F00EF99C215013A2A06F86C0000CD51E3
:20A7A0002A570100450E010021FE08F31A306A001A30BFFFA0F10060800740010B3E0100EA
:20A7C00007423006E06C0000CD8130870100450E010021FE32F31A3070001A68EC6F400237
:20A7E000DD692D97040047926D9704002D67090063670100D4629C626F62F90D0C7E01006C
:20A8000023870100CF7E0F00C87A200EFFF041810F816D870900850D238F0100200EFFF021
:20A8200041896D8F09001A60C262DC618C5F0300E059B21D0B9EFFFF4C9F0200B300E099B8
:20A84000CA152C7F01002106FFFFFFF04179400E000401796C7F010006826C8700001A3022
:20A86000BFFF82FA0060954D09526C5700002C9701002106FFFFFFF04191400E00010191B3
:20A880006C9701000060953D1A98C39A2466989ED3612C7F0100987A617AEA2D3B8F050000
:20A8A000118F0800638AE1258B770100EE69820D0E06CFFFFA1D09526C570000B51DECD768
:20A8C0004002247E5CBCDA79019A4F9F09004C0702004F070800AF7F09006C7F0000400E74
:20A8E00000022C8701001F328832468101816C8701000060A50500600C504206FF300A0211
:20A9000002EA1DE01C308600BFFF4AF05FE2E0E1AEFD1DE01C308600BFFF50F15FE2E0E107
:20A92000AEFD28020002BFFFD8FF1E020F02045A20EE0005460EFFFF2156001C6D5207D886
:20A9400008E0B30580079C014A000E00CB001C002900CB00360045005300610073008400DA
:20A960009600A800BA00203E26011B30BFFFF25E02725B770200037A5C7F00000058800782
:20A980006201203E67031B30BFFFD65E03625B6702005C670000005880074801203E0404D5
:20A9A0001B30BFFFBC5E03625B6702005C670000005880072E01203E34021B30BFFFA25EDD
:20A9C000208610005B870200038A5C8F0000005880071001203E41011B30BFFF845E209634
:20A9E00010005B970200039A5C9F00000058957D203E26041B30BFFF685E206E52005B6F50
:20AA0000020003725C7700000058B56D3D3F0900E73F01001B30BFFF485E3D970900129791
:20AA200002005B970200039A5C9F00000058955D206E12005B6F000005725B770100017A0F
:20AA40005B7F020008825B8703005C5F00000058854D3D3F0900E73F05001B30BFFF025EAD
:20AA60003D6F09000D6F06005B6F020003725C7700000058E5353D3F0900E73F09001B301A
:20AA8000BFFFDE5D3D97090012970A005B970200039A5C9F00000058C5253D3F0900E73FB4
:20AAA0000D001B30BFFFBA5D3D87090010870E005B870200038A5C8F00000058A5153D3F0D
:20AAC0000900E73F11001B30BFFF965D3D7709000E7712005B770200037A5C7F0000005862
:20AAE0000B502D0220562500245E688200600B68CC694D0700004162EA61A6FD00507F0009
:20AB00000F028900015244576882247FB19E447F698209E807D808E0BFFFA0C42E0654C001
:20AB2000FE03310650C0FE03280656C0FE03270658C0FE0326065CC0FE0344576A82F187F9
:20AB40000100888244876B82918F0100448F6C82330652C0FE03139F0000449F6D822A0650
:20AB600053C0FE030A57000044576E82EE870100888244876F828E8F0100448F7082E89737
:20AB80000100889244977182289F0000449F7282E77F0100887A447F738287570100445793
:20ABA000748231065AC0FE03118F0000448F7582E6970100889244977682269F0000449FD0
:20ABC00077820058EBE9F70D1B78CB7924866882CB81108700004F870000415ACB000B06B1
:20ABE000DBFF96F55C5F000000502D020A0224EEB49E0058006006E01D68CC690D6F000072
:20AC0000E069A205015A41626362F6F5E059FA05024A003800400030BFFF8EB1DCE9017A2D
:20AC20005D7F00002802860721000232BFFFC0FF0F32BFFF405E0F52635701002B0650C3B2
:20AC40000000635F0500450E0100216628FB6367090023360000BFFF505E46063F0000020A
:20AC60006132AA0DBFFFC2FF2C0658C0FE032C6700004467788201521E020002BFFFD20C77
:20AC8000E051A20DBFFFE89A2467B19E6162C205026A646FB19E1E0200022457B19E615203
:20ACA000B20580072401BFFF12C30A708E006A720A609215A45F8D82CB7E0200CA0D8B8664
:20ACC000020044878D8244678382048F7D82418A448F7D822B0600C0FE03EB97010021061D
:20ACE00001800000E191F215A46F8D82CD9E2000AA15EB6701008D56200044578D820C7072
:20AD000088724477848244678582047F7E82417A447F7E822B0650C0FE038B87010010065A
:20AD2000DFFFF215A46F8D82CD8E0100AA15EB6701008D96010044978D820C98889A449FE7
:20AD400086824467878204577F82415244577F822B0653C0FE030B770000E071B215A46FBA
:20AD60008D82CD7E0400EA0D8B6701008D86040044878D8244678882048F8082418A448FB2
:20AD800080822C0656C0FE03EC6701000C06D9FFBA0580074C01A45F8D82CB9E0800B2055D
:20ADA00080073E018B56080044578D820C7088724477898244678A82047F8182417A447F43
:20ADC000818280071C012487B19EE081B20580071001BFFFE6C10A889100E0890A58921528
:20ADE000A4678D82CC960200CA0D8C9E0200449F8D82445F838204777D82417244777D8251
:20AE00002B0600C0FE032B7F0000617AF215A46F8D82CD862000AA15EB6701008D5620000A
:20AE200044578D820C88888A448F84824467858204977E82419244977E822B0650C0FE03AC
:20AE40008B9F0100699AF215A46F8D82CD760100AA15EB6701008D7E0100447F8D820C80DB
:20AE60008882448786824467878204577F82415244577F822B0653C0FE030B8F0000E0896E
:20AE8000B215A46F8D82CD960400EA0D8B6701008D9E0400449F8D82446788820477808225
:20AEA0004172447780822C0656C0FE03EC6701000C06D9FFD215A45F8D82CB8608008A15AA
:20AEC0008B56080044578D820C88888A448F898244678A8204978182419244978182E0670E
:20AEE00005F1E09F05F121063F840000E199D215A45F8D82CB7610008A158B7E0100447FCD
:20AF00008D820C80888244878B8244678C82045782824152445782821E02000224579182BA
:20AF20002467B19EEC51920D246FB19E646F918244078D8264079482E45F95820B0630F825
:20AF4000E60564079482BFFF52FDD5050B760100647794821E020002BFFF9AB3BFFFBEFF83
:20AF60001E020002245EB49E00600B50CC514A07000041626362A6FD016A646FB19EBFFF5C
:20AF8000B41CBFFFE409BFFF14B1BFFF9E1CBFFF98FC44078D821E020002245EB49E0B503E
:20AFA000C6514A070000006800600B78CD790F7F0000E079A2050162416A636AF6F5E06103
:20AFC000FA05024A003800400030BFFF7EAF1E0200020232BFFFC4FF1E022456B49E7F0051
:20AFE00004577C82415244577C827F0004577A82415244577A827F0004577B8241524457C7
:20B000007B827F00045779824152445779827F007F002457B19E7F0001526457B19E7F0012
:20B020006407B19E7F00C800E041D70D5F42C8000658C8590768C8690D6F00004B6F00004C
:20B04000E041DFF57F00C800E041D70D5F42C8000658C8590768C8690D6F00004B6F0000F1
:20B06000E041DFF57F00C700E039970D5F3AC7000658C7594B070000E0399FFD7F008700ED
:20B08000C800E041970D5F42C8000658C8594B3F0000E0419FFD7F007F002A06646F0000F3
:20B0A000665701007F00140289002B0622990000EB3109E008D807D0FA5DE0D1D25DE0D91C
:20B0C000B25DBFFFB82C625200E80A58BE050058954D645ABE05025AD545665ABE05045AEC
:20B0E0009545685ABE05065AD53D6A5ABE05085A953D6C5ABE050A5AD5356E5ABE050C5ADC
:20B1000095356F5ABF050E5AD52D0B06EEFFCE05205E1000F5250B06ECFFCE05205E120096
:20B1200095250B06EAFFCE05205E1400B51D0B06E8FFCE05205E1600D5150B06E6FFCE0512
:20B14000205E1800F50D0B06E4FFCE05205E1A00950D200E1E00E159EE5F0000C15A0B5EFF
:20B160001C005A5F0000016A5B6F000061E299155BE70000E50DEB31F20505EAE0D9920D46
:20B180005B070000E50504EAE0D9B2055B0700001D50320286072100BFFF202C0532013AD8
:20B1A000BFFF7032035263570100205E8813635F0500450E010021664CFE636709004407FC
:20B1C000BA9E016A446FB99E4407B89E23360000BFFFD6584407988246063F000002E031B9
:20B1E0000060BA150332BFFF8C584407BA9E4407B99E4407B89E05320038BFFF16320532B7
:20B20000BFFFA8310162950D6132FA050532BFFF3031BFFF82FF01620C501E0286072100DE
:20B2200080FFCE4663520A588215645AE20D2066FF0044674CBB05320038BFFFD63144076A
:20B24000B99E4407BA9ED555BFFF7E2A44574CBBBFFFDE3D046FB89E616A0A58AA4D0B06EB
:20B260008AFDD70D05320038BFFFA8314407B99E4407BA9E017244779882852D047F988281
:20B28000617AFA050B068EFD9E2544079882E51D0487B99E6182BA15845FBB9E415A8B0018
:20B2A000445FBA9E0B06CFFF961505320038BFFF62314407B99E4407BA9E850D0532013A00
:20B2C000BFFF503101924497B99E039A639F01002066881363670500450E010021564CFEC5
:20B2E000635709004407B89E23360000BFFFBA5746063F0001524457B89E7F002A0604CA76
:20B300000000EA31FA0DE039D20D2456A682006000580A68CB694D070000415A655AA6FDC2
:20B32000D505EA31EA67000044620C507F00140289002B0604CA0000EB3109E008D807D0EC
:20B34000EA1DE0D1C21DE0D9A21DBFFF6EBC8A004457AA82005800E8EBE1E70D1A70CB71DF
:20B360002486A682CB81108700004E870000415ACB00655AA6F55B5F0000E50DEB31F205C4
:20B3800005EAE0D9920D5B070000E50504EAE0D9B2055B0700001D50320200020632BFFFC1
:20B3A000D4560732BFFFCE560832BFFFC8560932BFFFC2560A32BFFFBC5644079F8244075E
:20B3C000A0821E0200020732BFFFAA560A32BFFFA4564407A0821E028C0761003D0650C367
:20B3E0000000075263570D0063EF1100450E0100215E8603635F150023360C00BFFFAA5674
:20B400000A626367010063EF0500450E0100216E7E03636F090023360000BFFF8C560172F3
:20B420004477A0824C067F00920761003D0650C3000006526357190063EF1D00450E010020
:20B44000215E9E03635F210023361800BFFF5A56086263670D0063EF1100450E0100216E83
:20B460009603636F150023360C00BFFF3C5609726377010063EF0500450E0100217E8E0366
:20B48000637F090023360000BFFF1E56018244879F8252067F009E076100BFFF78FB615206
:20B4A000B2058007AA01046F9F82E069BA05BFFF7AFF80FF3C44845FA182E0590A608A0D91
:20B4C0006362B2056462CA05BFFF10FF950DE059F2056362D2056462B205BFFFEAFE047782
:20B4E000A1826172FA1D80FF08446352DA0501320038BFFF927680FF020D4407A182067A33
:20B50000637F3100300650C3000063873500450E0100218E9E03638F390023363000BFFF9A
:20B5200088550497A28261928A2580FFC4436352DA0502320038BFFF4E76003080FF78435B
:20B540004407A282079A639F25002D0650C30000636F2900450E01002176860363772D00F8
:20B5600023362400BFFF4255047FA382617AFA1D80FF7E436352DA0503320038BFFF0876E2
:20B5800080FF26374407A382088263871900310650C30000638F1D00450E010021969603D5
:20B5A0006397210023361800BFFFFE54049FA482619ACA2580FF3A436352DA05043200383E
:20B5C000BFFFC47580FF324D80FFB639013280FFFA424407A482096A636F0D002E0650C310
:20B5E000000063771100450E0100217E8E03637F150023360C00BFFFB0540487A582618229
:20B60000EA35BFFFA24A0AE880FFE6426352AA0D61EA8A0D05320038BFFF6C75013280FFBA
:20B62000AA4C4407A5820A8A638F0100320650C3000063970500450E0100219E7E03639F3B
:20B64000090023360000BFFF60549515046F9F82616ADA0DBFFF46FD4407A1824407A28248
:20B660004407A3824407A4824407A5825E067F008607E1306337050007D080FFFC03E051D1
:20B680000A70D3552B067C83000000680D60C462CB61EC870100E38F0500F089CA450C979B
:20B6A0000800E09100E00CD893253BEF0D001C50EC52CAE93D370100233E0000084A1A407F
:20B6C000BFFFD6603D5F0500E059A20DFD370900450E0100233F010021FE36026B0041E214
:20B6E0009C009B970900F2E196E53B6705002C570100E051C21D2C5F010000E8FB37010043
:20B70000450E010021FE64021A386B0041EA9D003B5F05001D80C282D0592B5F0100E0595E
:20B72000EAEDD505416A8D00EE6991B54606FF300F0204579D82E05106D80758BA0500E070
:20B74000D53DE0599235E0D9F22D24EEBC9E08E2843F9F82EC3ADD39423A1C400B3080FFF7
:20B76000AA63E051F21D846F9F82EC6ADD692D7700007B770000BFFFA094047F9D825F7AC9
:20B780008F00447F9D82BFFF5694845F9F82415A8B00445F9E820B06E0FF861544079E82AD
:20B7A000D50D1FE2B50DA45FA7821FE20B0601FFDE050B8E0100448FA7821C502D02860705
:20B7C000E11080FF2C412A6EFFFF636AAB0D4D0008000400040004000132BFFF12F4C5054F
:20B7E0000132BFFFB6F723E60A0023EE020000D81C301D38BFFF3CFFE051B70DE3370B00F9
:20B800001D38BFFF6EFE41DA9B001B06E0FF97F5BFFF86FC4606FF1044079C8244079D82F9
:20B8200044079E827F0001524457A5827F0001524457A2827F0001524457A4827F00015213
:20B840004457A3827F0001524457A1827F0086072100C6000606A0FCBA25E03992250457F3
:20B86000A0826152EA150A32BFFF0A520A5A635F01002C0650C3000063670500450E01000F
:20B88000216E7E03636F090023360000BFFF1A520532013ABFFFF072003080FF2E4A460635
:20B8A0003F0086072100C6000606F7FB8A25E039E21D04579F826152EA150932BFFFB651E2
:20B8C000095A635F01002C0650C3000063670500450E0100216E8E03636F09002336000086
:20B8E000BFFFC6510432013ABFFF9C7246063F0086072100C6000606ADFC8A25E039E21DBB
:20B9000004579F826152EA150832BFFF6851085A635F01002C0650C3000063670500450EBC
:20B920000100216E9603636F090023360000BFFF78510332013ABFFF4E7246063F0086071D
:20B940002100C6000606D0FC8A25E039E21D0457A0826152EA150732BFFF1A51075A635FAD
:20B9600001002C0650C3000063670500450E0100216E8603636F090023360000BFFF2A51D9
:20B980000232013ABFFF007246063F0086072100C60006060EFD8A25E039E21D04579F82AF
:20B9A0006152EA150632BFFFCC50065A635F01002C0650C3000063670500450E0100216EA9
:20B9C0009E03636F090023360000BFFFDC5001320638BFFFB27146063F001402C60020E6E9
:20B9E0002000A4579D82FC5106D0D60D845FA7821FDA0B0601FF9E3D0B6601008C0044676D
:20BA0000A682B53524EEBC9E846F9D82EC6ADD690D360200084280FFF260E05100D8C225AA
:20BA200084779D82EC72DD716ED70000047F9D82417A8F00447F9D828487A982A48F9D82A5
:20BA4000F181DE0504979D824497A882049F9C82419A9300449F9C8284679D82FC61D60560
:20BA600044079C82A5051FDA1B5032020002C600BFFF6AFF1E02205620007F006132BA05A5
:20BA800044075D8301527F00045712844457A384045F9683445FA4847F00000204575C83F4
:20BAA0006152FA05A4372184BFFFEABC44075C831E020A028600E63618002466A884C66103
:20BAC000C4E785BC00E0CA252CEF09000C6F0000446F4EA20C77010044774FA2243650A2ED
:20BAE0003D3F05009D47090080FF2060E0518215243680BC9D3F0900450E0100423AC700FF
:20BB000024464EA2214EAA08BFFFAC800AE01C50280214028600C4E785BC00E00658FA4D33
:20BB200024EE3CA024D63EA0EB5E180024DEA884CBD92046120200381D3080FF3A62FB6F88
:20BB40000500426A0D06EEFDB70D845F99840B0601FFDE350B7601004477988485359B7F21
:20BB60000300E07900E0D3153B3F09001C88C48AD139FB4F050027370100273F05001A40AF
:20BB8000BFFF485B41E29C009B6F0300FC69DBED1B77000044773CA01B7F0100447F3DA0E7
:20BBA000243680BCFB3F05001D40423AC700450E0100214EAA08BFFFFE7F0AE01C503202D6
:20BBC000050204575A836152BA5D047758836172FA55C4E785BCCA5524EEA884A46F5983AC
:20BBE000ED6E1800DD690D870C006182EA3D2D5F1100E0590060BA0D2D8F1500E089FA05AC
:20BC0000A4375983BFFF0EFF0A60E515625ABA0D2D971500E091FA05A4375983BFFF96FE69
:20BC20000A60A50D845F99840B0601FFDE050B9E0100449F98846162FA0DA4775983EE7626
:20BC40001800DD714E070C00047F5983447F5B8344075A83A50DA45F95840B0601FFDE0533
:20BC60000B86010044879584A45F5983415A8B00445F59830B06ECFFB605440759832302C7
:20BC80002456A88400700E68ED6E1800CA692D871500E081BA0D2D5F1100E0590D60B20587
:20BCA000625ACA05018A4C8F0C0041720E06ECFFB6ED7F000002845F6D84625AEA0D0152D7
:20BCC0004457598344575A83BFFFB8FF01624467588344076C84F505615ADA054407588322
:20BCE00044076C84046F5883446F9B8404775A8344779C841E02000204575D83E0519A0D81
:20BD0000013244375D83BFFF9CB90132BFFF24BCBFFFA4FFBFFFACFE80FF8813BFFF7EFD95
:20BD2000BFFF68FD1E0200020252445784BC246785BC200EFFF04161646785BC243680BC62
:20BD4000450E0100213EA609BFFF427A80FF56141E028600015244575A83E031CA15A45FBA
:20BD60005B832466A884EB5E1800CB614C570C00847797840E0601FFEE05047F9684417A7E
:20BD8000447F96847F00050286005F32643207E80650CB554A00050021005B005B003D00CB
:20BDA000016A646F61830D30BFFF22B90172447726840030BFFF3EB944072584200EFF00AD
:20BDC000E1E9E305207EFF00447F648385459D001D8044876483B53D028A648F618301322C
:20BDE000BFFF12B90192449725840030BFFFDEB844072684200EFF00E1E9E305209EFF008E
:20BE0000449F6483C5259D001D5044576483F51D6CEAD30D845F9B84440721840B0601FF97
:20BE20009E0D0B66010044679A84C5059D0044EF2184017244775C83A50D845F9B840B060B
:20BE400001FFDE050B7E0100447F9A8423028207E130C600E03907D0BA058007B4019A6F1B
:20BE60000100BA3F01000676FEFFCE002436A88400580B60EC661800C6618C8F0100ED8914
:20BE8000B20580077C01EC5F0500EE590CD8B20580075A01BB970100E791B20580074E017B
:20BEA0003B5F1100E059E215635ABA0580072601645ABA0580072801A45F99840B0601FF1F
:20BEC000B60580075E010B8E0100448F9984800752019B9F0300E099BB058007460100E039
:20BEE0003BEF09001C78C47ACFE9FB4F05001A4602003D370100233E0000BFFF9C589D5F50
:20BF00000900615ADA1D236701003D6F05000C888D9701009100F289E2554D6700003D5FDE
:20BF20000D002B5F0100E059E24D3D370500450E01008637010021FE940A6B00C545625A88
:20BF4000DA1D236701003D6F05000C80ED8F0100D000F181823D6D6700003D5F0D002B5F9D
:20BF60000100E05982353D370500450E0100E637010021FED00A6B00E525645ABA1D236758
:20BF800001003D6F05002D570100EA61C21D6D6701003D5F0D002B5F0100E059C2153D37B3
:20BFA0000500450E01002637010021FE080B6B00A50DA45F99840B0601FFDE050B9E0100BD
:20BFC000449F998441E29C009B570300FC519B8D852D1A87020044876C84B5259A3703007A
:20BFE0009A3F0700BFFFA2FDC51DA45F99840B0601FFFE150B96010044979984A515415AEF
:20C000008B000B06ECFFBE05BF076AFEA50DA45F99840B0601FFDE050B7E0100447F998478
:20C020004206FF300002846753BCCC5601000668920DCC76FE00447752BC8D000D30BFFFCC
:20C040004AB81E020002846753BCCC5602000668920DCC76FD00447752BC8D000D30BFFF01
:20C0600002B81E020002846753BCCC5604000668920DCC76FB00447752BC8D000D30BFFF29
:20C08000BAB71E020002846753BCCC5608000668920DCC76F700447752BC8D000D30BFFF52
:20C0A00072B71E020002846753BCCC5610000668920DCC76EF00447752BC8D000D30BFFF7A
:20C0C0002AB71E020002846753BCCC5620000668920DCC76DF00447752BC8D000D30BFFFA2
:20C0E000E2B61E028700E0310058B225643A07608B254C000500050011001100110020560D
:20C1000064000658EA5F82028B00C75AEA37823286000659E50D2056E8030658EA5F8202AC
:20C120008B00C75AEA3782320A0A4130860006590B507F000002843F6584BFFFAAFFE051F4
:20C140000A58BA05205EFF3F0B30BFFF14BE1E020002245761836252DA250030BFFF6EB5F2
:20C1600044072684045F2584615AEA150030BFFF84B54407258404676483E061B315046F1B
:20C1800064835F6A446F648304776483E071AA0D64076183F5050132BFFF5AB5017A447F64
:20C1A00025841E020002245761836152DA250030BFFF42B544072584045F2684615AEA1503
:20C1C0000030BFFF08B54407268404676483E061B315046F64835F6A446F64830477648345
:20C1E000E071AA0D64076183F5050132BFFFDEB4017A447F26841E020002025A44078483B3
:20C200004407858344078683445F8783440788834407898344078A8344078B8344078C8312
:20C2200044078D83015244578E8344078F834407908344079183440792834407938364075E
:20C240008D8444079483440795834407968344079783440798834407998344079A834407BF
:20C260009B8344079C8344079D8344079E8344079F834407A0834407A1834457A28344070A
:20C28000A3834407A4834407A5834407A6834407A7834407A883640791844407A9836407D2
:20C2A000AA834407AC834407AD834407AE834407AF834407B0834407B1834407B28344079B
:20C2C000B3834407B4834407B5834407B6834407B7834407B8834407B9834407BA8344073A
:20C2E000BB834407BC834407BD834407BE834407BF834407C0834407C1834407C2834407DA
:20C30000C3834407C4834407C5834407C6834407C7834407C8834407C9834407CA83440779
:20C32000CB834407CC834407CD834407CE834407CF834407D0834407D1834407D283440719
:20C34000D3834407D4834407D5834407D6834407D7834407D8834407D9834407DA834407B9
:20C36000DB834407DC834407DD834407DE834407DF834407E0834407E1834407E283440759
:20C38000E3834407E4834407E583206EFF00446FE6834407E7834407E8834407E9834407BC
:20C3A000EA834407EB834407EC834407ED834407EE834407EF834407F083445FF183440749
:20C3C000F2834407F3836407F5836407F9836407FD8364070184640705846407098464072B
:20C3E0000D8444071084440711840C7244771284440768834407698344076A8344076B8340
:20C4000064076C8364076E836407708364077283640774836407768364077883243681841D
:20C420000842003880FF5059243679840842003880FF4459BFFF4CF81E020502860001EAC3
:20C4400044372384BFFFFEB21D502302A45723847F00E031860D6D32EF050152860044370E
:20C460001284A50500507F00845713847F000A02C600200EFC06E13107E0EA15E0E1C2152A
:20C4800024EE818408421C381D3080FF1E59E051B20D08421C381D3080FF7056E051C2058C
:20C4A00001624467648628020A02C600200E0903E13107E0EA15E0E1C21524EE7984084265
:20C4C0001C381D3080FFE458E051B20D08421C381D3080FF3656E051C2050162446774851B
:20C4E0002802C60006588B00CB5E7F000B069DFFC70DA4579784205E63000A0601FFDE0550
:20C500000A6E0100446F978487328600C6367F00E636E803EA5ACB3106507F00C6002056C2
:20C52000630006588B00CB5E7F00EA59C70DA4679784200EFF00E1610A58DE0541628C00E7
:20C540004467978487328600C6367F00EA310660C70DA4579784206663000A0601FFDE0514
:20C560000A8E0100448F9784EC666400CB610C507F000002845F1384635AE22D645AC22D82
:20C58000655AD205665AB205675AAA4DE4376F83BFFF52FF6457F583E4377183BFFF46FF75
:20C5A0006457F983E4377383BFFF3AFF6457FD83E4377583BFFF2EFF64570184E4377783AE
:20C5C000BFFF22FF64570584E4377983BFFF16FF64570984D525E4376F83BFFF42FF645745
:20C5E000F583E4377183BFFF36FF6457F983E4377383BFFF2AFF6457FD83E4377583BFFF86
:20C600001EFF64570184E4377783BFFF12FF64570584E4377983BFFF06FF64570984016210
:20C620004467CC84446759834407A1834407E1834407E2834407E3834407E4834407E68393
:20C6400044678C854407E7834407E8834407E9834407EA834407EB834407EC834407ED8316
:20C660004407EE83446774851E020002C600E039B23D045768836152FA35200EEC02E13114
:20C680000658B20D0B0611FDC20D0B060EFDCA0D016244676983850D016A446F6A83C5053B
:20C6A000017244776B83047F6983617ADA1D04876A8361829A1D048F6B83618ADA15440765
:20C6C00068834407698344076A8344076B83BFFFA4FE845F95840B0601FFEE050B960100C5
:20C6E0009200449794841E02C600200E7400E1310050CA0D0758846711848B00EC59B2157E
:20C700008700443F10840152E50D06068BFFBA0D0770A47F11848E00EF71D2058700443FDB
:20C720001184015261528A0D048F6883E089CA050192449768837F00C600063693FF65320E
:20C74000005006589B4D4B00060011001C00270032003D000768E4776F83CD00EE69C23D50
:20C76000C700643F6E830152F5350780E48F7183D000F1819235C700643F70830152C52D48
:20C780000798E45F7383D300EB99E225C700643F7283015295250768E4777583CD00EE6911
:20C7A000B21DC700643F74830152E5150780E48F7783D000F1818215C700643F7683015279
:20C7C000B50D0798E45F7983D300EB99D205C700643F7883015261528A0D046F6883E069E2
:20C7E000CA050172447768837F000002C600060642FFDF350750E4676D83CA00EC51F22DF1
:20C80000845F1384635AC21D645AA21D655A820D665AE205675AC20564076C838525C7003D
:20C82000643F6C830730BFFFBCFC64570D8404776883E071CA15017A447F4C868515C70066
:20C84000643F6C830730BFFFD6FC64570D84048F6883E089CA05019244974C861E02C60057
:20C86000060642FF9F2D0750845F13848A00EB51B22507608C00446712848700633AD215F2
:20C880000477128464729215047F1284657AD20D048712846682920D048F1284678AD2059A
:20C8A000019244974C86850D049F6883E099CA050152445768837F00C600C3322E06A88859
:20C8C0000000C6710E500E77040061720058DA0D2A67010007788C8701008F00F079822564
:20C8E0004C3F0000015AC51D8A6705006262DA0D2A6701000788EC970100D100F289821547
:20C900006C3F0000015AC50D6462AA0D2A6701002C9F0100F339C2056C3F0100015A615AAF
:20C92000BA0DAA6F0500017AED6E18002476A884CD714E7F0C007F00000204575F84E05157
:20C94000E20544075F840030BFFF1EB71E02000204576184E051E205440761840030BFFF67
:20C9600058B71E02000204576284E051E205440762840030BFFF9AB51E02000204575A8464
:20C98000E051E20544075A840030BFFF14B61E02000204575B84E051E20544075B840030D0
:20C9A000BFFF26B61E02000204575C84E051E20544075C840030BFFF38B61E0200020457E4
:20C9C0005D84E051E20544075D840030BFFF4AB61E02000204575E84E051E20544075E84A0
:20C9E0000030BFFF5CB61E02000204575284E051E205440752840030BFFFE6B61E020002FF
:20CA000004575384E051E205440753840030BFFFF8B61E02000204575484E051E205440756
:20CA200054840030BFFF0AB71E02000204575584E051E205440755840030BFFF1CB71E02FC
:20CA4000000204575684E051E205440756840030BFFF2EB71E02000204575784E051E2051F
:20CA6000440757840030BFFF40B71E02000204575884E051E205440758840030BFFF52B71C
:20CA80001E02000204575984E051E205440759840030BFFF64B71E02000204574A84E05177
:20CAA000E20544074A840030BFFF76B71E02000204574B84E051E20544074B840030BFFFEF
:20CAC00088B71E02000204574C84E051E20544074C840030BFFF9AB71E02000204574D840A
:20CAE000E051E20544074D840030BFFFACB71E02000204574E84E051E20544074E840030FD
:20CB0000BFFFBEB71E02000204574F84E051E20544074F840030BFFFD0B71E02000204576A
:20CB20005084E051E205440750840030BFFFE2B71E02000204575184E051E20544075184D9
:20CB40000030BFFFF4B71E02000204574284E051E205440742840030BFFF06B81E02000202
:20CB600004574384E051E205440743840030BFFF18B81E02000204574484E051E205440703
:20CB800044840030BFFF2AB81E02000204574584E051E205440745840030BFFF3CB81E0289
:20CBA000000204574684E051E205440746840030BFFF4EB81E02000204574784E051E205CD
:20CBC000440747840030BFFF60B81E02000204574884E051E205440748840030BFFF72B8A9
:20CBE0001E02000204574984E051E205440749840030BFFF84B81E02000204573A84E05125
:20CC0000E20544073A840030BFFF96B81E02000204573B84E051E20544073B840030BFFF9C
:20CC2000A8B81E02000204573C84E051E20544073C840030BFFFBAB81E02000204573D8496
:20CC4000E051E20544073D840030BFFFCCB81E02000204573E84E051E20544073E840030AA
:20CC6000BFFFDEB81E02000204573F84E051E20544073F840030BFFFF0B81E0200020457E7
:20CC80004084E051E205440740840030BFFF02B91E02000204574184E051E2054407418496
:20CCA0000030BFFF14B91E02000204572E84E051E20544072E840030BFFFB2A81E0200020B
:20CCC00004572D84E051E20544072D840030BFFFC4A81E02000204572B84E051E20544074B
:20CCE0002B840030BFFF06A91E02000204572984E051E205440729840030BFFF50A91E02A7
:20CD0000000204573284E051E205440732840030BFFFEABA1E020002845F1B84615AD2051F
:20CD2000200E1000E159BA0D04571B84E051F20544071B840030BFFF52ABD50D635ABA0D57
:20CD4000C4F763BB820D04671B84E061CA050030BFFF38AB1E020002845F1B84615AD2054A
:20CD6000200E1000E159BA0D04571C84E051F20544071C840030BFFFEAAAD50D635ABA0D7E
:20CD8000C4FF63BB820D04671C84E061CA050030BFFFD0AA1E020002845F1B84615AD2056A
:20CDA000200E1000E159BA0D04571D84E051F20544071D840030BFFF82AAD50D635ABA0DA4
:20CDC000C4C764BB820D04671D84E061CA050030BFFF68AA1E020002845F1B84615AD205C8
:20CDE000200E1000E159BA0D04571E84E051F20544071E840030BFFF1AAAD50D635ABA0DCA
:20CE0000C4CF64BB820D04671E84E061CA050030BFFF00AA1E020002845F1B84615AD205E6
:20CE2000200E1000E159BA0D04571F84E051F20544071F840030BFFFB2A9D50D635ABA0DF0
:20CE4000C4D764BB820D04671F84E061CA050030BFFF98A91E020002845F1B84615AD20506
:20CE6000200E1000E159BA0D04572084E051F205440720840030BFFF4AA9D50D635ABA0D16
:20CE8000C4DF64BB820D04672084E061CA050030BFFF30A91E02000204572C84E051E20516
:20CEA00044072C840030BFFF14A71E02000204572F84E051E20544072F840030BFFF7EA676
:20CEC0001E02000204573384E051E205440733840030BFFF20B71E02000204572184E051EC
:20CEE000E205440721840030BFFFAAA81E027F0086006132CA0564077D83C5050252645750
:20CF00007D837F0014028600C80004578183665208D806D00760C10D845FA3841FE20B0610
:20CF200001FF9E550B6E0100446FA284C54D200E1202E1D900E0C70DA45F9F8420DE1202B1
:20CF40000B0601FFDE050B76010044779F84847F8183EF7E180224EE74A6DD790F36040024
:20CF60001B400C3880FFA44BE051C22D84878183F0861802DD8170DF0200848F8183F18EA0
:20CF80001802DD8951D70000049781834192920044978183A49F9D84A46F8183ED99DE0522
:20CFA0000477818344779D84047F8083417A8F00447F8083045780836652D1054407808346
:20CFC000A5051FE21C5032020F02C80004578183E05106D80760BA0500E09565845F8383D6
:20CFE00024EE74A6EB5E18021D68CB69ED770300E871F70D1D78CB796F470200A4879F8446
:20D00000100601FFEE05048F9F84418A448F9F84E061EA0DE0D9CA0DA45F9F841FE20B0690
:20D0200001FFDE3D0B96010044979F84853D845F83831D50EB5E18021D38CB39443ACB51C7
:20D04000EA6F03000D400C3080FFC04AE051E22584778383EE761802DD710E7F00005B7FF6
:20D06000000084878383F0861802DD81F0E70300BFFFA67B048F81835F8A9100448F818310
:20D08000BFFF5C7B845F8383415A8B00445F8283665AD60544078283A5051FE21C502D0213
:20D0A0008207610001EA24577D83E051FA55047758836172BA55C4E785BC8A552336030041
:20D0C000243E62A420461002BFFF00FF0A68CD00646F72A6CA00E051B765A36703006162A2
:20D0E000F2256262E22DA45F9F84200EFF00E15900E8DE050B56010044579F84646F72A6E3
:20D1000061EAEA4D426ACD00243680BC244660A4450E0100214E481A646F72A60D38BFFFFD
:20D12000966A6152FA15018264877D83953D048F0885448F60A404970985449761A4F5DD1B
:20D14000049F5085449F60A404775185447761A4E5D5028A648F7D83B52524977D8362929D
:20D16000FA1D049F5883619ABA1D845F9F840B0601FFDE050B76010044779E84243680BC59
:20D18000E43F73A6244660A4450E0100214E481ABFFF246A6152CA051D78647F7D83420632
:20D1A0007F004407808344078183440782837F002A0601CA0000EA319A15E039F20D205631
:20D1C000130024669484005800680C70CD714E070000416AEA69A6FDD505EA31EA5F0000EC
:20D1E000445A0B507F0089002A0601CA0000EA31AA1DE039821DE041E21500580050EA49A6
:20D20000F70D0760CA6124769484CA710E7700004C7700004152CA000A06EDFF96F54857C0
:20D220000000E50DEA31F205055AE041920D48070000E505045AE041B205480700000B50B2
:20D240007F00440722B300507F0088002A0634810000EA31FA15E039D21561429A15875799
:20D26000010061520058D2050A60AC007F628A0DAA00445723B30172447722B3F505045AC7
:20D28000D505EA31EA5F0000445A0B507F0089002A0634810000EA31AA15E0398215E041BF
:20D2A000E20D046724B347670000016A486F0000614A00589915484F0000E50DEA31F20521
:20D2C000055AE041920D48070000E505045AE041B205480700000B507F00210673C9000034
:20D2E000E1310068D205E031B205056A9515245625B3245E2DB300600B70CC714E070000DB
:20D300000A78CC794F07000041626862E6F50D507F008800210673C90000E131AA2DE039DF
:20D32000822DC87E0100BA25200E1000E141FF1D8142E04100600868B725243625B3247640
:20D340002DB300500778CA790E800F8F0000CA81508F00000690CA91CD790F7F0000527FEF
:20D36000000041528A00ED51E6EDA50D0462850D210634810000E131EA67000044620C5094
:20D380007F008207E11006D8BFFFCA98615200E000E80A58E205685AC20507E28007580180
:20D3A000E0D9BE0580070A012C061CC10000ECD9B7058007FC002B0601800000EBD9C25DB7
:20D3C000EBD9FF1D205E0071EBD99245EBD9EF0D205E2819EBD9D22DEBD9CF05E0D9922599
:20D3E000F5651B06ADCEC22DB5652B0600800000EBD9B23DEBD9CF5D1B06DC8EF22D855D4E
:20D400002B062D990000EBD9D245EBD9FF05210604800000E1D9F235B54DECD9A245854D66
:20D420002F06D0A10000637F010020EE230095453006B8A000006387010001EAA53D3106DB
:20D44000C0A00000638F010001EAB5353206C8A000006397010001EAC52D3306D0A0000083
:20D46000639F010001EAD5252A06D8A000006357010001EAE51D2F06E0A00000637F0100DC
:20D480000DEAF515300648A100006387010002EA8515310658A10000638F01000DEA950D3F
:20D4A0003206C0A100006397010002EAA50505E265E29225E0E9F31D23470100243625B3E7
:20D4C000083A00580B78C37AC8792F7F010001820F5047500670CA71C352AA79EF87C0006A
:20D4E0000E8F0000308051814E870000415A8B00FD5991ED1C504206FF108207E1F0880099
:20D5000007C806C008E0BFFF4C97615200D800D000E80A58E205685AC20507D28007EE0189
:20D52000205E2819EBC1F61D2D061CC10000EDC1AF1D2C0601800000ECC1BA058007340108
:20D54000ECC1AF5520662471ECC1BA058007F600ECC1CF4520665331ECC1E25DECC1AF3DC6
:20D56000EBC1A25505D265D2BA058007A001FDE1B20580079601E0D9BB058007900123E7C5
:20D580000100084A24EE2DB300580B60C362DC612C870100013A107849781D70CF718E3757
:20D5A0000100C37AAF81F03FC0008C9F0500D999939F0100AC570500EA9FA000D39E010096
:20D5C000619AB20580070C0107314E37000080070A011806008FB22DE5C5210600800000D9
:20D5E000E1C1B23D85C52B062D990000EBC1925DEBC1FF05210604800000E1C1E245B5B530
:20D60000EDC1B25D85B52F06B8A00000637F010001DA02EA95AD3006C0A000006387010019
:20D6200001DA400E0100A1EFADA0E59D3106C8A00000638F010001DA400E010081EFAFA0E6
:20D64000B5953206D0A000006397010001DA400E0100A1EFAFA0858D3306D8A00000639F0F
:20D66000010001DA400E010081EFB1A0BF07FAFE2A06E0A00000635701000DDA400E01005F
:20D68000A1EFB1A0BF07E2FE2F0648A10000637F010002DA400E010081EFB3A0BF07CAFE86
:20D6A000300658A10000638701000DDA400E0100A1EFB3A0BF07B2FE3106C0A10000638F37
:20D6C000010002DA400E010081EFB5A0BF079AFE278046814E870000243625B32C57010002
:20D6E000019A0A904990D231C392B251067F0000EA9FC0000F99469F0000415A8B00FB59EC
:20D70000B905BF0788FEA50504D21A504206FFF08207E1708900E0390068BA0580071002A2
:20D72000E041BA058007080220562819EA310060005896252E0601C90000EE31CF1D3D06E7
:20D7400004800000FD31BA0580078201FD31FF6520762471EE31BA0580072A01EE31AF55DE
:20D7600020765331EE31BA058007EC00EE31EF45EA31926D056A656ABA058007BC01E9594E
:20D78000A3050958E0590050A30D0778CA794F07000041528A00EB5191FD0050E061A32DE7
:20D7A00023CF010008E224EE3DB30A70C372D9712E87010010305C300678C37AAF81018A99
:20D7C000F08FC0001D98C699939F01005389EA9700008EDF0500AE870500C7D91B9F000060
:20D7E000F097C00013915B97000041528A00EC51D1DD485F0000800740010606008FE23523
:20D80000A5BD2A0601800000EA31C255EA31BFB5210600800000E1319245D5AD2A061CC115
:20D820000000EA31BA058007D400EA31FF0521062D990000E131E255E59DEE31BA05800777
:20D84000D400959D2F06B8A00000637F01000162025AA5953006C0A0000063870100016275
:20D86000400E0100A15FADA0F5853106C8A00000638F01000162400E0100815FAFA0BF0759
:20D88000F8FE3206D0A00000639701000162400E0100A15FAFA0BF07E0FE3306D8A0000099
:20D8A000639F01000162400E0100815FB1A0BF07C8FE2F06E0A00000637F01000D62400EA1
:20D8C0000100A15FB1A0BF07B0FE300648A10000638701000262400E0100815FB3A0BF07CC
:20D8E00098FE310658A10000638F01000D62400E0100A15FB3A0BF0780FE3206C0A1000081
:20D90000639701000262400E0100815FB5A0BF0768FE3306D0A10000639F010020662300A2
:20D92000400E0100A15FB5A0BF074EFE046AE041B205480700000D504206FF70820761009E
:20D9400088002B0602CA0000EB310760AA15E06182156142EA0D0132633701000038064042
:20D960000C48BFFF641BE05100E8FA0501EAD505EB31EAEF000044EA1D5042067F000A02D6
:20D9800089002B0602CA0000EB31096008E00768BA15E0699215E0E1F20D013200380D48E6
:20D9A0000C40BFFFC01BE05100E8AA0501EA01725C770000E50DEB31F20505EAE0E1920D35
:20D9C0005C070000E50504EAE0E1B2055C0700001D50280286072100E0310060DA0D05325D
:20D9E000BFFF92300432BFFF8C3044078986BFFFAE070162C51D6132AA1D44078886BFFF74
:20DA0000B6130552635701002D06804F1200636F0500450E010021766C2C6377090044078F
:20DA200020B323360000BFFF803001620C5046063F000002BFFF9407E051E2050162446781
:20DA40008986BFFF2A6D1E028A07E13000681F4208E824363DB3083A2E06E8A2000000D0CD
:20DA600000D800E00D58C25ACE592B5F01000B6047600C78C37A0B80AF81018AF08FC00063
:20DA80000698CC99939F01005389BA0580071601615A0162B20D655A920D625AF205635A6C
:20DAA000D2050B06EBFFA20500606162BA059AD60100665A01628225675AE21D685AC21D6F
:20DAC000695AA21D0B06EFFFF215200E1000E159B2150B06ECFF82156C5AE20D6B5AC20DA3
:20DAE0006E5AA20D6D5A820D0B06EDFFD2050B06EEFFA20500606162BA059BDE0100645AC6
:20DB0000016292350B06E6FFE22D0B06EAFFB22D0B06E9FF822D0B06E8FFD2250B06E7FF6F
:20DB2000A2250B06E5FFF21D0B06E4FFC21DE059A21D0B06E2FFF2150B06E3FFC2150B067B
:20DB4000D5FF92150B06D6FFE20D0B06D7FFB20D0B06DCFF820D0B06DBFFD2050B06DAFFA8
:20DB6000A20500606162BA059CE60100615A0162C20D655AA20D625A820D635AE205645A91
:20DB8000C205E059A20500606162CA0D04578B8665528E0D41EABD0023860200DD81505F86
:20DBA0000000416A0D06DDFFBE05BF07BAFE61D2F21D61DAD21D61E2B21D44478B86053239
:20DBC000BFFFB22E0592639709003306804F1200639F0D00450E0100218E6C2C638F110046
:20DBE000440720B323360800BFFFBE2EA54D045720B36152EA4561D2DA0509320038BFFFB7
:20DC0000864F61DADA050A320038BFFF7A4F61E2DA050B320038BFFF6E4FE0E90060A61D1C
:20DC2000045F8B86655AAE150B7E0100447F8B86249608B304878B86238E0200C282D09127
:20DC4000CC89918F0100728F010041628C00FD6187ED0532BFFF1E2E057A637F090030066A
:20DC6000804F120063870D00450E0100219E6C2C639F1100440720B323360800BFFF2A2E79
:20DC8000E0D1DA050932013ABFFFFC4EE0E1DA050B32013ABFFFF04EE0D9DA050A32013A53
:20DCA000BFFFE44E4A06FF30046F8B86E0690060B615245608B300580B78C27ACA792F7FC0
:20DCC0000100E679BA050162F505415AAB00048F8B86F159A7F50C507F009A07E13024E661
:20DCE0003DB3084200381C3080FF8C40047F8986E07900D0E21D04878886E081EA1DBFFFA2
:20DD0000DE04445704B3018A448F8886049263970100209E8813639F0500450E0100217E7F
:20DD2000742C637F090023360000BFFF7C2DD505BFFFCA04445704B33D06EC9D000000D83C
:20DD40001B60C362DD618C8F0500049704B35191F2252C5F01000B06CBFFAE250B30BFFF47
:20DD60004AFFE0518A0D80FF881B6152CA05019A449F89861B88C38ADD89318F01000192B7
:20DD80001180080A41801C50D051C382B0890A580A570000F197C0000A914B97000041DA71
:20DDA0009B0066DAE6CD23EE0C001D30BFFF5E10047F21B3617A0058CA2D2606149F0000DF
:20DDC0000B68C36AC6698D970500E592AD570500DD91CA9112970000E091E2152D6701005C
:20DDE0000C06CBFF9E150C98080A41981C50D351C39AB36101820A380A570000EC87C000AB
:20DE00000A8147870000415A0B06E3FFA6DDB52D26061C9E00000B68C36AC6698D7F0500F0
:20DE2000E57AAD9F0500DD79D3790F7F0000E079E2152D6701000C06CBFF9E150C50080A20
:20DE400041501C98CA99C352AA61018A1338139F0000EC8FC0001389478F0000415A0B0619
:20DE6000E1FFA6DD2606C49D000000580B60C362C6612C7F0500A4579183EF51BA152C8F1A
:20DE80000100080A119841981C50D351C39AB38901920A380A570000F197C0000A914797CD
:20DEA0000000415A655AB6E5BFFFEC0E047F3184617A0AE8DA1D04878A86E0819A1D049F63
:20DEC00022B3619ABA0504EF23B3E0E99215018A448F8A86E0E9F705448F28841130BFFFC9
:20DEE0009497E505023244372884BFFF889780FFF4196B52BA05C41F43B380FFE219E05149
:20DF0000B205C42743B324362DB3247625B300581C68CB690E60CB618C67010006500D9F1D
:20DF200000002C885199CB510A5700004C510A994D9F0000415A685AC6ED047F22B3617A57
:20DF4000DA0504EF23B3440723B3045F8C860B0681FF8E0D0B068000D7051D80CB81448736
:20DF60008C86048F24B3DD89448F24B33D06FC9F000000D81B70C372DD712E6F0500E06966
:20DF8000821D2E9F01001C881358080A41580B50C352AA99017AF37FC000CB89918F010085
:20DFA000450E01005179EA37000021FE082B6D0041DA9B001B06EAFFE6DD24EE35B300588E
:20DFC0001C80CB81108700001D78CB790F7F0000EF81D21D01D20532BFFF9A2A05926397DF
:20DFE00001002A06804F120063570500450E0100219E6C2C639F0900440720B32336000023
:20E00000BFFFA62A1F8A448F8B86D505415A8B00685AF6D5E0D1B2151C3080FFB802E0512A
:20E02000F21D00581D78CB791C98CB99139F00004F9F0000415A685AE6F5A51504678C8679
:20E04000E061E20DA45F8D86655AA70D0C3080FF5402E051D20544078C8644078D86A45F30
:20E060008D860B06ECFFEE050B8E0100448F8D86B50544078D8680FFC002BFFFCEF90487B5
:20E080008986E081DA050030BFFF10CFC5050030BFFF5CCB5A06FF3086072100BFFFB201D7
:20E0A000BFFF260EBFFF100D80FF6602243635B30842003880FFC03C4407888644078986BA
:20E0C000440724B3440722B3245E25B324662DB300680C70CD714E0700000B78CD794F07A4
:20E0E0000000416A686AE6F50582638701003106804F1200638F0500450E010021966C2CA4
:20E1000063970900440720B323360000BFFF9A2946063F000152445720B37F0044078986DF
:20E12000440788867F00000204572884E051F205440728840030BFFF3C95B50544078A860B
:20E140001E028600443721B37F000A020068243E3DB308422E06E8A20000003000E000E885
:20E160000D58C25ACE592B5F01000B6048600C78C37A0B80AF81018AF08FC0000798CC990F
:20E18000939F01005389BA058007E000615A0162B20D655A920D625AF205635AD2050B06B7
:20E1A000EBFFA20500606162BA0586360100665A01628225675AE21D685AC21D695AA21D82
:20E1C0000B06EFFFF215200E1000E159B2150B06ECFF82156C5AE20D6B5AC20D6E5AA20DA7
:20E1E0006D5A820D0B06EDFFD2050B06EEFFA20500606162BA059CE60100645A0162923503
:20E200000B06E6FFE22D0B06EAFFB22D0B06E9FF822D0B06E8FFD2250B06E7FFA2250B06BA
:20E22000E5FFF21D0B06E4FFC21DE059A21D0B06E2FFF2150B06E3FFC2150B06D5FF9215D1
:20E240000B06D6FFE20D0B06D7FFB20D0B06DCFF820D0B06DBFFD2050B06DAFFA205006015
:20E260006162BA059DEE0100416A0D06DDFFBE05BF07F0FE6132EA05203620000038BFFF91
:20E28000064961E2EA05203621000038BFFFF84861EAEA05203622000038BFFFEA4828024C
:20E2A0007F000002A600C4E74DB300609A150152445768B3445769B344376AB3243648B3D0
:20E2C000033A244668B30048BFFFEC580A600C501E020502C4E74DB300E80658FA150152F2
:20E2E000445768B3440769B324366AB308420B3880FF1838E051A20D243648B30A3A24464B
:20E3000068B30048BFFFB0580AE81D5023020002065244574CB324674DB3200EFFF0416112
:20E3200064674DB3243648B3450E0100213EF82DBFFF5A541E020502045792866152D20555
:20E34000045F9386615ACA050132BFFF169604679286E0618A0D046F9386E069CA050030EB
:20E36000BFFF0096047790866172D205047F9186617ACA050132BFFF129604879086E0812F
:20E380008A0D048F9186E089CA050030BFFFFC9580FFE80B44579586049795866192D205DD
:20E3A000049F9486619ACA050132BFFF2099045F9586E0598A0D04679486E061CA05003019
:20E3C000BFFF0A9980FFAE0B61520AE8D205046F9686616ACA050132BFFF329AE0E98A0DE2
:20E3E00004779686E071CA050030BFFF209A80FF7E0B61520AE8D205047F9786617ACA05F0
:20E400000132BFFFF098E0E98A0D04879786E081CA050030BFFFDE9880FF4E0B61520AE86A
:20E42000D205048F9886618ACA050132BFFFA697E0E98A0D04979886E091CA050030BFFF25
:20E44000949780FF1E0B61520AE8D205049F9986619ACA050132BFFFA497E0E98A0D045FF2
:20E460009986E059CA050030BFFF929723028600443799867F008600443798867F00860076
:20E48000443797867F008600443796867F008600443794867F008600443793867F00860010
:20E4A000443792867F008600443791867F008600443790867F000A0224EE74B33D37010063
:20E4C0003D3F0500BFFF32B3200E1027E15100E0812504679C86E061C20544079C8601E216
:20E4E00080FF0214246F85B3ED51E20580FFF613645785B301E2E0E1C20D243781B3243FB7
:20E5000085B3244789B380FF4E001D30BFFF54B32802000280FFA80044079C86243674B3FC
:20E52000BFFF40B31E02C600E031BA0D245781B3E751F20D643F81B3015A445F9C86950DED
:20E540006232FA05246789B3EC39B205643F89B37F007F00080263370100633F05006347B2
:20E560000900C4E7C5B300E88A2D015244578CB324368DB3233E0000044280FF8E35E051EF
:20E58000C21D243691B3233E0400044280FF7C35E051B215243695B3233E0800044280FF5B
:20E5A0006A35E051A20D2436C0B30D3A24468CB30048BFFF02560AE81D50260200020E52D8
:20E5C0004457C4B32467C5B3200EFFF041616467C5B32436C0B3450E0100213EAA30BFFF0C
:20E5E000AC511E020002BFFF4E0AE467AD86EA610A58D205645FAC86C42FA186C4AFA2863A
:20E60000206EF401646F24B41E020002C4E72DB4B20580076802BFFFCEFF015A445FE0B35A
:20E62000445FE1B3C4C7A086BA050A72A50501720B60C16224360EB4CC31E6370100EE37B0
:20E640002002C600016A848FA386EB6FC0004D89FA3D24761AB4CC71EE9F010013385F9A8D
:20E66000E0396E9F0000CA350457A2860D514457A286047FA1860D79447FA1862B86FFFF08
:20E680006482EB2550000500110016001B0020000F924497A9864497A786209EA000449FD9
:20E6A000AA86449FA886C5152056FF006457B086F50D207EFF00647FB286A50D2086204E59
:20E6C0006487AE86D505208EE703648FAC868497A1864D91BA0580078201E031BA05800744
:20E6E0007A01247602B4CC712E4700004142C800E6416E470000B905800760016E0700005B
:20E70000A457A1864D51BA05800750012466E1B3847FE1B3CC794F5F01002B86FFFF648264
:20E720000070B30580071201500005003F005200650076008497E1B3CC9152070200849FCC
:20E74000E1B3CC9953070300043FA786C73E1F00847FA986C83A0F39073E60F00798D3004C
:20E76000848FE1B3CC89513F04008497E1B3CC91889A529F05000447A986C8461F00845763
:20E78000AB86C8420A41084660F00898D300848FE1B3CC89514706008497E1B30672CC91C4
:20E7A000889A529F0700854DE447B1860846D8FF0890D2008487E1B3CC8150470200848FE4
:20E7C000E1B30272CC89889251970300D535E447B3860846D8FF0888D100847FE1B3CC7907
:20E7E0004F4702008487E1B30272CC81888A508F0300A5258497E1B3E49FAF86CC91889A7D
:20E80000529F020002728457E1B3247FAE86CC514A7F030095158487E1B3248FAC86CC81E7
:20E82000508F020002728497E1B3E49FAD86CC91889A529F03008457E1B3CC514A7700005E
:20E84000047FE0B3CE79427A447FE0B3048FA1862D805089448FA186415A665ABE05BF072B
:20E86000C6FD845FE1B3615A970D243628B42446E1B300480B38BFFF3E531E020002205659
:20E88000100044572CB424672DB4200EFFF041618C66000164672DB4243628B4450E010099
:20E8A000213E1A34BFFFE64E24360EB40C42003880FFC434243602B40C42003880FFB8349F
:20E8C0001E02C600E031A76500500A4E010089000790CA91929701000946010088000856B1
:20E8E00001000758C8598B5F01000788C85AC989918F01008A00115965921270DB455200A9
:20E90000060029002900290029002900E059F21D0172245E0EB4246602B40E68C16A0C80B8
:20E92000CD810B78CD792F7F0000707F00000192049FA186EE97C000139192004497A18649
:20E9400041726672B6EDC407A086E51DC487A086B51D0E88C18A24860EB4D181705F0000E5
:20E960000162EE67C000E059820D047FA0860C798F00447FA086850D0497A0862C985391B6
:20E9800092004497A086E65196A57F00C6000660C162246E1AB4CC692076F4016D770000A0
:20E9A000015AE65FC0000487A2862B784F8190004487A2866232F20563320650A21564526B
:20E9C000E21DA52DE48FB186E789E225C700643FB086049FA1860B999300449FA186C51DB8
:20E9E000E467B386EC39821DC700643FB2860477A1860B718E004477A186E50DE47FAF8615
:20EA0000EF39A20DC700643FAE86048FA1860B899100448FA1867F000A02C600200E97038F
:20EA2000E13107E0BA1DE0E1921DC48FA2862056F40164571CB424EEA38608421C381D30FF
:20EA400080FF6833E051A20D08421C381D3080FFBA30E051B205C40FA1862802050201EA6A
:20EA60000457F686E051AA2544EFF686A4371987A4770D87AE3180FF56336152AA35047FEA
:20EA8000198704870D87F079E30544EFF4864407F586D5054407F48644EFF586243668B430
:20EAA000BFFFC0AD44EFF786C51D0467F7866162FA15243E68B427370100273F0500BFFFD9
:20EAC00038AD0A06F0D8D90D4407F4864407F5864407F6864407F78644071987A50500E8FC
:20EAE0001D5023020002A45F19870B06C4FFFF250B06DCFFC625BFFF66FF6152A225A45F70
:20EB00000D87A4671987EB61F20DEB61F305016A446FF4864407F586C5154407F4860172B7
:20EB20004477F586E50D4407F4864407F586440719874407F6864407F786B5054407198703
:20EB40001E0214028600C4E775B400E00658DA4D24EE48B4EB5E140024D6B486CBD120461F
:20EB6000200000381D3080FF0E32FA5F05000B06E0FFB70DA45F21870B0601FFEE350B66CF
:20EB800001004467218795350BDEFEFF9B009A770300E07100E0D3153A3F09001C80C48245
:20EBA000D03927370100273F050024464AB41B48BFFF182B41E29C009A570300FC51DBEDEE
:20EBC0001A670000446748B41A6F0100446F49B4243670B4FA3F0500450E0100214ED83844
:20EBE0001D40BFFFD24F0AE01C50320201524457C0867F000502A45F1587625ACA0D015210
:20EC00004457F086BFFFE8FF01624467F28644071587F505615ADA054407F2864407158793
:20EC2000046FF086616AFA350477F2866172BA3524EEB486845FF9860B80F0861400DD811B
:20EC400010870C006182DA1D0B30BFFFF8FE6152FA0D848FF986F18E1400DD8951070C009F
:20EC60000497F8864497F1864407F086A50D845F21870B0601FFDE050B9E0100449F208703
:20EC8000845FF986415A8B00445FF886635AB6054407F886046FF286446F1D870477F08657
:20ECA00044771C87230200024407FC8601524457FD864407FE864407FF86440700874407D5
:20ECC000018744070287440703874407048744070587440706874407078744070887440780
:20ECE000098744070A8744070B8744070C8744070D8744070E8744070F8744071087440720
:20ED000011874407128744071387BFFFE2FE1E02050280FFDC0BA45FF386200E6400E1591F
:20ED20000AE8D60D4407F38644EF1E8763EAC205BFFF76FF850DBFFFB6FED5050B660100CB
:20ED40004467F386BFFFB0FE63EACA05BFFF98FDB50544071987230200020352445774B4D0
:20ED6000246775B4200EFFF04161646775B4243670B4450E0100213EA83ABFFF104A1E02E1
:20ED8000860001524457F086E031CA15A45FF1862466B486EB5E1400CB614C570C00A47708
:20EDA0001F870E0601FFEE05047F1F87417A447F1F877F008207E170C700E03106C8BA059B
:20EDC00080077A01613ABF05800772016A3AB70580076A01996F0100B977010007D6FEFF72
:20EDE000DA002436B48600580B60EC661400C6618C870100ED81B20580073401EC970500D8
:20EE00001A8E0200F2890CD8B20580070E01BB9F0100EE99B205800702019B570300E05153
:20EE2000BB0580072A0100E03BEF09001C80C482D0E93D370100233E0000194602001A4819
:20EE4000BFFF56299D5F0900615ADA1D236701003D6F05000C908D9F01009200F391E2556C
:20EE60004D6700003D5F0D002B5F0100E059E24D3D370500450E01008637010021FEDA3985
:20EE80006B00C545625ADA1D236701003D6F05000C88ED970100D100F289823D6D67000016
:20EEA0003D5F0D002B5F0100E05982353D370500450E0100E637010021FE163A6B00E5255F
:20EEC000645ABA1D236701003D6F05002D7F0100EF61C21D6D6701003D5F0D002B5F01007C
:20EEE000E059C2153D370500450E01002637010021FE4E3A6B00A50DA45F21870B0601FF57
:20EF0000DE050B5601004457218741E29C009B7F0300FC79AB8DB51DA45F21870B0601FF52
:20EF2000EE150B8E0100448F21879515415A8B00635ABE05BF07B4FEA50DA45F21870B0683
:20EF400001FFDE050B9E0100449F21874206FF700002C600066007300C38BFFF5AFE1E0203
:20EF6000A457F5867F008457F5867F00845719877F00A45717877F00845717877F000002BB
:20EF800044071487BFFF68FC1E02C6000606E8FFDF0D0750845F15878A00EB51F20587008A
:20EFA000443F1487016A446FC0867F000F02C600C3323D066CA60000C6E907D880FF3209E7
:20EFC000635200E0FA2D9D5F0500615ADA0D3D5F01001B608B6F01008C00ED61E21D4BDFBC
:20EFE000000001E2A51D625ADA0D3D5F01001B70EB7F0100CE00EF7182156BDF000001E244
:20F00000C50D645AAA0D3D5F01002B870100F0D9C2056BDF010001E261E2CA05018A448F2B
:20F02000C0862D022A0603CA0000EA31FA0DE039D20D24561C87006000580A68CB694D0775
:20F040000000415A665AA6FDD505EA31EA67000044620C507F0089002A0603CA0000EA314A
:20F060009A1DE039F215E041D21500580050EA49E70D0760CA6124761C87CA710E77000053
:20F080004C7700004152CA006652A6F548570000E50DEA31F205055AE041920D48070000EC
:20F0A000E505045AE041B205480700000B507F000002C600E031E215E039C215875F010060
:20F0C000615A8A1587370300A77F0300C8320F3187870500A78F0500C88211811038BFFF82
:20F0E000A63A1E0200020552445794B4246795B4200EFFF04161646795B4243690B4450E3C
:20F100000100213E083CBFFF84461E020002C4E7B5B40060BA3D6232F2056332D2056432A9
:20F12000B2056532BA3501524457DAB44437DBB4076F0000446FDCB4077701004477DDB488
:20F14000077F0200447FDEB4078703004487DFB4078F0400448FE0B4079705004497E1B4CF
:20F16000049FD9B4E099AA152436B0B4083A2446DAB4450E0100214ED242BFFF3A4A615263
:20F180000A60CA05016A446FD9B40C501E020757000046570000075F0100465F0100076799
:20F1A000020046670200076F0300466F03000777040046770400077F0500467F05007F0056
:20F1C0008407E1108800210670C90000E131AA4566428A45075700004357070007670100E5
:20F1E00043670600076F0200436F05000777030043770400077F0400437F0300078705000F
:20F200004387020023E602001C30BEFF90F4E05100D8BA0501DAF51D038F060024EEF0B487
:20F220005F8A438F06001D301C38BFFF64FF05321D38BFFFDAFE6152EA054407D8B4640745
:20F24000E5B4950D01924497D8B4059A649FD5B4A50501DA1B504406FF108407E110890000
:20F26000210670C90000E13107D808E0AA2D664A862D23360200BEFFF8F5E05100E8D21D0E
:20F28000036707005B670000036F06005B6F0100037705005B770200037F04005B7F030042
:20F2A000038703005B870400038F02005B8F050006925C970000E5055C07000001EAA505EB
:20F2C00004EA1D504406FF100002E03100609A0DBEFFEAF86407E5B44407D9B401628515E8
:20F2E0006132EA0DBEFFB0F86407E5B44407D9B46407D0B42056C8006457248701620C50F1
:20F300001E020657000047570000065F0100475F01000667020047670200066F0300476F78
:20F3200003000677040047770400067F0500477F05007F0006670000076F0000ED6100582A
:20F340008A2506770100077F0100EF71AA1D06870200078F0200F181CA1506970300079F14
:20F360000300F391EA0D06670400076F0400ED618A0D06770500077F0500EF71AA05015AC8
:20F380000B507F0084076100430701004307020043070300430704004307050043070600D6
:20F3A00006E823360100BEFFC8F4E051C21D036F01005D6F0000037702005D770100037F6A
:20F3C00003005D7F0200038704005D870300038F05005F8A5D8F0400039706005D970500CE
:20F3E0000152A505005044067F008407610006570000435701000667010043670200066F84
:20F400000200436F03000677030043770400067F0400417A437F050006870500438706008A
:20F4200023360100BEFF76F2615200E8AA0501EA1D5044067F000A02245FE5B42457D0B4BB
:20F4400041526457D0B4635ACA5524EEF0B41D30BFFF34FFE051821D05321D38BFFFB0FC44
:20F460006152EA054407D8B46407E5B4F50501624467D8B4026A646FD5B40C32013ABFFF7C
:20F48000063780079A021D30BFFFFCFEE051821D05321D38BFFF78FC6152EA054407D8B400
:20F4A0006407E5B4F50501724477D8B4027A647FD5B40C32013ABFFFCE36800762020C3248
:20F4C0000038BFFFC2364407F0B44407F1B44407F2B401824487F3B44407F4B44407F5B492
:20F4E00005321D38BFFF28FC6407E5B480073002615ACA5524EEF0B41D30BFFF8AFEE0518D
:20F50000821D02321D38BFFF06FC6152EA054407D8B46407E5B4F505018A448FD8B402920E
:20F520006497D5B40C32013ABFFF5C368007F0011D30BFFF52FEE051821D02321D38BFFF94
:20F54000CEFB6152EA054407D8B46407E5B4F505019A449FD8B402626467D5B40C32013A30
:20F56000BFFF24368007B8010C320038BFFF18364407F0B44407F1B44407F2B4016A446FC3
:20F58000F3B44407F4B44407F5B405321D38BFFF7EFB6407E5B480078601625A8A4D24EE63
:20F5A000E8B41D30BFFF46FE6152EA1D24EEF0B41D30BFFFD2FDE051BA0580076201033207
:20F5C0001D38BFFF4AFB6152FA054407D8B46407E5B480074A0101724477D8B4037A647F5A
:20F5E000D5B480073A011D30BFFF02FE6152B20580072C0124EEF0B41D30BFFF8AFDE0511E
:20F60000BA0580071A0103321D38BFFF02FB6152FA054407D8B46407E5B4800702010182AA
:20F620004487D8B4038A648FD5B4957DE059FA752497D0B4249F2487F39191756407D0B48A
:20F6400024E6F0B41C30BFFF3EFDE05192358467F1B424EE2887EC666400206E2823AC69CA
:20F66000646F24871C301D38BFFFCCFC6152EA050C320038BFFF1035A5551C301D38BFFF71
:20F6800084FC04321C38BFFF86FA6152EA054407D8B46407E5B4F50501724477D8B4047A73
:20F6A000647FD5B40C32013ABFFFDC34853D1C30BFFFD4FCE051F22D8487F1B424EE28873A
:20F6C000F0866400208E2823B089648F24871C301D38BFFF62FC6152EA050C320038BFFFED
:20F6E000A634D51D1C301D38BFFF1AFC04321C38BFFF1CFA6152CA056407E5B4F505019258
:20F700004497D8B4049A649FD5B40C32013ABFFF7634D5050C320038BFFF6C340467D8B4D2
:20F720006162FA052437D5B4243EF0B4BFFFE0F928020002BEFF1AF5E051DA05BEFFA4F429
:20F74000BEFFA0F46407D0B46407E5B44407D9B44407D8B407624467B4B4246FB5B4200E10
:20F76000FFF04169646FB5B42436B0B4450E0100213EE442BFFF16401E028600E031E25719
:20F7800000004457D8B44407D9B47F00C600E031B235E0399235075F0000615AAA2DA75757
:20F7A0000100E051E2056152820D6407E5B4E52501626467E5B4A525026A646FE5B40777F9
:20F7C00002004477E8B4077F0300447FE9B4078704004487EAB4078F0500448FEBB4079741
:20F7E00006004497ECB4079F0700449FEDB4E5056407E5B4B5056407E5B47F00443F3C87E6
:20F800007F000D6A2A0660A8000000600C58C35ACA592B7F0500E779CA052B6F0100D50563
:20F8200041628C006E62B6F56E62BE05646F39877F002A0640A80000006800600C58C35A18
:20F84000CA592B7F0500E779CA052B6F0100D50541628C006462B6F56462BE05646F35877A
:20F860007F002A0610A80000006800600C58C35ACA592B7F0500E779CA052B6F0100D50562
:20F8800041628C006662B6F56662BE05646F31877F0086006132DF05015244373C87A505F9
:20F8A00000507F006D32DF05015264373987A50500507F00E031F6056332DF05015264375C
:20F8C0003587A50500507F00E031F6056532DF05015264373187A50500507F0084573D87AE
:20F8E0007F00245739877F00245735877F00245731877F00050201EAE031CA05440797882B
:20F90000950D045794886B52DA0503321D38BEFF02EB1D5023028007E1F08600C4E7BDB571
:20F920000658BA6524EE38B501C2EB5E180024CE4087CBC9204640001D30003880FF3824D4
:20F9400039670400200E3E00E16100D0C30D845FF7880B0601FFDE050B6E0100446FF688B4
:20F9600000C0C54599770300E07100D8D325399709001B80C482D091F98F050012E09297C6
:20F980000900DA91F289F6151D30DA313C3F050042329C47090080FF7221E051D2051C6F90
:20F9A0000800CDD19A0041DA9B0099870300FB81FBDDA50500C0E0C1921D197F0000447FC5
:20F9C00038B5198F0100448F39B52436B8B5F93F05001D40423AC700450E0100214E624CBB
:20F9E000BFFFD4410AC0A50500C018504006FFF00F028600C4E7BDB500E00658DA4D24EE38
:20FA0000F8B4EB5E180024DE4087CBD92046400000381D3080FF6023FB5F05000B06C2FF0E
:20FA2000B70D845FF7880B0601FFEE350B6E0100446FF68895359B770300E07100E0E315B9
:20FA40003B3F09001C80C482D039FB4F050027370100273F05002446FAB4BFFF6E1C41E29C
:20FA60009C009B570300FC51CBED1B6F0000446FF8B41B7701004477F9B42436B8B5FB3F0B
:20FA800005001D40423AC700450E0100214E624CBFFF24410AE01C502D0205020457488876
:20FAA0006152AA5D04774B886172EA55C4E7BDB5BA5524EE4087A46F4988ED6E1800DD698A
:20FAC0000D870C006182EA3D2D5F1100E0590060BA0D2D8F1500E089FA05A4374988BFFFDC
:20FAE00012FF0A60E515615ABA0D2D971500E091FA05A4374988BFFF20FE0A60A50D845F3F
:20FB0000F7880B0601FFDE050B9E0100449FF6886162FA0DA4774988EE761800DD714E0792
:20FB20000C00047F4988447F4A8844074888A50D845FF5880B0601FFDE050B860100448752
:20FB4000F488A45F4988415A8B00445F49886B5AB6054407498823022456408700600C58F5
:20FB6000EB5E1800CA592B771500E071CA05017A4B7F0C0041626B62B6F57F000002845F5A
:20FB80009388625ABA0D01524457488844574B8844079288BFFFC4FFF505615ADA054407D6
:20FBA0004B884407928804674B884467F888046F4888446FF9881E0282072100233600000A
:20FBC000BEFF7AE0A45F97880B06EBFFBF05615A9E0D23570100E051FA0504675288616214
:20FBE000BA05015AA5050058846FA588EB69E205445FA48801724477DC8742063F000502A0
:20FC0000BEFF92E9200E5000E1510AE88715045F5D88E059E20504EF968844075D88E50DD3
:20FC200020361E000038BFFF5E2F850D013A443F5D8820361E00BFFF4E2F046F9688EDE982
:20FC4000E20544EF9688017244774C87230282072100203613000442234E00000038BEFF87
:20FC600004F96152EA25836F0300A367030083770100C872A35F01000E59E47FEF88EF5902
:20FC8000E205645FEE88018244872488848FF188ED89E205446FF088019244972488A49FD9
:20FCA000F188EC99E2054467F18801524457248842063F009007E11023DE000009322046F0
:20FCC000200000381B48BEFF9CF86152EA1520EE200024E6C2881B381D401C3080FFCC207D
:20FCE000E051B20D1B381D401C3080FF1E1EE051C205016244673C885006FF10880761003E
:20FD000023EE04000A3201421D480038BEFF56F86152EA1D83370500C67E0800E079EF5F3B
:20FD2000000004875888E081FA05C68E0400E089B7050162A5050060C6960200E091E76FE9
:20FD40000000C69E0100E099EF770000D505016A006000700058A457A388EB51E205445F06
:20FD6000A388017A447FDC8784879D88EC81E20544679C88018A448FC48784975388ED9147
:20FD8000B205446F5288A49FA588EE99E2054477A58801524457DC870B3202421D480038EA
:20FDA000BEFFC2F76152EA0583670500A35F0500B50500600058847FA788EC79E20544679A
:20FDC000A68801824487DC87A48FA788EB89E205445FA78801924497DC870C3206421D48F9
:20FDE0000038BEFF80F70A326152EA0D835F0500A3470500833F0700A3670700836F090006
:20FE0000A3770900850D0B5A033A056A2076140006600640849FA988EB99E205445FA88834
:20FE2000017A447FDC87E4474C02E487B188C800F0410858E205645FB088018A448FDC8708
:20FE4000E43F4C02E497AF88C700F2390758E205645FAE8801524457DC87849FAB88EC9922
:20FE6000E2054467AA88017A447FDC878487AD88ED81E205446FAC88018A448FDC87A497A5
:20FE8000A988EE91E2054477A98801524457DC87A49FAB886A9AE2054437AB88017A447F41
:20FEA000DC870D3201421D480038BEFFB8F66152CA05835F0500A505015A8487B388EB8135
:20FEC000920D445FB288018A448FDC870B30BFFF74E2063204421D480038BEFF88F661528D
:20FEE000FA05243E54881D30BFFF2009B505640755882497B588249F5588F391820D247F41
:20FF00005588647FB58801824487DC872036110004421D480038BEFF4CF66152FA05233ED7
:20FF20000C001D30BFFFE408B50563070D00248FB98823970D00F289820D239F0D00649FF6
:20FF4000B988017A447FDC87203612000142234E03000038BEFF0EF66152EA0DA35F0300F8
:20FF6000CB5E0100A487B388F059E205445FB388018A448FDC8748067F0005020030BEFF61
:20FF800016DC02320AE8BEFF0EDCE4679988FD610A58E20564EF9888016A446FAC87E47770
:20FFA0009B88EB71E205645F9A88017A447FAC8723020F02BFFF34F98A000AD8BFFF26F91B
:20FFC0008A000AE0BFFF2AF98A00A47F9388FB790AE8E20544DF9388018244874C87845F75
:20FFE0009588FC59821D44075C8844E79488018A448F4C8744E7FA886BE28A0D033211383A
:020000040002F8
:20000000BEFF10E464075A88C5152096640064975A88F50D049F5C88619ABA0D44075C8897
:200020006B5AFA050332013ABEFFE8E364075A8824675A88E061B715246F5A885F6A646F2C
:200040005A88BFFF182524775A88E0710A58FF05E059DA0503320038BEFFB8E3A47F958872
:20006000FD79820D44EF9588018244874C8744EFFB882D020502BFFF3CFF20EE6400E45778
:200080004D88FD51D60564074C88BFFFF0FEE45F4F88FD59960D64074E88BFFF62FCBFFF49
:2000A00016FCBFFFACFBE4675188FD61D60564075088BFFF4CFBBFFF02FBBFFFC2FABFFF31
:2000C000DCF9246F4C88416A646F4C8824774E88417264774E88247F5088417A647F5088CC
:2000E0002302000204524457BCB52467BDB5200EFFF041616467BDB52436B8B5450E010063
:20010000213E104EBFFF86361E028600015244574888E031CA15845F4B8824664087EB5E04
:200120001800CB614C570C00A477F5880E0601FFEE05047FF588417A447FF5887F0082072A
:20014000E1F3C700200E4000E13906B0B7058007540196BF010007CEFEFFD90024EE408754
:2001600000C01858EB5E1800DD598B7F0100F779B20580072201EB870500F9810BD0B20559
:20018000800702019A8F0300E089BB058007080100D83AE709001B98C49AD3E13C370100B5
:2001A000233E0000164602001948BFFFEC159C5F0900615ADA1D236701003C6F05000C70F3
:2001C0008D7F01008E00EF71E2554D6700003C5F0D002B5F0100E059E24D3C370500450ED3
:2001E00001008637010021FE444D6B00C545625ADA1D236701003C6F05000C90ED5701004C
:20020000D200EA91823D6D6700003C5F0D002B5F0100E05982353C370500450E0100E637F2
:20022000010021FE804D6B00E525645ABA1D236701003C6F05002D8F0100F161C21D6D67CA
:2002400001003C5F0D002B5F0100E059C2153C370500450E01002637010021FEB84D6B00A1
:20026000A50DA45FF7880B0601FFDE050B7601004477F78841DA9B009A870300FB81AB8D0C
:20028000A50DA45FF7880B0601FFDE050B8E0100448FF78841C298006BC2BE05BF07C6FE35
:2002A000A50DA45FF7880B0601FFDE050B9601004497F7884206FFF30002C600066007307B
:2002C0000C38BFFF7CFE1E028600443758887F008600443730BB7F0086006132860D0606FF
:2002E000E6FFDF05015244379788A50500507F00245755887F00000244076088440761888F
:20030000440762884407638844076488440765884407668844076788440768880452445764
:20032000698844576A8844076B8844076C8844076D8844076E8844076F8844077088440771
:2003400071884407728844077388440774884407758844077688BFFF02F81E02C600C332AE
:200360002E0684AE0000C6710E500E77040061720058DA0D2A67010007788C8701008F0033
:20038000F07982254C3F0000015AC51D8A6705006262DA0D2A6701000788EC970100D1006E
:2003A000F28982156C3F0000015AC50D6462AA0D2A6701002C9F0100F339C2056C3F0100D9
:2003C000015A615ABA0DAA6F0500017AED6E180024764087CD714E7F0C007F002A0605CA3E
:2003E0000000EA31FA0DE039D20D2456F488006000580A68CB694D070000415A685AA6FD3B
:20040000D505EA31EA67000044620C507F0089002A0605CA0000EA319A1DE039F215E0417A
:20042000D21500580050EA49E70D0760CA612476F488CA710E7700004C7700004152CA007E
:200440006852A6F548570000E50DEA31F205055AE041920D48070000E505045AE041B20516
:20046000480700000B507F00000204578788E051E205440787880030BFFF6A821E02000279
:2004800004578888E051E205440788880030BFFF7C821E02000204578988E051E2054407A1
:2004A00089880030BFFF8E821E02000204578A88E051E20544078A880030BFFFA0821E02F9
:2004C000000204578B88E051E20544078B880030BFFFB2821E02000204578C88E051E2056B
:2004E00044078C880030BFFFC4821E02000204578D88E051E20544078D880030BFFFD68219
:200500001E02000204577F88E051E20544077F880030BFFF10831E02000204578088E051B6
:20052000E205440780880030BFFF22831E02000204578188E051E205440781880030BFFF0E
:2005400034831E02000204578288E051E205440782880030BFFF46831E02000204578388B1
:20056000E051E205440783880030BFFF58831E02000204578488E051E2054407848800301C
:20058000BFFF6A831E02000204578588E051E205440785880030BFFF7C831E02000204574C
:2005A0008688E051E205440786880030BFFF8E831E02000204577788E051E20544077788DF
:2005C0000030BFFFA0831E02000204577888E051E205440778880030BFFFB2831E020002E5
:2005E00004577988E051E205440779880030BFFFC4831E02000204577A88E051E205440724
:200600007A880030BFFFD6831E02000204577B88E051E20544077B880030BFFFE8831E0232
:20062000000204577C88E051E20544077C880030BFFFFA831E02000204577D88E051E205ED
:2006400044077D880030BFFF0C841E02000204577E88E051E20544077E880030BFFF1E8450
:200660001E0289002A06A0C90000EA318A35E039E22DE041C22D0852E477FF888872477732
:200680000000247FFE88477F0100E0870D45888247870200208F0C45478F030020660C4527
:2006A0000C909892479704000C98909A479F05000C7088724777060047670700485700004B
:2006C000684A00689915484F0000E50DEA31F205056AE041920D48070000E505046AE041C0
:2006E000B205480700000D507F000502653200E80650DB454A0006000C00120025003B004E
:200700003E00246F4989E069EAEF0000853D247749896272E2EF0000A53524460689024A21
:2007200000380030BFFF102A44570489E051F225017A647F498944070C8944070389F51DF0
:200740000487048961829A0D048F0389618AFA15029264974989B51524460689024A00303E
:200760000038BFFFD22944570489950D64074989E505049F0C89E099A20501EA1D502302C2
:20078000245709897F000002865F0300625ACA0564070989A51D615A9A0D00300038BFFF11
:2007A00030180352645709898515645ADA05026264670989A50D655A8A0D01320038BFFF26
:2007C0001018016A646F09891E020502865F0300625A06E8CA0D0E32BFFF9A021D5704007F
:2007E00044570289016244670389C515655ACA0D0E32BFFF800201320038BFFFD417016ACA
:20080000446F0C89F505615ADA0500300038BFFFC0172302845703897F00050206EA0352A8
:20082000645709890532004000480038BFFF08296152AA0502EA1D502302A65701006457EC
:200840000689C852866F0300CD51CA00645706890A0650E2860D645706890A06D0D5BF052D
:200860000252A50505527F00440703897F00E6390058930D06508A670100CC59CB0041526C
:20088000EA39ABFD0B507F000502E4770189E07100E8BA056407D8B5CA720E7600410E6662
:2008A00000042106FFFF0300E16199150C380E30BFFFBEFF247FD8B5CA79647FD8B5248791
:2008C00000894182648700891D50F50D403E04000E30BFFF9CFF248FD8B5CA89D100648F79
:2008E000D8B5648FFE88015223020A02643200E00650B3058007DC014A0005000C00130018
:200900002500E80024773189E071EAE700008007C601247F3189627AE2E700008007B801C3
:200920006407FC8824363889BFFF5CEAE051820D6407358901826487318980079A0100E096
:200940008007940124973589248FFC88418AD100648FFC886892B30580076A0152000900B9
:200960001B00220038005100720086009A00AE0020361F00BFFF701DBFFF84200030BFFF61
:20098000FC1C6407008980FF8C05016A646F358980074401BFFFB6D7027264773589800794
:2009A0003601BFFFE6FEE051BA0580072A0120361A00BFFF201FE051E20520362300003886
:2009C000BFFFC421037A647F358980070A0120361000BFFF001FE051E205203629000038B2
:2009E000BFFFA4210D32BFFFEC1EE051E20520362A000038BFFF9021048264873589B56DDD
:200A0000248FFC88200E9001E189D36524EE40891D30BFFF72E9E051E25D243638891D381D
:200A2000BFFF14E96152AA0D0C320038BFFF5821203627000038BFFF4E21059264973589B2
:200A4000A54D249FFC88200E0802E199C3450632BFFF821EE051E20520362C000038BFFF7D
:200A60002621066A646F3589E5352477FC88200EEA03E17183350732BFFF5A1EE051E20549
:200A800020362B000038BFFFFE20077A647F3589A5252487FC88200EEB03E181C31D08320E
:200AA000BFFF321EE051E205203628000038BFFFD620088A648F3589E50D02926497318928
:200AC000A50D089A649F3589E50564073189B505640731891C50280282076100673207E80B
:200AE000FA1D245F2989E059BF058007CC01675AB6058007C40107524357030002322346FE
:200B00000300014A0638BFFF2E26E051BA058007A8016407298964072C8980079C01E4676B
:200B20002D89247F29894162CC00677AB30580077A014F0008001C0035004E0063007800CF
:200B40008D00A10064672C8943070300023223460300014A0038BFFFDE25E051BA0580073F
:200B60005801018A648F298980074E0164672C890C069CFFBE0580074001014A434F03007E
:200B80000232234603000038BFFFAC25E051BA0580072601029A649F298980071C01646790
:200BA0002C890C0638FFBE0580070E01047243770300023223460300014A0038BFFF78252D
:200BC000E051BA058007F200037A647F2989C57564672C890C06D4FEF66D05824387030045
:200BE000023223460300014A0038BFFF4A25E051B265048A648F2989F55D64672C890C0646
:200C000070FEA65D069243970300023223460300014A0038BFFF2025E051E24D059A649FC6
:200C20002989A54D64672C890C060CFED645037243770300023223460300014A0038BFFF46
:200C4000F624E051923D067A647F2989D53564672C890C06A8FD863502324337030023464F
:200C60000300014A0038BFFFCE24E051D225078A648F2989952564672C890C0644FDC61D70
:200C8000079243970300023223460300014A0638BFFFA424E05182150B9A7D9F010064073A
:200CA000298964072C89850D0B727D7701006407298964072C8942067F00000204320038EA
:200CC00000400048BFFF70241E0200020332003800400048BFFF60241E020A02643200E03F
:200CE0000650B305800726024A0005000C0013002500080124771189E071EAE700008007BD
:200D00001002247F1189627AE2E700008007020224361889BFFF70E6E051A20D6407FC8876
:200D2000640715890182648711898007E40100E08007DE0124971589248FFC88418AD100C4
:200D4000648FFC886B92B3058007AA0152000C001E00250034003B0051006B008C00A0003D
:200D6000B400C800CE0020361F00BFFF7A19BFFF8E1C0030BFFF06196407008980FF9601E4
:200D8000016A646F158980078801BFFF40FF02726477158980077A01247FFC88200E6400C2
:200DA000E179BB0580076A01BFFF12FF03526457158980075C01BFFF94D304826487158992
:200DC00080074E01BFFFC4FAE051BA058007420120361A00BFFFFE1AE051E2052036230030
:200DE0000038BFFFA21D058A648F15898007220120361000BFFFDE1AE051E20520362900C1
:200E00000038BFFF821D0D32BFFFCA1AE051E20520362A000038BFFF6E1D06926497158912
:200E20008007EE00249FFC88200E9001E199837524EE20891D30BFFF4EE5E051926D243642
:200E400018891D38BFFFF0E46152AA0D0C320038BFFF341D203627000038BFFF2A1D076AF0
:200E6000646F1589D5552477FC88200E0802E171F34D0632BFFF5E1AE051E20520362C00E6
:200E80000038BFFF021D087A647F158995452487FC88200EEA03E181B33D0732BFFF361A7D
:200EA000E051E20520362B000038BFFFDA1C098A648F1589D52D2497FC88200EEB03E191BA
:200EC000F3250832BFFF0E1AE051E205203628000038BFFFB21C0A9A649F1589951D243E27
:200EE00014890030BFFFF4FBB515026A646F1189F50D0B7264771589B50D0732243E1489E3
:200F0000BFFFD8FB64071189B505640711891C50280244074C8964074E8924575189645774
:200F200059897F000002245F558924675989EB61D90D2C570000246F4E89CA69646F4E8984
:200F40000C76020064775989C51D017A447F4C8924874E89308064874E89EB8F0100E49771
:200F60004F89F191A20D20361A000038BFFF181C00380030BFFF101C249F5189649F5989FA
:200F80001E020002BEFF5CFFE051BF0D04674C89E061BA05BFFF90FFBEFF48FFE051F7F56C
:200FA0001E0282072100BFFF48E98A0063528A15BFFF8C3AE051820D06320038BFFFC81B45
:200FC000BFFF763AD5050632013ABFFFBA1B0030BEFF7ED1E051FA0520361600013ABFFFF2
:200FE000A61BE505203616000038BFFF9A1B0332BEFFA4CB200E0A03E1510A589F0D6A5A8F
:20100000F60520361200013ABFFF7C1BE505203612000038BFFF701B03320142234E03001E
:201020000038BEFF40E5E051D225A37F0300200E80FF4179FA05203610000038BFFF481B24
:20104000E50520361000013ABFFF3C1BA35F0300208640FF4B81A20D208E20FF4B89E20503
:201060000D32013ABFFF201BD5050D320038BFFF161B42063F00060263370100C4E7FDB536
:2010800000E8CA3D23360000043ABEFF5AF8245F5D89625A8A1D8B00445FEEB503724477EE
:2010A000EFB52436F0B50A38BEFF08F8E051E2252436F8B5083A2446EEB50048BFFFF82AD8
:2010C0000AE8C51D635A0A609A1D8B00445FEEB503824487EFB54407F0B52436F1B50C3865
:2010E000BEFFD0F7E051A20D2436F8B5083A2446EEB50048BFFFC02A0AE81D5024020002BF
:201100005C1AC4E7FDB50060B20580071601245F5D89625AAA45445FE2B502524457E3B572
:2011200023360000BFFF769F2436E4B5233F0100273F0100BEFF7CF7E051D20D23670100FB
:201140000C7F0C00E079DA050C870D00E081B205C43FE4B5203F0505633F01002436E8B569
:20116000273F0100BEFF4CF7E051D20D235F01000B970C00E091DA050B9F0D00E099B20590
:20118000C43FE8B52436F8B50C3A2446E2B50048BFFF242A0A60D545635ABA45445FE2B593
:2011A000026A446FE3B54407E4B523360000BFFFEC9E2436E5B5233F0100273F0100BEFF78
:2011C000F2F6E051D20D236701000C870C00E081DA050C8F0D00E089B205C43FE5B5203FE9
:2011E0000505633F01002436E9B5273F0100BEFFC2F6E051D20D235F01000B9F0C00E099AC
:20120000DA050B6F0D00E069B205C43FE9B52436F8B50C3A2446E2B50048BFFF9A290A6046
:201220000C50441A1E020502045760896152AA0DBFFFCEFE6152EA054407608901624467B1
:201240006189BFFFAEF0246F7189EA690AE8DA05047761896172AA0D1D30BFFF1CFE6152D0
:20126000DA0564EF718944076189245F7589E059B20D6A5A9E0D203625008B000B38BEFF1F
:20128000E8DF6407758923020002640719B664071DB60252645725B62066FF00646721B66E
:2012A0000F6A446FFCB52477FDB5200EFFF041716477FDB52436F8B5450E0100213E225E6E
:2012C000BFFFCA24440760891E020002C600E0390760BA058007CC01E031BF058007C40192
:2012E0008C5F0100615A9A35645F5D89AC570100645719B68C7F0300647F25B6248721B6F3
:20130000100601FFDA05AC8F0300648F21B6249719B66292BA0D249F25B6E099FA0520361F
:201320001D00BFFF5A18BFFF922F247F19B6617AB20580076E0120361D000038BFFF48181E
:20134000BFFF8E2F80075C01625AAA45645F5D89AC6F0100616AEA2D8C870300648719B60C
:20136000AC8F0300648F25B6249721B6120601FFDA058C9F0500649F21B6247F19B6627A80
:20138000BA0D245725B6E051FA0520361D00BFFFEE17BFFF262F248719B66182B20580071C
:2013A000020120361D000038BFFFDC17BFFF222F857D626AEA758C8F0300648F6589AC9750
:2013C000030064976989019A449F6089A56D635A8A6D645F5D89AC7701006172DA35AC7F16
:2013E0000300647F19B68C870500648725B6245721B60A0601FFDA05AC8F0500648F21B60F
:20140000245F19B6625ADA0D249725B6E0919A0D20361D00BFFF6817BFFFA02E245F19B69B
:20142000615ACA0D20361D000038BFFF5A170132BFFF6822BFFF9A2EC535625AAA35023276
:20144000BFFF5822E52D64729A15AC9F0300649F65898C7F0500647F69890C870500448736
:201460006C89018A448F6089C51D6572EA050C36030080FF7C06D5156772EA050C3603004B
:2014800080FF5406E50D6872EA050C36030080FF2C06F5056672DA05AC97030064977589D2
:2014A0001E02581A2457698963570500245F6589635F0100237E00002F7701006677010014
:2014C0002F7F0500667F050044061F000002C4E7FDB50060BA45245F5D89615AAA158B00DA
:2014E000445FDCB54437DDB5443FDEB52436F8B5033A2446DCB50048BFFFBC260A60E52DF2
:20150000625ADA158B00445FDCB501724477DDB54437DEB5443FDFB52436F8B5043A2446CD
:20152000DCB50048BFFF90260A60851D635AEA158B00445FDCB54407DDB54407DEB54437A1
:20154000DFB58700443FE0B52436F8B5063A2446DCB50048BFFF60260A600C501E0205029D
:201560001FEA245719B66152B21D64371DB606380030BFFF5AFF6152BA150162646719B624
:20158000026A646F25B62076FF00647721B620361D000038BFFFF015BFFF362D00E81D5006
:2015A000230204576C897F00501A23560000248618B6306F01006A6F0100307705006A77D5
:2015C0000500307F09006A7F090030870D006A870D002A8F0100668F01002A970500669727
:2015E00005002A9F0900669F09002A6F0D00666F0D0048061F00247E18B62F67010066673D
:2016000001002F6F0500666F05002F770900667709002F7F0D00667F0D007F008207E11011
:20162000880008E806D807E0BFFF2A5664520A58D205685AB2050762C51D210610E600005F
:20164000E1D9EA151D06E8FFB2050462A515073220461800026A636F010000381C48BEFFA1
:2016600068DEE051E2670000C1624262A50504620C504206FF1000028700E03100600658C8
:20168000C20D0706E8FF960D07322046180000380B48BEFFD0DE0A600C501E028E0761005B
:2016A00006E823360300203E1800BFFFCCFF6152AA0D03670F0043670000036F1000436F20
:2016C0000100950D0477808943770000047F8189437F010023960000329700007D97000043
:2016E0004E067F008207210023360000BFFFB0FF035700000A56BFFF65529B154A00060078
:2017000009000C00060009000C0004677D89950D04677E89E50504677F89B5050467808989
:201720000C5042063F008407E1008700E031006006E092250706E8FFE61D20461800003818
:201740001C3080FF3206BFFF9EFF0AE8BFFF56FE27063CB40000280647B4000063EF01008E
:2017600029064CB40000635705001C3080FF6A06206618000C504406FF0005028700E0315E
:2017800000E80658D20D643AB60D27066AB4000004420B3080FF7403E051A20504EA1D50CE
:2017A0002302820761008700E031006006E8D245623AB64523360200BFFFE4FEBFFFE6FDEA
:2017C000206EFF005D6F01005D6F00002D0698B3000000580A600B70C372CD710E8702001E
:2017E000048F7889F089BA250E970100039F0300F299DA1D0E570300EA619A1D0E7F000039
:20180000038F0200EF89BA15AE8705000E9F0600C58213815D8701008E970500C192AE57BE
:20182000050083520A915D970000E505415A8B000B06EEFF99D502620C5042067F00050235
:201840008700E03100E80658C20D643AA60D243E798904420B3080FFB202E051A20504EAAC
:201860001D502302840761008700E031006006E882250706E8FFD61D2046180000381D3073
:2018800080FFF404BFFF60FE270653B400006357010028065EB40000046F7889290663B4CC
:2018A0000000636F05001D3080FF2E05206618000C5044067F000A0289002D0617E20000CE
:2018C000ED31075808E000E80960BE058007E2012E0611E60000EE31B7058007D401270696
:2018E00088E20000E731BA0580073201E731DF252E0686E20000EE31BA0580070401EE31AC
:20190000BF152E0619E20000EE31E25DEE31DF05ED31B24D80079A0121061AE20000E131EF
:20192000926580078C01210687E20000E131BA0580071C0180077A012D0610E60000ED314E
:201940008215ED31AF0D210689E20000E131BA0580072E0180075A01EE31F215800752011B
:2019600007322046180000380B48BEFFF8DBE051F205207E18005C7F000080073C015C07B5
:20198000000004EA800732010C380B30BFFFD8FEE0510A58D2055C5F000080071C0101EAD8
:2019A0005CEF0000800712010C380B30BFFF92FE64520A58DA055C5F00008007FC0001EA55
:2019C0005CEF0000957D0C380B30BFFFD8FD62520A58CA055C5F0000F56D01EA5CEF000060
:2019E000B56D0C380B30BFFF94FD64520A58CA055C5F0000956501EA5CEF0000D55D0C38AF
:201A00000B30BFFF24FDE0510A58C2055C5F0000B55501EA5CEF0000F54D0487B089E081F0
:201A2000EA0504EA018A5C8F0000E545243E91890E420B3080FFD400E051D2050E925C9734
:201A40000000A53D5C07000004EAE535049FAF89E099EA0504EA017A5C7F0000D52D243E4E
:201A600082890E420B3080FFA200E051D2050E825C87000095255C07000004EAD51D048FA4
:201A8000B189E089DA0501EA5CEF0000D515243EA0890E420B3080FF7200E051D2050E9AED
:201AA0005C9F0000950D5C07000001EAD50504EA017A5C7F00001D502802000206382436EC
:201AC000A0890E4280FF4400E051C20501624467B1891E0200020638243691890E4280FFE7
:201AE0002A00E051C20501624467B0891E0200020638243682890E4280FF1000E051C205E1
:201B000001624467AF891E0206506042920D413A070FFFFF4132460FFFFF5F429AFD7F00BC
:201B2000541A6032C23D633F010063470500634F09000640AC0580410848203E9E00904ABB
:201B4000CA050848503AD0420908884ACA050148583AC842844ABA055C3AC4426042940DC7
:201B60005F3AC142E4055F3AC142B4055F3AC1429F32DF32D73A07310808C10A890A013124
:201B8000D942F905CA05C60E0100B20506360100233F010023470500234F09004C1A7F0062
:201BA000800F7002206E14000B0E01FFE23D090E01FFD2450B080C09E24509080A09B235C2
:201BC000604AE20F0000B2054A560080C149605AE20F0000B2054C660080C159AB49810D59
:201BE000090EE0FFFC1DE9678000C959F5058049090EE0FF8C1DE95780002639C40DCA6167
:201C0000890D0B0E02FFD225415A81624C66008080073E02AA61B21DC9FD27318061800746
:201C2000300207308007BC024062BA0DEB49BAFD4052FA052639FCF58007EA02C051A2F5A6
:201C40008007E8020A49EAED4731D5ED8007B6028007C202800FBC01206E0A002731090ED2
:201C600001FFB24D0B0E01FFE2550B080C09F255C13AB255400E0080604ADA05414A5F4A19
:201C8000C152ECFD0151605ADA05415A5F5AC162ECFD0161094E7F0089590B0E1700B745B7
:201CA0000B0E00FFAE450A38813A0C48914A49388862CC66FF01C746FF7FEC40000007088A
:201CC0008F0AE1600000E9080000CF62CC41D80AC141C766FF7FE9600000C852C962C861B5
:201CE0008A61C5624960CE3AC761CC61C405CC610B5EFFFF800794016052FA05E959FA0561
:201D00006062BA0580071E02800720020B61920D8007060260629AFD8007EE010A49B2F58F
:201D20008007EE018007DA018007EA010608C109980A010E81FFD61D010EE0FFAE1D21087B
:201D40006032FC0DC932813246360080E1378000EC05C132E2370000DF327F0080317F00E9
:201D6000C932813246360080E1378000A4057F0000327F0006506042E2054132463FFFFF73
:201D80005F42CAFD7F00541A63FF09002056000763570100633705002336000080FF0202D0
:201DA00023FF09004C1A7F0008560000F20D41320657FFFF413A074FFFFFCA56FF00C94EE3
:201DC000FF00A951BA055F42BAF57F006032AC05803106507F00031EE4FF63FF09006337AA
:201DE0000D00633F110063471500634F190020560007635701006337050023360000234600
:201E0000140080FF9C0123FF0900031E1C007F00031EE0FF633F01006337050063470900B6
:201E2000634F0D0063571100635F150063671900636F1D000748C949984A0750C9528152E7
:201E40000658CB59985A0660C962816261004062A42D404E8000E961E905695AC105585A45
:201E6000C862A5FD5F5AF21DCC61D41D5F5AB21DCC61941D5F5AF215CC61D4155F5AB215F4
:201E8000CC619CF5851500000B3E01FFBC45605AAF0D2B38423A074EE8FFAC35E767800060
:201EA000205E0000404E0080CC3EFF00073E80FFE90DCA05CC3E0001A20D09610C6600016D
:201EC000E9050B3E02FFE1250B5E01004931C16289620C31D75AE23F00000B31603A8A2DB6
:201EE00023470900234F0D0023571100235F150023671900236F1D00031E20007F00023A80
:201F0000C5050032E5ED003A9F32DF3285ED043AC505033AA505003A9F32DF324636807FDF
:201F2000E5DD053A1F32B5DD003A1F3285DD23570100235F0500031ED8FF639F2D006397AD
:201F40002900638F250063872100637F1D0063771900633F01002466B489CD6163670500DD
:201F600063570900635F0D006337110063FF15002336000080FFD00323FF15002337110060
:201F800023771900237F1D0023872100238F250023972900239F2D00031E2800A5A5031EA7
:201FA000CCFF63FF090063EF0D0063E7110063DF150063D7190063CF1D0063C7210063BFCB
:201FC000250063B7290063AF2D0063A73100C6C7010008D806B807E0BA05800736033757FF
:201FE0000100CA56FE00B2058007280364BF29B61C6041E20C670000CC66FF00E06100D003
:20200000BA058007FE0220B62500F661F2050C3080FF380341D28007D8021C6041E20C67B5
:202020000000CC66FF00F661FA050C3080FF1C0341D28007BC0200E80C06E0FF92250C0645
:20204000DDFFC2250C06D5FFE2150C06D3FFD20D0C06D0FFD20D20AE2A00F5618A2544DA42
:202060003BCFFDFF0000C5259DEE100095159DEE0100E50D9DEE0800DDEEFBFF950DDD7E58
:202080000800EA059DEE0400B5059DEE02001C6041E20C670000CC66FF00F5CD5FE2233ECC
:2020A00000001C3080FFCA0223E701000AC8E0C9BE0500C8E505205EFF01EBC9A7050BC8DD
:2020C0001F621C6841E20D6F0000CD6EFF000D06D2FFAA251C6841E20D6F0000CD6EFF0012
:2020E000F569EA0544DA3B67FDFF0000A50D5FE2233E00001C3080FF780223E701000A60C9
:20210000205ED600EB61A7050B601C6841E20D6F0000CD6EFF000D06B4FF920D0D0698FF9C
:20212000820D0D0694FFDA0D1DEE40001DEE20001DEE20001C6841E20D6F0000CD6EFF0085
:2021400020A64500F469BE058007B8010D0688FFB7058007AE010D0699FFBA0580075E0138
:202160000D0699FFEF2D205E6300EB69927DEB69CF1520764700EE69BA0580073801EE6912
:20218000FF05F469BA0580073001800776010D06A8FFA25D80076C0120766500EE69BA05AB
:2021A00080071E01EE69EF050D069CFFF22D800752010D069AFFBA0580070A0180074401BE
:2021C000205E7000EB69C22DEB699F1520766E00EE69A25DEE69EF050D0697FFF2158007EA
:2021E00022010D0691FFE2258007180120767500EE69E215EE69EF050D068DFFB23D8007B9
:2022000002010D0688FFA225C57D44DA3B87FDFF63870500450E010021C6266FC55D44DA3D
:202220003B8FFDFF638F0500450E010021C63870A55544DA3B97FDFF63970500450E0100C5
:2022400021C62A71854D9DEE000144DA3B9FFDFF639F0500450E010021C62472C53D44DAB2
:202260003B7FFDFF637F0500450E010021C67E73A53544DA3B57FDFF63570500450E0100FC
:2022800021C6E473852D44DA3B8FFDFF638F0500E089E22DDD962000F205239F05000000AA
:2022A00073D70000D525237F05006FD701000000F51D1DEE00011DEE00031DEE00011DEEA9
:2022C000000144DA3B57FDFF63570500450E010021C63A7B2336040063C70100450E0100C6
:2022E00021FE446E0C4019481D387800CAD11C6041E20C670000CC66FF00B205BF070EFD2D
:20230000D7D70100C205003080FF40001A50A5051F5223A7310023AF2D0023B7290023BFF4
:20232000250023C7210023CF1D0023D7190023DF150023E7110023EF0D0023FF0900031EAE
:2023400034007F0000527F00243F29B6C656FF00274F050027470100000049570000C80E3C
:202360000004D205414A674F050000007F0006670000200E2B00E16100500058F205200EE8
:202380002D00E1610C70DA050152413206770000247EE8890F60CE79CFD701008215C15A0E
:2023A0000B88C28AD159CE590B5ED0FF4132067700000C90CE91D2D70100AAF567370100E2
:2023C000E051C2052B504152A5050B507F00031ED0FF63FF110063EF150063E7190063DF04
:2023E0001D0063D7210063CF250063C7290063BF2D00E04100D008C009C806E007B8BE057A
:2024000001C2B505D7BEFEFF3C3701000000BFFFBEF9E0510A60B21523EE0C000A3A1D40A4
:202420000C3080FFAA0C23760000DA71237F0D004E7F000041D2E0510A609AF5F8D1B70509
:202440001A68A505186801623C5F0100E059D605D7860C00AA050060CD6119E0ACE11C4035
:202460000CD817380B3080FFC80CFAC1970D20EE30001D30BFFFD4FE5FC2FAC1BFFDE0D1D8
:20248000821523EE00005FD21D30DA3106370000C636FF0006363000BFFFB0FEE0D1CAF58B
:2024A000D79E1000E205203620001C3880FFF80CFBC9B7051950A5051B5023BF2D0023C76C
:2024C000290023CF250023D7210023DF1D0023E7190023EF150023FF1100031E30007F0035
:2024E000031ED0FF63FF110063EF150063E7190063DF1D0063D7210063CF250063C729004B
:2025000063BF2D00E04109C807B800D008C0BE0501C2B505D7BEFEFF26670100E061C215AB
:2025200023EE0C000C580A3A1D400B3080FFA00B236E0000DA6923770D004D77000041D2C2
:20254000E0510A589AF5F8D1B7051AD8A50518D819E0BBE117301C3880FF7E0CFAC1970DB0
:2025600020EE30001D30BFFFE2FD5FC2FAC1BFFDE0D1821523EE00005FD21D30DA3106377C
:202580000000C636FF0006363000BFFFBEFDE0D1CAF5D78E1000E205203620001C3880FF46
:2025A000060CFBC9B3051950A5051B5023BF2D0023C7290023CF250023D7210023DF1D009C
:2025C00023E7190023EF150023FF1100031E30007F00031ED4FF63FF0D0063EF110063E79E
:2025E000150063DF190063D71D0063CF210063C7250063BF2900E04109C807B800D008C0DE
:20260000BE0501C2B505D7BEFEFF265F0100E059E20D0B60235E00000B50DA51CC6E070087
:202620004A6F0000836241D2E061FAF5D7760200820D1A5841D2237E0000CB794F0700001B
:20264000F8D1B7051AD8A50518D819E0BBE117301C3880FF840BFAC1970D20EE30001D3041
:20266000BFFFE8FC5FC2FAC1BFFDE0D1821523EE00005FD21D30DA3106370000C636FF0006
:2026800006363000BFFFC4FCE0D1CAF5D7961000E205203620001C3880FF0C0BFBC9B305A0
:2026A0001950A5051B5023BF290023C7250023CF210023D71D0023DF190023E7150023EF0C
:2026C000110023FF0D00031E2C007F00031ED8FF63FF090063EF0D0063E7110063DF15007A
:2026E00063D7190063CF1D0063C7210063BF2500E04100D808C809D006B807C0BE0501CAF1
:20270000B505D8C6FEFF376F0100E0698215235E00000D600B50DB51CC760F004A77000056
:20272000846241DAE061FAF5376F0100F9D9B7051BE0A50519E0E069C205D87E0200CFE17D
:20274000D8EE11009A0D203620001A38BC3980FF560A376F0100E069A215D88E0200F20D51
:2027600020363000BFFFE4FBD8960001C20520365800B50520367800BFFFD0FB61EAFA05F7
:20278000203630001A38BC3980FF1C0AFBC9970D20EE30001D30BFFFB2FB5FCAFBC9BFFDC0
:2027A000E0D992255FDA23EE00001D68DB690D6F0000CD6EFF00696AC70DD87E0001C2051B
:2027C00020664100B505206661000C5EF6FFB505205E3000CB690D30BFFF70FB1B585FDA84
:2027E000E059CAE5D88E1000F205203620001A38BC3980FFB209FCD1B3051A50A5051C5088
:2028000023BF250023C7210023CF1D0023D7190023DF150023E7110023EF0D0023FF090008
:20282000031E28007F00501A63FF010063EF050063E7090063DF0D00C756100007E009E805
:2028400006D8FA05203620001D3EFFFF80FF58093B3701000000BFFFF2FADC6E1000F2057E
:20286000203620001D3EFFFF80FF3C0961EAB7051D50A505015223DF0D0023E7090023EF20
:20288000050023FF0100031E10007F00031EE4FF63FF010063EF050063E7090063DF0D0000
:2028A00063D7110063CF150063C71900265F0100E04109D806C007C808D0C6150B57000011
:2028C000E0510068D20DE0D1B70D0B660100416A0C770000E071C2054162FA6996FD0DD0DD
:2028E000D5050B3080FF1E090AD0D97E1000FA05203620001B38BA3980FFAC08E0D1E70D49
:2029000038EF010000E01D3041EA063700000000BFFF38FA41E2FAE1F6F5D9961000F205AB
:20292000203620001B38BA3980FF7C08FAD9B7051B50A5051A5023C7190023CF150023D7C6
:20294000110023DF0D0023E7090023EF050023FF0100031E1C007F00031EC4FF63FF1100F7
:2029600063EF150063E7190063DF1D0063D7210063CF250063C7290063BF2D0063B731008F
:2029800063AF350063A7390023A73D0009660100696207D808A806D0B70509EAA5050CE8B9
:2029A000234607001D381A3008C880FF6808E051A20541DAE0D9C6051BE60100A50500E046
:2029C0001D66FFFFFCE9B715205E30001970DD710E77FFFFEB71BA0D5F625FEAFCE9F705AF
:2029E0001980CC8110870000F059F2F5E0E1DA051DC0BBC141C2F505FDE1B6051CC0B50505
:202A00001DC601003A5F0600E059C605D5960C00A20541C21440B8416347010015380B308E
:202A200080FF0E07E0E100D0EA0520363000BFFF1AF9B51DFDE1B7051DB0A5051CB0E0B1EB
:202A4000B70D1930DA31063700005FEABFFFFCF841D2F6D1F6F5B6E1820D20BE30001730E6
:202A6000BFFFE8F85FE2CAFDE0E9B21D20362E00BFFFD8F87FDA9E0D20E6300041DA1C3065
:202A8000BFFFC8F87FDAB6FDE0E9B20D1930DA31063700005FEABFFFB2F841D2E0E9FAF517
:202AA000D58E1000820D20362000233F0100000080FFF406F4C1B7051850A505145023A711
:202AC000390023AF350023B7310023BF2D0023C7290023CF250023D7210023DF1D0023E72E
:202AE000190023EF150023FF1100031E3C007F00031EC8FF63FF0D0063EF110063E715006E
:202B000063DF190063D71D0063CF210063C7250063BF290063B72D0063AF310063A735004D
:202B200023CF39000958C759415A695A06E807B008B809C0B70509D2A5050BD0E0D1D60DAD
:202B4000234603001A381D3080FFCA06E051D20541B2E0D1AA0501D2E0B1C60516DE01009C
:202B6000A50501DAE0C1E2051860DB610CDE0100D505D76E0200A20541DA3D5F0600E059EB
:202B8000C605D7760C00A20541DA19E0BBE11C4017380B3080FF9A05E0B100E8E61DE0B1A9
:202BA0009615E0D1F70D23AE03001530DD31063700000000BFFF94F741EAF6E9BF05FAE957
:202BC000D6F5F6E9EF0D20AE30001530BFFF7CF741EAF6E9B7FDD50520363000BFFF6CF79C
:202BE000E0C1CA05D78E0200D22D20362E00BFFF5AF7E0C1F20D7FB2DE0D20AE300016A6F6
:202C000001001530BFFF44F75FC2C2057FA214B0F6F5FAE9EE0D23B603001630DD31063772
:202C200000000000BFFF24F741EA5FC2FAE9E6F5E0C1820D20EE30001D30BFFF0EF75FC212
:202C4000CAFDD7661000E205203620001C3880FF5605F9D9B7051B50A505195023A73500CA
:202C600023AF310023B72D0023BF290023C7250023CF210023D71D0023DF190023E71500CC
:202C800023EF110023FF0D00031E38007F00541A63FF010063EF050063E70900C75600046E
:202CA00006E0C20520364500B50520366500BFFF9AF6E0E1E6370000C13206362B00BFFF13
:202CC0008AF61C30BFFF08F10AEA0A305D30063630000AE0BFFF74F61D301C3880FF3006E2
:202CE00006363000BFFF64F623E7090023EF050023FF01004C1A7F00031ED0FF63FF0D00BF
:202D000063EF110063E7150063DF190063D71D0063CF210063C7250063BF290063B72D000B
:202D200023C73100684A08B806E007B0B70508CAA50509C823460300393E01001C3008E840
:202D400080FFD204E051A20541B2E0C99215205E30001D68D9690D6F0000EB699A0D5FCAEE
:202D6000F2051D78D9790F7F0000EB7992FDE0C9C20519D60600A50505D23C5F0600E05934
:202D8000C605D7860C00A20541D218D8BAD91B4017380B3080FF9A03033703000000BFFFC6
:202DA000AAF5E0C9A21520362E00BFFF9EF561CAC60D01E21D30DC31063700000000BFFF09
:202DC0008AF541E2F9E1F7F517381630BFFFC2FED79E1000E205203620001B3880FFC803F9
:202DE000F8D1B7051A50A505185023B72D0023BF290023C7250023CF210023D71D0023DF85
:202E0000190023E7150023EF110023FF0D00031E30007F00031ECCFF63FF0D0063EF11009A
:202E200063E7150063DF190063D71D0063CF210063C7250063BF290063B72D0063AF31000A
:202E400023C7350009660100696206E007A808B009B8B70509CAA5050CC823460300193840
:202E60001C3008E880FFAE03E051A20541AAE0B9EA05D66E0200BA0505D2B50517D6060012
:202E80003C5F0600E059C605D6760C00A20541D218D8BAD916381B400B3080FF94020337C5
:202EA00003000000BFFFA4F4E0B9CA05D67E0200C21D20362E00BFFF92F401E261CAB70D82
:202EC0001D30DC31063700000000BFFF7EF441E2F9E1F6F5F7E19F0D20EE30001D30BFFF76
:202EE0006AF441E2F7E1B7FD16381530BFFFA2FDD6961000E205203620001B3880FFA80280
:202F0000F8D1B7051A50A505185023AF310023B72D0023BF290023C7250023CF210023D77F
:202F20001D0023DF190023E7150023EF110023FF0D00031E34007F00031EECFF63FF0100A5
:202F400063EF050063E7090063DF0D0063D71100400E80002156FFFF465107D008D8F205A5
:202F6000400E010021E670B405EAD50D06EAE031EE05400E010021E676B4D505400E010069
:202F800021E67DB4E0D1FA05203620001B38BD3980FF14021C5F0000E059A20DCB36FF0092
:202FA000BFFFA8F341E21C5F0000E0598AFDE0D1F205203620001B38BD3980FFEA01FBE9A5
:202FC000B7051D50A5051B5023D7110023DF0D0023E7090023EF050023FF0100031E140017
:202FE0007F00031EE0FF63FF0D0063EF110063E7150063DF190063D71D00405E807F265755
:2030000001000A604B51EA5907D008D809E006688A0DDA3E10000C301C40BFFF1EFFA54D34
:20302000E0D9AE0506DA233E04002D37010007E880FF96031A58885ACB5E03000A60B215C2
:20304000615AE215E0D9AA0541DAFB61BF1D7C62961DDA8602009215450E0100215E4876D8
:20306000ACD9D51D450E0100215E4876851D450E0100215E6C79B515450E0100215EB0742D
:20308000E50D5FDADA8E0200E205450E0100215E6C79D505450E0100215E507863E701003C
:2030A000450E010021FE0A7C1D300C381A401B486B0023D71D0023DF190023E7150023EFFB
:2030C000110023FF0D00031E20007F000650C73EFF7F603AF21581520A5847500A70806F41
:2030E0002A00CB59C6360100C6590B504750806F1A00CE71CE516042C205685F01000000DC
:203100007F00005A005285FD0A48C90EFF7F8F4AE7080000C966FF7F8F4AE7600000E74897
:203120000000CF62DE4AC149CC49A9596D00501A63FF010063EF050063E7090063DF0D00E2
:20314000E03108D8CE0520E62D00E50DC7560400C20520E62000850DC75E0800C20520E6EC
:203160002B00A50500E0C7EE1100EA05203620001B3880FF3200E0E1C2051C30BFFFCCF11C
:2031800061EAEA05203630001B3880FF1A0023DF0D0023E7090023EF050023FF0100031E06
:2031A00010007F00541A63FF010063EF050063E70900E03906E007E8F7051C30BFFF8CF194
:2031C0005FEAE0E9BFFD23E7090023EF050023FF01004C1A7F005C1A63FF0100C6561000EA
:2031E0000760CA0DC66E0100C20520363000B505203620000C38BFFFAEFF23FF0100441AAF
:203200007F001F524152060F00004132600ABAFD7F00031EDCFF63FF090063EF0D0063E7F3
:20322000110063DF150063D7190063CF1D0063C72100E03908D006C000D807C8872D1830DF
:2032400080FF58021A5841D20A7630004B770000E0510A60A215233E000007E80C3080FF41
:203260004E0238E706003C78637F060018301D3880FF500278E70600400E0100213E84B484
:20328000183080FF720241DAF9D9A6DD183080FF0A026552912DE0D9FA05208631005A87CB
:2032A00000000152A5255FD2E0C900D8D715205E39001A6F0000416AD86AB86A5A6F00003B
:2032C000EB69A70D1A605FD2209630004C97000041DAF9D9F6EDFBC9FA05209E31005A9FF7
:2032E00001000152A505005023C7210023CF1D0023D7190023DF150023E7110023EF0D0002
:2033000023FF0900031E24007F000000031EECFF63470100634F050063570900635F0D00BE
:20332000636711000040E031D24DBE0526304132E039824DCE052738413A0142204EFF7FF2
:203340000650A951D90D204EFF7F0750A951890D075846381F00E6380000A7599525005A36
:20336000004A06600C30E937C000B10D0750A651922DF105414A200E2000E149A205B5F56C
:20338000010AA149E049B60DC15A0C30E937C0000750A651E1F5A639415AB5F507580B3033
:2033A0006142B6052630413223671100235F0D0023570900234F050023470100031E140022
:2033C0007F000030A5F5031EE4FF63FF090063EF0D0063E7110063DF150063D7190006E8E3
:2033E00007D080FF46013A570100E051FE451D3080FF50010A3080FF52010A30BFFF30E9F0
:2034000006D826304132233E000080FF92011A300A3880FFE20020EE81003A5F0400FD5923
:20342000B71D400E0100217798B4EE599A0D3A7F0100400E0100218795B4F079D60D400E03
:203440000100213E8CB41A3080FFAC0041DA3A5F0400FD59FFE520E67F00FC598E15400E9A
:20346000010021EE94B41A301D3880FF8A005FDA3A8F0400FC8986FDA50500D81B5023D757
:20348000190023DF150023E7110023EF0D0023FF0900031E1C007F00263F04002647010004
:2034A000000080772C0108507F00000006400760807734016C3F05006C47010000007F0055
:2034C00026660000274F060027570400275F01002C3706002C3F04002C4701000000807798
:2034E00048016C3705006C3F04006C47010000007F00000026660000274F0600275704006F
:20350000275F01002C3706002C3F04002C4701000000807794016C3705006C3F04006C4742
:20352000010000007F000000276E00008077FA016D3705006D3F04006D47010000007F00F7
:203540000650C15281527F008077CE016042BC156032841D5C1A8077FE01441A004A2056BA
:203560007D00205EA9D84B5E5CDE80773C01004A8007AC02603AC20D070E01FF9AFD603292
:20358000FCF5054A4046FF7F203EFF02D505034A203EFF001F32206E5200B5ED581A63FF5D
:2035A000010063EF050007E880FF5403400E0100213E9CB41D30BFFF3EFF1D3080FF640375
:2035C0001D5023EF050023FF0100481A7F002708010E7F00EC05010E2000E14780006E0070
:2035E00000426E006042E21D203E9E000848904ACA050848503AD0420908884ACA0501489E
:20360000583AC842844ABA055C3AC4426042940D5F3AC142E4055F3AC142B4055F3AC1422C
:203620006E00003A6E006042C235605A92358751960DC2150B08EA5F80000A56E0FF8C2D34
:20364000950D8051CA390808EA4780000A56E0FFDC258051EA0FC00001502649BC15AB41EC
:203660008225B905293180418051E10F0000A141F40D5F3ACA51E10F0000C841C141ACFDCE
:203680006E00CB41D905413A8142484600806E00605ABA0549316E000A380B4009306E0083
:2036A0000032003A6E00293108084B09A235CA39073E81FFCB4E03000808910AE1480000E3
:2036C000C80E03000B509152EA080000825ACB5EFF7FC1498242C80EFF7FEB0800008D0AB2
:2036E000C149C80EFF7F8F42E8580000EA080000EA400000824ACB49C1498D4AE10F00008E
:20370000C242C941C405C142C1416E00413A6E00003A00426E0019781A801B881C901D985D
:20372000581A633705000640C94281420638C739983AF205070E01FF820D484600806E003D
:203740006042E2FD800736026042A2FD073E00026E0000006377050008E820CE7F000746AA
:2037600081FF400E05B5E1E9B1055FCA4142086808460000AC058041BF776CFE20567E00D1
:20378000205EF7174B5E72B1BF771EFF9F6ACF6A0769636F000008E019381D4063CF020030
:2037A00020567F00405E0080264E0000BF777AFE80DF020207C808D00032233F02001D40D7
:2037C0001F4A20567F00405E0080BF775CFE004A19501A58BF77D2FE9F32CF32073163370E
:2037E000020008E807500858BF77BEFE00320562246EEC8A80DF3A02234F02001D58C956EA
:20380000FF00BF77A4FE1C58234F000023770500C956FF000000BF0710FE00000FC810D0A3
:2038200011D812E013E86042CC15603AE71D0808D90AA90DCA05C80E0001E205084600010C
:20384000E10F0000C139070E01FFAE1D603AD71D9F32DF32C14289420831D73A0731604A34
:20386000EA1D481A06507F00275042520A0EE7FFAC15EA47800048460080003A95DD004293
:20388000203EFF00034AD5E50808C109890AD205014AF5DD003A0042024AB5DD235F010086
:2038A00023570500031EECFF634F0100240E1C8BC169636F050063570900635F0D006337C4
:2038C0001100634F150063FF19000330BFFF78EA6052DA0D80FF9C01234F1500090EFBFFF5
:2038E000EA0F0000010E21006A0F010023FF190023571100031E1C007F0000000646000057
:20390000AC058041276600006C3705000000BF77D6FC6C3F04006C47010000007F00000016
:20392000031EE8FF6337010063CF050063D7090063DF0D0063E7110063EF150026470100EB
:20394000263F040026370600000080EF2E0123EF150023E7110023DF0D0023D7090023CFB7
:20396000050023670100031E18006C0706006C3F04006C47010000007F00013A086090628E
:20398000CA050860503AD0420C088862CA050160583AC8428462BA055C3AC4426042940D06
:2039A0005F3AC142E4055F3AC142B4055F3AC1426E0008D007CE81FF404E004091424848C5
:2039C00009508F520860EA600000C95EFF7F0808EB080000CF62C161400E00408161CF625F
:2039E0001A08820AC10EFF7FE1500000E1580000CF52CB51AA614860CF4ACC49203E7F0067
:203A0000B4055F3AC94909400760086807500858BF7796FC1A5820567F00BF778CFC0C5022
:203A200041520D582648BF7700FCB9397B009F32DF32C7CEFFFF06C908D02D3701002D478C
:203A40000500C63EFFFF486A19481950D052B0521A58BF7754FC486A2D4FF9FF2D5FFDFF19
:203A6000C956FFFF0000BF77C0FB5F62EAED7B0024562CB67F000000613A87359F32DF3211
:203A8000070E8AFF8715204E2000A1490850E95780000A31E147C000BF774CFB603AB2056B
:203AA000073ED8FF06E000320462246EE48BBFDF80FF0FD2246E0C8CA1E2890D2D570100A5
:203AC0002D5F05000000BF77E0FB486A5FD2DAF560E28C0D1DD8BF07DCFE203E7F004046BF
:203AE00000807D00267F0100400E5000210E524DE179B2051F52E545266705006162E605CB
:203B00007F3ACA0500400C48850D613AA63DE761863D0746FFFF0748065E0800C462CB6116
:203B2000E9410C50CE2D2A87FDFFC6812A97F9FFD2810B980850C452D3512A9701002A677C
:203B40000D00C6612A5709001258CA91E691D305F059B9051F52E515E051E70D5F520B70D0
:203B6000415A0C884162118F00004E8F00000A685F52E069DFF54142E941D6DD0050A5055C
:203B80001F527F00524D50000200000000B1FF0300B1FF030C000000280000000CB1FF03EB
:203BA0000CB1FF03840C0000340000000000000008B1FF03000000000000000001000000C6
:203BC0000000000000000000000000000200000000000000000000000000000000000000E3
:203BE0000000000000000000000000000300000000000000000000000000000005000000BD
:203C000000000000000000000000000000000000000000000900000000000000000000009B
:203C200003000000000000000000000000000000000000001700000000000000000000006A
:203C4000000000000000000000000000000000000000000000000000000000000000000064
:203C6000000000000000000000000000000000000000000000000000000000000000000044
:203C8000000000000000000000000000000000000000000000000000000000000000000024
:203CA000000000000000000000000000000000000000000000000000000000000000000004
:203CC0000000000000000000000000000000000000000000000000000000000000000000E4
:203CE0000100000003000000000000000000000000000000000000000000000000000000C0
:203D000000000000000000000000000000000000000000000000210300000000000000007F
:203D2000000000000000000033000000000000000000000001000600000000000000000049
:203D4000B8570000A45700004C5A0000544E0000386E0000106700007C6F000094880000ED
:203D600058A6000070AE0000A46F00004C670000E8A70000184E0000D454000074A300002D
:203D8000D8A300002462000084B30000606700000C6E0000ECA3000000000000000000001B
:203DA000020000000000000000000000000000000000000000000000000000000000000001
:203DC0000000000000000000010000000000000000000000220000000000000000000000C0
:203DE0000000000000000000000000000000000000000000C02709000000000000000000D3
:203E00000000000000000000000000000000000000000000000000000000000000000000A2
:203E2000000000000000000000000000000000000000000000000000000000000000000082
:203E4000000000000000000000000000000000000000000000000000000000000000000062
:203E60000000000000000000000000006AC60100000000006AC60100000000006AC60100AF
:203E80008CB901000000000000000000000000000000000000000000A8C40100000000006F
:203EA000000000000000000000000000000000000000000000000000000000003EB901000A
:203EC00000000000F0B80100000000004EB80100000000000000000018EA0100000000002F
:203EE00000000000A2B80100000000006EC401000000000000000000000000000000000034
:203F000000000000000000000000000000000000000101000000000000000000000000009F
:203F200000000000000000000000000000000000000000000000000000000000000000027F
:203F40000000000000000100000000000000000000001F0000000000000001000000000040
:203F6000000000000000000000000000000000000000000000000000000000000000000041
:203F8000000000000000000000000000000000000000000000000000000000000000FF0022
:203FA0000000000000000000000200000000000000000000000000000000000000000000FF
:203FC000000000000000000000000000000B000001000000000000000000000000000001D4
:203FE0000000000000000000000100000000000000000000000000000000000000000000C0
:204000000000000000000000000000000000000000000000000000000000000000000000A0
:2040200000000000000000000000000001000000010000000000000000000000000000007E
:20404000000000000000000000000000000000000000000000000000000000000000000060
:204060000003030001000000B493000001000000000000000000000001040A0012000000D0
:20408000149300000100000000000000000000000203100007000000C49100000100000006
:2040A00000000000000000000303260005000000E493000001000000000000000000000057
:2040C0000402000000000000000000000000000001000000000000000503040003000000CA
:2040E0007497000001000000000000000000000006071A0007000000F498000000000000FA
:20410000000000000100000007020000000000000000000000000000010000000000000094
:204120000803000008000000D49800000100000002000000000000000903130008000000D6
:20414000449600000100000000000000000000000A03050003000000C49200000100000018
:2041600000000000000000000B03060005000000B4970000010000000000000000000000DA
:204180000C030A0006000000149800000100000000000000000000000D042C00080000000E
:2041A000949A00000000000000000000010000000E04050006000000549D000000000000C2
:2041C00000000000010000000F0300000100000000000000000000000300000001000000C7
:2041E000100300000500000000000000000000000400000001000000110402000400000087
:20420000B49800000000000000000000000000001202000008000000E498000001000000B9
:2042200002000000000000001301020006000000A49D00000100000000000000000000001E
:20424000000000FF000000000000000000000000000000000000000000000000000000005F
:20426000000000000000000000000000000119000A00000000A40000010000000000000075
:20428000010101000300000090A5000000000000010000000201040004000000A0A5000092
:2042A0000000000001000000010000000000000000000000000100000000000000000000FB
:2042C00000000000000000000000000000000000000000000000000000000000B80B00001B
:2042E000000000010000000000000000000000000D0000000000000000070500050000009F
:20430000D0A80000010000000000000000000000010217000800000020A900000100000038
:20432000000000000000000002031B000800000090AA00000000000000000000010000001A
:20434000030201000100000040AC000000000000020000000100000004020200040000005B
:2043600050AC0000010000000000000000000000050207000300000070AC00000100000012
:2043800000000000000000000605100013000000E0AC000001000000000000000000000062
:2043A0000701040005000000E0AD0000010000000000000000000000080101000300000051
:2043C00030AE0000000000000000000001000000090103000300000040AE000001000000FF
:2043E00000000000000000000A0101002000000020AE0000010000000100000000000000C1
:2044000001000000000032001900010000000000010000000001000000000000000000004D
:20442000000404000000000000000000000000000000000000000000000000000000000074
:204440000000000000000F070F000000FF0100000000000000000000000000000000000235
:204460000B140A0A05002C01E80300000000000000000000000000000000000000000000EC
:20448000000000000000000000000000000000000000000000000000000000000002010118
:2044A0000001000101000000000000000000000000000000000000000000000000000000F9
:2044C0000300000000000000000000000000000000000001000000000000000100000000D7
:2044E0000000000000000000000000000000000000000001000000000000000100000000BA
:20450000000000000100000000410000FEFF03000041000001000000000000001100000006
:204520000400000039000000000000000000000053180A08024142433939415237392D3126
:2045400039483232372D393900415237392D3134473138302D393900415237392D313948AA
:204560003232372D39390000000000005F5F5F6D756C662E73005F5F5F646976662E730028
:204580005F5F5F616464662E73005F5F5F737562662E73005F5F5F636D70662E73000000FC
:2045A0000020202020202020202028282828282020202020202020202020202020202020F3
:2045C0002088101010101010101010101010101010040404040404040404041010101010CB
:2045E0001010414141414141010101010101010101010101010101010101010110101010C1
:20460000101042424242424202020202020202020202020202020202020202021010101086
:2046200020000000000000000000000000000000000000000000000000000000000000005A
:2046400000000000000000000000000000000000000000000000000000000000000000005A
:2046600000000000000000000000000000000000000000000000000000000000000000003A
:2046800000000000000000000000000000000000000000000000000000000000000000001A
:2046A000000000007C000000A38B2EBA7C000000E4388EE37D000000922449927D000000D4
:2046C000CDCCCCCC7E000000ABAAAAAA800000000000008061636F7366006173696E660065
:2046E0006174616E66006174616E326600636F73660073696E660074616E6600636F7368C3
:20470000660073696E68660074616E6866006578706600667265787066006C646578706649
:20472000006C6F6766006C6F6731306600706F776600737172746600666D6F6466007374E9
:2047400072746F64660061746F66660067616D6D616600657266660065726663660079306F
:2047600066006A316600793166006A6E6600796E66006C6F673266006879706F7466006162
:20478000636F736866006173696E6866006174616E68660063627274660000007A00008010
:2047A000ABAAAAAA7C000080ABAAAAAA7E000000000000807F000000000000807F0000002F
:2047C000000000807F000000154080807F000000AB0001817F0000005B0504827F000000F5
:2047E000002B10847F000000BC5A41887F0000002E020B917F000000E2F15AA47F00000082
:20480000714C09D3800000005954F8AD81000000C62573EC84000000718164DA8A00000024
:20482000EA534FBA96000000855E9787AD00000062FEA18FDB00000068C12CA1FFFFFFFF91
:20484000FFFFFFFFFFFFFFFFFFFFFFFFFFFFFFFFFFFFFFFFFFFFFFFFFFFFFFFFFFFFFFFF78
:20486000FFFFFFFFFFFFFFFFFFFFFFFFFFFFFFFFFFFFFFFFFFFFFFFFFFFFFFFFFFFFFFFF58
:20488000FFFFFFFFFFFFFFFFFFFFFFFFFFFFFFFFFFFFFFFFFFFFFFFFFFFFFFFFFFFFFFFF38
:2048A000FFFFFFFFFFFFFFFFFFFFFFFFFFFFFFFFFFFFFFFFFFFFFFFFFFFFFFFFFFFFFFFF18
:2048C000FFFFFFFFFFFFFFFFFFFFFFFFFFFFFFFFFFFFFFFFFFFFFFFFFFFFFFFFFFFFFFFFF8
:2048E000FFFFFFFFFFFFFFFFFFFFFFFFFFFFFFFFFFFFFFFFFFFFFFFFFFFFFFFFFFFFFFFFD8
:20490000FFFFFFFFFFFFFFFFFFFFFFFFFFFFFFFFFFFFFFFFFFFFFFFFFFFFFFFFFFFFFFFFB7
:20492000FFFFFFFFFFFFFFFFFFFFFFFFFFFFFFFFFFFFFFFFFFFFFFFFFFFFFFFFFFFFFFFF97
:20494000FFFFFFFFFFFFFFFFFFFFFFFFFFFFFFFFFFFFFFFFFFFFFFFFFFFFFFFFFFFFFFFF77
:20496000FFFFFFFFFFFFFFFFFFFFFFFFFFFFFFFFFFFFFFFFFFFFFFFFFFFFFFFFFFFFFFFF57
:20498000FFFFFFFFFFFFFFFFFFFFFFFFFFFFFFFFFFFFFFFFFFFFFFFFFFFFFFFFFFFFFFFF37
:2049A000FFFFFFFFFFFFFFFFFFFFFFFFFFFFFFFFFFFFFFFFFFFFFFFFFFFFFFFFFFFFFFFF17
:2049C000FFFFFFFFFFFFFFFFFFFFFFFFFFFFFFFFFFFFFFFFFFFFFFFFFFFFFFFFFFFFFFFFF7
:2049E000FFFFFFFFFFFFFFFFFFFFFFFFFFFFFFFFFFFFFFFFFFFFFFFFFFFFFFFFFFFFFFFFD7
:204A0000FFFFFFFFFFFFFFFFFFFFFFFFFFFFFFFFFFFFFFFFFFFFFFFFFFFFFFFFFFFFFFFFB6
:204A2000FFFFFFFFFFFFFFFFFFFFFFFFFFFFFFFFFFFFFFFFFFFFFFFFFFFFFFFFFFFFFFFF96
:204A4000FFFFFFFFFFFFFFFFFFFFFFFFFFFFFFFFFFFFFFFFFFFFFFFFFFFFFFFFFFFFFFFF76
:204A6000FFFFFFFFFFFFFFFFFFFFFFFFFFFFFFFFFFFFFFFFFFFFFFFFFFFFFFFFFFFFFFFF56
:204A8000FFFFFFFFFFFFFFFFFFFFFFFFFFFFFFFFFFFFFFFFFFFFFFFFFFFFFFFFFFFFFFFF36
:204AA000FFFFFFFFFFFFFFFFFFFFFFFFFFFFFFFFFFFFFFFFFFFFFFFFFFFFFFFFFFFFFFFF16
:204AC000FFFFFFFFFFFFFFFFFFFFFFFFFFFFFFFFFFFFFFFFFFFFFFFFFFFFFFFFFFFFFFFFF6
:204AE000FFFFFFFFFFFFFFFFFFFFFFFFFFFFFFFFFFFFFFFFFFFFFFFFFFFFFFFFFFFFFFFFD6
:204B0000FFFFFFFFFFFFFFFFFFFFFFFFFFFFFFFFFFFFFFFFFFFFFFFFFFFFFFFFFFFFFFFFB5
:204B2000FFFFFFFFFFFFFFFFFFFFFFFFFFFFFFFFFFFFFFFFFFFFFFFFFFFFFFFFFFFFFFFF95
:204B4000FFFFFFFFFFFFFFFFFFFFFFFFFFFFFFFFFFFFFFFFFFFFFFFFFFFFFFFFFFFFFFFF75
:204B6000FFFFFFFFFFFFFFFFFFFFFFFFFFFFFFFFFFFFFFFFFFFFFFFFFFFFFFFFFFFFFFFF55
:204B8000FFFFFFFFFFFFFFFFFFFFFFFFFFFFFFFFFFFFFFFFFFFFFFFFFFFFFFFFFFFFFFFF35
:204BA000FFFFFFFFFFFFFFFFFFFFFFFFFFFFFFFFFFFFFFFFFFFFFFFFFFFFFFFFFFFFFFFF15
:204BC000FFFFFFFFFFFFFFFFFFFFFFFFFFFFFFFFFFFFFFFFFFFFFFFFFFFFFFFFFFFFFFFFF5
:204BE000FFFFFFFFFFFFFFFFFFFFFFFFFFFFFFFFFFFFFFFFFFFFFFFFFFFFFFFFFFFFFFFFD5
:204C0000FFFFFFFFFFFFFFFFFFFFFFFFFFFFFFFFFFFFFFFFFFFFFFFFFFFFFFFFFFFFFFFFB4
:204C2000FFFFFFFFFFFFFFFFFFFFFFFFFFFFFFFFFFFFFFFFFFFFFFFFFFFFFFFFFFFFFFFF94
:204C4000FFFFFFFFFFFFFFFFFFFFFFFFFFFFFFFFFFFFFFFFFFFFFFFFFFFFFFFFFFFFFFFF74
:204C6000FFFFFFFFFFFFFFFFFFFFFFFFFFFFFFFFFFFFFFFFFFFFFFFFFFFFFFFFFFFFFFFF54
:204C8000FFFFFFFFFFFFFFFFFFFFFFFFFFFFFFFFFFFFFFFFFFFFFFFFFFFFFFFFFFFFFFFF34
:204CA000FFFFFFFFFFFFFFFFFFFFFFFFFFFFFFFFFFFFFFFFFFFFFFFFFFFFFFFFFFFFFFFF14
:204CC000FFFFFFFFFFFFFFFFFFFFFFFFFFFFFFFFFFFFFFFFFFFFFFFFFFFFFFFFFFFFFFFFF4
:204CE000FFFFFFFFFFFFFFFFFFFFFFFFFFFFFFFFFFFFFFFFFFFFFFFFFFFFFFFFFFFFFFFFD4
:204D0000FFFFFFFFFFFFFFFFFFFFFFFFFFFFFFFFFFFFFFFFFFFFFFFFFFFFFFFFFFFFFFFFB3
:204D2000FFFFFFFFFFFFFFFFFFFFFFFFFFFFFFFFFFFFFFFFFFFFFFFFFFFFFFFFFFFFFFFF93
:204D4000FFFFFFFFFFFFFFFFFFFFFFFFFFFFFFFFFFFFFFFFFFFFFFFFFFFFFFFFFFFFFFFF73
:204D6000FFFFFFFFFFFFFFFFFFFFFFFFFFFFFFFFFFFFFFFFFFFFFFFFFFFFFFFFFFFFFFFF53
:204D8000FFFFFFFFFFFFFFFFFFFFFFFFFFFFFFFFFFFFFFFFFFFFFFFFFFFFFFFFFFFFFFFF33
:204DA000FFFFFFFFFFFFFFFFFFFFFFFFFFFFFFFFFFFFFFFFFFFFFFFFFFFFFFFFFFFFFFFF13
:204DC000FFFFFFFFFFFFFFFFFFFFFFFFFFFFFFFFFFFFFFFFFFFFFFFFFFFFFFFFFFFFFFFFF3
:204DE000FFFFFFFFFFFFFFFFFFFFFFFFFFFFFFFFFFFFFFFFFFFFFFFFFFFFFFFFFFFFFFFFD3
:204E0000FFFFFFFFFFFFFFFFFFFFFFFFFFFFFFFFFFFFFFFFFFFFFFFFFFFFFFFFFFFFFFFFB2
:204E2000FFFFFFFFFFFFFFFFFFFFFFFFFFFFFFFFFFFFFFFFFFFFFFFFFFFFFFFFFFFFFFFF92
:204E4000FFFFFFFFFFFFFFFFFFFFFFFFFFFFFFFFFFFFFFFFFFFFFFFFFFFFFFFFFFFFFFFF72
:204E6000FFFFFFFFFFFFFFFFFFFFFFFFFFFFFFFFFFFFFFFFFFFFFFFFFFFFFFFFFFFFFFFF52
:204E8000FFFFFFFFFFFFFFFFFFFFFFFFFFFFFFFFFFFFFFFFFFFFFFFFFFFFFFFFFFFFFFFF32
:204EA000FFFFFFFFFFFFFFFFFFFFFFFFFFFFFFFFFFFFFFFFFFFFFFFFFFFFFFFFFFFFFFFF12
:204EC000FFFFFFFFFFFFFFFFFFFFFFFFFFFFFFFFFFFFFFFFFFFFFFFFFFFFFFFFFFFFFFFFF2
:204EE000FFFFFFFFFFFFFFFFFFFFFFFFFFFFFFFFFFFFFFFFFFFFFFFFFFFFFFFFFFFFFFFFD2
:204F0000FFFFFFFFFFFFFFFFFFFFFFFFFFFFFFFFFFFFFFFFFFFFFFFFFFFFFFFFFFFFFFFFB1
:204F2000FFFFFFFFFFFFFFFFFFFFFFFFFFFFFFFFFFFFFFFFFFFFFFFFFFFFFFFFFFFFFFFF91
:204F4000FFFFFFFFFFFFFFFFFFFFFFFFFFFFFFFFFFFFFFFFFFFFFFFFFFFFFFFFFFFFFFFF71
:204F6000FFFFFFFFFFFFFFFFFFFFFFFFFFFFFFFFFFFFFFFFFFFFFFFFFFFFFFFFFFFFFFFF51
:204F8000FFFFFFFFFFFFFFFFFFFFFFFFFFFFFFFFFFFFFFFFFFFFFFFFFFFFFFFFFFFFFFFF31
:204FA000FFFFFFFFFFFFFFFFFFFFFFFFFFFFFFFFFFFFFFFFFFFFFFFFFFFFFFFFFFFFFFFF11
:204FC000FFFFFFFFFFFFFFFFFFFFFFFFFFFFFFFFFFFFFFFFFFFFFFFFFFFFFFFFFFFFFFFFF1
:204FE000FFFFFFFFFFFFFFFFFFFFFFFFFFFFFFFFFFFFFFFFFFFFFFFFFFFFFFFFFFFFFFFFD1
:20500000FFFFFFFFFFFFFFFFFFFFFFFFFFFFFFFFFFFFFFFFFFFFFFFFFFFFFFFFFFFFFFFFB0
:20502000FFFFFFFFFFFFFFFFFFFFFFFFFFFFFFFFFFFFFFFFFFFFFFFFFFFFFFFFFFFFFFFF90
:20504000FFFFFFFFFFFFFFFFFFFFFFFFFFFFFFFFFFFFFFFFFFFFFFFFFFFFFFFFFFFFFFFF70
:20506000FFFFFFFFFFFFFFFFFFFFFFFFFFFFFFFFFFFFFFFFFFFFFFFFFFFFFFFFFFFFFFFF50
:20508000FFFFFFFFFFFFFFFFFFFFFFFFFFFFFFFFFFFFFFFFFFFFFFFFFFFFFFFFFFFFFFFF30
:2050A000FFFFFFFFFFFFFFFFFFFFFFFFFFFFFFFFFFFFFFFFFFFFFFFFFFFFFFFFFFFFFFFF10
:2050C000FFFFFFFFFFFFFFFFFFFFFFFFFFFFFFFFFFFFFFFFFFFFFFFFFFFFFFFFFFFFFFFFF0
:2050E000FFFFFFFFFFFFFFFFFFFFFFFFFFFFFFFFFFFFFFFFFFFFFFFFFFFFFFFFFFFFFFFFD0
:20510000FFFFFFFFFFFFFFFFFFFFFFFFFFFFFFFFFFFFFFFFFFFFFFFFFFFFFFFFFFFFFFFFAF
:20512000FFFFFFFFFFFFFFFFFFFFFFFFFFFFFFFFFFFFFFFFFFFFFFFFFFFFFFFFFFFFFFFF8F
:20514000FFFFFFFFFFFFFFFFFFFFFFFFFFFFFFFFFFFFFFFFFFFFFFFFFFFFFFFFFFFFFFFF6F
:20516000FFFFFFFFFFFFFFFFFFFFFFFFFFFFFFFFFFFFFFFFFFFFFFFFFFFFFFFFFFFFFFFF4F
:20518000FFFFFFFFFFFFFFFFFFFFFFFFFFFFFFFFFFFFFFFFFFFFFFFFFFFFFFFFFFFFFFFF2F
:2051A000FFFFFFFFFFFFFFFFFFFFFFFFFFFFFFFFFFFFFFFFFFFFFFFFFFFFFFFFFFFFFFFF0F
:2051C000FFFFFFFFFFFFFFFFFFFFFFFFFFFFFFFFFFFFFFFFFFFFFFFFFFFFFFFFFFFFFFFFEF
:2051E000FFFFFFFFFFFFFFFFFFFFFFFFFFFFFFFFFFFFFFFFFFFFFFFFFFFFFFFFFFFFFFFFCF
:20520000FFFFFFFFFFFFFFFFFFFFFFFFFFFFFFFFFFFFFFFFFFFFFFFFFFFFFFFFFFFFFFFFAE
:20522000FFFFFFFFFFFFFFFFFFFFFFFFFFFFFFFFFFFFFFFFFFFFFFFFFFFFFFFFFFFFFFFF8E
:20524000FFFFFFFFFFFFFFFFFFFFFFFFFFFFFFFFFFFFFFFFFFFFFFFFFFFFFFFFFFFFFFFF6E
:20526000FFFFFFFFFFFFFFFFFFFFFFFFFFFFFFFFFFFFFFFFFFFFFFFFFFFFFFFFFFFFFFFF4E
:20528000FFFFFFFFFFFFFFFFFFFFFFFFFFFFFFFFFFFFFFFFFFFFFFFFFFFFFFFFFFFFFFFF2E
:2052A000FFFFFFFFFFFFFFFFFFFFFFFFFFFFFFFFFFFFFFFFFFFFFFFFFFFFFFFFFFFFFFFF0E
:2052C000FFFFFFFFFFFFFFFFFFFFFFFFFFFFFFFFFFFFFFFFFFFFFFFFFFFFFFFFFFFFFFFFEE
:2052E000FFFFFFFFFFFFFFFFFFFFFFFFFFFFFFFFFFFFFFFFFFFFFFFFFFFFFFFFFFFFFFFFCE
:20530000FFFFFFFFFFFFFFFFFFFFFFFFFFFFFFFFFFFFFFFFFFFFFFFFFFFFFFFFFFFFFFFFAD
:20532000FFFFFFFFFFFFFFFFFFFFFFFFFFFFFFFFFFFFFFFFFFFFFFFFFFFFFFFFFFFFFFFF8D
:20534000FFFFFFFFFFFFFFFFFFFFFFFFFFFFFFFFFFFFFFFFFFFFFFFFFFFFFFFFFFFFFFFF6D
:20536000FFFFFFFFFFFFFFFFFFFFFFFFFFFFFFFFFFFFFFFFFFFFFFFFFFFFFFFFFFFFFFFF4D
:20538000FFFFFFFFFFFFFFFFFFFFFFFFFFFFFFFFFFFFFFFFFFFFFFFFFFFFFFFFFFFFFFFF2D
:2053A000FFFFFFFFFFFFFFFFFFFFFFFFFFFFFFFFFFFFFFFFFFFFFFFFFFFFFFFFFFFFFFFF0D
:2053C000FFFFFFFFFFFFFFFFFFFFFFFFFFFFFFFFFFFFFFFFFFFFFFFFFFFFFFFFFFFFFFFFED
:2053E000FFFFFFFFFFFFFFFFFFFFFFFFFFFFFFFFFFFFFFFFFFFFFFFFFFFFFFFFFFFFFFFFCD
:20540000FFFFFFFFFFFFFFFFFFFFFFFFFFFFFFFFFFFFFFFFFFFFFFFFFFFFFFFFFFFFFFFFAC
:20542000FFFFFFFFFFFFFFFFFFFFFFFFFFFFFFFFFFFFFFFFFFFFFFFFFFFFFFFFFFFFFFFF8C
:20544000FFFFFFFFFFFFFFFFFFFFFFFFFFFFFFFFFFFFFFFFFFFFFFFFFFFFFFFFFFFFFFFF6C
:20546000FFFFFFFFFFFFFFFFFFFFFFFFFFFFFFFFFFFFFFFFFFFFFFFFFFFFFFFFFFFFFFFF4C
:20548000FFFFFFFFFFFFFFFFFFFFFFFFFFFFFFFFFFFFFFFFFFFFFFFFFFFFFFFFFFFFFFFF2C
:2054A000FFFFFFFFFFFFFFFFFFFFFFFFFFFFFFFFFFFFFFFFFFFFFFFFFFFFFFFFFFFFFFFF0C
:2054C000FFFFFFFFFFFFFFFFFFFFFFFFFFFFFFFFFFFFFFFFFFFFFFFFFFFFFFFFFFFFFFFFEC
:2054E000FFFFFFFFFFFFFFFFFFFFFFFFFFFFFFFFFFFFFFFFFFFFFFFFFFFFFFFFFFFFFFFFCC
:20550000FFFFFFFFFFFFFFFFFFFFFFFFFFFFFFFFFFFFFFFFFFFFFFFFFFFFFFFFFFFFFFFFAB
:20552000FFFFFFFFFFFFFFFFFFFFFFFFFFFFFFFFFFFFFFFFFFFFFFFFFFFFFFFFFFFFFFFF8B
:20554000FFFFFFFFFFFFFFFFFFFFFFFFFFFFFFFFFFFFFFFFFFFFFFFFFFFFFFFFFFFFFFFF6B
:20556000FFFFFFFFFFFFFFFFFFFFFFFFFFFFFFFFFFFFFFFFFFFFFFFFFFFFFFFFFFFFFFFF4B
:20558000FFFFFFFFFFFFFFFFFFFFFFFFFFFFFFFFFFFFFFFFFFFFFFFFFFFFFFFFFFFFFFFF2B
:2055A000FFFFFFFFFFFFFFFFFFFFFFFFFFFFFFFFFFFFFFFFFFFFFFFFFFFFFFFFFFFFFFFF0B
:2055C000FFFFFFFFFFFFFFFFFFFFFFFFFFFFFFFFFFFFFFFFFFFFFFFFFFFFFFFFFFFFFFFFEB
:2055E000FFFFFFFFFFFFFFFFFFFFFFFFFFFFFFFFFFFFFFFFFFFFFFFFFFFFFFFFFFFFFFFFCB
:20560000FFFFFFFFFFFFFFFFFFFFFFFFFFFFFFFFFFFFFFFFFFFFFFFFFFFFFFFFFFFFFFFFAA
:20562000FFFFFFFFFFFFFFFFFFFFFFFFFFFFFFFFFFFFFFFFFFFFFFFFFFFFFFFFFFFFFFFF8A
:20564000FFFFFFFFFFFFFFFFFFFFFFFFFFFFFFFFFFFFFFFFFFFFFFFFFFFFFFFFFFFFFFFF6A
:20566000FFFFFFFFFFFFFFFFFFFFFFFFFFFFFFFFFFFFFFFFFFFFFFFFFFFFFFFFFFFFFFFF4A
:20568000FFFFFFFFFFFFFFFFFFFFFFFFFFFFFFFFFFFFFFFFFFFFFFFFFFFFFFFFFFFFFFFF2A
:2056A000FFFFFFFFFFFFFFFFFFFFFFFFFFFFFFFFFFFFFFFFFFFFFFFFFFFFFFFFFFFFFFFF0A
:2056C000FFFFFFFFFFFFFFFFFFFFFFFFFFFFFFFFFFFFFFFFFFFFFFFFFFFFFFFFFFFFFFFFEA
:2056E000FFFFFFFFFFFFFFFFFFFFFFFFFFFFFFFFFFFFFFFFFFFFFFFFFFFFFFFFFFFFFFFFCA
:20570000FFFFFFFFFFFFFFFFFFFFFFFFFFFFFFFFFFFFFFFFFFFFFFFFFFFFFFFFFFFFFFFFA9
:20572000FFFFFFFFFFFFFFFFFFFFFFFFFFFFFFFFFFFFFFFFFFFFFFFFFFFFFFFFFFFFFFFF89
:20574000FFFFFFFFFFFFFFFFFFFFFFFFFFFFFFFFFFFFFFFFFFFFFFFFFFFFFFFFFFFFFFFF69
:20576000FFFFFFFFFFFFFFFFFFFFFFFFFFFFFFFFFFFFFFFFFFFFFFFFFFFFFFFFFFFFFFFF49
:20578000FFFFFFFFFFFFFFFFFFFFFFFFFFFFFFFFFFFFFFFFFFFFFFFFFFFFFFFFFFFFFFFF29
:2057A000FFFFFFFFFFFFFFFFFFFFFFFFFFFFFFFFFFFFFFFFFFFFFFFFFFFFFFFFFFFFFFFF09
:2057C000FFFFFFFFFFFFFFFFFFFFFFFFFFFFFFFFFFFFFFFFFFFFFFFFFFFFFFFFFFFFFFFFE9
:2057E000FFFFFFFFFFFFFFFFFFFFFFFFFFFFFFFFFFFFFFFFFFFFFFFFFFFFFFFFFFFFFFFFC9
:20580000FFFFFFFFFFFFFFFFFFFFFFFFFFFFFFFFFFFFFFFFFFFFFFFFFFFFFFFFFFFFFFFFA8
:20582000FFFFFFFFFFFFFFFFFFFFFFFFFFFFFFFFFFFFFFFFFFFFFFFFFFFFFFFFFFFFFFFF88
:20584000FFFFFFFFFFFFFFFFFFFFFFFFFFFFFFFFFFFFFFFFFFFFFFFFFFFFFFFFFFFFFFFF68
:20586000FFFFFFFFFFFFFFFFFFFFFFFFFFFFFFFFFFFFFFFFFFFFFFFFFFFFFFFFFFFFFFFF48
:20588000FFFFFFFFFFFFFFFFFFFFFFFFFFFFFFFFFFFFFFFFFFFFFFFFFFFFFFFFFFFFFFFF28
:2058A000FFFFFFFFFFFFFFFFFFFFFFFFFFFFFFFFFFFFFFFFFFFFFFFFFFFFFFFFFFFFFFFF08
:2058C000FFFFFFFFFFFFFFFFFFFFFFFFFFFFFFFFFFFFFFFFFFFFFFFFFFFFFFFFFFFFFFFFE8
:2058E000FFFFFFFFFFFFFFFFFFFFFFFFFFFFFFFFFFFFFFFFFFFFFFFFFFFFFFFFFFFFFFFFC8
:20590000FFFFFFFFFFFFFFFFFFFFFFFFFFFFFFFFFFFFFFFFFFFFFFFFFFFFFFFFFFFFFFFFA7
:20592000FFFFFFFFFFFFFFFFFFFFFFFFFFFFFFFFFFFFFFFFFFFFFFFFFFFFFFFFFFFFFFFF87
:20594000FFFFFFFFFFFFFFFFFFFFFFFFFFFFFFFFFFFFFFFFFFFFFFFFFFFFFFFFFFFFFFFF67
:20596000FFFFFFFFFFFFFFFFFFFFFFFFFFFFFFFFFFFFFFFFFFFFFFFFFFFFFFFFFFFFFFFF47
:20598000FFFFFFFFFFFFFFFFFFFFFFFFFFFFFFFFFFFFFFFFFFFFFFFFFFFFFFFFFFFFFFFF27
:2059A000FFFFFFFFFFFFFFFFFFFFFFFFFFFFFFFFFFFFFFFFFFFFFFFFFFFFFFFFFFFFFFFF07
:2059C000FFFFFFFFFFFFFFFFFFFFFFFFFFFFFFFFFFFFFFFFFFFFFFFFFFFFFFFFFFFFFFFFE7
:2059E000FFFFFFFFFFFFFFFFFFFFFFFFFFFFFFFFFFFFFFFFFFFFFFFFFFFFFFFFFFFFFFFFC7
:205A0000FFFFFFFFFFFFFFFFFFFFFFFFFFFFFFFFFFFFFFFFFFFFFFFFFFFFFFFFFFFFFFFFA6
:205A2000FFFFFFFFFFFFFFFFFFFFFFFFFFFFFFFFFFFFFFFFFFFFFFFFFFFFFFFFFFFFFFFF86
:205A4000FFFFFFFFFFFFFFFFFFFFFFFFFFFFFFFFFFFFFFFFFFFFFFFFFFFFFFFFFFFFFFFF66
:205A6000FFFFFFFFFFFFFFFFFFFFFFFFFFFFFFFFFFFFFFFFFFFFFFFFFFFFFFFFFFFFFFFF46
:205A8000FFFFFFFFFFFFFFFFFFFFFFFFFFFFFFFFFFFFFFFFFFFFFFFFFFFFFFFFFFFFFFFF26
:205AA000FFFFFFFFFFFFFFFFFFFFFFFFFFFFFFFFFFFFFFFFFFFFFFFFFFFFFFFFFFFFFFFF06
:205AC000FFFFFFFFFFFFFFFFFFFFFFFFFFFFFFFFFFFFFFFFFFFFFFFFFFFFFFFFFFFFFFFFE6
:205AE000FFFFFFFFFFFFFFFFFFFFFFFFFFFFFFFFFFFFFFFFFFFFFFFFFFFFFFFFFFFFFFFFC6
:205B0000FFFFFFFFFFFFFFFFFFFFFFFFFFFFFFFFFFFFFFFFFFFFFFFFFFFFFFFFFFFFFFFFA5
:205B2000FFFFFFFFFFFFFFFFFFFFFFFFFFFFFFFFFFFFFFFFFFFFFFFFFFFFFFFFFFFFFFFF85
:205B4000FFFFFFFFFFFFFFFFFFFFFFFFFFFFFFFFFFFFFFFFFFFFFFFFFFFFFFFFFFFFFFFF65
:205B6000FFFFFFFFFFFFFFFFFFFFFFFFFFFFFFFFFFFFFFFFFFFFFFFFFFFFFFFFFFFFFFFF45
:205B8000FFFFFFFFFFFFFFFFFFFFFFFFFFFFFFFFFFFFFFFFFFFFFFFFFFFFFFFFFFFFFFFF25
:205BA000FFFFFFFFFFFFFFFFFFFFFFFFFFFFFFFFFFFFFFFFFFFFFFFFFFFFFFFFFFFFFFFF05
:205BC000FFFFFFFFFFFFFFFFFFFFFFFFFFFFFFFFFFFFFFFFFFFFFFFFFFFFFFFFFFFFFFFFE5
:205BE000FFFFFFFFFFFFFFFFFFFFFFFFFFFFFFFFFFFFFFFFFFFFFFFFFFFFFFFFFFFFFFFFC5
:205C0000FFFFFFFFFFFFFFFFFFFFFFFFFFFFFFFFFFFFFFFFFFFFFFFFFFFFFFFFFFFFFFFFA4
:205C2000FFFFFFFFFFFFFFFFFFFFFFFFFFFFFFFFFFFFFFFFFFFFFFFFFFFFFFFFFFFFFFFF84
:205C4000FFFFFFFFFFFFFFFFFFFFFFFFFFFFFFFFFFFFFFFFFFFFFFFFFFFFFFFFFFFFFFFF64
:205C6000FFFFFFFFFFFFFFFFFFFFFFFFFFFFFFFFFFFFFFFFFFFFFFFFFFFFFFFFFFFFFFFF44
:205C8000FFFFFFFFFFFFFFFFFFFFFFFFFFFFFFFFFFFFFFFFFFFFFFFFFFFFFFFFFFFFFFFF24
:205CA000FFFFFFFFFFFFFFFFFFFFFFFFFFFFFFFFFFFFFFFFFFFFFFFFFFFFFFFFFFFFFFFF04
:205CC000FFFFFFFFFFFFFFFFFFFFFFFFFFFFFFFFFFFFFFFFFFFFFFFFFFFFFFFFFFFFFFFFE4
:205CE000FFFFFFFFFFFFFFFFFFFFFFFFFFFFFFFFFFFFFFFFFFFFFFFFFFFFFFFFFFFFFFFFC4
:205D0000FFFFFFFFFFFFFFFFFFFFFFFFFFFFFFFFFFFFFFFFFFFFFFFFFFFFFFFFFFFFFFFFA3
:205D2000FFFFFFFFFFFFFFFFFFFFFFFFFFFFFFFFFFFFFFFFFFFFFFFFFFFFFFFFFFFFFFFF83
:205D4000FFFFFFFFFFFFFFFFFFFFFFFFFFFFFFFFFFFFFFFFFFFFFFFFFFFFFFFFFFFFFFFF63
:205D6000FFFFFFFFFFFFFFFFFFFFFFFFFFFFFFFFFFFFFFFFFFFFFFFFFFFFFFFFFFFFFFFF43
:205D8000FFFFFFFFFFFFFFFFFFFFFFFFFFFFFFFFFFFFFFFFFFFFFFFFFFFFFFFFFFFFFFFF23
:205DA000FFFFFFFFFFFFFFFFFFFFFFFFFFFFFFFFFFFFFFFFFFFFFFFFFFFFFFFFFFFFFFFF03
:205DC000FFFFFFFFFFFFFFFFFFFFFFFFFFFFFFFFFFFFFFFFFFFFFFFFFFFFFFFFFFFFFFFFE3
:205DE000FFFFFFFFFFFFFFFFFFFFFFFFFFFFFFFFFFFFFFFFFFFFFFFFFFFFFFFFFFFFFFFFC3
:205E0000FFFFFFFFFFFFFFFFFFFFFFFFFFFFFFFFFFFFFFFFFFFFFFFFFFFFFFFFFFFFFFFFA2
:205E2000FFFFFFFFFFFFFFFFFFFFFFFFFFFFFFFFFFFFFFFFFFFFFFFFFFFFFFFFFFFFFFFF82
:205E4000FFFFFFFFFFFFFFFFFFFFFFFFFFFFFFFFFFFFFFFFFFFFFFFFFFFFFFFFFFFFFFFF62
:205E6000FFFFFFFFFFFFFFFFFFFFFFFFFFFFFFFFFFFFFFFFFFFFFFFFFFFFFFFFFFFFFFFF42
:205E8000FFFFFFFFFFFFFFFFFFFFFFFFFFFFFFFFFFFFFFFFFFFFFFFFFFFFFFFFFFFFFFFF22
:205EA000FFFFFFFFFFFFFFFFFFFFFFFFFFFFFFFFFFFFFFFFFFFFFFFFFFFFFFFFFFFFFFFF02
:205EC000FFFFFFFFFFFFFFFFFFFFFFFFFFFFFFFFFFFFFFFFFFFFFFFFFFFFFFFFFFFFFFFFE2
:205EE000FFFFFFFFFFFFFFFFFFFFFFFFFFFFFFFFFFFFFFFFFFFFFFFFFFFFFFFFFFFFFFFFC2
:205F0000FFFFFFFFFFFFFFFFFFFFFFFFFFFFFFFFFFFFFFFFFFFFFFFFFFFFFFFFFFFFFFFFA1
:205F2000FFFFFFFFFFFFFFFFFFFFFFFFFFFFFFFFFFFFFFFFFFFFFFFFFFFFFFFFFFFFFFFF81
:205F4000FFFFFFFFFFFFFFFFFFFFFFFFFFFFFFFFFFFFFFFFFFFFFFFFFFFFFFFFFFFFFFFF61
:205F6000FFFFFFFFFFFFFFFFFFFFFFFFFFFFFFFFFFFFFFFFFFFFFFFFFFFFFFFFFFFFFFFF41
:205F8000FFFFFFFFFFFFFFFFFFFFFFFFFFFFFFFFFFFFFFFFFFFFFFFFFFFFFFFFFFFFFFFF21
:205FA000FFFFFFFFFFFFFFFFFFFFFFFFFFFFFFFFFFFFFFFFFFFFFFFFFFFFFFFFFFFFFFFF01
:205FC000FFFFFFFFFFFFFFFFFFFFFFFFFFFFFFFFFFFFFFFFFFFFFFFFFFFFFFFFFFFFFFFFE1
:205FE000FFFFFFFFFFFFFFFFFFFFFFFFFFFFFFFFFFFFFFFFFFFFFFFFFFFFFFFFFFFFFFFFC1
:20600000FFFFFFFFFFFFFFFFFFFFFFFFFFFFFFFFFFFFFFFFFFFFFFFFFFFFFFFFFFFFFFFFA0
:20602000FFFFFFFFFFFFFFFFFFFFFFFFFFFFFFFFFFFFFFFFFFFFFFFFFFFFFFFFFFFFFFFF80
:20604000FFFFFFFFFFFFFFFFFFFFFFFFFFFFFFFFFFFFFFFFFFFFFFFFFFFFFFFFFFFFFFFF60
:20606000FFFFFFFFFFFFFFFFFFFFFFFFFFFFFFFFFFFFFFFFFFFFFFFFFFFFFFFFFFFFFFFF40
:20608000FFFFFFFFFFFFFFFFFFFFFFFFFFFFFFFFFFFFFFFFFFFFFFFFFFFFFFFFFFFFFFFF20
:2060A000FFFFFFFFFFFFFFFFFFFFFFFFFFFFFFFFFFFFFFFFFFFFFFFFFFFFFFFFFFFFFFFF00
:2060C000FFFFFFFFFFFFFFFFFFFFFFFFFFFFFFFFFFFFFFFFFFFFFFFFFFFFFFFFFFFFFFFFE0
:2060E000FFFFFFFFFFFFFFFFFFFFFFFFFFFFFFFFFFFFFFFFFFFFFFFFFFFFFFFFFFFFFFFFC0
:20610000FFFFFFFFFFFFFFFFFFFFFFFFFFFFFFFFFFFFFFFFFFFFFFFFFFFFFFFFFFFFFFFF9F
:20612000FFFFFFFFFFFFFFFFFFFFFFFFFFFFFFFFFFFFFFFFFFFFFFFFFFFFFFFFFFFFFFFF7F
:20614000FFFFFFFFFFFFFFFFFFFFFFFFFFFFFFFFFFFFFFFFFFFFFFFFFFFFFFFFFFFFFFFF5F
:20616000FFFFFFFFFFFFFFFFFFFFFFFFFFFFFFFFFFFFFFFFFFFFFFFFFFFFFFFFFFFFFFFF3F
:20618000FFFFFFFFFFFFFFFFFFFFFFFFFFFFFFFFFFFFFFFFFFFFFFFFFFFFFFFFFFFFFFFF1F
:2061A000FFFFFFFFFFFFFFFFFFFFFFFFFFFFFFFFFFFFFFFFFFFFFFFFFFFFFFFFFFFFFFFFFF
:2061C000FFFFFFFFFFFFFFFFFFFFFFFFFFFFFFFFFFFFFFFFFFFFFFFFFFFFFFFFFFFFFFFFDF
:2061E000FFFFFFFFFFFFFFFFFFFFFFFFFFFFFFFFFFFFFFFFFFFFFFFFFFFFFFFFFFFFFFFFBF
:20620000FFFFFFFFFFFFFFFFFFFFFFFFFFFFFFFFFFFFFFFFFFFFFFFFFFFFFFFFFFFFFFFF9E
:20622000FFFFFFFFFFFFFFFFFFFFFFFFFFFFFFFFFFFFFFFFFFFFFFFFFFFFFFFFFFFFFFFF7E
:20624000FFFFFFFFFFFFFFFFFFFFFFFFFFFFFFFFFFFFFFFFFFFFFFFFFFFFFFFFFFFFFFFF5E
:20626000FFFFFFFFFFFFFFFFFFFFFFFFFFFFFFFFFFFFFFFFFFFFFFFFFFFFFFFFFFFFFFFF3E
:20628000FFFFFFFFFFFFFFFFFFFFFFFFFFFFFFFFFFFFFFFFFFFFFFFFFFFFFFFFFFFFFFFF1E
:2062A000FFFFFFFFFFFFFFFFFFFFFFFFFFFFFFFFFFFFFFFFFFFFFFFFFFFFFFFFFFFFFFFFFE
:2062C000FFFFFFFFFFFFFFFFFFFFFFFFFFFFFFFFFFFFFFFFFFFFFFFFFFFFFFFFFFFFFFFFDE
:2062E000FFFFFFFFFFFFFFFFFFFFFFFFFFFFFFFFFFFFFFFFFFFFFFFFFFFFFFFFFFFFFFFFBE
:20630000FFFFFFFFFFFFFFFFFFFFFFFFFFFFFFFFFFFFFFFFFFFFFFFFFFFFFFFFFFFFFFFF9D
:20632000FFFFFFFFFFFFFFFFFFFFFFFFFFFFFFFFFFFFFFFFFFFFFFFFFFFFFFFFFFFFFFFF7D
:20634000FFFFFFFFFFFFFFFFFFFFFFFFFFFFFFFFFFFFFFFFFFFFFFFFFFFFFFFFFFFFFFFF5D
:20636000FFFFFFFFFFFFFFFFFFFFFFFFFFFFFFFFFFFFFFFFFFFFFFFFFFFFFFFFFFFFFFFF3D
:20638000FFFFFFFFFFFFFFFFFFFFFFFFFFFFFFFFFFFFFFFFFFFFFFFFFFFFFFFFFFFFFFFF1D
:2063A000FFFFFFFFFFFFFFFFFFFFFFFFFFFFFFFFFFFFFFFFFFFFFFFFFFFFFFFFFFFFFFFFFD
:2063C000FFFFFFFFFFFFFFFFFFFFFFFFFFFFFFFFFFFFFFFFFFFFFFFFFFFFFFFFFFFFFFFFDD
:2063E000FFFFFFFFFFFFFFFFFFFFFFFFFFFFFFFFFFFFFFFFFFFFFFFFFFFFFFFFFFFFFFFFBD
:20640000FFFFFFFFFFFFFFFFFFFFFFFFFFFFFFFFFFFFFFFFFFFFFFFFFFFFFFFFFFFFFFFF9C
:20642000FFFFFFFFFFFFFFFFFFFFFFFFFFFFFFFFFFFFFFFFFFFFFFFFFFFFFFFFFFFFFFFF7C
:20644000FFFFFFFFFFFFFFFFFFFFFFFFFFFFFFFFFFFFFFFFFFFFFFFFFFFFFFFFFFFFFFFF5C
:20646000FFFFFFFFFFFFFFFFFFFFFFFFFFFFFFFFFFFFFFFFFFFFFFFFFFFFFFFFFFFFFFFF3C
:20648000FFFFFFFFFFFFFFFFFFFFFFFFFFFFFFFFFFFFFFFFFFFFFFFFFFFFFFFFFFFFFFFF1C
:2064A000FFFFFFFFFFFFFFFFFFFFFFFFFFFFFFFFFFFFFFFFFFFFFFFFFFFFFFFFFFFFFFFFFC
:2064C000FFFFFFFFFFFFFFFFFFFFFFFFFFFFFFFFFFFFFFFFFFFFFFFFFFFFFFFFFFFFFFFFDC
:2064E000FFFFFFFFFFFFFFFFFFFFFFFFFFFFFFFFFFFFFFFFFFFFFFFFFFFFFFFFFFFFFFFFBC
:20650000FFFFFFFFFFFFFFFFFFFFFFFFFFFFFFFFFFFFFFFFFFFFFFFFFFFFFFFFFFFFFFFF9B
:20652000FFFFFFFFFFFFFFFFFFFFFFFFFFFFFFFFFFFFFFFFFFFFFFFFFFFFFFFFFFFFFFFF7B
:20654000FFFFFFFFFFFFFFFFFFFFFFFFFFFFFFFFFFFFFFFFFFFFFFFFFFFFFFFFFFFFFFFF5B
:20656000FFFFFFFFFFFFFFFFFFFFFFFFFFFFFFFFFFFFFFFFFFFFFFFFFFFFFFFFFFFFFFFF3B
:20658000FFFFFFFFFFFFFFFFFFFFFFFFFFFFFFFFFFFFFFFFFFFFFFFFFFFFFFFFFFFFFFFF1B
:2065A000FFFFFFFFFFFFFFFFFFFFFFFFFFFFFFFFFFFFFFFFFFFFFFFFFFFFFFFFFFFFFFFFFB
:2065C000FFFFFFFFFFFFFFFFFFFFFFFFFFFFFFFFFFFFFFFFFFFFFFFFFFFFFFFFFFFFFFFFDB
:2065E000FFFFFFFFFFFFFFFFFFFFFFFFFFFFFFFFFFFFFFFFFFFFFFFFFFFFFFFFFFFFFFFFBB
:20660000FFFFFFFFFFFFFFFFFFFFFFFFFFFFFFFFFFFFFFFFFFFFFFFFFFFFFFFFFFFFFFFF9A
:20662000FFFFFFFFFFFFFFFFFFFFFFFFFFFFFFFFFFFFFFFFFFFFFFFFFFFFFFFFFFFFFFFF7A
:20664000FFFFFFFFFFFFFFFFFFFFFFFFFFFFFFFFFFFFFFFFFFFFFFFFFFFFFFFFFFFFFFFF5A
:20666000FFFFFFFFFFFFFFFFFFFFFFFFFFFFFFFFFFFFFFFFFFFFFFFFFFFFFFFFFFFFFFFF3A
:20668000FFFFFFFFFFFFFFFFFFFFFFFFFFFFFFFFFFFFFFFFFFFFFFFFFFFFFFFFFFFFFFFF1A
:2066A000FFFFFFFFFFFFFFFFFFFFFFFFFFFFFFFFFFFFFFFFFFFFFFFFFFFFFFFFFFFFFFFFFA
:2066C000FFFFFFFFFFFFFFFFFFFFFFFFFFFFFFFFFFFFFFFFFFFFFFFFFFFFFFFFFFFFFFFFDA
:2066E000FFFFFFFFFFFFFFFFFFFFFFFFFFFFFFFFFFFFFFFFFFFFFFFFFFFFFFFFFFFFFFFFBA
:20670000FFFFFFFFFFFFFFFFFFFFFFFFFFFFFFFFFFFFFFFFFFFFFFFFFFFFFFFFFFFFFFFF99
:20672000FFFFFFFFFFFFFFFFFFFFFFFFFFFFFFFFFFFFFFFFFFFFFFFFFFFFFFFFFFFFFFFF79
:20674000FFFFFFFFFFFFFFFFFFFFFFFFFFFFFFFFFFFFFFFFFFFFFFFFFFFFFFFFFFFFFFFF59
:20676000FFFFFFFFFFFFFFFFFFFFFFFFFFFFFFFFFFFFFFFFFFFFFFFFFFFFFFFFFFFFFFFF39
:20678000FFFFFFFFFFFFFFFFFFFFFFFFFFFFFFFFFFFFFFFFFFFFFFFFFFFFFFFFFFFFFFFF19
:2067A000FFFFFFFFFFFFFFFFFFFFFFFFFFFFFFFFFFFFFFFFFFFFFFFFFFFFFFFFFFFFFFFFF9
:2067C000FFFFFFFFFFFFFFFFFFFFFFFFFFFFFFFFFFFFFFFFFFFFFFFFFFFFFFFFFFFFFFFFD9
:2067E000FFFFFFFFFFFFFFFFFFFFFFFFFFFFFFFFFFFFFFFFFFFFFFFFFFFFFFFFFFFFFFFFB9
:20680000FFFFFFFFFFFFFFFFFFFFFFFFFFFFFFFFFFFFFFFFFFFFFFFFFFFFFFFFFFFFFFFF98
:20682000FFFFFFFFFFFFFFFFFFFFFFFFFFFFFFFFFFFFFFFFFFFFFFFFFFFFFFFFFFFFFFFF78
:20684000FFFFFFFFFFFFFFFFFFFFFFFFFFFFFFFFFFFFFFFFFFFFFFFFFFFFFFFFFFFFFFFF58
:20686000FFFFFFFFFFFFFFFFFFFFFFFFFFFFFFFFFFFFFFFFFFFFFFFFFFFFFFFFFFFFFFFF38
:20688000FFFFFFFFFFFFFFFFFFFFFFFFFFFFFFFFFFFFFFFFFFFFFFFFFFFFFFFFFFFFFFFF18
:2068A000FFFFFFFFFFFFFFFFFFFFFFFFFFFFFFFFFFFFFFFFFFFFFFFFFFFFFFFFFFFFFFFFF8
:2068C000FFFFFFFFFFFFFFFFFFFFFFFFFFFFFFFFFFFFFFFFFFFFFFFFFFFFFFFFFFFFFFFFD8
:2068E000FFFFFFFFFFFFFFFFFFFFFFFFFFFFFFFFFFFFFFFFFFFFFFFFFFFFFFFFFFFFFFFFB8
:20690000FFFFFFFFFFFFFFFFFFFFFFFFFFFFFFFFFFFFFFFFFFFFFFFFFFFFFFFFFFFFFFFF97
:20692000FFFFFFFFFFFFFFFFFFFFFFFFFFFFFFFFFFFFFFFFFFFFFFFFFFFFFFFFFFFFFFFF77
:20694000FFFFFFFFFFFFFFFFFFFFFFFFFFFFFFFFFFFFFFFFFFFFFFFFFFFFFFFFFFFFFFFF57
:20696000FFFFFFFFFFFFFFFFFFFFFFFFFFFFFFFFFFFFFFFFFFFFFFFFFFFFFFFFFFFFFFFF37
:20698000FFFFFFFFFFFFFFFFFFFFFFFFFFFFFFFFFFFFFFFFFFFFFFFFFFFFFFFFFFFFFFFF17
:2069A000FFFFFFFFFFFFFFFFFFFFFFFFFFFFFFFFFFFFFFFFFFFFFFFFFFFFFFFFFFFFFFFFF7
:2069C000FFFFFFFFFFFFFFFFFFFFFFFFFFFFFFFFFFFFFFFFFFFFFFFFFFFFFFFFFFFFFFFFD7
:2069E000FFFFFFFFFFFFFFFFFFFFFFFFFFFFFFFFFFFFFFFFFFFFFFFFFFFFFFFFFFFFFFFFB7
:206A0000FFFFFFFFFFFFFFFFFFFFFFFFFFFFFFFFFFFFFFFFFFFFFFFFFFFFFFFFFFFFFFFF96
:206A2000FFFFFFFFFFFFFFFFFFFFFFFFFFFFFFFFFFFFFFFFFFFFFFFFFFFFFFFFFFFFFFFF76
:206A4000FFFFFFFFFFFFFFFFFFFFFFFFFFFFFFFFFFFFFFFFFFFFFFFFFFFFFFFFFFFFFFFF56
:206A6000FFFFFFFFFFFFFFFFFFFFFFFFFFFFFFFFFFFFFFFFFFFFFFFFFFFFFFFFFFFFFFFF36
:206A8000FFFFFFFFFFFFFFFFFFFFFFFFFFFFFFFFFFFFFFFFFFFFFFFFFFFFFFFFFFFFFFFF16
:206AA000FFFFFFFFFFFFFFFFFFFFFFFFFFFFFFFFFFFFFFFFFFFFFFFFFFFFFFFFFFFFFFFFF6
:206AC000FFFFFFFFFFFFFFFFFFFFFFFFFFFFFFFFFFFFFFFFFFFFFFFFFFFFFFFFFFFFFFFFD6
:206AE000FFFFFFFFFFFFFFFFFFFFFFFFFFFFFFFFFFFFFFFFFFFFFFFFFFFFFFFFFFFFFFFFB6
:206B0000FFFFFFFFFFFFFFFFFFFFFFFFFFFFFFFFFFFFFFFFFFFFFFFFFFFFFFFFFFFFFFFF95
:206B2000FFFFFFFFFFFFFFFFFFFFFFFFFFFFFFFFFFFFFFFFFFFFFFFFFFFFFFFFFFFFFFFF75
:206B4000FFFFFFFFFFFFFFFFFFFFFFFFFFFFFFFFFFFFFFFFFFFFFFFFFFFFFFFFFFFFFFFF55
:206B6000FFFFFFFFFFFFFFFFFFFFFFFFFFFFFFFFFFFFFFFFFFFFFFFFFFFFFFFFFFFFFFFF35
:206B8000FFFFFFFFFFFFFFFFFFFFFFFFFFFFFFFFFFFFFFFFFFFFFFFFFFFFFFFFFFFFFFFF15
:206BA000FFFFFFFFFFFFFFFFFFFFFFFFFFFFFFFFFFFFFFFFFFFFFFFFFFFFFFFFFFFFFFFFF5
:206BC000FFFFFFFFFFFFFFFFFFFFFFFFFFFFFFFFFFFFFFFFFFFFFFFFFFFFFFFFFFFFFFFFD5
:206BE000FFFFFFFFFFFFFFFFFFFFFFFFFFFFFFFFFFFFFFFFFFFFFFFFFFFFFFFFFFFFFFFFB5
:206C0000FFFFFFFFFFFFFFFFFFFFFFFFFFFFFFFFFFFFFFFFFFFFFFFFFFFFFFFFFFFFFFFF94
:206C2000FFFFFFFFFFFFFFFFFFFFFFFFFFFFFFFFFFFFFFFFFFFFFFFFFFFFFFFFFFFFFFFF74
:206C4000FFFFFFFFFFFFFFFFFFFFFFFFFFFFFFFFFFFFFFFFFFFFFFFFFFFFFFFFFFFFFFFF54
:206C6000FFFFFFFFFFFFFFFFFFFFFFFFFFFFFFFFFFFFFFFFFFFFFFFFFFFFFFFFFFFFFFFF34
:206C8000FFFFFFFFFFFFFFFFFFFFFFFFFFFFFFFFFFFFFFFFFFFFFFFFFFFFFFFFFFFFFFFF14
:206CA000FFFFFFFFFFFFFFFFFFFFFFFFFFFFFFFFFFFFFFFFFFFFFFFFFFFFFFFFFFFFFFFFF4
:206CC000FFFFFFFFFFFFFFFFFFFFFFFFFFFFFFFFFFFFFFFFFFFFFFFFFFFFFFFFFFFFFFFFD4
:206CE000FFFFFFFFFFFFFFFFFFFFFFFFFFFFFFFFFFFFFFFFFFFFFFFFFFFFFFFFFFFFFFFFB4
:206D0000FFFFFFFFFFFFFFFFFFFFFFFFFFFFFFFFFFFFFFFFFFFFFFFFFFFFFFFFFFFFFFFF93
:206D2000FFFFFFFFFFFFFFFFFFFFFFFFFFFFFFFFFFFFFFFFFFFFFFFFFFFFFFFFFFFFFFFF73
:206D4000FFFFFFFFFFFFFFFFFFFFFFFFFFFFFFFFFFFFFFFFFFFFFFFFFFFFFFFFFFFFFFFF53
:206D6000FFFFFFFFFFFFFFFFFFFFFFFFFFFFFFFFFFFFFFFFFFFFFFFFFFFFFFFFFFFFFFFF33
:206D8000FFFFFFFFFFFFFFFFFFFFFFFFFFFFFFFFFFFFFFFFFFFFFFFFFFFFFFFFFFFFFFFF13
:206DA000FFFFFFFFFFFFFFFFFFFFFFFFFFFFFFFFFFFFFFFFFFFFFFFFFFFFFFFFFFFFFFFFF3
:206DC000FFFFFFFFFFFFFFFFFFFFFFFFFFFFFFFFFFFFFFFFFFFFFFFFFFFFFFFFFFFFFFFFD3
:206DE000FFFFFFFFFFFFFFFFFFFFFFFFFFFFFFFFFFFFFFFFFFFFFFFFFFFFFFFFFFFFFFFFB3
:206E0000FFFFFFFFFFFFFFFFFFFFFFFFFFFFFFFFFFFFFFFFFFFFFFFFFFFFFFFFFFFFFFFF92
:206E2000FFFFFFFFFFFFFFFFFFFFFFFFFFFFFFFFFFFFFFFFFFFFFFFFFFFFFFFFFFFFFFFF72
:206E4000FFFFFFFFFFFFFFFFFFFFFFFFFFFFFFFFFFFFFFFFFFFFFFFFFFFFFFFFFFFFFFFF52
:206E6000FFFFFFFFFFFFFFFFFFFFFFFFFFFFFFFFFFFFFFFFFFFFFFFFFFFFFFFFFFFFFFFF32
:206E8000FFFFFFFFFFFFFFFFFFFFFFFFFFFFFFFFFFFFFFFFFFFFFFFFFFFFFFFFFFFFFFFF12
:206EA000FFFFFFFFFFFFFFFFFFFFFFFFFFFFFFFFFFFFFFFFFFFFFFFFFFFFFFFFFFFFFFFFF2
:206EC000FFFFFFFFFFFFFFFFFFFFFFFFFFFFFFFFFFFFFFFFFFFFFFFFFFFFFFFFFFFFFFFFD2
:206EE000FFFFFFFFFFFFFFFFFFFFFFFFFFFFFFFFFFFFFFFFFFFFFFFFFFFFFFFFFFFFFFFFB2
:206F0000FFFFFFFFFFFFFFFFFFFFFFFFFFFFFFFFFFFFFFFFFFFFFFFFFFFFFFFFFFFFFFFF91
:206F2000FFFFFFFFFFFFFFFFFFFFFFFFFFFFFFFFFFFFFFFFFFFFFFFFFFFFFFFFFFFFFFFF71
:206F4000FFFFFFFFFFFFFFFFFFFFFFFFFFFFFFFFFFFFFFFFFFFFFFFFFFFFFFFFFFFFFFFF51
:206F6000FFFFFFFFFFFFFFFFFFFFFFFFFFFFFFFFFFFFFFFFFFFFFFFFFFFFFFFFFFFFFFFF31
:206F8000FFFFFFFFFFFFFFFFFFFFFFFFFFFFFFFFFFFFFFFFFFFFFFFFFFFFFFFFFFFFFFFF11
:206FA000FFFFFFFFFFFFFFFFFFFFFFFFFFFFFFFFFFFFFFFFFFFFFFFFFFFFFFFFFFFFFFFFF1
:206FC000FFFFFFFFFFFFFFFFFFFFFFFFFFFFFFFFFFFFFFFFFFFFFFFFFFFFFFFFFFFFFFFFD1
:206FE000FFFFFFFFFFFFFFFFFFFFFFFFFFFFFFFFFFFFFFFFFFFFFFFFFFFFFFFFFFFFFFFFB1
:20700000FFFFFFFFFFFFFFFFFFFFFFFFFFFFFFFFFFFFFFFFFFFFFFFFFFFFFFFFFFFFFFFF90
:20702000FFFFFFFFFFFFFFFFFFFFFFFFFFFFFFFFFFFFFFFFFFFFFFFFFFFFFFFFFFFFFFFF70
:20704000FFFFFFFFFFFFFFFFFFFFFFFFFFFFFFFFFFFFFFFFFFFFFFFFFFFFFFFFFFFFFFFF50
:20706000FFFFFFFFFFFFFFFFFFFFFFFFFFFFFFFFFFFFFFFFFFFFFFFFFFFFFFFFFFFFFFFF30
:20708000FFFFFFFFFFFFFFFFFFFFFFFFFFFFFFFFFFFFFFFFFFFFFFFFFFFFFFFFFFFFFFFF10
:2070A000FFFFFFFFFFFFFFFFFFFFFFFFFFFFFFFFFFFFFFFFFFFFFFFFFFFFFFFFFFFFFFFFF0
:2070C000FFFFFFFFFFFFFFFFFFFFFFFFFFFFFFFFFFFFFFFFFFFFFFFFFFFFFFFFFFFFFFFFD0
:2070E000FFFFFFFFFFFFFFFFFFFFFFFFFFFFFFFFFFFFFFFFFFFFFFFFFFFFFFFFFFFFFFFFB0
:20710000FFFFFFFFFFFFFFFFFFFFFFFFFFFFFFFFFFFFFFFFFFFFFFFFFFFFFFFFFFFFFFFF8F
:20712000FFFFFFFFFFFFFFFFFFFFFFFFFFFFFFFFFFFFFFFFFFFFFFFFFFFFFFFFFFFFFFFF6F
:20714000FFFFFFFFFFFFFFFFFFFFFFFFFFFFFFFFFFFFFFFFFFFFFFFFFFFFFFFFFFFFFFFF4F
:20716000FFFFFFFFFFFFFFFFFFFFFFFFFFFFFFFFFFFFFFFFFFFFFFFFFFFFFFFFFFFFFFFF2F
:20718000FFFFFFFFFFFFFFFFFFFFFFFFFFFFFFFFFFFFFFFFFFFFFFFFFFFFFFFFFFFFFFFF0F
:2071A000FFFFFFFFFFFFFFFFFFFFFFFFFFFFFFFFFFFFFFFFFFFFFFFFFFFFFFFFFFFFFFFFEF
:2071C000FFFFFFFFFFFFFFFFFFFFFFFFFFFFFFFFFFFFFFFFFFFFFFFFFFFFFFFFFFFFFFFFCF
:2071E000FFFFFFFFFFFFFFFFFFFFFFFFFFFFFFFFFFFFFFFFFFFFFFFFFFFFFFFFFFFFFFFFAF
:20720000FFFFFFFFFFFFFFFFFFFFFFFFFFFFFFFFFFFFFFFFFFFFFFFFFFFFFFFFFFFFFFFF8E
:20722000FFFFFFFFFFFFFFFFFFFFFFFFFFFFFFFFFFFFFFFFFFFFFFFFFFFFFFFFFFFFFFFF6E
:20724000FFFFFFFFFFFFFFFFFFFFFFFFFFFFFFFFFFFFFFFFFFFFFFFFFFFFFFFFFFFFFFFF4E
:20726000FFFFFFFFFFFFFFFFFFFFFFFFFFFFFFFFFFFFFFFFFFFFFFFFFFFFFFFFFFFFFFFF2E
:20728000FFFFFFFFFFFFFFFFFFFFFFFFFFFFFFFFFFFFFFFFFFFFFFFFFFFFFFFFFFFFFFFF0E
:2072A000FFFFFFFFFFFFFFFFFFFFFFFFFFFFFFFFFFFFFFFFFFFFFFFFFFFFFFFFFFFFFFFFEE
:2072C000FFFFFFFFFFFFFFFFFFFFFFFFFFFFFFFFFFFFFFFFFFFFFFFFFFFFFFFFFFFFFFFFCE
:2072E000FFFFFFFFFFFFFFFFFFFFFFFFFFFFFFFFFFFFFFFFFFFFFFFFFFFFFFFFFFFFFFFFAE
:20730000FFFFFFFFFFFFFFFFFFFFFFFFFFFFFFFFFFFFFFFFFFFFFFFFFFFFFFFFFFFFFFFF8D
:20732000FFFFFFFFFFFFFFFFFFFFFFFFFFFFFFFFFFFFFFFFFFFFFFFFFFFFFFFFFFFFFFFF6D
:20734000FFFFFFFFFFFFFFFFFFFFFFFFFFFFFFFFFFFFFFFFFFFFFFFFFFFFFFFFFFFFFFFF4D
:20736000FFFFFFFFFFFFFFFFFFFFFFFFFFFFFFFFFFFFFFFFFFFFFFFFFFFFFFFFFFFFFFFF2D
:20738000FFFFFFFFFFFFFFFFFFFFFFFFFFFFFFFFFFFFFFFFFFFFFFFFFFFFFFFFFFFFFFFF0D
:2073A000FFFFFFFFFFFFFFFFFFFFFFFFFFFFFFFFFFFFFFFFFFFFFFFFFFFFFFFFFFFFFFFFED
:2073C000FFFFFFFFFFFFFFFFFFFFFFFFFFFFFFFFFFFFFFFFFFFFFFFFFFFFFFFFFFFFFFFFCD
:2073E000FFFFFFFFFFFFFFFFFFFFFFFFFFFFFFFFFFFFFFFFFFFFFFFFFFFFFFFFFFFFFFFFAD
:20740000FFFFFFFFFFFFFFFFFFFFFFFFFFFFFFFFFFFFFFFFFFFFFFFFFFFFFFFFFFFFFFFF8C
:20742000FFFFFFFFFFFFFFFFFFFFFFFFFFFFFFFFFFFFFFFFFFFFFFFFFFFFFFFFFFFFFFFF6C
:20744000FFFFFFFFFFFFFFFFFFFFFFFFFFFFFFFFFFFFFFFFFFFFFFFFFFFFFFFFFFFFFFFF4C
:20746000FFFFFFFFFFFFFFFFFFFFFFFFFFFFFFFFFFFFFFFFFFFFFFFFFFFFFFFFFFFFFFFF2C
:20748000FFFFFFFFFFFFFFFFFFFFFFFFFFFFFFFFFFFFFFFFFFFFFFFFFFFFFFFFFFFFFFFF0C
:2074A000FFFFFFFFFFFFFFFFFFFFFFFFFFFFFFFFFFFFFFFFFFFFFFFFFFFFFFFFFFFFFFFFEC
:2074C000FFFFFFFFFFFFFFFFFFFFFFFFFFFFFFFFFFFFFFFFFFFFFFFFFFFFFFFFFFFFFFFFCC
:2074E000FFFFFFFFFFFFFFFFFFFFFFFFFFFFFFFFFFFFFFFFFFFFFFFFFFFFFFFFFFFFFFFFAC
:20750000FFFFFFFFFFFFFFFFFFFFFFFFFFFFFFFFFFFFFFFFFFFFFFFFFFFFFFFFFFFFFFFF8B
:20752000FFFFFFFFFFFFFFFFFFFFFFFFFFFFFFFFFFFFFFFFFFFFFFFFFFFFFFFFFFFFFFFF6B
:20754000FFFFFFFFFFFFFFFFFFFFFFFFFFFFFFFFFFFFFFFFFFFFFFFFFFFFFFFFFFFFFFFF4B
:20756000FFFFFFFFFFFFFFFFFFFFFFFFFFFFFFFFFFFFFFFFFFFFFFFFFFFFFFFFFFFFFFFF2B
:20758000FFFFFFFFFFFFFFFFFFFFFFFFFFFFFFFFFFFFFFFFFFFFFFFFFFFFFFFFFFFFFFFF0B
:2075A000FFFFFFFFFFFFFFFFFFFFFFFFFFFFFFFFFFFFFFFFFFFFFFFFFFFFFFFFFFFFFFFFEB
:2075C000FFFFFFFFFFFFFFFFFFFFFFFFFFFFFFFFFFFFFFFFFFFFFFFFFFFFFFFFFFFFFFFFCB
:2075E000FFFFFFFFFFFFFFFFFFFFFFFFFFFFFFFFFFFFFFFFFFFFFFFFFFFFFFFFFFFFFFFFAB
:20760000FFFFFFFFFFFFFFFFFFFFFFFFFFFFFFFFFFFFFFFFFFFFFFFFFFFFFFFFFFFFFFFF8A
:20762000FFFFFFFFFFFFFFFFFFFFFFFFFFFFFFFFFFFFFFFFFFFFFFFFFFFFFFFFFFFFFFFF6A
:20764000FFFFFFFFFFFFFFFFFFFFFFFFFFFFFFFFFFFFFFFFFFFFFFFFFFFFFFFFFFFFFFFF4A
:20766000FFFFFFFFFFFFFFFFFFFFFFFFFFFFFFFFFFFFFFFFFFFFFFFFFFFFFFFFFFFFFFFF2A
:20768000FFFFFFFFFFFFFFFFFFFFFFFFFFFFFFFFFFFFFFFFFFFFFFFFFFFFFFFFFFFFFFFF0A
:2076A000FFFFFFFFFFFFFFFFFFFFFFFFFFFFFFFFFFFFFFFFFFFFFFFFFFFFFFFFFFFFFFFFEA
:2076C000FFFFFFFFFFFFFFFFFFFFFFFFFFFFFFFFFFFFFFFFFFFFFFFFFFFFFFFFFFFFFFFFCA
:2076E000FFFFFFFFFFFFFFFFFFFFFFFFFFFFFFFFFFFFFFFFFFFFFFFFFFFFFFFFFFFFFFFFAA
:20770000FFFFFFFFFFFFFFFFFFFFFFFFFFFFFFFFFFFFFFFFFFFFFFFFFFFFFFFFFFFFFFFF89
:20772000FFFFFFFFFFFFFFFFFFFFFFFFFFFFFFFFFFFFFFFFFFFFFFFFFFFFFFFFFFFFFFFF69
:20774000FFFFFFFFFFFFFFFFFFFFFFFFFFFFFFFFFFFFFFFFFFFFFFFFFFFFFFFFFFFFFFFF49
:20776000FFFFFFFFFFFFFFFFFFFFFFFFFFFFFFFFFFFFFFFFFFFFFFFFFFFFFFFFFFFFFFFF29
:20778000FFFFFFFFFFFFFFFFFFFFFFFFFFFFFFFFFFFFFFFFFFFFFFFFFFFFFFFFFFFFFFFF09
:2077A000FFFFFFFFFFFFFFFFFFFFFFFFFFFFFFFFFFFFFFFFFFFFFFFFFFFFFFFFFFFFFFFFE9
:2077C000FFFFFFFFFFFFFFFFFFFFFFFFFFFFFFFFFFFFFFFFFFFFFFFFFFFFFFFFFFFFFFFFC9
:2077E000FFFFFFFFFFFFFFFFFFFFFFFFFFFFFFFFFFFFFFFFFFFFFFFFFFFFFFFFFFFFFFFFA9
:20780000FFFFFFFFFFFFFFFFFFFFFFFFFFFFFFFFFFFFFFFFFFFFFFFFFFFFFFFFFFFFFFFF88
:20782000FFFFFFFFFFFFFFFFFFFFFFFFFFFFFFFFFFFFFFFFFFFFFFFFFFFFFFFFFFFFFFFF68
:20784000FFFFFFFFFFFFFFFFFFFFFFFFFFFFFFFFFFFFFFFFFFFFFFFFFFFFFFFFFFFFFFFF48
:20786000FFFFFFFFFFFFFFFFFFFFFFFFFFFFFFFFFFFFFFFFFFFFFFFFFFFFFFFFFFFFFFFF28
:20788000FFFFFFFFFFFFFFFFFFFFFFFFFFFFFFFFFFFFFFFFFFFFFFFFFFFFFFFFFFFFFFFF08
:2078A000FFFFFFFFFFFFFFFFFFFFFFFFFFFFFFFFFFFFFFFFFFFFFFFFFFFFFFFFFFFFFFFFE8
:2078C000FFFFFFFFFFFFFFFFFFFFFFFFFFFFFFFFFFFFFFFFFFFFFFFFFFFFFFFFFFFFFFFFC8
:2078E000FFFFFFFFFFFFFFFFFFFFFFFFFFFFFFFFFFFFFFFFFFFFFFFFFFFFFFFFFFFFFFFFA8
:20790000FFFFFFFFFFFFFFFFFFFFFFFFFFFFFFFFFFFFFFFFFFFFFFFFFFFFFFFFFFFFFFFF87
:20792000FFFFFFFFFFFFFFFFFFFFFFFFFFFFFFFFFFFFFFFFFFFFFFFFFFFFFFFFFFFFFFFF67
:20794000FFFFFFFFFFFFFFFFFFFFFFFFFFFFFFFFFFFFFFFFFFFFFFFFFFFFFFFFFFFFFFFF47
:20796000FFFFFFFFFFFFFFFFFFFFFFFFFFFFFFFFFFFFFFFFFFFFFFFFFFFFFFFFFFFFFFFF27
:20798000FFFFFFFFFFFFFFFFFFFFFFFFFFFFFFFFFFFFFFFFFFFFFFFFFFFFFFFFFFFFFFFF07
:2079A000FFFFFFFFFFFFFFFFFFFFFFFFFFFFFFFFFFFFFFFFFFFFFFFFFFFFFFFFFFFFFFFFE7
:2079C000FFFFFFFFFFFFFFFFFFFFFFFFFFFFFFFFFFFFFFFFFFFFFFFFFFFFFFFFFFFFFFFFC7
:2079E000FFFFFFFFFFFFFFFFFFFFFFFFFFFFFFFFFFFFFFFFFFFFFFFFFFFFFFFFFFFFFFFFA7
:207A0000FFFFFFFFFFFFFFFFFFFFFFFFFFFFFFFFFFFFFFFFFFFFFFFFFFFFFFFFFFFFFFFF86
:207A2000FFFFFFFFFFFFFFFFFFFFFFFFFFFFFFFFFFFFFFFFFFFFFFFFFFFFFFFFFFFFFFFF66
:207A4000FFFFFFFFFFFFFFFFFFFFFFFFFFFFFFFFFFFFFFFFFFFFFFFFFFFFFFFFFFFFFFFF46
:207A6000FFFFFFFFFFFFFFFFFFFFFFFFFFFFFFFFFFFFFFFFFFFFFFFFFFFFFFFFFFFFFFFF26
:207A8000FFFFFFFFFFFFFFFFFFFFFFFFFFFFFFFFFFFFFFFFFFFFFFFFFFFFFFFFFFFFFFFF06
:207AA000FFFFFFFFFFFFFFFFFFFFFFFFFFFFFFFFFFFFFFFFFFFFFFFFFFFFFFFFFFFFFFFFE6
:207AC000FFFFFFFFFFFFFFFFFFFFFFFFFFFFFFFFFFFFFFFFFFFFFFFFFFFFFFFFFFFFFFFFC6
:207AE000FFFFFFFFFFFFFFFFFFFFFFFFFFFFFFFFFFFFFFFFFFFFFFFFFFFFFFFFFFFFFFFFA6
:207B0000FFFFFFFFFFFFFFFFFFFFFFFFFFFFFFFFFFFFFFFFFFFFFFFFFFFFFFFFFFFFFFFF85
:207B2000FFFFFFFFFFFFFFFFFFFFFFFFFFFFFFFFFFFFFFFFFFFFFFFFFFFFFFFFFFFFFFFF65
:207B4000FFFFFFFFFFFFFFFFFFFFFFFFFFFFFFFFFFFFFFFFFFFFFFFFFFFFFFFFFFFFFFFF45
:207B6000FFFFFFFFFFFFFFFFFFFFFFFFFFFFFFFFFFFFFFFFFFFFFFFFFFFFFFFFFFFFFFFF25
:207B8000FFFFFFFFFFFFFFFFFFFFFFFFFFFFFFFFFFFFFFFFFFFFFFFFFFFFFFFFFFFFFFFF05
:207BA000FFFFFFFFFFFFFFFFFFFFFFFFFFFFFFFFFFFFFFFFFFFFFFFFFFFFFFFFFFFFFFFFE5
:207BC000FFFFFFFFFFFFFFFFFFFFFFFFFFFFFFFFFFFFFFFFFFFFFFFFFFFFFFFFFFFFFFFFC5
:207BE000FFFFFFFFFFFFFFFFFFFFFFFFFFFFFFFFFFFFFFFFFFFFFFFFFFFFFFFFFFFFFFFFA5
:207C0000FFFFFFFFFFFFFFFFFFFFFFFFFFFFFFFFFFFFFFFFFFFFFFFFFFFFFFFFFFFFFFFF84
:207C2000FFFFFFFFFFFFFFFFFFFFFFFFFFFFFFFFFFFFFFFFFFFFFFFFFFFFFFFFFFFFFFFF64
:207C4000FFFFFFFFFFFFFFFFFFFFFFFFFFFFFFFFFFFFFFFFFFFFFFFFFFFFFFFFFFFFFFFF44
:207C6000FFFFFFFFFFFFFFFFFFFFFFFFFFFFFFFFFFFFFFFFFFFFFFFFFFFFFFFFFFFFFFFF24
:207C8000FFFFFFFFFFFFFFFFFFFFFFFFFFFFFFFFFFFFFFFFFFFFFFFFFFFFFFFFFFFFFFFF04
:207CA000FFFFFFFFFFFFFFFFFFFFFFFFFFFFFFFFFFFFFFFFFFFFFFFFFFFFFFFFFFFFFFFFE4
:207CC000FFFFFFFFFFFFFFFFFFFFFFFFFFFFFFFFFFFFFFFFFFFFFFFFFFFFFFFFFFFFFFFFC4
:207CE000FFFFFFFFFFFFFFFFFFFFFFFFFFFFFFFFFFFFFFFFFFFFFFFFFFFFFFFFFFFFFFFFA4
:207D0000FFFFFFFFFFFFFFFFFFFFFFFFFFFFFFFFFFFFFFFFFFFFFFFFFFFFFFFFFFFFFFFF83
:207D2000FFFFFFFFFFFFFFFFFFFFFFFFFFFFFFFFFFFFFFFFFFFFFFFFFFFFFFFFFFFFFFFF63
:207D4000FFFFFFFFFFFFFFFFFFFFFFFFFFFFFFFFFFFFFFFFFFFFFFFFFFFFFFFFFFFFFFFF43
:207D6000FFFFFFFFFFFFFFFFFFFFFFFFFFFFFFFFFFFFFFFFFFFFFFFFFFFFFFFFFFFFFFFF23
:207D8000FFFFFFFFFFFFFFFFFFFFFFFFFFFFFFFFFFFFFFFFFFFFFFFFFFFFFFFFFFFFFFFF03
:207DA000FFFFFFFFFFFFFFFFFFFFFFFFFFFFFFFFFFFFFFFFFFFFFFFFFFFFFFFFFFFFFFFFE3
:207DC000FFFFFFFFFFFFFFFFFFFFFFFFFFFFFFFFFFFFFFFFFFFFFFFFFFFFFFFFFFFFFFFFC3
:207DE000FFFFFFFFFFFFFFFFFFFFFFFFFFFFFFFFFFFFFFFFFFFFFFFFFFFFFFFFFFFFFFFFA3
:207E0000FFFFFFFFFFFFFFFFFFFFFFFFFFFFFFFFFFFFFFFFFFFFFFFFFFFFFFFFFFFFFFFF82
:207E2000FFFFFFFFFFFFFFFFFFFFFFFFFFFFFFFFFFFFFFFFFFFFFFFFFFFFFFFFFFFFFFFF62
:207E4000FFFFFFFFFFFFFFFFFFFFFFFFFFFFFFFFFFFFFFFFFFFFFFFFFFFFFFFFFFFFFFFF42
:207E6000FFFFFFFFFFFFFFFFFFFFFFFFFFFFFFFFFFFFFFFFFFFFFFFFFFFFFFFFFFFFFFFF22
:207E8000FFFFFFFFFFFFFFFFFFFFFFFFFFFFFFFFFFFFFFFFFFFFFFFFFFFFFFFFFFFFFFFF02
:207EA000FFFFFFFFFFFFFFFFFFFFFFFFFFFFFFFFFFFFFFFFFFFFFFFFFFFFFFFFFFFFFFFFE2
:207EC000FFFFFFFFFFFFFFFFFFFFFFFFFFFFFFFFFFFFFFFFFFFFFFFFFFFFFFFFFFFFFFFFC2
:207EE000FFFFFFFFFFFFFFFFFFFFFFFFFFFFFFFFFFFFFFFFFFFFFFFFFFFFFFFFFFFFFFFFA2
:207F0000FFFFFFFFFFFFFFFFFFFFFFFFFFFFFFFFFFFFFFFFFFFFFFFFFFFFFFFFFFFFFFFF81
:207F2000FFFFFFFFFFFFFFFFFFFFFFFFFFFFFFFFFFFFFFFFFFFFFFFFFFFFFFFFFFFFFFFF61
:207F4000FFFFFFFFFFFFFFFFFFFFFFFFFFFFFFFFFFFFFFFFFFFFFFFFFFFFFFFFFFFFFFFF41
:207F6000FFFFFFFFFFFFFFFFFFFFFFFFFFFFFFFFFFFFFFFFFFFFFFFFFFFFFFFFFFFFFFFF21
:207F8000FFFFFFFFFFFFFFFFFFFFFFFFFFFFFFFFFFFFFFFFFFFFFFFFFFFFFFFFFFFFFFFF01
:207FA000FFFFFFFFFFFFFFFFFFFFFFFFFFFFFFFFFFFFFFFFFFFFFFFFFFFFFFFFFFFFFFFFE1
:207FC000FFFFFFFFFFFFFFFFFFFFFFFFFFFFFFFFFFFFFFFFFFFFFFFFFFFFFFFFFFFFFFFFC1
:207FE000FFFFFFFFFFFFFFFFFFFFFFFFFFFFFFFFFFFFFFFFFFFFFFFFFFFFFFFFFFFFFFFFA1
:20800000FFFFFFFFFFFFFFFFFFFFFFFFFFFFFFFFFFFFFFFFFFFFFFFFFFFFFFFFFFFFFFFF80
:20802000FFFFFFFFFFFFFFFFFFFFFFFFFFFFFFFFFFFFFFFFFFFFFFFFFFFFFFFFFFFFFFFF60
:20804000FFFFFFFFFFFFFFFFFFFFFFFFFFFFFFFFFFFFFFFFFFFFFFFFFFFFFFFFFFFFFFFF40
:20806000FFFFFFFFFFFFFFFFFFFFFFFFFFFFFFFFFFFFFFFFFFFFFFFFFFFFFFFFFFFFFFFF20
:20808000FFFFFFFFFFFFFFFFFFFFFFFFFFFFFFFFFFFFFFFFFFFFFFFFFFFFFFFFFFFFFFFF00
:2080A000FFFFFFFFFFFFFFFFFFFFFFFFFFFFFFFFFFFFFFFFFFFFFFFFFFFFFFFFFFFFFFFFE0
:2080C000FFFFFFFFFFFFFFFFFFFFFFFFFFFFFFFFFFFFFFFFFFFFFFFFFFFFFFFFFFFFFFFFC0
:2080E000FFFFFFFFFFFFFFFFFFFFFFFFFFFFFFFFFFFFFFFFFFFFFFFFFFFFFFFFFFFFFFFFA0
:20810000FFFFFFFFFFFFFFFFFFFFFFFFFFFFFFFFFFFFFFFFFFFFFFFFFFFFFFFFFFFFFFFF7F
:20812000FFFFFFFFFFFFFFFFFFFFFFFFFFFFFFFFFFFFFFFFFFFFFFFFFFFFFFFFFFFFFFFF5F
:20814000FFFFFFFFFFFFFFFFFFFFFFFFFFFFFFFFFFFFFFFFFFFFFFFFFFFFFFFFFFFFFFFF3F
:20816000FFFFFFFFFFFFFFFFFFFFFFFFFFFFFFFFFFFFFFFFFFFFFFFFFFFFFFFFFFFFFFFF1F
:20818000FFFFFFFFFFFFFFFFFFFFFFFFFFFFFFFFFFFFFFFFFFFFFFFFFFFFFFFFFFFFFFFFFF
:2081A000FFFFFFFFFFFFFFFFFFFFFFFFFFFFFFFFFFFFFFFFFFFFFFFFFFFFFFFFFFFFFFFFDF
:2081C000FFFFFFFFFFFFFFFFFFFFFFFFFFFFFFFFFFFFFFFFFFFFFFFFFFFFFFFFFFFFFFFFBF
:2081E000FFFFFFFFFFFFFFFFFFFFFFFFFFFFFFFFFFFFFFFFFFFFFFFFFFFFFFFFFFFFFFFF9F
:20820000FFFFFFFFFFFFFFFFFFFFFFFFFFFFFFFFFFFFFFFFFFFFFFFFFFFFFFFFFFFFFFFF7E
:20822000FFFFFFFFFFFFFFFFFFFFFFFFFFFFFFFFFFFFFFFFFFFFFFFFFFFFFFFFFFFFFFFF5E
:20824000FFFFFFFFFFFFFFFFFFFFFFFFFFFFFFFFFFFFFFFFFFFFFFFFFFFFFFFFFFFFFFFF3E
:20826000FFFFFFFFFFFFFFFFFFFFFFFFFFFFFFFFFFFFFFFFFFFFFFFFFFFFFFFFFFFFFFFF1E
:20828000FFFFFFFFFFFFFFFFFFFFFFFFFFFFFFFFFFFFFFFFFFFFFFFFFFFFFFFFFFFFFFFFFE
:2082A000FFFFFFFFFFFFFFFFFFFFFFFFFFFFFFFFFFFFFFFFFFFFFFFFFFFFFFFFFFFFFFFFDE
:2082C000FFFFFFFFFFFFFFFFFFFFFFFFFFFFFFFFFFFFFFFFFFFFFFFFFFFFFFFFFFFFFFFFBE
:2082E000FFFFFFFFFFFFFFFFFFFFFFFFFFFFFFFFFFFFFFFFFFFFFFFFFFFFFFFFFFFFFFFF9E
:20830000FFFFFFFFFFFFFFFFFFFFFFFFFFFFFFFFFFFFFFFFFFFFFFFFFFFFFFFFFFFFFFFF7D
:20832000FFFFFFFFFFFFFFFFFFFFFFFFFFFFFFFFFFFFFFFFFFFFFFFFFFFFFFFFFFFFFFFF5D
:20834000FFFFFFFFFFFFFFFFFFFFFFFFFFFFFFFFFFFFFFFFFFFFFFFFFFFFFFFFFFFFFFFF3D
:20836000FFFFFFFFFFFFFFFFFFFFFFFFFFFFFFFFFFFFFFFFFFFFFFFFFFFFFFFFFFFFFFFF1D
:20838000FFFFFFFFFFFFFFFFFFFFFFFFFFFFFFFFFFFFFFFFFFFFFFFFFFFFFFFFFFFFFFFFFD
:2083A000FFFFFFFFFFFFFFFFFFFFFFFFFFFFFFFFFFFFFFFFFFFFFFFFFFFFFFFFFFFFFFFFDD
:2083C000FFFFFFFFFFFFFFFFFFFFFFFFFFFFFFFFFFFFFFFFFFFFFFFFFFFFFFFFFFFFFFFFBD
:2083E000FFFFFFFFFFFFFFFFFFFFFFFFFFFFFFFFFFFFFFFFFFFFFFFFFFFFFFFFFFFFFFFF9D
:20840000FFFFFFFFFFFFFFFFFFFFFFFFFFFFFFFFFFFFFFFFFFFFFFFFFFFFFFFFFFFFFFFF7C
:20842000FFFFFFFFFFFFFFFFFFFFFFFFFFFFFFFFFFFFFFFFFFFFFFFFFFFFFFFFFFFFFFFF5C
:20844000FFFFFFFFFFFFFFFFFFFFFFFFFFFFFFFFFFFFFFFFFFFFFFFFFFFFFFFFFFFFFFFF3C
:20846000FFFFFFFFFFFFFFFFFFFFFFFFFFFFFFFFFFFFFFFFFFFFFFFFFFFFFFFFFFFFFFFF1C
:20848000FFFFFFFFFFFFFFFFFFFFFFFFFFFFFFFFFFFFFFFFFFFFFFFFFFFFFFFFFFFFFFFFFC
:2084A000FFFFFFFFFFFFFFFFFFFFFFFFFFFFFFFFFFFFFFFFFFFFFFFFFFFFFFFFFFFFFFFFDC
:2084C000FFFFFFFFFFFFFFFFFFFFFFFFFFFFFFFFFFFFFFFFFFFFFFFFFFFFFFFFFFFFFFFFBC
:2084E000FFFFFFFFFFFFFFFFFFFFFFFFFFFFFFFFFFFFFFFFFFFFFFFFFFFFFFFFFFFFFFFF9C
:20850000FFFFFFFFFFFFFFFFFFFFFFFFFFFFFFFFFFFFFFFFFFFFFFFFFFFFFFFFFFFFFFFF7B
:20852000FFFFFFFFFFFFFFFFFFFFFFFFFFFFFFFFFFFFFFFFFFFFFFFFFFFFFFFFFFFFFFFF5B
:20854000FFFFFFFFFFFFFFFFFFFFFFFFFFFFFFFFFFFFFFFFFFFFFFFFFFFFFFFFFFFFFFFF3B
:20856000FFFFFFFFFFFFFFFFFFFFFFFFFFFFFFFFFFFFFFFFFFFFFFFFFFFFFFFFFFFFFFFF1B
:20858000FFFFFFFFFFFFFFFFFFFFFFFFFFFFFFFFFFFFFFFFFFFFFFFFFFFFFFFFFFFFFFFFFB
:2085A000FFFFFFFFFFFFFFFFFFFFFFFFFFFFFFFFFFFFFFFFFFFFFFFFFFFFFFFFFFFFFFFFDB
:2085C000FFFFFFFFFFFFFFFFFFFFFFFFFFFFFFFFFFFFFFFFFFFFFFFFFFFFFFFFFFFFFFFFBB
:2085E000FFFFFFFFFFFFFFFFFFFFFFFFFFFFFFFFFFFFFFFFFFFFFFFFFFFFFFFFFFFFFFFF9B
:20860000FFFFFFFFFFFFFFFFFFFFFFFFFFFFFFFFFFFFFFFFFFFFFFFFFFFFFFFFFFFFFFFF7A
:20862000FFFFFFFFFFFFFFFFFFFFFFFFFFFFFFFFFFFFFFFFFFFFFFFFFFFFFFFFFFFFFFFF5A
:20864000FFFFFFFFFFFFFFFFFFFFFFFFFFFFFFFFFFFFFFFFFFFFFFFFFFFFFFFFFFFFFFFF3A
:20866000FFFFFFFFFFFFFFFFFFFFFFFFFFFFFFFFFFFFFFFFFFFFFFFFFFFFFFFFFFFFFFFF1A
:20868000FFFFFFFFFFFFFFFFFFFFFFFFFFFFFFFFFFFFFFFFFFFFFFFFFFFFFFFFFFFFFFFFFA
:2086A000FFFFFFFFFFFFFFFFFFFFFFFFFFFFFFFFFFFFFFFFFFFFFFFFFFFFFFFFFFFFFFFFDA
:2086C000FFFFFFFFFFFFFFFFFFFFFFFFFFFFFFFFFFFFFFFFFFFFFFFFFFFFFFFFFFFFFFFFBA
:2086E000FFFFFFFFFFFFFFFFFFFFFFFFFFFFFFFFFFFFFFFFFFFFFFFFFFFFFFFFFFFFFFFF9A
:20870000FFFFFFFFFFFFFFFFFFFFFFFFFFFFFFFFFFFFFFFFFFFFFFFFFFFFFFFFFFFFFFFF79
:20872000FFFFFFFFFFFFFFFFFFFFFFFFFFFFFFFFFFFFFFFFFFFFFFFFFFFFFFFFFFFFFFFF59
:20874000FFFFFFFFFFFFFFFFFFFFFFFFFFFFFFFFFFFFFFFFFFFFFFFFFFFFFFFFFFFFFFFF39
:20876000FFFFFFFFFFFFFFFFFFFFFFFFFFFFFFFFFFFFFFFFFFFFFFFFFFFFFFFFFFFFFFFF19
:20878000FFFFFFFFFFFFFFFFFFFFFFFFFFFFFFFFFFFFFFFFFFFFFFFFFFFFFFFFFFFFFFFFF9
:2087A000FFFFFFFFFFFFFFFFFFFFFFFFFFFFFFFFFFFFFFFFFFFFFFFFFFFFFFFFFFFFFFFFD9
:2087C000FFFFFFFFFFFFFFFFFFFFFFFFFFFFFFFFFFFFFFFFFFFFFFFFFFFFFFFFFFFFFFFFB9
:2087E000FFFFFFFFFFFFFFFFFFFFFFFFFFFFFFFFFFFFFFFFFFFFFFFFFFFFFFFFFFFFFFFF99
:20880000FFFFFFFFFFFFFFFFFFFFFFFFFFFFFFFFFFFFFFFFFFFFFFFFFFFFFFFFFFFFFFFF78
:20882000FFFFFFFFFFFFFFFFFFFFFFFFFFFFFFFFFFFFFFFFFFFFFFFFFFFFFFFFFFFFFFFF58
:20884000FFFFFFFFFFFFFFFFFFFFFFFFFFFFFFFFFFFFFFFFFFFFFFFFFFFFFFFFFFFFFFFF38
:20886000FFFFFFFFFFFFFFFFFFFFFFFFFFFFFFFFFFFFFFFFFFFFFFFFFFFFFFFFFFFFFFFF18
:20888000FFFFFFFFFFFFFFFFFFFFFFFFFFFFFFFFFFFFFFFFFFFFFFFFFFFFFFFFFFFFFFFFF8
:2088A000FFFFFFFFFFFFFFFFFFFFFFFFFFFFFFFFFFFFFFFFFFFFFFFFFFFFFFFFFFFFFFFFD8
:2088C000FFFFFFFFFFFFFFFFFFFFFFFFFFFFFFFFFFFFFFFFFFFFFFFFFFFFFFFFFFFFFFFFB8
:2088E000FFFFFFFFFFFFFFFFFFFFFFFFFFFFFFFFFFFFFFFFFFFFFFFFFFFFFFFFFFFFFFFF98
:20890000FFFFFFFFFFFFFFFFFFFFFFFFFFFFFFFFFFFFFFFFFFFFFFFFFFFFFFFFFFFFFFFF77
:20892000FFFFFFFFFFFFFFFFFFFFFFFFFFFFFFFFFFFFFFFFFFFFFFFFFFFFFFFFFFFFFFFF57
:20894000FFFFFFFFFFFFFFFFFFFFFFFFFFFFFFFFFFFFFFFFFFFFFFFFFFFFFFFFFFFFFFFF37
:20896000FFFFFFFFFFFFFFFFFFFFFFFFFFFFFFFFFFFFFFFFFFFFFFFFFFFFFFFFFFFFFFFF17
:20898000FFFFFFFFFFFFFFFFFFFFFFFFFFFFFFFFFFFFFFFFFFFFFFFFFFFFFFFFFFFFFFFFF7
:2089A000FFFFFFFFFFFFFFFFFFFFFFFFFFFFFFFFFFFFFFFFFFFFFFFFFFFFFFFFFFFFFFFFD7
:2089C000FFFFFFFFFFFFFFFFFFFFFFFFFFFFFFFFFFFFFFFFFFFFFFFFFFFFFFFFFFFFFFFFB7
:2089E000FFFFFFFFFFFFFFFFFFFFFFFFFFFFFFFFFFFFFFFFFFFFFFFFFFFFFFFFFFFFFFFF97
:208A0000FFFFFFFFFFFFFFFFFFFFFFFFFFFFFFFFFFFFFFFFFFFFFFFFFFFFFFFFFFFFFFFF76
:208A2000FFFFFFFFFFFFFFFFFFFFFFFFFFFFFFFFFFFFFFFFFFFFFFFFFFFFFFFFFFFFFFFF56
:208A4000FFFFFFFFFFFFFFFFFFFFFFFFFFFFFFFFFFFFFFFFFFFFFFFFFFFFFFFFFFFFFFFF36
:208A6000FFFFFFFFFFFFFFFFFFFFFFFFFFFFFFFFFFFFFFFFFFFFFFFFFFFFFFFFFFFFFFFF16
:208A8000FFFFFFFFFFFFFFFFFFFFFFFFFFFFFFFFFFFFFFFFFFFFFFFFFFFFFFFFFFFFFFFFF6
:208AA000FFFFFFFFFFFFFFFFFFFFFFFFFFFFFFFFFFFFFFFFFFFFFFFFFFFFFFFFFFFFFFFFD6
:208AC000FFFFFFFFFFFFFFFFFFFFFFFFFFFFFFFFFFFFFFFFFFFFFFFFFFFFFFFFFFFFFFFFB6
:208AE000FFFFFFFFFFFFFFFFFFFFFFFFFFFFFFFFFFFFFFFFFFFFFFFFFFFFFFFFFFFFFFFF96
:208B0000FFFFFFFFFFFFFFFFFFFFFFFFFFFFFFFFFFFFFFFFFFFFFFFFFFFFFFFFFFFFFFFF75
:208B2000FFFFFFFFFFFFFFFFFFFFFFFFFFFFFFFFFFFFFFFFFFFFFFFFFFFFFFFFFFFFFFFF55
:208B4000FFFFFFFFFFFFFFFFFFFFFFFFFFFFFFFFFFFFFFFFFFFFFFFFFFFFFFFFFFFFFFFF35
:208B6000FFFFFFFFFFFFFFFFFFFFFFFFFFFFFFFFFFFFFFFFFFFFFFFFFFFFFFFFFFFFFFFF15
:208B8000FFFFFFFFFFFFFFFFFFFFFFFFFFFFFFFFFFFFFFFFFFFFFFFFFFFFFFFFFFFFFFFFF5
:208BA000FFFFFFFFFFFFFFFFFFFFFFFFFFFFFFFFFFFFFFFFFFFFFFFFFFFFFFFFFFFFFFFFD5
:208BC000FFFFFFFFFFFFFFFFFFFFFFFFFFFFFFFFFFFFFFFFFFFFFFFFFFFFFFFFFFFFFFFFB5
:208BE000FFFFFFFFFFFFFFFFFFFFFFFFFFFFFFFFFFFFFFFFFFFFFFFFFFFFFFFFFFFFFFFF95
:208C0000FFFFFFFFFFFFFFFFFFFFFFFFFFFFFFFFFFFFFFFFFFFFFFFFFFFFFFFFFFFFFFFF74
:208C2000FFFFFFFFFFFFFFFFFFFFFFFFFFFFFFFFFFFFFFFFFFFFFFFFFFFFFFFFFFFFFFFF54
:208C4000FFFFFFFFFFFFFFFFFFFFFFFFFFFFFFFFFFFFFFFFFFFFFFFFFFFFFFFFFFFFFFFF34
:208C6000FFFFFFFFFFFFFFFFFFFFFFFFFFFFFFFFFFFFFFFFFFFFFFFFFFFFFFFFFFFFFFFF14
:208C8000FFFFFFFFFFFFFFFFFFFFFFFFFFFFFFFFFFFFFFFFFFFFFFFFFFFFFFFFFFFFFFFFF4
:208CA000FFFFFFFFFFFFFFFFFFFFFFFFFFFFFFFFFFFFFFFFFFFFFFFFFFFFFFFFFFFFFFFFD4
:208CC000FFFFFFFFFFFFFFFFFFFFFFFFFFFFFFFFFFFFFFFFFFFFFFFFFFFFFFFFFFFFFFFFB4
:208CE000FFFFFFFFFFFFFFFFFFFFFFFFFFFFFFFFFFFFFFFFFFFFFFFFFFFFFFFFFFFFFFFF94
:208D0000FFFFFFFFFFFFFFFFFFFFFFFFFFFFFFFFFFFFFFFFFFFFFFFFFFFFFFFFFFFFFFFF73
:208D2000FFFFFFFFFFFFFFFFFFFFFFFFFFFFFFFFFFFFFFFFFFFFFFFFFFFFFFFFFFFFFFFF53
:208D4000FFFFFFFFFFFFFFFFFFFFFFFFFFFFFFFFFFFFFFFFFFFFFFFFFFFFFFFFFFFFFFFF33
:208D6000FFFFFFFFFFFFFFFFFFFFFFFFFFFFFFFFFFFFFFFFFFFFFFFFFFFFFFFFFFFFFFFF13
:208D8000FFFFFFFFFFFFFFFFFFFFFFFFFFFFFFFFFFFFFFFFFFFFFFFFFFFFFFFFFFFFFFFFF3
:208DA000FFFFFFFFFFFFFFFFFFFFFFFFFFFFFFFFFFFFFFFFFFFFFFFFFFFFFFFFFFFFFFFFD3
:208DC000FFFFFFFFFFFFFFFFFFFFFFFFFFFFFFFFFFFFFFFFFFFFFFFFFFFFFFFFFFFFFFFFB3
:208DE000FFFFFFFFFFFFFFFFFFFFFFFFFFFFFFFFFFFFFFFFFFFFFFFFFFFFFFFFFFFFFFFF93
:208E0000FFFFFFFFFFFFFFFFFFFFFFFFFFFFFFFFFFFFFFFFFFFFFFFFFFFFFFFFFFFFFFFF72
:208E2000FFFFFFFFFFFFFFFFFFFFFFFFFFFFFFFFFFFFFFFFFFFFFFFFFFFFFFFFFFFFFFFF52
:208E4000FFFFFFFFFFFFFFFFFFFFFFFFFFFFFFFFFFFFFFFFFFFFFFFFFFFFFFFFFFFFFFFF32
:208E6000FFFFFFFFFFFFFFFFFFFFFFFFFFFFFFFFFFFFFFFFFFFFFFFFFFFFFFFFFFFFFFFF12
:208E8000FFFFFFFFFFFFFFFFFFFFFFFFFFFFFFFFFFFFFFFFFFFFFFFFFFFFFFFFFFFFFFFFF2
:208EA000FFFFFFFFFFFFFFFFFFFFFFFFFFFFFFFFFFFFFFFFFFFFFFFFFFFFFFFFFFFFFFFFD2
:208EC000FFFFFFFFFFFFFFFFFFFFFFFFFFFFFFFFFFFFFFFFFFFFFFFFFFFFFFFFFFFFFFFFB2
:208EE000FFFFFFFFFFFFFFFFFFFFFFFFFFFFFFFFFFFFFFFFFFFFFFFFFFFFFFFFFFFFFFFF92
:208F0000FFFFFFFFFFFFFFFFFFFFFFFFFFFFFFFFFFFFFFFFFFFFFFFFFFFFFFFFFFFFFFFF71
:208F2000FFFFFFFFFFFFFFFFFFFFFFFFFFFFFFFFFFFFFFFFFFFFFFFFFFFFFFFFFFFFFFFF51
:208F4000FFFFFFFFFFFFFFFFFFFFFFFFFFFFFFFFFFFFFFFFFFFFFFFFFFFFFFFFFFFFFFFF31
:208F6000FFFFFFFFFFFFFFFFFFFFFFFFFFFFFFFFFFFFFFFFFFFFFFFFFFFFFFFFFFFFFFFF11
:208F8000FFFFFFFFFFFFFFFFFFFFFFFFFFFFFFFFFFFFFFFFFFFFFFFFFFFFFFFFFFFFFFFFF1
:208FA000FFFFFFFFFFFFFFFFFFFFFFFFFFFFFFFFFFFFFFFFFFFFFFFFFFFFFFFFFFFFFFFFD1
:208FC000FFFFFFFFFFFFFFFFFFFFFFFFFFFFFFFFFFFFFFFFFFFFFFFFFFFFFFFFFFFFFFFFB1
:208FE000FFFFFFFFFFFFFFFFFFFFFFFFFFFFFFFFFFFFFFFFFFFFFFFFFFFFFFFFFFFFFFFF91
:20900000FFFFFFFFFFFFFFFFFFFFFFFFFFFFFFFFFFFFFFFFFFFFFFFFFFFFFFFFFFFFFFFF70
:20902000FFFFFFFFFFFFFFFFFFFFFFFFFFFFFFFFFFFFFFFFFFFFFFFFFFFFFFFFFFFFFFFF50
:20904000FFFFFFFFFFFFFFFFFFFFFFFFFFFFFFFFFFFFFFFFFFFFFFFFFFFFFFFFFFFFFFFF30
:20906000FFFFFFFFFFFFFFFFFFFFFFFFFFFFFFFFFFFFFFFFFFFFFFFFFFFFFFFFFFFFFFFF10
:20908000FFFFFFFFFFFFFFFFFFFFFFFFFFFFFFFFFFFFFFFFFFFFFFFFFFFFFFFFFFFFFFFFF0
:2090A000FFFFFFFFFFFFFFFFFFFFFFFFFFFFFFFFFFFFFFFFFFFFFFFFFFFFFFFFFFFFFFFFD0
:2090C000FFFFFFFFFFFFFFFFFFFFFFFFFFFFFFFFFFFFFFFFFFFFFFFFFFFFFFFFFFFFFFFFB0
:2090E000FFFFFFFFFFFFFFFFFFFFFFFFFFFFFFFFFFFFFFFFFFFFFFFFFFFFFFFFFFFFFFFF90
:20910000FFFFFFFFFFFFFFFFFFFFFFFFFFFFFFFFFFFFFFFFFFFFFFFFFFFFFFFFFFFFFFFF6F
:20912000FFFFFFFFFFFFFFFFFFFFFFFFFFFFFFFFFFFFFFFFFFFFFFFFFFFFFFFFFFFFFFFF4F
:20914000FFFFFFFFFFFFFFFFFFFFFFFFFFFFFFFFFFFFFFFFFFFFFFFFFFFFFFFFFFFFFFFF2F
:20916000FFFFFFFFFFFFFFFFFFFFFFFFFFFFFFFFFFFFFFFFFFFFFFFFFFFFFFFFFFFFFFFF0F
:20918000FFFFFFFFFFFFFFFFFFFFFFFFFFFFFFFFFFFFFFFFFFFFFFFFFFFFFFFFFFFFFFFFEF
:2091A000FFFFFFFFFFFFFFFFFFFFFFFFFFFFFFFFFFFFFFFFFFFFFFFFFFFFFFFFFFFFFFFFCF
:2091C000FFFFFFFFFFFFFFFFFFFFFFFFFFFFFFFFFFFFFFFFFFFFFFFFFFFFFFFFFFFFFFFFAF
:2091E000FFFFFFFFFFFFFFFFFFFFFFFFFFFFFFFFFFFFFFFFFFFFFFFFFFFFFFFFFFFFFFFF8F
:20920000FFFFFFFFFFFFFFFFFFFFFFFFFFFFFFFFFFFFFFFFFFFFFFFFFFFFFFFFFFFFFFFF6E
:20922000FFFFFFFFFFFFFFFFFFFFFFFFFFFFFFFFFFFFFFFFFFFFFFFFFFFFFFFFFFFFFFFF4E
:20924000FFFFFFFFFFFFFFFFFFFFFFFFFFFFFFFFFFFFFFFFFFFFFFFFFFFFFFFFFFFFFFFF2E
:20926000FFFFFFFFFFFFFFFFFFFFFFFFFFFFFFFFFFFFFFFFFFFFFFFFFFFFFFFFFFFFFFFF0E
:20928000FFFFFFFFFFFFFFFFFFFFFFFFFFFFFFFFFFFFFFFFFFFFFFFFFFFFFFFFFFFFFFFFEE
:2092A000FFFFFFFFFFFFFFFFFFFFFFFFFFFFFFFFFFFFFFFFFFFFFFFFFFFFFFFFFFFFFFFFCE
:2092C000FFFFFFFFFFFFFFFFFFFFFFFFFFFFFFFFFFFFFFFFFFFFFFFFFFFFFFFFFFFFFFFFAE
:2092E000FFFFFFFFFFFFFFFFFFFFFFFFFFFFFFFFFFFFFFFFFFFFFFFFFFFFFFFFFFFFFFFF8E
:20930000FFFFFFFFFFFFFFFFFFFFFFFFFFFFFFFFFFFFFFFFFFFFFFFFFFFFFFFFFFFFFFFF6D
:20932000FFFFFFFFFFFFFFFFFFFFFFFFFFFFFFFFFFFFFFFFFFFFFFFFFFFFFFFFFFFFFFFF4D
:20934000FFFFFFFFFFFFFFFFFFFFFFFFFFFFFFFFFFFFFFFFFFFFFFFFFFFFFFFFFFFFFFFF2D
:20936000FFFFFFFFFFFFFFFFFFFFFFFFFFFFFFFFFFFFFFFFFFFFFFFFFFFFFFFFFFFFFFFF0D
:20938000FFFFFFFFFFFFFFFFFFFFFFFFFFFFFFFFFFFFFFFFFFFFFFFFFFFFFFFFFFFFFFFFED
:2093A000FFFFFFFFFFFFFFFFFFFFFFFFFFFFFFFFFFFFFFFFFFFFFFFFFFFFFFFFFFFFFFFFCD
:2093C000FFFFFFFFFFFFFFFFFFFFFFFFFFFFFFFFFFFFFFFFFFFFFFFFFFFFFFFFFFFFFFFFAD
:2093E000FFFFFFFFFFFFFFFFFFFFFFFFFFFFFFFFFFFFFFFFFFFFFFFFFFFFFFFFFFFFFFFF8D
:20940000FFFFFFFFFFFFFFFFFFFFFFFFFFFFFFFFFFFFFFFFFFFFFFFFFFFFFFFFFFFFFFFF6C
:20942000FFFFFFFFFFFFFFFFFFFFFFFFFFFFFFFFFFFFFFFFFFFFFFFFFFFFFFFFFFFFFFFF4C
:20944000FFFFFFFFFFFFFFFFFFFFFFFFFFFFFFFFFFFFFFFFFFFFFFFFFFFFFFFFFFFFFFFF2C
:20946000FFFFFFFFFFFFFFFFFFFFFFFFFFFFFFFFFFFFFFFFFFFFFFFFFFFFFFFFFFFFFFFF0C
:20948000FFFFFFFFFFFFFFFFFFFFFFFFFFFFFFFFFFFFFFFFFFFFFFFFFFFFFFFFFFFFFFFFEC
:2094A000FFFFFFFFFFFFFFFFFFFFFFFFFFFFFFFFFFFFFFFFFFFFFFFFFFFFFFFFFFFFFFFFCC
:2094C000FFFFFFFFFFFFFFFFFFFFFFFFFFFFFFFFFFFFFFFFFFFFFFFFFFFFFFFFFFFFFFFFAC
:2094E000FFFFFFFFFFFFFFFFFFFFFFFFFFFFFFFFFFFFFFFFFFFFFFFFFFFFFFFFFFFFFFFF8C
:20950000FFFFFFFFFFFFFFFFFFFFFFFFFFFFFFFFFFFFFFFFFFFFFFFFFFFFFFFFFFFFFFFF6B
:20952000FFFFFFFFFFFFFFFFFFFFFFFFFFFFFFFFFFFFFFFFFFFFFFFFFFFFFFFFFFFFFFFF4B
:20954000FFFFFFFFFFFFFFFFFFFFFFFFFFFFFFFFFFFFFFFFFFFFFFFFFFFFFFFFFFFFFFFF2B
:20956000FFFFFFFFFFFFFFFFFFFFFFFFFFFFFFFFFFFFFFFFFFFFFFFFFFFFFFFFFFFFFFFF0B
:20958000FFFFFFFFFFFFFFFFFFFFFFFFFFFFFFFFFFFFFFFFFFFFFFFFFFFFFFFFFFFFFFFFEB
:2095A000FFFFFFFFFFFFFFFFFFFFFFFFFFFFFFFFFFFFFFFFFFFFFFFFFFFFFFFFFFFFFFFFCB
:2095C000FFFFFFFFFFFFFFFFFFFFFFFFFFFFFFFFFFFFFFFFFFFFFFFFFFFFFFFFFFFFFFFFAB
:2095E000FFFFFFFFFFFFFFFFFFFFFFFFFFFFFFFFFFFFFFFFFFFFFFFFFFFFFFFFFFFFFFFF8B
:20960000FFFFFFFFFFFFFFFFFFFFFFFFFFFFFFFFFFFFFFFFFFFFFFFFFFFFFFFFFFFFFFFF6A
:20962000FFFFFFFFFFFFFFFFFFFFFFFFFFFFFFFFFFFFFFFFFFFFFFFFFFFFFFFFFFFFFFFF4A
:20964000FFFFFFFFFFFFFFFFFFFFFFFFFFFFFFFFFFFFFFFFFFFFFFFFFFFFFFFFFFFFFFFF2A
:20966000FFFFFFFFFFFFFFFFFFFFFFFFFFFFFFFFFFFFFFFFFFFFFFFFFFFFFFFFFFFFFFFF0A
:20968000FFFFFFFFFFFFFFFFFFFFFFFFFFFFFFFFFFFFFFFFFFFFFFFFFFFFFFFFFFFFFFFFEA
:2096A000FFFFFFFFFFFFFFFFFFFFFFFFFFFFFFFFFFFFFFFFFFFFFFFFFFFFFFFFFFFFFFFFCA
:2096C000FFFFFFFFFFFFFFFFFFFFFFFFFFFFFFFFFFFFFFFFFFFFFFFFFFFFFFFFFFFFFFFFAA
:2096E000FFFFFFFFFFFFFFFFFFFFFFFFFFFFFFFFFFFFFFFFFFFFFFFFFFFFFFFFFFFFFFFF8A
:20970000FFFFFFFFFFFFFFFFFFFFFFFFFFFFFFFFFFFFFFFFFFFFFFFFFFFFFFFFFFFFFFFF69
:20972000FFFFFFFFFFFFFFFFFFFFFFFFFFFFFFFFFFFFFFFFFFFFFFFFFFFFFFFFFFFFFFFF49
:20974000FFFFFFFFFFFFFFFFFFFFFFFFFFFFFFFFFFFFFFFFFFFFFFFFFFFFFFFFFFFFFFFF29
:20976000FFFFFFFFFFFFFFFFFFFFFFFFFFFFFFFFFFFFFFFFFFFFFFFFFFFFFFFFFFFFFFFF09
:20978000FFFFFFFFFFFFFFFFFFFFFFFFFFFFFFFFFFFFFFFFFFFFFFFFFFFFFFFFFFFFFFFFE9
:2097A000FFFFFFFFFFFFFFFFFFFFFFFFFFFFFFFFFFFFFFFFFFFFFFFFFFFFFFFFFFFFFFFFC9
:2097C000FFFFFFFFFFFFFFFFFFFFFFFFFFFFFFFFFFFFFFFFFFFFFFFFFFFFFFFFFFFFFFFFA9
:2097E000FFFFFFFFFFFFFFFFFFFFFFFFFFFFFFFFFFFFFFFFFFFFFFFFFFFFFFFFFFFFFFFF89
:20980000FFFFFFFFFFFFFFFFFFFFFFFFFFFFFFFFFFFFFFFFFFFFFFFFFFFFFFFFFFFFFFFF68
:20982000FFFFFFFFFFFFFFFFFFFFFFFFFFFFFFFFFFFFFFFFFFFFFFFFFFFFFFFFFFFFFFFF48
:20984000FFFFFFFFFFFFFFFFFFFFFFFFFFFFFFFFFFFFFFFFFFFFFFFFFFFFFFFFFFFFFFFF28
:20986000FFFFFFFFFFFFFFFFFFFFFFFFFFFFFFFFFFFFFFFFFFFFFFFFFFFFFFFFFFFFFFFF08
:20988000FFFFFFFFFFFFFFFFFFFFFFFFFFFFFFFFFFFFFFFFFFFFFFFFFFFFFFFFFFFFFFFFE8
:2098A000FFFFFFFFFFFFFFFFFFFFFFFFFFFFFFFFFFFFFFFFFFFFFFFFFFFFFFFFFFFFFFFFC8
:2098C000FFFFFFFFFFFFFFFFFFFFFFFFFFFFFFFFFFFFFFFFFFFFFFFFFFFFFFFFFFFFFFFFA8
:2098E000FFFFFFFFFFFFFFFFFFFFFFFFFFFFFFFFFFFFFFFFFFFFFFFFFFFFFFFFFFFFFFFF88
:20990000FFFFFFFFFFFFFFFFFFFFFFFFFFFFFFFFFFFFFFFFFFFFFFFFFFFFFFFFFFFFFFFF67
:20992000FFFFFFFFFFFFFFFFFFFFFFFFFFFFFFFFFFFFFFFFFFFFFFFFFFFFFFFFFFFFFFFF47
:20994000FFFFFFFFFFFFFFFFFFFFFFFFFFFFFFFFFFFFFFFFFFFFFFFFFFFFFFFFFFFFFFFF27
:20996000FFFFFFFFFFFFFFFFFFFFFFFFFFFFFFFFFFFFFFFFFFFFFFFFFFFFFFFFFFFFFFFF07
:20998000FFFFFFFFFFFFFFFFFFFFFFFFFFFFFFFFFFFFFFFFFFFFFFFFFFFFFFFFFFFFFFFFE7
:2099A000FFFFFFFFFFFFFFFFFFFFFFFFFFFFFFFFFFFFFFFFFFFFFFFFFFFFFFFFFFFFFFFFC7
:2099C000FFFFFFFFFFFFFFFFFFFFFFFFFFFFFFFFFFFFFFFFFFFFFFFFFFFFFFFFFFFFFFFFA7
:2099E000FFFFFFFFFFFFFFFFFFFFFFFFFFFFFFFFFFFFFFFFFFFFFFFFFFFFFFFFFFFFFFFF87
:209A0000FFFFFFFFFFFFFFFFFFFFFFFFFFFFFFFFFFFFFFFFFFFFFFFFFFFFFFFFFFFFFFFF66
:209A2000FFFFFFFFFFFFFFFFFFFFFFFFFFFFFFFFFFFFFFFFFFFFFFFFFFFFFFFFFFFFFFFF46
:209A4000FFFFFFFFFFFFFFFFFFFFFFFFFFFFFFFFFFFFFFFFFFFFFFFFFFFFFFFFFFFFFFFF26
:209A6000FFFFFFFFFFFFFFFFFFFFFFFFFFFFFFFFFFFFFFFFFFFFFFFFFFFFFFFFFFFFFFFF06
:209A8000FFFFFFFFFFFFFFFFFFFFFFFFFFFFFFFFFFFFFFFFFFFFFFFFFFFFFFFFFFFFFFFFE6
:209AA000FFFFFFFFFFFFFFFFFFFFFFFFFFFFFFFFFFFFFFFFFFFFFFFFFFFFFFFFFFFFFFFFC6
:209AC000FFFFFFFFFFFFFFFFFFFFFFFFFFFFFFFFFFFFFFFFFFFFFFFFFFFFFFFFFFFFFFFFA6
:209AE000FFFFFFFFFFFFFFFFFFFFFFFFFFFFFFFFFFFFFFFFFFFFFFFFFFFFFFFFFFFFFFFF86
:209B0000FFFFFFFFFFFFFFFFFFFFFFFFFFFFFFFFFFFFFFFFFFFFFFFFFFFFFFFFFFFFFFFF65
:209B2000FFFFFFFFFFFFFFFFFFFFFFFFFFFFFFFFFFFFFFFFFFFFFFFFFFFFFFFFFFFFFFFF45
:209B4000FFFFFFFFFFFFFFFFFFFFFFFFFFFFFFFFFFFFFFFFFFFFFFFFFFFFFFFFFFFFFFFF25
:209B6000FFFFFFFFFFFFFFFFFFFFFFFFFFFFFFFFFFFFFFFFFFFFFFFFFFFFFFFFFFFFFFFF05
:209B8000FFFFFFFFFFFFFFFFFFFFFFFFFFFFFFFFFFFFFFFFFFFFFFFFFFFFFFFFFFFFFFFFE5
:209BA000FFFFFFFFFFFFFFFFFFFFFFFFFFFFFFFFFFFFFFFFFFFFFFFFFFFFFFFFFFFFFFFFC5
:209BC000FFFFFFFFFFFFFFFFFFFFFFFFFFFFFFFFFFFFFFFFFFFFFFFFFFFFFFFFFFFFFFFFA5
:209BE000FFFFFFFFFFFFFFFFFFFFFFFFFFFFFFFFFFFFFFFFFFFFFFFFFFFFFFFFFFFFFFFF85
:209C0000FFFFFFFFFFFFFFFFFFFFFFFFFFFFFFFFFFFFFFFFFFFFFFFFFFFFFFFFFFFFFFFF64
:209C2000FFFFFFFFFFFFFFFFFFFFFFFFFFFFFFFFFFFFFFFFFFFFFFFFFFFFFFFFFFFFFFFF44
:209C4000FFFFFFFFFFFFFFFFFFFFFFFFFFFFFFFFFFFFFFFFFFFFFFFFFFFFFFFFFFFFFFFF24
:209C6000FFFFFFFFFFFFFFFFFFFFFFFFFFFFFFFFFFFFFFFFFFFFFFFFFFFFFFFFFFFFFFFF04
:209C8000FFFFFFFFFFFFFFFFFFFFFFFFFFFFFFFFFFFFFFFFFFFFFFFFFFFFFFFFFFFFFFFFE4
:209CA000FFFFFFFFFFFFFFFFFFFFFFFFFFFFFFFFFFFFFFFFFFFFFFFFFFFFFFFFFFFFFFFFC4
:209CC000FFFFFFFFFFFFFFFFFFFFFFFFFFFFFFFFFFFFFFFFFFFFFFFFFFFFFFFFFFFFFFFFA4
:209CE000FFFFFFFFFFFFFFFFFFFFFFFFFFFFFFFFFFFFFFFFFFFFFFFFFFFFFFFFFFFFFFFF84
:209D0000FFFFFFFFFFFFFFFFFFFFFFFFFFFFFFFFFFFFFFFFFFFFFFFFFFFFFFFFFFFFFFFF63
:209D2000FFFFFFFFFFFFFFFFFFFFFFFFFFFFFFFFFFFFFFFFFFFFFFFFFFFFFFFFFFFFFFFF43
:209D4000FFFFFFFFFFFFFFFFFFFFFFFFFFFFFFFFFFFFFFFFFFFFFFFFFFFFFFFFFFFFFFFF23
:209D6000FFFFFFFFFFFFFFFFFFFFFFFFFFFFFFFFFFFFFFFFFFFFFFFFFFFFFFFFFFFFFFFF03
:209D8000FFFFFFFFFFFFFFFFFFFFFFFFFFFFFFFFFFFFFFFFFFFFFFFFFFFFFFFFFFFFFFFFE3
:209DA000FFFFFFFFFFFFFFFFFFFFFFFFFFFFFFFFFFFFFFFFFFFFFFFFFFFFFFFFFFFFFFFFC3
:209DC000FFFFFFFFFFFFFFFFFFFFFFFFFFFFFFFFFFFFFFFFFFFFFFFFFFFFFFFFFFFFFFFFA3
:209DE000FFFFFFFFFFFFFFFFFFFFFFFFFFFFFFFFFFFFFFFFFFFFFFFFFFFFFFFFFFFFFFFF83
:209E0000FFFFFFFFFFFFFFFFFFFFFFFFFFFFFFFFFFFFFFFFFFFFFFFFFFFFFFFFFFFFFFFF62
:209E2000FFFFFFFFFFFFFFFFFFFFFFFFFFFFFFFFFFFFFFFFFFFFFFFFFFFFFFFFFFFFFFFF42
:209E4000FFFFFFFFFFFFFFFFFFFFFFFFFFFFFFFFFFFFFFFFFFFFFFFFFFFFFFFFFFFFFFFF22
:209E6000FFFFFFFFFFFFFFFFFFFFFFFFFFFFFFFFFFFFFFFFFFFFFFFFFFFFFFFFFFFFFFFF02
:209E8000FFFFFFFFFFFFFFFFFFFFFFFFFFFFFFFFFFFFFFFFFFFFFFFFFFFFFFFFFFFFFFFFE2
:209EA000FFFFFFFFFFFFFFFFFFFFFFFFFFFFFFFFFFFFFFFFFFFFFFFFFFFFFFFFFFFFFFFFC2
:209EC000FFFFFFFFFFFFFFFFFFFFFFFFFFFFFFFFFFFFFFFFFFFFFFFFFFFFFFFFFFFFFFFFA2
:209EE000FFFFFFFFFFFFFFFFFFFFFFFFFFFFFFFFFFFFFFFFFFFFFFFFFFFFFFFFFFFFFFFF82
:209F0000FFFFFFFFFFFFFFFFFFFFFFFFFFFFFFFFFFFFFFFFFFFFFFFFFFFFFFFFFFFFFFFF61
:209F2000FFFFFFFFFFFFFFFFFFFFFFFFFFFFFFFFFFFFFFFFFFFFFFFFFFFFFFFFFFFFFFFF41
:209F4000FFFFFFFFFFFFFFFFFFFFFFFFFFFFFFFFFFFFFFFFFFFFFFFFFFFFFFFFFFFFFFFF21
:209F6000FFFFFFFFFFFFFFFFFFFFFFFFFFFFFFFFFFFFFFFFFFFFFFFFFFFFFFFFFFFFFFFF01
:209F8000FFFFFFFFFFFFFFFFFFFFFFFFFFFFFFFFFFFFFFFFFFFFFFFFFFFFFFFFFFFFFFFFE1
:209FA000FFFFFFFFFFFFFFFFFFFFFFFFFFFFFFFFFFFFFFFFFFFFFFFFFFFFFFFFFFFFFFFFC1
:209FC000FFFFFFFFFFFFFFFFFFFFFFFFFFFFFFFFFFFFFFFFFFFFFFFFFFFFFFFFFFFFFFFFA1
:209FE000FFFFFFFFFFFFFFFFFFFFFFFFFFFFFFFFFFFFFFFFFFFFFFFFFFFFFFFFFFFFFFFF81
:20A00000FFFFFFFFFFFFFFFFFFFFFFFFFFFFFFFFFFFFFFFFFFFFFFFFFFFFFFFFFFFFFFFF60
:20A02000FFFFFFFFFFFFFFFFFFFFFFFFFFFFFFFFFFFFFFFFFFFFFFFFFFFFFFFFFFFFFFFF40
:20A04000FFFFFFFFFFFFFFFFFFFFFFFFFFFFFFFFFFFFFFFFFFFFFFFFFFFFFFFFFFFFFFFF20
:20A06000FFFFFFFFFFFFFFFFFFFFFFFFFFFFFFFFFFFFFFFFFFFFFFFFFFFFFFFFFFFFFFFF00
:20A08000FFFFFFFFFFFFFFFFFFFFFFFFFFFFFFFFFFFFFFFFFFFFFFFFFFFFFFFFFFFFFFFFE0
:20A0A000FFFFFFFFFFFFFFFFFFFFFFFFFFFFFFFFFFFFFFFFFFFFFFFFFFFFFFFFFFFFFFFFC0
:20A0C000FFFFFFFFFFFFFFFFFFFFFFFFFFFFFFFFFFFFFFFFFFFFFFFFFFFFFFFFFFFFFFFFA0
:20A0E000FFFFFFFFFFFFFFFFFFFFFFFFFFFFFFFFFFFFFFFFFFFFFFFFFFFFFFFFFFFFFFFF80
:20A10000FFFFFFFFFFFFFFFFFFFFFFFFFFFFFFFFFFFFFFFFFFFFFFFFFFFFFFFFFFFFFFFF5F
:20A12000FFFFFFFFFFFFFFFFFFFFFFFFFFFFFFFFFFFFFFFFFFFFFFFFFFFFFFFFFFFFFFFF3F
:20A14000FFFFFFFFFFFFFFFFFFFFFFFFFFFFFFFFFFFFFFFFFFFFFFFFFFFFFFFFFFFFFFFF1F
:20A16000FFFFFFFFFFFFFFFFFFFFFFFFFFFFFFFFFFFFFFFFFFFFFFFFFFFFFFFFFFFFFFFFFF
:20A18000FFFFFFFFFFFFFFFFFFFFFFFFFFFFFFFFFFFFFFFFFFFFFFFFFFFFFFFFFFFFFFFFDF
:20A1A000FFFFFFFFFFFFFFFFFFFFFFFFFFFFFFFFFFFFFFFFFFFFFFFFFFFFFFFFFFFFFFFFBF
:20A1C000FFFFFFFFFFFFFFFFFFFFFFFFFFFFFFFFFFFFFFFFFFFFFFFFFFFFFFFFFFFFFFFF9F
:20A1E000FFFFFFFFFFFFFFFFFFFFFFFFFFFFFFFFFFFFFFFFFFFFFFFFFFFFFFFFFFFFFFFF7F
:20A20000FFFFFFFFFFFFFFFFFFFFFFFFFFFFFFFFFFFFFFFFFFFFFFFFFFFFFFFFFFFFFFFF5E
:20A22000FFFFFFFFFFFFFFFFFFFFFFFFFFFFFFFFFFFFFFFFFFFFFFFFFFFFFFFFFFFFFFFF3E
:20A24000FFFFFFFFFFFFFFFFFFFFFFFFFFFFFFFFFFFFFFFFFFFFFFFFFFFFFFFFFFFFFFFF1E
:20A26000FFFFFFFFFFFFFFFFFFFFFFFFFFFFFFFFFFFFFFFFFFFFFFFFFFFFFFFFFFFFFFFFFE
:20A28000FFFFFFFFFFFFFFFFFFFFFFFFFFFFFFFFFFFFFFFFFFFFFFFFFFFFFFFFFFFFFFFFDE
:20A2A000FFFFFFFFFFFFFFFFFFFFFFFFFFFFFFFFFFFFFFFFFFFFFFFFFFFFFFFFFFFFFFFFBE
:20A2C000FFFFFFFFFFFFFFFFFFFFFFFFFFFFFFFFFFFFFFFFFFFFFFFFFFFFFFFFFFFFFFFF9E
:20A2E000FFFFFFFFFFFFFFFFFFFFFFFFFFFFFFFFFFFFFFFFFFFFFFFFFFFFFFFFFFFFFFFF7E
:20A30000FFFFFFFFFFFFFFFFFFFFFFFFFFFFFFFFFFFFFFFFFFFFFFFFFFFFFFFFFFFFFFFF5D
:20A32000FFFFFFFFFFFFFFFFFFFFFFFFFFFFFFFFFFFFFFFFFFFFFFFFFFFFFFFFFFFFFFFF3D
:20A34000FFFFFFFFFFFFFFFFFFFFFFFFFFFFFFFFFFFFFFFFFFFFFFFFFFFFFFFFFFFFFFFF1D
:20A36000FFFFFFFFFFFFFFFFFFFFFFFFFFFFFFFFFFFFFFFFFFFFFFFFFFFFFFFFFFFFFFFFFD
:20A38000FFFFFFFFFFFFFFFFFFFFFFFFFFFFFFFFFFFFFFFFFFFFFFFFFFFFFFFFFFFFFFFFDD
:20A3A000FFFFFFFFFFFFFFFFFFFFFFFFFFFFFFFFFFFFFFFFFFFFFFFFFFFFFFFFFFFFFFFFBD
:20A3C000FFFFFFFFFFFFFFFFFFFFFFFFFFFFFFFFFFFFFFFFFFFFFFFFFFFFFFFFFFFFFFFF9D
:20A3E000FFFFFFFFFFFFFFFFFFFFFFFFFFFFFFFFFFFFFFFFFFFFFFFFFFFFFFFFFFFFFFFF7D
:20A40000FFFFFFFFFFFFFFFFFFFFFFFFFFFFFFFFFFFFFFFFFFFFFFFFFFFFFFFFFFFFFFFF5C
:20A42000FFFFFFFFFFFFFFFFFFFFFFFFFFFFFFFFFFFFFFFFFFFFFFFFFFFFFFFFFFFFFFFF3C
:20A44000FFFFFFFFFFFFFFFFFFFFFFFFFFFFFFFFFFFFFFFFFFFFFFFFFFFFFFFFFFFFFFFF1C
:20A46000FFFFFFFFFFFFFFFFFFFFFFFFFFFFFFFFFFFFFFFFFFFFFFFFFFFFFFFFFFFFFFFFFC
:20A48000FFFFFFFFFFFFFFFFFFFFFFFFFFFFFFFFFFFFFFFFFFFFFFFFFFFFFFFFFFFFFFFFDC
:20A4A000FFFFFFFFFFFFFFFFFFFFFFFFFFFFFFFFFFFFFFFFFFFFFFFFFFFFFFFFFFFFFFFFBC
:20A4C000FFFFFFFFFFFFFFFFFFFFFFFFFFFFFFFFFFFFFFFFFFFFFFFFFFFFFFFFFFFFFFFF9C
:20A4E000FFFFFFFFFFFFFFFFFFFFFFFFFFFFFFFFFFFFFFFFFFFFFFFFFFFFFFFFFFFFFFFF7C
:20A50000FFFFFFFFFFFFFFFFFFFFFFFFFFFFFFFFFFFFFFFFFFFFFFFFFFFFFFFFFFFFFFFF5B
:20A52000FFFFFFFFFFFFFFFFFFFFFFFFFFFFFFFFFFFFFFFFFFFFFFFFFFFFFFFFFFFFFFFF3B
:20A54000FFFFFFFFFFFFFFFFFFFFFFFFFFFFFFFFFFFFFFFFFFFFFFFFFFFFFFFFFFFFFFFF1B
:20A56000FFFFFFFFFFFFFFFFFFFFFFFFFFFFFFFFFFFFFFFFFFFFFFFFFFFFFFFFFFFFFFFFFB
:20A58000FFFFFFFFFFFFFFFFFFFFFFFFFFFFFFFFFFFFFFFFFFFFFFFFFFFFFFFFFFFFFFFFDB
:20A5A000FFFFFFFFFFFFFFFFFFFFFFFFFFFFFFFFFFFFFFFFFFFFFFFFFFFFFFFFFFFFFFFFBB
:20A5C000FFFFFFFFFFFFFFFFFFFFFFFFFFFFFFFFFFFFFFFFFFFFFFFFFFFFFFFFFFFFFFFF9B
:20A5E000FFFFFFFFFFFFFFFFFFFFFFFFFFFFFFFFFFFFFFFFFFFFFFFFFFFFFFFFFFFFFFFF7B
:20A60000FFFFFFFFFFFFFFFFFFFFFFFFFFFFFFFFFFFFFFFFFFFFFFFFFFFFFFFFFFFFFFFF5A
:20A62000FFFFFFFFFFFFFFFFFFFFFFFFFFFFFFFFFFFFFFFFFFFFFFFFFFFFFFFFFFFFFFFF3A
:20A64000FFFFFFFFFFFFFFFFFFFFFFFFFFFFFFFFFFFFFFFFFFFFFFFFFFFFFFFFFFFFFFFF1A
:20A66000FFFFFFFFFFFFFFFFFFFFFFFFFFFFFFFFFFFFFFFFFFFFFFFFFFFFFFFFFFFFFFFFFA
:20A68000FFFFFFFFFFFFFFFFFFFFFFFFFFFFFFFFFFFFFFFFFFFFFFFFFFFFFFFFFFFFFFFFDA
:20A6A000FFFFFFFFFFFFFFFFFFFFFFFFFFFFFFFFFFFFFFFFFFFFFFFFFFFFFFFFFFFFFFFFBA
:20A6C000FFFFFFFFFFFFFFFFFFFFFFFFFFFFFFFFFFFFFFFFFFFFFFFFFFFFFFFFFFFFFFFF9A
:20A6E000FFFFFFFFFFFFFFFFFFFFFFFFFFFFFFFFFFFFFFFFFFFFFFFFFFFFFFFFFFFFFFFF7A
:20A70000FFFFFFFFFFFFFFFFFFFFFFFFFFFFFFFFFFFFFFFFFFFFFFFFFFFFFFFFFFFFFFFF59
:20A72000FFFFFFFFFFFFFFFFFFFFFFFFFFFFFFFFFFFFFFFFFFFFFFFFFFFFFFFFFFFFFFFF39
:20A74000FFFFFFFFFFFFFFFFFFFFFFFFFFFFFFFFFFFFFFFFFFFFFFFFFFFFFFFFFFFFFFFF19
:20A76000FFFFFFFFFFFFFFFFFFFFFFFFFFFFFFFFFFFFFFFFFFFFFFFFFFFFFFFFFFFFFFFFF9
:20A78000FFFFFFFFFFFFFFFFFFFFFFFFFFFFFFFFFFFFFFFFFFFFFFFFFFFFFFFFFFFFFFFFD9
:20A7A000FFFFFFFFFFFFFFFFFFFFFFFFFFFFFFFFFFFFFFFFFFFFFFFFFFFFFFFFFFFFFFFFB9
:20A7C000FFFFFFFFFFFFFFFFFFFFFFFFFFFFFFFFFFFFFFFFFFFFFFFFFFFFFFFFFFFFFFFF99
:20A7E000FFFFFFFFFFFFFFFFFFFFFFFFFFFFFFFFFFFFFFFFFFFFFFFFFFFFFFFFFFFFFFFF79
:20A80000FFFFFFFFFFFFFFFFFFFFFFFFFFFFFFFFFFFFFFFFFFFFFFFFFFFFFFFFFFFFFFFF58
:20A82000FFFFFFFFFFFFFFFFFFFFFFFFFFFFFFFFFFFFFFFFFFFFFFFFFFFFFFFFFFFFFFFF38
:20A84000FFFFFFFFFFFFFFFFFFFFFFFFFFFFFFFFFFFFFFFFFFFFFFFFFFFFFFFFFFFFFFFF18
:20A86000FFFFFFFFFFFFFFFFFFFFFFFFFFFFFFFFFFFFFFFFFFFFFFFFFFFFFFFFFFFFFFFFF8
:20A88000FFFFFFFFFFFFFFFFFFFFFFFFFFFFFFFFFFFFFFFFFFFFFFFFFFFFFFFFFFFFFFFFD8
:20A8A000FFFFFFFFFFFFFFFFFFFFFFFFFFFFFFFFFFFFFFFFFFFFFFFFFFFFFFFFFFFFFFFFB8
:20A8C000FFFFFFFFFFFFFFFFFFFFFFFFFFFFFFFFFFFFFFFFFFFFFFFFFFFFFFFFFFFFFFFF98
:20A8E000FFFFFFFFFFFFFFFFFFFFFFFFFFFFFFFFFFFFFFFFFFFFFFFFFFFFFFFFFFFFFFFF78
:20A90000FFFFFFFFFFFFFFFFFFFFFFFFFFFFFFFFFFFFFFFFFFFFFFFFFFFFFFFFFFFFFFFF57
:20A92000FFFFFFFFFFFFFFFFFFFFFFFFFFFFFFFFFFFFFFFFFFFFFFFFFFFFFFFFFFFFFFFF37
:20A94000FFFFFFFFFFFFFFFFFFFFFFFFFFFFFFFFFFFFFFFFFFFFFFFFFFFFFFFFFFFFFFFF17
:20A96000FFFFFFFFFFFFFFFFFFFFFFFFFFFFFFFFFFFFFFFFFFFFFFFFFFFFFFFFFFFFFFFFF7
:20A98000FFFFFFFFFFFFFFFFFFFFFFFFFFFFFFFFFFFFFFFFFFFFFFFFFFFFFFFFFFFFFFFFD7
:20A9A000FFFFFFFFFFFFFFFFFFFFFFFFFFFFFFFFFFFFFFFFFFFFFFFFFFFFFFFFFFFFFFFFB7
:20A9C000FFFFFFFFFFFFFFFFFFFFFFFFFFFFFFFFFFFFFFFFFFFFFFFFFFFFFFFFFFFFFFFF97
:20A9E000FFFFFFFFFFFFFFFFFFFFFFFFFFFFFFFFFFFFFFFFFFFFFFFFFFFFFFFFFFFFFFFF77
:20AA0000FFFFFFFFFFFFFFFFFFFFFFFFFFFFFFFFFFFFFFFFFFFFFFFFFFFFFFFFFFFFFFFF56
:20AA2000FFFFFFFFFFFFFFFFFFFFFFFFFFFFFFFFFFFFFFFFFFFFFFFFFFFFFFFFFFFFFFFF36
:20AA4000FFFFFFFFFFFFFFFFFFFFFFFFFFFFFFFFFFFFFFFFFFFFFFFFFFFFFFFFFFFFFFFF16
:20AA6000FFFFFFFFFFFFFFFFFFFFFFFFFFFFFFFFFFFFFFFFFFFFFFFFFFFFFFFFFFFFFFFFF6
:20AA8000FFFFFFFFFFFFFFFFFFFFFFFFFFFFFFFFFFFFFFFFFFFFFFFFFFFFFFFFFFFFFFFFD6
:20AAA000FFFFFFFFFFFFFFFFFFFFFFFFFFFFFFFFFFFFFFFFFFFFFFFFFFFFFFFFFFFFFFFFB6
:20AAC000FFFFFFFFFFFFFFFFFFFFFFFFFFFFFFFFFFFFFFFFFFFFFFFFFFFFFFFFFFFFFFFF96
:20AAE000FFFFFFFFFFFFFFFFFFFFFFFFFFFFFFFFFFFFFFFFFFFFFFFFFFFFFFFFFFFFFFFF76
:20AB0000FFFFFFFFFFFFFFFFFFFFFFFFFFFFFFFFFFFFFFFFFFFFFFFFFFFFFFFFFFFFFFFF55
:20AB2000FFFFFFFFFFFFFFFFFFFFFFFFFFFFFFFFFFFFFFFFFFFFFFFFFFFFFFFFFFFFFFFF35
:20AB4000FFFFFFFFFFFFFFFFFFFFFFFFFFFFFFFFFFFFFFFFFFFFFFFFFFFFFFFFFFFFFFFF15
:20AB6000FFFFFFFFFFFFFFFFFFFFFFFFFFFFFFFFFFFFFFFFFFFFFFFFFFFFFFFFFFFFFFFFF5
:20AB8000FFFFFFFFFFFFFFFFFFFFFFFFFFFFFFFFFFFFFFFFFFFFFFFFFFFFFFFFFFFFFFFFD5
:20ABA000FFFFFFFFFFFFFFFFFFFFFFFFFFFFFFFFFFFFFFFFFFFFFFFFFFFFFFFFFFFFFFFFB5
:20ABC000FFFFFFFFFFFFFFFFFFFFFFFFFFFFFFFFFFFFFFFFFFFFFFFFFFFFFFFFFFFFFFFF95
:20ABE000FFFFFFFFFFFFFFFFFFFFFFFFFFFFFFFFFFFFFFFFFFFFFFFFFFFFFFFFFFFFFFFF75
:20AC0000FFFFFFFFFFFFFFFFFFFFFFFFFFFFFFFFFFFFFFFFFFFFFFFFFFFFFFFFFFFFFFFF54
:20AC2000FFFFFFFFFFFFFFFFFFFFFFFFFFFFFFFFFFFFFFFFFFFFFFFFFFFFFFFFFFFFFFFF34
:20AC4000FFFFFFFFFFFFFFFFFFFFFFFFFFFFFFFFFFFFFFFFFFFFFFFFFFFFFFFFFFFFFFFF14
:20AC6000FFFFFFFFFFFFFFFFFFFFFFFFFFFFFFFFFFFFFFFFFFFFFFFFFFFFFFFFFFFFFFFFF4
:20AC8000FFFFFFFFFFFFFFFFFFFFFFFFFFFFFFFFFFFFFFFFFFFFFFFFFFFFFFFFFFFFFFFFD4
:20ACA000FFFFFFFFFFFFFFFFFFFFFFFFFFFFFFFFFFFFFFFFFFFFFFFFFFFFFFFFFFFFFFFFB4
:20ACC000FFFFFFFFFFFFFFFFFFFFFFFFFFFFFFFFFFFFFFFFFFFFFFFFFFFFFFFFFFFFFFFF94
:20ACE000FFFFFFFFFFFFFFFFFFFFFFFFFFFFFFFFFFFFFFFFFFFFFFFFFFFFFFFFFFFFFFFF74
:20AD0000FFFFFFFFFFFFFFFFFFFFFFFFFFFFFFFFFFFFFFFFFFFFFFFFFFFFFFFFFFFFFFFF53
:20AD2000FFFFFFFFFFFFFFFFFFFFFFFFFFFFFFFFFFFFFFFFFFFFFFFFFFFFFFFFFFFFFFFF33
:20AD4000FFFFFFFFFFFFFFFFFFFFFFFFFFFFFFFFFFFFFFFFFFFFFFFFFFFFFFFFFFFFFFFF13
:20AD6000FFFFFFFFFFFFFFFFFFFFFFFFFFFFFFFFFFFFFFFFFFFFFFFFFFFFFFFFFFFFFFFFF3
:20AD8000FFFFFFFFFFFFFFFFFFFFFFFFFFFFFFFFFFFFFFFFFFFFFFFFFFFFFFFFFFFFFFFFD3
:20ADA000FFFFFFFFFFFFFFFFFFFFFFFFFFFFFFFFFFFFFFFFFFFFFFFFFFFFFFFFFFFFFFFFB3
:20ADC000FFFFFFFFFFFFFFFFFFFFFFFFFFFFFFFFFFFFFFFFFFFFFFFFFFFFFFFFFFFFFFFF93
:20ADE000FFFFFFFFFFFFFFFFFFFFFFFFFFFFFFFFFFFFFFFFFFFFFFFFFFFFFFFFFFFFFFFF73
:20AE0000FFFFFFFFFFFFFFFFFFFFFFFFFFFFFFFFFFFFFFFFFFFFFFFFFFFFFFFFFFFFFFFF52
:20AE2000FFFFFFFFFFFFFFFFFFFFFFFFFFFFFFFFFFFFFFFFFFFFFFFFFFFFFFFFFFFFFFFF32
:20AE4000FFFFFFFFFFFFFFFFFFFFFFFFFFFFFFFFFFFFFFFFFFFFFFFFFFFFFFFFFFFFFFFF12
:20AE6000FFFFFFFFFFFFFFFFFFFFFFFFFFFFFFFFFFFFFFFFFFFFFFFFFFFFFFFFFFFFFFFFF2
:20AE8000FFFFFFFFFFFFFFFFFFFFFFFFFFFFFFFFFFFFFFFFFFFFFFFFFFFFFFFFFFFFFFFFD2
:20AEA000FFFFFFFFFFFFFFFFFFFFFFFFFFFFFFFFFFFFFFFFFFFFFFFFFFFFFFFFFFFFFFFFB2
:20AEC000FFFFFFFFFFFFFFFFFFFFFFFFFFFFFFFFFFFFFFFFFFFFFFFFFFFFFFFFFFFFFFFF92
:20AEE000FFFFFFFFFFFFFFFFFFFFFFFFFFFFFFFFFFFFFFFFFFFFFFFFFFFFFFFFFFFFFFFF72
:20AF0000FFFFFFFFFFFFFFFFFFFFFFFFFFFFFFFFFFFFFFFFFFFFFFFFFFFFFFFFFFFFFFFF51
:20AF2000FFFFFFFFFFFFFFFFFFFFFFFFFFFFFFFFFFFFFFFFFFFFFFFFFFFFFFFFFFFFFFFF31
:20AF4000FFFFFFFFFFFFFFFFFFFFFFFFFFFFFFFFFFFFFFFFFFFFFFFFFFFFFFFFFFFFFFFF11
:20AF6000FFFFFFFFFFFFFFFFFFFFFFFFFFFFFFFFFFFFFFFFFFFFFFFFFFFFFFFFFFFFFFFFF1
:20AF8000FFFFFFFFFFFFFFFFFFFFFFFFFFFFFFFFFFFFFFFFFFFFFFFFFFFFFFFFFFFFFFFFD1
:20AFA000FFFFFFFFFFFFFFFFFFFFFFFFFFFFFFFFFFFFFFFFFFFFFFFFFFFFFFFFFFFFFFFFB1
:20AFC000FFFFFFFFFFFFFFFFFFFFFFFFFFFFFFFFFFFFFFFFFFFFFFFFFFFFFFFFFFFFFFFF91
:20AFE000FFFFFFFFFFFFFFFFFFFFFFFFFFFFFFFFFFFFFFFFFFFFFFFFFFFFFFFFFFFFFFFF71
:20B00000FFFFFFFFFFFFFFFFFFFFFFFFFFFFFFFFFFFFFFFFFFFFFFFFFFFFFFFFFFFFFFFF50
:20B02000FFFFFFFFFFFFFFFFFFFFFFFFFFFFFFFFFFFFFFFFFFFFFFFFFFFFFFFFFFFFFFFF30
:20B04000FFFFFFFFFFFFFFFFFFFFFFFFFFFFFFFFFFFFFFFFFFFFFFFFFFFFFFFFFFFFFFFF10
:20B06000FFFFFFFFFFFFFFFFFFFFFFFFFFFFFFFFFFFFFFFFFFFFFFFFFFFFFFFFFFFFFFFFF0
:20B08000FFFFFFFFFFFFFFFFFFFFFFFFFFFFFFFFFFFFFFFFFFFFFFFFFFFFFFFFFFFFFFFFD0
:20B0A000FFFFFFFFFFFFFFFFFFFFFFFFFFFFFFFFFFFFFFFFFFFFFFFFFFFFFFFFFFFFFFFFB0
:20B0C000FFFFFFFFFFFFFFFFFFFFFFFFFFFFFFFFFFFFFFFFFFFFFFFFFFFFFFFFFFFFFFFF90
:20B0E000FFFFFFFFFFFFFFFFFFFFFFFFFFFFFFFFFFFFFFFFFFFFFFFFFFFFFFFFFFFFFFFF70
:20B10000FFFFFFFFFFFFFFFFFFFFFFFFFFFFFFFFFFFFFFFFFFFFFFFFFFFFFFFFFFFFFFFF4F
:20B12000FFFFFFFFFFFFFFFFFFFFFFFFFFFFFFFFFFFFFFFFFFFFFFFFFFFFFFFFFFFFFFFF2F
:20B14000FFFFFFFFFFFFFFFFFFFFFFFFFFFFFFFFFFFFFFFFFFFFFFFFFFFFFFFFFFFFFFFF0F
:20B16000FFFFFFFFFFFFFFFFFFFFFFFFFFFFFFFFFFFFFFFFFFFFFFFFFFFFFFFFFFFFFFFFEF
:20B18000FFFFFFFFFFFFFFFFFFFFFFFFFFFFFFFFFFFFFFFFFFFFFFFFFFFFFFFFFFFFFFFFCF
:20B1A000FFFFFFFFFFFFFFFFFFFFFFFFFFFFFFFFFFFFFFFFFFFFFFFFFFFFFFFFFFFFFFFFAF
:20B1C000FFFFFFFFFFFFFFFFFFFFFFFFFFFFFFFFFFFFFFFFFFFFFFFFFFFFFFFFFFFFFFFF8F
:20B1E000FFFFFFFFFFFFFFFFFFFFFFFFFFFFFFFFFFFFFFFFFFFFFFFFFFFFFFFFFFFFFFFF6F
:20B20000FFFFFFFFFFFFFFFFFFFFFFFFFFFFFFFFFFFFFFFFFFFFFFFFFFFFFFFFFFFFFFFF4E
:20B22000FFFFFFFFFFFFFFFFFFFFFFFFFFFFFFFFFFFFFFFFFFFFFFFFFFFFFFFFFFFFFFFF2E
:20B24000FFFFFFFFFFFFFFFFFFFFFFFFFFFFFFFFFFFFFFFFFFFFFFFFFFFFFFFFFFFFFFFF0E
:20B26000FFFFFFFFFFFFFFFFFFFFFFFFFFFFFFFFFFFFFFFFFFFFFFFFFFFFFFFFFFFFFFFFEE
:20B28000FFFFFFFFFFFFFFFFFFFFFFFFFFFFFFFFFFFFFFFFFFFFFFFFFFFFFFFFFFFFFFFFCE
:20B2A000FFFFFFFFFFFFFFFFFFFFFFFFFFFFFFFFFFFFFFFFFFFFFFFFFFFFFFFFFFFFFFFFAE
:20B2C000FFFFFFFFFFFFFFFFFFFFFFFFFFFFFFFFFFFFFFFFFFFFFFFFFFFFFFFFFFFFFFFF8E
:20B2E000FFFFFFFFFFFFFFFFFFFFFFFFFFFFFFFFFFFFFFFFFFFFFFFFFFFFFFFFFFFFFFFF6E
:20B30000FFFFFFFFFFFFFFFFFFFFFFFFFFFFFFFFFFFFFFFFFFFFFFFFFFFFFFFFFFFFFFFF4D
:20B32000FFFFFFFFFFFFFFFFFFFFFFFFFFFFFFFFFFFFFFFFFFFFFFFFFFFFFFFFFFFFFFFF2D
:20B34000FFFFFFFFFFFFFFFFFFFFFFFFFFFFFFFFFFFFFFFFFFFFFFFFFFFFFFFFFFFFFFFF0D
:20B36000FFFFFFFFFFFFFFFFFFFFFFFFFFFFFFFFFFFFFFFFFFFFFFFFFFFFFFFFFFFFFFFFED
:20B38000FFFFFFFFFFFFFFFFFFFFFFFFFFFFFFFFFFFFFFFFFFFFFFFFFFFFFFFFFFFFFFFFCD
:20B3A000FFFFFFFFFFFFFFFFFFFFFFFFFFFFFFFFFFFFFFFFFFFFFFFFFFFFFFFFFFFFFFFFAD
:20B3C000FFFFFFFFFFFFFFFFFFFFFFFFFFFFFFFFFFFFFFFFFFFFFFFFFFFFFFFFFFFFFFFF8D
:20B3E000FFFFFFFFFFFFFFFFFFFFFFFFFFFFFFFFFFFFFFFFFFFFFFFFFFFFFFFFFFFFFFFF6D
:20B40000FFFFFFFFFFFFFFFFFFFFFFFFFFFFFFFFFFFFFFFFFFFFFFFFFFFFFFFFFFFFFFFF4C
:20B42000FFFFFFFFFFFFFFFFFFFFFFFFFFFFFFFFFFFFFFFFFFFFFFFFFFFFFFFFFFFFFFFF2C
:20B44000FFFFFFFFFFFFFFFFFFFFFFFFFFFFFFFFFFFFFFFFFFFFFFFFFFFFFFFFFFFFFFFF0C
:20B46000FFFFFFFFFFFFFFFFFFFFFFFFFFFFFFFFFFFFFFFFFFFFFFFFFFFFFFFFFFFFFFFFEC
:20B48000FFFFFFFFFFFFFFFFFFFFFFFFFFFFFFFFFFFFFFFFFFFFFFFFFFFFFFFFFFFFFFFFCC
:20B4A000FFFFFFFFFFFFFFFFFFFFFFFFFFFFFFFFFFFFFFFFFFFFFFFFFFFFFFFFFFFFFFFFAC
:20B4C000FFFFFFFFFFFFFFFFFFFFFFFFFFFFFFFFFFFFFFFFFFFFFFFFFFFFFFFFFFFFFFFF8C
:20B4E000FFFFFFFFFFFFFFFFFFFFFFFFFFFFFFFFFFFFFFFFFFFFFFFFFFFFFFFFFFFFFFFF6C
:20B50000FFFFFFFFFFFFFFFFFFFFFFFFFFFFFFFFFFFFFFFFFFFFFFFFFFFFFFFFFFFFFFFF4B
:20B52000FFFFFFFFFFFFFFFFFFFFFFFFFFFFFFFFFFFFFFFFFFFFFFFFFFFFFFFFFFFFFFFF2B
:20B54000FFFFFFFFFFFFFFFFFFFFFFFFFFFFFFFFFFFFFFFFFFFFFFFFFFFFFFFFFFFFFFFF0B
:20B56000FFFFFFFFFFFFFFFFFFFFFFFFFFFFFFFFFFFFFFFFFFFFFFFFFFFFFFFFFFFFFFFFEB
:20B58000FFFFFFFFFFFFFFFFFFFFFFFFFFFFFFFFFFFFFFFFFFFFFFFFFFFFFFFFFFFFFFFFCB
:20B5A000FFFFFFFFFFFFFFFFFFFFFFFFFFFFFFFFFFFFFFFFFFFFFFFFFFFFFFFFFFFFFFFFAB
:20B5C000FFFFFFFFFFFFFFFFFFFFFFFFFFFFFFFFFFFFFFFFFFFFFFFFFFFFFFFFFFFFFFFF8B
:20B5E000FFFFFFFFFFFFFFFFFFFFFFFFFFFFFFFFFFFFFFFFFFFFFFFFFFFFFFFFFFFFFFFF6B
:20B60000FFFFFFFFFFFFFFFFFFFFFFFFFFFFFFFFFFFFFFFFFFFFFFFFFFFFFFFFFFFFFFFF4A
:20B62000FFFFFFFFFFFFFFFFFFFFFFFFFFFFFFFFFFFFFFFFFFFFFFFFFFFFFFFFFFFFFFFF2A
:20B64000FFFFFFFFFFFFFFFFFFFFFFFFFFFFFFFFFFFFFFFFFFFFFFFFFFFFFFFFFFFFFFFF0A
:20B66000FFFFFFFFFFFFFFFFFFFFFFFFFFFFFFFFFFFFFFFFFFFFFFFFFFFFFFFFFFFFFFFFEA
:20B68000FFFFFFFFFFFFFFFFFFFFFFFFFFFFFFFFFFFFFFFFFFFFFFFFFFFFFFFFFFFFFFFFCA
:20B6A000FFFFFFFFFFFFFFFFFFFFFFFFFFFFFFFFFFFFFFFFFFFFFFFFFFFFFFFFFFFFFFFFAA
:20B6C000FFFFFFFFFFFFFFFFFFFFFFFFFFFFFFFFFFFFFFFFFFFFFFFFFFFFFFFFFFFFFFFF8A
:20B6E000FFFFFFFFFFFFFFFFFFFFFFFFFFFFFFFFFFFFFFFFFFFFFFFFFFFFFFFFFFFFFFFF6A
:20B70000FFFFFFFFFFFFFFFFFFFFFFFFFFFFFFFFFFFFFFFFFFFFFFFFFFFFFFFFFFFFFFFF49
:20B72000FFFFFFFFFFFFFFFFFFFFFFFFFFFFFFFFFFFFFFFFFFFFFFFFFFFFFFFFFFFFFFFF29
:20B74000FFFFFFFFFFFFFFFFFFFFFFFFFFFFFFFFFFFFFFFFFFFFFFFFFFFFFFFFFFFFFFFF09
:20B76000FFFFFFFFFFFFFFFFFFFFFFFFFFFFFFFFFFFFFFFFFFFFFFFFFFFFFFFFFFFFFFFFE9
:20B78000FFFFFFFFFFFFFFFFFFFFFFFFFFFFFFFFFFFFFFFFFFFFFFFFFFFFFFFFFFFFFFFFC9
:20B7A000FFFFFFFFFFFFFFFFFFFFFFFFFFFFFFFFFFFFFFFFFFFFFFFFFFFFFFFFFFFFFFFFA9
:20B7C000FFFFFFFFFFFFFFFFFFFFFFFFFFFFFFFFFFFFFFFFFFFFFFFFFFFFFFFFFFFFFFFF89
:20B7E000FFFFFFFFFFFFFFFFFFFFFFFFFFFFFFFFFFFFFFFFFFFFFFFFFFFFFFFFFFFFFFFF69
:20B80000FFFFFFFFFFFFFFFFFFFFFFFFFFFFFFFFFFFFFFFFFFFFFFFFFFFFFFFFFFFFFFFF48
:20B82000FFFFFFFFFFFFFFFFFFFFFFFFFFFFFFFFFFFFFFFFFFFFFFFFFFFFFFFFFFFFFFFF28
:20B84000FFFFFFFFFFFFFFFFFFFFFFFFFFFFFFFFFFFFFFFFFFFFFFFFFFFFFFFFFFFFFFFF08
:20B86000FFFFFFFFFFFFFFFFFFFFFFFFFFFFFFFFFFFFFFFFFFFFFFFFFFFFFFFFFFFFFFFFE8
:20B88000FFFFFFFFFFFFFFFFFFFFFFFFFFFFFFFFFFFFFFFFFFFFFFFFFFFFFFFFFFFFFFFFC8
:20B8A000FFFFFFFFFFFFFFFFFFFFFFFFFFFFFFFFFFFFFFFFFFFFFFFFFFFFFFFFFFFFFFFFA8
:20B8C000FFFFFFFFFFFFFFFFFFFFFFFFFFFFFFFFFFFFFFFFFFFFFFFFFFFFFFFFFFFFFFFF88
:20B8E000FFFFFFFFFFFFFFFFFFFFFFFFFFFFFFFFFFFFFFFFFFFFFFFFFFFFFFFFFFFFFFFF68
:20B90000FFFFFFFFFFFFFFFFFFFFFFFFFFFFFFFFFFFFFFFFFFFFFFFFFFFFFFFFFFFFFFFF47
:20B92000FFFFFFFFFFFFFFFFFFFFFFFFFFFFFFFFFFFFFFFFFFFFFFFFFFFFFFFFFFFFFFFF27
:20B94000FFFFFFFFFFFFFFFFFFFFFFFFFFFFFFFFFFFFFFFFFFFFFFFFFFFFFFFFFFFFFFFF07
:20B96000FFFFFFFFFFFFFFFFFFFFFFFFFFFFFFFFFFFFFFFFFFFFFFFFFFFFFFFFFFFFFFFFE7
:20B98000FFFFFFFFFFFFFFFFFFFFFFFFFFFFFFFFFFFFFFFFFFFFFFFFFFFFFFFFFFFFFFFFC7
:20B9A000FFFFFFFFFFFFFFFFFFFFFFFFFFFFFFFFFFFFFFFFFFFFFFFFFFFFFFFFFFFFFFFFA7
:20B9C000FFFFFFFFFFFFFFFFFFFFFFFFFFFFFFFFFFFFFFFFFFFFFFFFFFFFFFFFFFFFFFFF87
:20B9E000FFFFFFFFFFFFFFFFFFFFFFFFFFFFFFFFFFFFFFFFFFFFFFFFFFFFFFFFFFFFFFFF67
:20BA0000FFFFFFFFFFFFFFFFFFFFFFFFFFFFFFFFFFFFFFFFFFFFFFFFFFFFFFFFFFFFFFFF46
:20BA2000FFFFFFFFFFFFFFFFFFFFFFFFFFFFFFFFFFFFFFFFFFFFFFFFFFFFFFFFFFFFFFFF26
:20BA4000FFFFFFFFFFFFFFFFFFFFFFFFFFFFFFFFFFFFFFFFFFFFFFFFFFFFFFFFFFFFFFFF06
:20BA6000FFFFFFFFFFFFFFFFFFFFFFFFFFFFFFFFFFFFFFFFFFFFFFFFFFFFFFFFFFFFFFFFE6
:20BA8000FFFFFFFFFFFFFFFFFFFFFFFFFFFFFFFFFFFFFFFFFFFFFFFFFFFFFFFFFFFFFFFFC6
:20BAA000FFFFFFFFFFFFFFFFFFFFFFFFFFFFFFFFFFFFFFFFFFFFFFFFFFFFFFFFFFFFFFFFA6
:20BAC000FFFFFFFFFFFFFFFFFFFFFFFFFFFFFFFFFFFFFFFFFFFFFFFFFFFFFFFFFFFFFFFF86
:20BAE000FFFFFFFFFFFFFFFFFFFFFFFFFFFFFFFFFFFFFFFFFFFFFFFFFFFFFFFFFFFFFFFF66
:20BB0000FFFFFFFFFFFFFFFFFFFFFFFFFFFFFFFFFFFFFFFFFFFFFFFFFFFFFFFFFFFFFFFF45
:20BB2000FFFFFFFFFFFFFFFFFFFFFFFFFFFFFFFFFFFFFFFFFFFFFFFFFFFFFFFFFFFFFFFF25
:20BB4000FFFFFFFFFFFFFFFFFFFFFFFFFFFFFFFFFFFFFFFFFFFFFFFFFFFFFFFFFFFFFFFF05
:20BB6000FFFFFFFFFFFFFFFFFFFFFFFFFFFFFFFFFFFFFFFFFFFFFFFFFFFFFFFFFFFFFFFFE5
:20BB8000FFFFFFFFFFFFFFFFFFFFFFFFFFFFFFFFFFFFFFFFFFFFFFFFFFFFFFFFFFFFFFFFC5
:20BBA000FFFFFFFFFFFFFFFFFFFFFFFFFFFFFFFFFFFFFFFFFFFFFFFFFFFFFFFFFFFFFFFFA5
:20BBC000FFFFFFFFFFFFFFFFFFFFFFFFFFFFFFFFFFFFFFFFFFFFFFFFFFFFFFFFFFFFFFFF85
:20BBE000FFFFFFFFFFFFFFFFFFFFFFFFFFFFFFFFFFFFFFFFFFFFFFFFFFFFFFFFFFFFFFFF65
:20BC0000FFFFFFFFFFFFFFFFFFFFFFFFFFFFFFFFFFFFFFFFFFFFFFFFFFFFFFFFFFFFFFFF44
:20BC2000FFFFFFFFFFFFFFFFFFFFFFFFFFFFFFFFFFFFFFFFFFFFFFFFFFFFFFFFFFFFFFFF24
:20BC4000FFFFFFFFFFFFFFFFFFFFFFFFFFFFFFFFFFFFFFFFFFFFFFFFFFFFFFFFFFFFFFFF04
:20BC6000FFFFFFFFFFFFFFFFFFFFFFFFFFFFFFFFFFFFFFFFFFFFFFFFFFFFFFFFFFFFFFFFE4
:20BC8000FFFFFFFFFFFFFFFFFFFFFFFFFFFFFFFFFFFFFFFFFFFFFFFFFFFFFFFFFFFFFFFFC4
:20BCA000FFFFFFFFFFFFFFFFFFFFFFFFFFFFFFFFFFFFFFFFFFFFFFFFFFFFFFFFFFFFFFFFA4
:20BCC000FFFFFFFFFFFFFFFFFFFFFFFFFFFFFFFFFFFFFFFFFFFFFFFFFFFFFFFFFFFFFFFF84
:20BCE000FFFFFFFFFFFFFFFFFFFFFFFFFFFFFFFFFFFFFFFFFFFFFFFFFFFFFFFFFFFFFFFF64
:20BD0000FFFFFFFFFFFFFFFFFFFFFFFFFFFFFFFFFFFFFFFFFFFFFFFFFFFFFFFFFFFFFFFF43
:20BD2000FFFFFFFFFFFFFFFFFFFFFFFFFFFFFFFFFFFFFFFFFFFFFFFFFFFFFFFFFFFFFFFF23
:20BD4000FFFFFFFFFFFFFFFFFFFFFFFFFFFFFFFFFFFFFFFFFFFFFFFFFFFFFFFFFFFFFFFF03
:20BD6000FFFFFFFFFFFFFFFFFFFFFFFFFFFFFFFFFFFFFFFFFFFFFFFFFFFFFFFFFFFFFFFFE3
:20BD8000FFFFFFFFFFFFFFFFFFFFFFFFFFFFFFFFFFFFFFFFFFFFFFFFFFFFFFFFFFFFFFFFC3
:20BDA000FFFFFFFFFFFFFFFFFFFFFFFFFFFFFFFFFFFFFFFFFFFFFFFFFFFFFFFFFFFFFFFFA3
:20BDC000FFFFFFFFFFFFFFFFFFFFFFFFFFFFFFFFFFFFFFFFFFFFFFFFFFFFFFFFFFFFFFFF83
:20BDE000FFFFFFFFFFFFFFFFFFFFFFFFFFFFFFFFFFFFFFFFFFFFFFFFFFFFFFFFFFFFFFFF63
:20BE0000FFFFFFFFFFFFFFFFFFFFFFFFFFFFFFFFFFFFFFFFFFFFFFFFFFFFFFFFFFFFFFFF42
:20BE2000FFFFFFFFFFFFFFFFFFFFFFFFFFFFFFFFFFFFFFFFFFFFFFFFFFFFFFFFFFFFFFFF22
:20BE4000FFFFFFFFFFFFFFFFFFFFFFFFFFFFFFFFFFFFFFFFFFFFFFFFFFFFFFFFFFFFFFFF02
:20BE6000FFFFFFFFFFFFFFFFFFFFFFFFFFFFFFFFFFFFFFFFFFFFFFFFFFFFFFFFFFFFFFFFE2
:20BE8000FFFFFFFFFFFFFFFFFFFFFFFFFFFFFFFFFFFFFFFFFFFFFFFFFFFFFFFFFFFFFFFFC2
:20BEA000FFFFFFFFFFFFFFFFFFFFFFFFFFFFFFFFFFFFFFFFFFFFFFFFFFFFFFFFFFFFFFFFA2
:20BEC000FFFFFFFFFFFFFFFFFFFFFFFFFFFFFFFFFFFFFFFFFFFFFFFFFFFFFFFFFFFFFFFF82
:20BEE000FFFFFFFFFFFFFFFFFFFFFFFFFFFFFFFFFFFFFFFFFFFFFFFFFFFFFFFFFFFFFFFF62
:20BF0000FFFFFFFFFFFFFFFFFFFFFFFFFFFFFFFFFFFFFFFFFFFFFFFFFFFFFFFFFFFFFFFF41
:20BF2000FFFFFFFFFFFFFFFFFFFFFFFFFFFFFFFFFFFFFFFFFFFFFFFFFFFFFFFFFFFFFFFF21
:20BF4000FFFFFFFFFFFFFFFFFFFFFFFFFFFFFFFFFFFFFFFFFFFFFFFFFFFFFFFFFFFFFFFF01
:20BF6000FFFFFFFFFFFFFFFFFFFFFFFFFFFFFFFFFFFFFFFFFFFFFFFFFFFFFFFFFFFFFFFFE1
:20BF8000FFFFFFFFFFFFFFFFFFFFFFFFFFFFFFFFFFFFFFFFFFFFFFFFFFFFFFFFFFFFFFFFC1
:20BFA000FFFFFFFFFFFFFFFFFFFFFFFFFFFFFFFFFFFFFFFFFFFFFFFFFFFFFFFFFFFFFFFFA1
:20BFC000FFFFFFFFFFFFFFFFFFFFFFFFFFFFFFFFFFFFFFFFFFFFFFFFFFFFFFFFFFFFFFFF81
:20BFE000FFFFFFFFFFFFFFFFFFFFFFFFFFFFFFFFFFFFFFFFFFFFFFFFFFFFFFFFFFFFFFFF61
:20C00000FFFFFFFFFFFFFFFFFFFFFFFFFFFFFFFFFFFFFFFFFFFFFFFFFFFFFFFFFFFFFFFF40
:20C02000FFFFFFFFFFFFFFFFFFFFFFFFFFFFFFFFFFFFFFFFFFFFFFFFFFFFFFFFFFFFFFFF20
:20C04000FFFFFFFFFFFFFFFFFFFFFFFFFFFFFFFFFFFFFFFFFFFFFFFFFFFFFFFFFFFFFFFF00
:20C06000FFFFFFFFFFFFFFFFFFFFFFFFFFFFFFFFFFFFFFFFFFFFFFFFFFFFFFFFFFFFFFFFE0
:20C08000FFFFFFFFFFFFFFFFFFFFFFFFFFFFFFFFFFFFFFFFFFFFFFFFFFFFFFFFFFFFFFFFC0
:20C0A000FFFFFFFFFFFFFFFFFFFFFFFFFFFFFFFFFFFFFFFFFFFFFFFFFFFFFFFFFFFFFFFFA0
:20C0C000FFFFFFFFFFFFFFFFFFFFFFFFFFFFFFFFFFFFFFFFFFFFFFFFFFFFFFFFFFFFFFFF80
:20C0E000FFFFFFFFFFFFFFFFFFFFFFFFFFFFFFFFFFFFFFFFFFFFFFFFFFFFFFFFFFFFFFFF60
:20C10000FFFFFFFFFFFFFFFFFFFFFFFFFFFFFFFFFFFFFFFFFFFFFFFFFFFFFFFFFFFFFFFF3F
:20C12000FFFFFFFFFFFFFFFFFFFFFFFFFFFFFFFFFFFFFFFFFFFFFFFFFFFFFFFFFFFFFFFF1F
:20C14000FFFFFFFFFFFFFFFFFFFFFFFFFFFFFFFFFFFFFFFFFFFFFFFFFFFFFFFFFFFFFFFFFF
:20C16000FFFFFFFFFFFFFFFFFFFFFFFFFFFFFFFFFFFFFFFFFFFFFFFFFFFFFFFFFFFFFFFFDF
:20C18000FFFFFFFFFFFFFFFFFFFFFFFFFFFFFFFFFFFFFFFFFFFFFFFFFFFFFFFFFFFFFFFFBF
:20C1A000FFFFFFFFFFFFFFFFFFFFFFFFFFFFFFFFFFFFFFFFFFFFFFFFFFFFFFFFFFFFFFFF9F
:20C1C000FFFFFFFFFFFFFFFFFFFFFFFFFFFFFFFFFFFFFFFFFFFFFFFFFFFFFFFFFFFFFFFF7F
:20C1E000FFFFFFFFFFFFFFFFFFFFFFFFFFFFFFFFFFFFFFFFFFFFFFFFFFFFFFFFFFFFFFFF5F
:20C20000FFFFFFFFFFFFFFFFFFFFFFFFFFFFFFFFFFFFFFFFFFFFFFFFFFFFFFFFFFFFFFFF3E
:20C22000FFFFFFFFFFFFFFFFFFFFFFFFFFFFFFFFFFFFFFFFFFFFFFFFFFFFFFFFFFFFFFFF1E
:20C24000FFFFFFFFFFFFFFFFFFFFFFFFFFFFFFFFFFFFFFFFFFFFFFFFFFFFFFFFFFFFFFFFFE
:20C26000FFFFFFFFFFFFFFFFFFFFFFFFFFFFFFFFFFFFFFFFFFFFFFFFFFFFFFFFFFFFFFFFDE
:20C28000FFFFFFFFFFFFFFFFFFFFFFFFFFFFFFFFFFFFFFFFFFFFFFFFFFFFFFFFFFFFFFFFBE
:20C2A000FFFFFFFFFFFFFFFFFFFFFFFFFFFFFFFFFFFFFFFFFFFFFFFFFFFFFFFFFFFFFFFF9E
:20C2C000FFFFFFFFFFFFFFFFFFFFFFFFFFFFFFFFFFFFFFFFFFFFFFFFFFFFFFFFFFFFFFFF7E
:20C2E000FFFFFFFFFFFFFFFFFFFFFFFFFFFFFFFFFFFFFFFFFFFFFFFFFFFFFFFFFFFFFFFF5E
:20C30000FFFFFFFFFFFFFFFFFFFFFFFFFFFFFFFFFFFFFFFFFFFFFFFFFFFFFFFFFFFFFFFF3D
:20C32000FFFFFFFFFFFFFFFFFFFFFFFFFFFFFFFFFFFFFFFFFFFFFFFFFFFFFFFFFFFFFFFF1D
:20C34000FFFFFFFFFFFFFFFFFFFFFFFFFFFFFFFFFFFFFFFFFFFFFFFFFFFFFFFFFFFFFFFFFD
:20C36000FFFFFFFFFFFFFFFFFFFFFFFFFFFFFFFFFFFFFFFFFFFFFFFFFFFFFFFFFFFFFFFFDD
:20C38000FFFFFFFFFFFFFFFFFFFFFFFFFFFFFFFFFFFFFFFFFFFFFFFFFFFFFFFFFFFFFFFFBD
:20C3A000FFFFFFFFFFFFFFFFFFFFFFFFFFFFFFFFFFFFFFFFFFFFFFFFFFFFFFFFFFFFFFFF9D
:20C3C000FFFFFFFFFFFFFFFFFFFFFFFFFFFFFFFFFFFFFFFFFFFFFFFFFFFFFFFFFFFFFFFF7D
:20C3E000FFFFFFFFFFFFFFFFFFFFFFFFFFFFFFFFFFFFFFFFFFFFFFFFFFFFFFFFFFFFFFFF5D
:20C40000FFFFFFFFFFFFFFFFFFFFFFFFFFFFFFFFFFFFFFFFFFFFFFFFFFFFFFFFFFFFFFFF3C
:20C42000FFFFFFFFFFFFFFFFFFFFFFFFFFFFFFFFFFFFFFFFFFFFFFFFFFFFFFFFFFFFFFFF1C
:20C44000FFFFFFFFFFFFFFFFFFFFFFFFFFFFFFFFFFFFFFFFFFFFFFFFFFFFFFFFFFFFFFFFFC
:20C46000FFFFFFFFFFFFFFFFFFFFFFFFFFFFFFFFFFFFFFFFFFFFFFFFFFFFFFFFFFFFFFFFDC
:20C48000FFFFFFFFFFFFFFFFFFFFFFFFFFFFFFFFFFFFFFFFFFFFFFFFFFFFFFFFFFFFFFFFBC
:20C4A000FFFFFFFFFFFFFFFFFFFFFFFFFFFFFFFFFFFFFFFFFFFFFFFFFFFFFFFFFFFFFFFF9C
:20C4C000FFFFFFFFFFFFFFFFFFFFFFFFFFFFFFFFFFFFFFFFFFFFFFFFFFFFFFFFFFFFFFFF7C
:20C4E000FFFFFFFFFFFFFFFFFFFFFFFFFFFFFFFFFFFFFFFFFFFFFFFFFFFFFFFFFFFFFFFF5C
:20C50000FFFFFFFFFFFFFFFFFFFFFFFFFFFFFFFFFFFFFFFFFFFFFFFFFFFFFFFFFFFFFFFF3B
:20C52000FFFFFFFFFFFFFFFFFFFFFFFFFFFFFFFFFFFFFFFFFFFFFFFFFFFFFFFFFFFFFFFF1B
:20C54000FFFFFFFFFFFFFFFFFFFFFFFFFFFFFFFFFFFFFFFFFFFFFFFFFFFFFFFFFFFFFFFFFB
:20C56000FFFFFFFFFFFFFFFFFFFFFFFFFFFFFFFFFFFFFFFFFFFFFFFFFFFFFFFFFFFFFFFFDB
:20C58000FFFFFFFFFFFFFFFFFFFFFFFFFFFFFFFFFFFFFFFFFFFFFFFFFFFFFFFFFFFFFFFFBB
:20C5A000FFFFFFFFFFFFFFFFFFFFFFFFFFFFFFFFFFFFFFFFFFFFFFFFFFFFFFFFFFFFFFFF9B
:20C5C000FFFFFFFFFFFFFFFFFFFFFFFFFFFFFFFFFFFFFFFFFFFFFFFFFFFFFFFFFFFFFFFF7B
:20C5E000FFFFFFFFFFFFFFFFFFFFFFFFFFFFFFFFFFFFFFFFFFFFFFFFFFFFFFFFFFFFFFFF5B
:20C60000FFFFFFFFFFFFFFFFFFFFFFFFFFFFFFFFFFFFFFFFFFFFFFFFFFFFFFFFFFFFFFFF3A
:20C62000FFFFFFFFFFFFFFFFFFFFFFFFFFFFFFFFFFFFFFFFFFFFFFFFFFFFFFFFFFFFFFFF1A
:20C64000FFFFFFFFFFFFFFFFFFFFFFFFFFFFFFFFFFFFFFFFFFFFFFFFFFFFFFFFFFFFFFFFFA
:20C66000FFFFFFFFFFFFFFFFFFFFFFFFFFFFFFFFFFFFFFFFFFFFFFFFFFFFFFFFFFFFFFFFDA
:20C68000FFFFFFFFFFFFFFFFFFFFFFFFFFFFFFFFFFFFFFFFFFFFFFFFFFFFFFFFFFFFFFFFBA
:20C6A000FFFFFFFFFFFFFFFFFFFFFFFFFFFFFFFFFFFFFFFFFFFFFFFFFFFFFFFFFFFFFFFF9A
:20C6C000FFFFFFFFFFFFFFFFFFFFFFFFFFFFFFFFFFFFFFFFFFFFFFFFFFFFFFFFFFFFFFFF7A
:20C6E000FFFFFFFFFFFFFFFFFFFFFFFFFFFFFFFFFFFFFFFFFFFFFFFFFFFFFFFFFFFFFFFF5A
:20C70000FFFFFFFFFFFFFFFFFFFFFFFFFFFFFFFFFFFFFFFFFFFFFFFFFFFFFFFFFFFFFFFF39
:20C72000FFFFFFFFFFFFFFFFFFFFFFFFFFFFFFFFFFFFFFFFFFFFFFFFFFFFFFFFFFFFFFFF19
:20C74000FFFFFFFFFFFFFFFFFFFFFFFFFFFFFFFFFFFFFFFFFFFFFFFFFFFFFFFFFFFFFFFFF9
:20C76000FFFFFFFFFFFFFFFFFFFFFFFFFFFFFFFFFFFFFFFFFFFFFFFFFFFFFFFFFFFFFFFFD9
:20C78000FFFFFFFFFFFFFFFFFFFFFFFFFFFFFFFFFFFFFFFFFFFFFFFFFFFFFFFFFFFFFFFFB9
:20C7A000FFFFFFFFFFFFFFFFFFFFFFFFFFFFFFFFFFFFFFFFFFFFFFFFFFFFFFFFFFFFFFFF99
:20C7C000FFFFFFFFFFFFFFFFFFFFFFFFFFFFFFFFFFFFFFFFFFFFFFFFFFFFFFFFFFFFFFFF79
:20C7E000FFFFFFFFFFFFFFFFFFFFFFFFFFFFFFFFFFFFFFFFFFFFFFFFFFFFFFFFFFFFFFFF59
:20C80000FFFFFFFFFFFFFFFFFFFFFFFFFFFFFFFFFFFFFFFFFFFFFFFFFFFFFFFFFFFFFFFF38
:20C82000FFFFFFFFFFFFFFFFFFFFFFFFFFFFFFFFFFFFFFFFFFFFFFFFFFFFFFFFFFFFFFFF18
:20C84000FFFFFFFFFFFFFFFFFFFFFFFFFFFFFFFFFFFFFFFFFFFFFFFFFFFFFFFFFFFFFFFFF8
:20C86000FFFFFFFFFFFFFFFFFFFFFFFFFFFFFFFFFFFFFFFFFFFFFFFFFFFFFFFFFFFFFFFFD8
:20C88000FFFFFFFFFFFFFFFFFFFFFFFFFFFFFFFFFFFFFFFFFFFFFFFFFFFFFFFFFFFFFFFFB8
:20C8A000FFFFFFFFFFFFFFFFFFFFFFFFFFFFFFFFFFFFFFFFFFFFFFFFFFFFFFFFFFFFFFFF98
:20C8C000FFFFFFFFFFFFFFFFFFFFFFFFFFFFFFFFFFFFFFFFFFFFFFFFFFFFFFFFFFFFFFFF78
:20C8E000FFFFFFFFFFFFFFFFFFFFFFFFFFFFFFFFFFFFFFFFFFFFFFFFFFFFFFFFFFFFFFFF58
:20C90000FFFFFFFFFFFFFFFFFFFFFFFFFFFFFFFFFFFFFFFFFFFFFFFFFFFFFFFFFFFFFFFF37
:20C92000FFFFFFFFFFFFFFFFFFFFFFFFFFFFFFFFFFFFFFFFFFFFFFFFFFFFFFFFFFFFFFFF17
:20C94000FFFFFFFFFFFFFFFFFFFFFFFFFFFFFFFFFFFFFFFFFFFFFFFFFFFFFFFFFFFFFFFFF7
:20C96000FFFFFFFFFFFFFFFFFFFFFFFFFFFFFFFFFFFFFFFFFFFFFFFFFFFFFFFFFFFFFFFFD7
:20C98000FFFFFFFFFFFFFFFFFFFFFFFFFFFFFFFFFFFFFFFFFFFFFFFFFFFFFFFFFFFFFFFFB7
:20C9A000FFFFFFFFFFFFFFFFFFFFFFFFFFFFFFFFFFFFFFFFFFFFFFFFFFFFFFFFFFFFFFFF97
:20C9C000FFFFFFFFFFFFFFFFFFFFFFFFFFFFFFFFFFFFFFFFFFFFFFFFFFFFFFFFFFFFFFFF77
:20C9E000FFFFFFFFFFFFFFFFFFFFFFFFFFFFFFFFFFFFFFFFFFFFFFFFFFFFFFFFFFFFFFFF57
:20CA0000FFFFFFFFFFFFFFFFFFFFFFFFFFFFFFFFFFFFFFFFFFFFFFFFFFFFFFFFFFFFFFFF36
:20CA2000FFFFFFFFFFFFFFFFFFFFFFFFFFFFFFFFFFFFFFFFFFFFFFFFFFFFFFFFFFFFFFFF16
:20CA4000FFFFFFFFFFFFFFFFFFFFFFFFFFFFFFFFFFFFFFFFFFFFFFFFFFFFFFFFFFFFFFFFF6
:20CA6000FFFFFFFFFFFFFFFFFFFFFFFFFFFFFFFFFFFFFFFFFFFFFFFFFFFFFFFFFFFFFFFFD6
:20CA8000FFFFFFFFFFFFFFFFFFFFFFFFFFFFFFFFFFFFFFFFFFFFFFFFFFFFFFFFFFFFFFFFB6
:20CAA000FFFFFFFFFFFFFFFFFFFFFFFFFFFFFFFFFFFFFFFFFFFFFFFFFFFFFFFFFFFFFFFF96
:20CAC000FFFFFFFFFFFFFFFFFFFFFFFFFFFFFFFFFFFFFFFFFFFFFFFFFFFFFFFFFFFFFFFF76
:20CAE000FFFFFFFFFFFFFFFFFFFFFFFFFFFFFFFFFFFFFFFFFFFFFFFFFFFFFFFFFFFFFFFF56
:20CB0000FFFFFFFFFFFFFFFFFFFFFFFFFFFFFFFFFFFFFFFFFFFFFFFFFFFFFFFFFFFFFFFF35
:20CB2000FFFFFFFFFFFFFFFFFFFFFFFFFFFFFFFFFFFFFFFFFFFFFFFFFFFFFFFFFFFFFFFF15
:20CB4000FFFFFFFFFFFFFFFFFFFFFFFFFFFFFFFFFFFFFFFFFFFFFFFFFFFFFFFFFFFFFFFFF5
:20CB6000FFFFFFFFFFFFFFFFFFFFFFFFFFFFFFFFFFFFFFFFFFFFFFFFFFFFFFFFFFFFFFFFD5
:20CB8000FFFFFFFFFFFFFFFFFFFFFFFFFFFFFFFFFFFFFFFFFFFFFFFFFFFFFFFFFFFFFFFFB5
:20CBA000FFFFFFFFFFFFFFFFFFFFFFFFFFFFFFFFFFFFFFFFFFFFFFFFFFFFFFFFFFFFFFFF95
:20CBC000FFFFFFFFFFFFFFFFFFFFFFFFFFFFFFFFFFFFFFFFFFFFFFFFFFFFFFFFFFFFFFFF75
:20CBE000FFFFFFFFFFFFFFFFFFFFFFFFFFFFFFFFFFFFFFFFFFFFFFFFFFFFFFFFFFFFFFFF55
:20CC0000FFFFFFFFFFFFFFFFFFFFFFFFFFFFFFFFFFFFFFFFFFFFFFFFFFFFFFFFFFFFFFFF34
:20CC2000FFFFFFFFFFFFFFFFFFFFFFFFFFFFFFFFFFFFFFFFFFFFFFFFFFFFFFFFFFFFFFFF14
:20CC4000FFFFFFFFFFFFFFFFFFFFFFFFFFFFFFFFFFFFFFFFFFFFFFFFFFFFFFFFFFFFFFFFF4
:20CC6000FFFFFFFFFFFFFFFFFFFFFFFFFFFFFFFFFFFFFFFFFFFFFFFFFFFFFFFFFFFFFFFFD4
:20CC8000FFFFFFFFFFFFFFFFFFFFFFFFFFFFFFFFFFFFFFFFFFFFFFFFFFFFFFFFFFFFFFFFB4
:20CCA000FFFFFFFFFFFFFFFFFFFFFFFFFFFFFFFFFFFFFFFFFFFFFFFFFFFFFFFFFFFFFFFF94
:20CCC000FFFFFFFFFFFFFFFFFFFFFFFFFFFFFFFFFFFFFFFFFFFFFFFFFFFFFFFFFFFFFFFF74
:20CCE000FFFFFFFFFFFFFFFFFFFFFFFFFFFFFFFFFFFFFFFFFFFFFFFFFFFFFFFFFFFFFFFF54
:20CD0000FFFFFFFFFFFFFFFFFFFFFFFFFFFFFFFFFFFFFFFFFFFFFFFFFFFFFFFFFFFFFFFF33
:20CD2000FFFFFFFFFFFFFFFFFFFFFFFFFFFFFFFFFFFFFFFFFFFFFFFFFFFFFFFFFFFFFFFF13
:20CD4000FFFFFFFFFFFFFFFFFFFFFFFFFFFFFFFFFFFFFFFFFFFFFFFFFFFFFFFFFFFFFFFFF3
:20CD6000FFFFFFFFFFFFFFFFFFFFFFFFFFFFFFFFFFFFFFFFFFFFFFFFFFFFFFFFFFFFFFFFD3
:20CD8000FFFFFFFFFFFFFFFFFFFFFFFFFFFFFFFFFFFFFFFFFFFFFFFFFFFFFFFFFFFFFFFFB3
:20CDA000FFFFFFFFFFFFFFFFFFFFFFFFFFFFFFFFFFFFFFFFFFFFFFFFFFFFFFFFFFFFFFFF93
:20CDC000FFFFFFFFFFFFFFFFFFFFFFFFFFFFFFFFFFFFFFFFFFFFFFFFFFFFFFFFFFFFFFFF73
:20CDE000FFFFFFFFFFFFFFFFFFFFFFFFFFFFFFFFFFFFFFFFFFFFFFFFFFFFFFFFFFFFFFFF53
:20CE0000FFFFFFFFFFFFFFFFFFFFFFFFFFFFFFFFFFFFFFFFFFFFFFFFFFFFFFFFFFFFFFFF32
:20CE2000FFFFFFFFFFFFFFFFFFFFFFFFFFFFFFFFFFFFFFFFFFFFFFFFFFFFFFFFFFFFFFFF12
:20CE4000FFFFFFFFFFFFFFFFFFFFFFFFFFFFFFFFFFFFFFFFFFFFFFFFFFFFFFFFFFFFFFFFF2
:20CE6000FFFFFFFFFFFFFFFFFFFFFFFFFFFFFFFFFFFFFFFFFFFFFFFFFFFFFFFFFFFFFFFFD2
:20CE8000FFFFFFFFFFFFFFFFFFFFFFFFFFFFFFFFFFFFFFFFFFFFFFFFFFFFFFFFFFFFFFFFB2
:20CEA000FFFFFFFFFFFFFFFFFFFFFFFFFFFFFFFFFFFFFFFFFFFFFFFFFFFFFFFFFFFFFFFF92
:20CEC000FFFFFFFFFFFFFFFFFFFFFFFFFFFFFFFFFFFFFFFFFFFFFFFFFFFFFFFFFFFFFFFF72
:20CEE000FFFFFFFFFFFFFFFFFFFFFFFFFFFFFFFFFFFFFFFFFFFFFFFFFFFFFFFFFFFFFFFF52
:20CF0000FFFFFFFFFFFFFFFFFFFFFFFFFFFFFFFFFFFFFFFFFFFFFFFFFFFFFFFFFFFFFFFF31
:20CF2000FFFFFFFFFFFFFFFFFFFFFFFFFFFFFFFFFFFFFFFFFFFFFFFFFFFFFFFFFFFFFFFF11
:20CF4000FFFFFFFFFFFFFFFFFFFFFFFFFFFFFFFFFFFFFFFFFFFFFFFFFFFFFFFFFFFFFFFFF1
:20CF6000FFFFFFFFFFFFFFFFFFFFFFFFFFFFFFFFFFFFFFFFFFFFFFFFFFFFFFFFFFFFFFFFD1
:20CF8000FFFFFFFFFFFFFFFFFFFFFFFFFFFFFFFFFFFFFFFFFFFFFFFFFFFFFFFFFFFFFFFFB1
:20CFA000FFFFFFFFFFFFFFFFFFFFFFFFFFFFFFFFFFFFFFFFFFFFFFFFFFFFFFFFFFFFFFFF91
:20CFC000FFFFFFFFFFFFFFFFFFFFFFFFFFFFFFFFFFFFFFFFFFFFFFFFFFFFFFFFFFFFFFFF71
:20CFE000FFFFFFFFFFFFFFFFFFFFFFFFFFFFFFFFFFFFFFFFFFFFFFFFFFFFFFFFFFFFFFFF51
:20D00000FFFFFFFFFFFFFFFFFFFFFFFFFFFFFFFFFFFFFFFFFFFFFFFFFFFFFFFFFFFFFFFF30
:20D02000FFFFFFFFFFFFFFFFFFFFFFFFFFFFFFFFFFFFFFFFFFFFFFFFFFFFFFFFFFFFFFFF10
:20D04000FFFFFFFFFFFFFFFFFFFFFFFFFFFFFFFFFFFFFFFFFFFFFFFFFFFFFFFFFFFFFFFFF0
:20D06000FFFFFFFFFFFFFFFFFFFFFFFFFFFFFFFFFFFFFFFFFFFFFFFFFFFFFFFFFFFFFFFFD0
:20D08000FFFFFFFFFFFFFFFFFFFFFFFFFFFFFFFFFFFFFFFFFFFFFFFFFFFFFFFFFFFFFFFFB0
:20D0A000FFFFFFFFFFFFFFFFFFFFFFFFFFFFFFFFFFFFFFFFFFFFFFFFFFFFFFFFFFFFFFFF90
:20D0C000FFFFFFFFFFFFFFFFFFFFFFFFFFFFFFFFFFFFFFFFFFFFFFFFFFFFFFFFFFFFFFFF70
:20D0E000FFFFFFFFFFFFFFFFFFFFFFFFFFFFFFFFFFFFFFFFFFFFFFFFFFFFFFFFFFFFFFFF50
:20D10000FFFFFFFFFFFFFFFFFFFFFFFFFFFFFFFFFFFFFFFFFFFFFFFFFFFFFFFFFFFFFFFF2F
:20D12000FFFFFFFFFFFFFFFFFFFFFFFFFFFFFFFFFFFFFFFFFFFFFFFFFFFFFFFFFFFFFFFF0F
:20D14000FFFFFFFFFFFFFFFFFFFFFFFFFFFFFFFFFFFFFFFFFFFFFFFFFFFFFFFFFFFFFFFFEF
:20D16000FFFFFFFFFFFFFFFFFFFFFFFFFFFFFFFFFFFFFFFFFFFFFFFFFFFFFFFFFFFFFFFFCF
:20D18000FFFFFFFFFFFFFFFFFFFFFFFFFFFFFFFFFFFFFFFFFFFFFFFFFFFFFFFFFFFFFFFFAF
:20D1A000FFFFFFFFFFFFFFFFFFFFFFFFFFFFFFFFFFFFFFFFFFFFFFFFFFFFFFFFFFFFFFFF8F
:20D1C000FFFFFFFFFFFFFFFFFFFFFFFFFFFFFFFFFFFFFFFFFFFFFFFFFFFFFFFFFFFFFFFF6F
:20D1E000FFFFFFFFFFFFFFFFFFFFFFFFFFFFFFFFFFFFFFFFFFFFFFFFFFFFFFFFFFFFFFFF4F
:20D20000FFFFFFFFFFFFFFFFFFFFFFFFFFFFFFFFFFFFFFFFFFFFFFFFFFFFFFFFFFFFFFFF2E
:20D22000FFFFFFFFFFFFFFFFFFFFFFFFFFFFFFFFFFFFFFFFFFFFFFFFFFFFFFFFFFFFFFFF0E
:20D24000FFFFFFFFFFFFFFFFFFFFFFFFFFFFFFFFFFFFFFFFFFFFFFFFFFFFFFFFFFFFFFFFEE
:20D26000FFFFFFFFFFFFFFFFFFFFFFFFFFFFFFFFFFFFFFFFFFFFFFFFFFFFFFFFFFFFFFFFCE
:20D28000FFFFFFFFFFFFFFFFFFFFFFFFFFFFFFFFFFFFFFFFFFFFFFFFFFFFFFFFFFFFFFFFAE
:20D2A000FFFFFFFFFFFFFFFFFFFFFFFFFFFFFFFFFFFFFFFFFFFFFFFFFFFFFFFFFFFFFFFF8E
:20D2C000FFFFFFFFFFFFFFFFFFFFFFFFFFFFFFFFFFFFFFFFFFFFFFFFFFFFFFFFFFFFFFFF6E
:20D2E000FFFFFFFFFFFFFFFFFFFFFFFFFFFFFFFFFFFFFFFFFFFFFFFFFFFFFFFFFFFFFFFF4E
:20D30000FFFFFFFFFFFFFFFFFFFFFFFFFFFFFFFFFFFFFFFFFFFFFFFFFFFFFFFFFFFFFFFF2D
:20D32000FFFFFFFFFFFFFFFFFFFFFFFFFFFFFFFFFFFFFFFFFFFFFFFFFFFFFFFFFFFFFFFF0D
:20D34000FFFFFFFFFFFFFFFFFFFFFFFFFFFFFFFFFFFFFFFFFFFFFFFFFFFFFFFFFFFFFFFFED
:20D36000FFFFFFFFFFFFFFFFFFFFFFFFFFFFFFFFFFFFFFFFFFFFFFFFFFFFFFFFFFFFFFFFCD
:20D38000FFFFFFFFFFFFFFFFFFFFFFFFFFFFFFFFFFFFFFFFFFFFFFFFFFFFFFFFFFFFFFFFAD
:20D3A000FFFFFFFFFFFFFFFFFFFFFFFFFFFFFFFFFFFFFFFFFFFFFFFFFFFFFFFFFFFFFFFF8D
:20D3C000FFFFFFFFFFFFFFFFFFFFFFFFFFFFFFFFFFFFFFFFFFFFFFFFFFFFFFFFFFFFFFFF6D
:20D3E000FFFFFFFFFFFFFFFFFFFFFFFFFFFFFFFFFFFFFFFFFFFFFFFFFFFFFFFFFFFFFFFF4D
:20D40000FFFFFFFFFFFFFFFFFFFFFFFFFFFFFFFFFFFFFFFFFFFFFFFFFFFFFFFFFFFFFFFF2C
:20D42000FFFFFFFFFFFFFFFFFFFFFFFFFFFFFFFFFFFFFFFFFFFFFFFFFFFFFFFFFFFFFFFF0C
:20D44000FFFFFFFFFFFFFFFFFFFFFFFFFFFFFFFFFFFFFFFFFFFFFFFFFFFFFFFFFFFFFFFFEC
:20D46000FFFFFFFFFFFFFFFFFFFFFFFFFFFFFFFFFFFFFFFFFFFFFFFFFFFFFFFFFFFFFFFFCC
:20D48000FFFFFFFFFFFFFFFFFFFFFFFFFFFFFFFFFFFFFFFFFFFFFFFFFFFFFFFFFFFFFFFFAC
:20D4A000FFFFFFFFFFFFFFFFFFFFFFFFFFFFFFFFFFFFFFFFFFFFFFFFFFFFFFFFFFFFFFFF8C
:20D4C000FFFFFFFFFFFFFFFFFFFFFFFFFFFFFFFFFFFFFFFFFFFFFFFFFFFFFFFFFFFFFFFF6C
:20D4E000FFFFFFFFFFFFFFFFFFFFFFFFFFFFFFFFFFFFFFFFFFFFFFFFFFFFFFFFFFFFFFFF4C
:20D50000FFFFFFFFFFFFFFFFFFFFFFFFFFFFFFFFFFFFFFFFFFFFFFFFFFFFFFFFFFFFFFFF2B
:20D52000FFFFFFFFFFFFFFFFFFFFFFFFFFFFFFFFFFFFFFFFFFFFFFFFFFFFFFFFFFFFFFFF0B
:20D54000FFFFFFFFFFFFFFFFFFFFFFFFFFFFFFFFFFFFFFFFFFFFFFFFFFFFFFFFFFFFFFFFEB
:20D56000FFFFFFFFFFFFFFFFFFFFFFFFFFFFFFFFFFFFFFFFFFFFFFFFFFFFFFFFFFFFFFFFCB
:20D58000FFFFFFFFFFFFFFFFFFFFFFFFFFFFFFFFFFFFFFFFFFFFFFFFFFFFFFFFFFFFFFFFAB
:20D5A000FFFFFFFFFFFFFFFFFFFFFFFFFFFFFFFFFFFFFFFFFFFFFFFFFFFFFFFFFFFFFFFF8B
:20D5C000FFFFFFFFFFFFFFFFFFFFFFFFFFFFFFFFFFFFFFFFFFFFFFFFFFFFFFFFFFFFFFFF6B
:20D5E000FFFFFFFFFFFFFFFFFFFFFFFFFFFFFFFFFFFFFFFFFFFFFFFFFFFFFFFFFFFFFFFF4B
:20D60000FFFFFFFFFFFFFFFFFFFFFFFFFFFFFFFFFFFFFFFFFFFFFFFFFFFFFFFFFFFFFFFF2A
:20D62000FFFFFFFFFFFFFFFFFFFFFFFFFFFFFFFFFFFFFFFFFFFFFFFFFFFFFFFFFFFFFFFF0A
:20D64000FFFFFFFFFFFFFFFFFFFFFFFFFFFFFFFFFFFFFFFFFFFFFFFFFFFFFFFFFFFFFFFFEA
:20D66000FFFFFFFFFFFFFFFFFFFFFFFFFFFFFFFFFFFFFFFFFFFFFFFFFFFFFFFFFFFFFFFFCA
:20D68000FFFFFFFFFFFFFFFFFFFFFFFFFFFFFFFFFFFFFFFFFFFFFFFFFFFFFFFFFFFFFFFFAA
:20D6A000FFFFFFFFFFFFFFFFFFFFFFFFFFFFFFFFFFFFFFFFFFFFFFFFFFFFFFFFFFFFFFFF8A
:20D6C000FFFFFFFFFFFFFFFFFFFFFFFFFFFFFFFFFFFFFFFFFFFFFFFFFFFFFFFFFFFFFFFF6A
:20D6E000FFFFFFFFFFFFFFFFFFFFFFFFFFFFFFFFFFFFFFFFFFFFFFFFFFFFFFFFFFFFFFFF4A
:20D70000FFFFFFFFFFFFFFFFFFFFFFFFFFFFFFFFFFFFFFFFFFFFFFFFFFFFFFFFFFFFFFFF29
:20D72000FFFFFFFFFFFFFFFFFFFFFFFFFFFFFFFFFFFFFFFFFFFFFFFFFFFFFFFFFFFFFFFF09
:20D74000FFFFFFFFFFFFFFFFFFFFFFFFFFFFFFFFFFFFFFFFFFFFFFFFFFFFFFFFFFFFFFFFE9
:20D76000FFFFFFFFFFFFFFFFFFFFFFFFFFFFFFFFFFFFFFFFFFFFFFFFFFFFFFFFFFFFFFFFC9
:20D78000FFFFFFFFFFFFFFFFFFFFFFFFFFFFFFFFFFFFFFFFFFFFFFFFFFFFFFFFFFFFFFFFA9
:20D7A000FFFFFFFFFFFFFFFFFFFFFFFFFFFFFFFFFFFFFFFFFFFFFFFFFFFFFFFFFFFFFFFF89
:20D7C000FFFFFFFFFFFFFFFFFFFFFFFFFFFFFFFFFFFFFFFFFFFFFFFFFFFFFFFFFFFFFFFF69
:20D7E000FFFFFFFFFFFFFFFFFFFFFFFFFFFFFFFFFFFFFFFFFFFFFFFFFFFFFFFFFFFFFFFF49
:20D80000FFFFFFFFFFFFFFFFFFFFFFFFFFFFFFFFFFFFFFFFFFFFFFFFFFFFFFFFFFFFFFFF28
:20D82000FFFFFFFFFFFFFFFFFFFFFFFFFFFFFFFFFFFFFFFFFFFFFFFFFFFFFFFFFFFFFFFF08
:20D84000FFFFFFFFFFFFFFFFFFFFFFFFFFFFFFFFFFFFFFFFFFFFFFFFFFFFFFFFFFFFFFFFE8
:20D86000FFFFFFFFFFFFFFFFFFFFFFFFFFFFFFFFFFFFFFFFFFFFFFFFFFFFFFFFFFFFFFFFC8
:20D88000FFFFFFFFFFFFFFFFFFFFFFFFFFFFFFFFFFFFFFFFFFFFFFFFFFFFFFFFFFFFFFFFA8
:20D8A000FFFFFFFFFFFFFFFFFFFFFFFFFFFFFFFFFFFFFFFFFFFFFFFFFFFFFFFFFFFFFFFF88
:20D8C000FFFFFFFFFFFFFFFFFFFFFFFFFFFFFFFFFFFFFFFFFFFFFFFFFFFFFFFFFFFFFFFF68
:20D8E000FFFFFFFFFFFFFFFFFFFFFFFFFFFFFFFFFFFFFFFFFFFFFFFFFFFFFFFFFFFFFFFF48
:20D90000FFFFFFFFFFFFFFFFFFFFFFFFFFFFFFFFFFFFFFFFFFFFFFFFFFFFFFFFFFFFFFFF27
:20D92000FFFFFFFFFFFFFFFFFFFFFFFFFFFFFFFFFFFFFFFFFFFFFFFFFFFFFFFFFFFFFFFF07
:20D94000FFFFFFFFFFFFFFFFFFFFFFFFFFFFFFFFFFFFFFFFFFFFFFFFFFFFFFFFFFFFFFFFE7
:20D96000FFFFFFFFFFFFFFFFFFFFFFFFFFFFFFFFFFFFFFFFFFFFFFFFFFFFFFFFFFFFFFFFC7
:20D98000FFFFFFFFFFFFFFFFFFFFFFFFFFFFFFFFFFFFFFFFFFFFFFFFFFFFFFFFFFFFFFFFA7
:20D9A000FFFFFFFFFFFFFFFFFFFFFFFFFFFFFFFFFFFFFFFFFFFFFFFFFFFFFFFFFFFFFFFF87
:20D9C000FFFFFFFFFFFFFFFFFFFFFFFFFFFFFFFFFFFFFFFFFFFFFFFFFFFFFFFFFFFFFFFF67
:20D9E000FFFFFFFFFFFFFFFFFFFFFFFFFFFFFFFFFFFFFFFFFFFFFFFFFFFFFFFFFFFFFFFF47
:20DA0000FFFFFFFFFFFFFFFFFFFFFFFFFFFFFFFFFFFFFFFFFFFFFFFFFFFFFFFFFFFFFFFF26
:20DA2000FFFFFFFFFFFFFFFFFFFFFFFFFFFFFFFFFFFFFFFFFFFFFFFFFFFFFFFFFFFFFFFF06
:20DA4000FFFFFFFFFFFFFFFFFFFFFFFFFFFFFFFFFFFFFFFFFFFFFFFFFFFFFFFFFFFFFFFFE6
:20DA6000FFFFFFFFFFFFFFFFFFFFFFFFFFFFFFFFFFFFFFFFFFFFFFFFFFFFFFFFFFFFFFFFC6
:20DA8000FFFFFFFFFFFFFFFFFFFFFFFFFFFFFFFFFFFFFFFFFFFFFFFFFFFFFFFFFFFFFFFFA6
:20DAA000FFFFFFFFFFFFFFFFFFFFFFFFFFFFFFFFFFFFFFFFFFFFFFFFFFFFFFFFFFFFFFFF86
:20DAC000FFFFFFFFFFFFFFFFFFFFFFFFFFFFFFFFFFFFFFFFFFFFFFFFFFFFFFFFFFFFFFFF66
:20DAE000FFFFFFFFFFFFFFFFFFFFFFFFFFFFFFFFFFFFFFFFFFFFFFFFFFFFFFFFFFFFFFFF46
:20DB0000FFFFFFFFFFFFFFFFFFFFFFFFFFFFFFFFFFFFFFFFFFFFFFFFFFFFFFFFFFFFFFFF25
:20DB2000FFFFFFFFFFFFFFFFFFFFFFFFFFFFFFFFFFFFFFFFFFFFFFFFFFFFFFFFFFFFFFFF05
:20DB4000FFFFFFFFFFFFFFFFFFFFFFFFFFFFFFFFFFFFFFFFFFFFFFFFFFFFFFFFFFFFFFFFE5
:20DB6000FFFFFFFFFFFFFFFFFFFFFFFFFFFFFFFFFFFFFFFFFFFFFFFFFFFFFFFFFFFFFFFFC5
:20DB8000FFFFFFFFFFFFFFFFFFFFFFFFFFFFFFFFFFFFFFFFFFFFFFFFFFFFFFFFFFFFFFFFA5
:20DBA000FFFFFFFFFFFFFFFFFFFFFFFFFFFFFFFFFFFFFFFFFFFFFFFFFFFFFFFFFFFFFFFF85
:20DBC000FFFFFFFFFFFFFFFFFFFFFFFFFFFFFFFFFFFFFFFFFFFFFFFFFFFFFFFFFFFFFFFF65
:20DBE000FFFFFFFFFFFFFFFFFFFFFFFFFFFFFFFFFFFFFFFFFFFFFFFFFFFFFFFFFFFFFFFF45
:20DC0000FFFFFFFFFFFFFFFFFFFFFFFFFFFFFFFFFFFFFFFFFFFFFFFFFFFFFFFFFFFFFFFF24
:20DC2000FFFFFFFFFFFFFFFFFFFFFFFFFFFFFFFFFFFFFFFFFFFFFFFFFFFFFFFFFFFFFFFF04
:20DC4000FFFFFFFFFFFFFFFFFFFFFFFFFFFFFFFFFFFFFFFFFFFFFFFFFFFFFFFFFFFFFFFFE4
:20DC6000FFFFFFFFFFFFFFFFFFFFFFFFFFFFFFFFFFFFFFFFFFFFFFFFFFFFFFFFFFFFFFFFC4
:20DC8000FFFFFFFFFFFFFFFFFFFFFFFFFFFFFFFFFFFFFFFFFFFFFFFFFFFFFFFFFFFFFFFFA4
:20DCA000FFFFFFFFFFFFFFFFFFFFFFFFFFFFFFFFFFFFFFFFFFFFFFFFFFFFFFFFFFFFFFFF84
:20DCC000FFFFFFFFFFFFFFFFFFFFFFFFFFFFFFFFFFFFFFFFFFFFFFFFFFFFFFFFFFFFFFFF64
:20DCE000FFFFFFFFFFFFFFFFFFFFFFFFFFFFFFFFFFFFFFFFFFFFFFFFFFFFFFFFFFFFFFFF44
:20DD0000FFFFFFFFFFFFFFFFFFFFFFFFFFFFFFFFFFFFFFFFFFFFFFFFFFFFFFFFFFFFFFFF23
:20DD2000FFFFFFFFFFFFFFFFFFFFFFFFFFFFFFFFFFFFFFFFFFFFFFFFFFFFFFFFFFFFFFFF03
:20DD4000FFFFFFFFFFFFFFFFFFFFFFFFFFFFFFFFFFFFFFFFFFFFFFFFFFFFFFFFFFFFFFFFE3
:20DD6000FFFFFFFFFFFFFFFFFFFFFFFFFFFFFFFFFFFFFFFFFFFFFFFFFFFFFFFFFFFFFFFFC3
:20DD8000FFFFFFFFFFFFFFFFFFFFFFFFFFFFFFFFFFFFFFFFFFFFFFFFFFFFFFFFFFFFFFFFA3
:20DDA000FFFFFFFFFFFFFFFFFFFFFFFFFFFFFFFFFFFFFFFFFFFFFFFFFFFFFFFFFFFFFFFF83
:20DDC000FFFFFFFFFFFFFFFFFFFFFFFFFFFFFFFFFFFFFFFFFFFFFFFFFFFFFFFFFFFFFFFF63
:20DDE000FFFFFFFFFFFFFFFFFFFFFFFFFFFFFFFFFFFFFFFFFFFFFFFFFFFFFFFFFFFFFFFF43
:20DE0000FFFFFFFFFFFFFFFFFFFFFFFFFFFFFFFFFFFFFFFFFFFFFFFFFFFFFFFFFFFFFFFF22
:20DE2000FFFFFFFFFFFFFFFFFFFFFFFFFFFFFFFFFFFFFFFFFFFFFFFFFFFFFFFFFFFFFFFF02
:20DE4000FFFFFFFFFFFFFFFFFFFFFFFFFFFFFFFFFFFFFFFFFFFFFFFFFFFFFFFFFFFFFFFFE2
:20DE6000FFFFFFFFFFFFFFFFFFFFFFFFFFFFFFFFFFFFFFFFFFFFFFFFFFFFFFFFFFFFFFFFC2
:20DE8000FFFFFFFFFFFFFFFFFFFFFFFFFFFFFFFFFFFFFFFFFFFFFFFFFFFFFFFFFFFFFFFFA2
:20DEA000FFFFFFFFFFFFFFFFFFFFFFFFFFFFFFFFFFFFFFFFFFFFFFFFFFFFFFFFFFFFFFFF82
:20DEC000FFFFFFFFFFFFFFFFFFFFFFFFFFFFFFFFFFFFFFFFFFFFFFFFFFFFFFFFFFFFFFFF62
:20DEE000FFFFFFFFFFFFFFFFFFFFFFFFFFFFFFFFFFFFFFFFFFFFFFFFFFFFFFFFFFFFFFFF42
:20DF0000FFFFFFFFFFFFFFFFFFFFFFFFFFFFFFFFFFFFFFFFFFFFFFFFFFFFFFFFFFFFFFFF21
:20DF2000FFFFFFFFFFFFFFFFFFFFFFFFFFFFFFFFFFFFFFFFFFFFFFFFFFFFFFFFFFFFFFFF01
:20DF4000FFFFFFFFFFFFFFFFFFFFFFFFFFFFFFFFFFFFFFFFFFFFFFFFFFFFFFFFFFFFFFFFE1
:20DF6000FFFFFFFFFFFFFFFFFFFFFFFFFFFFFFFFFFFFFFFFFFFFFFFFFFFFFFFFFFFFFFFFC1
:20DF8000FFFFFFFFFFFFFFFFFFFFFFFFFFFFFFFFFFFFFFFFFFFFFFFFFFFFFFFFFFFFFFFFA1
:20DFA000FFFFFFFFFFFFFFFFFFFFFFFFFFFFFFFFFFFFFFFFFFFFFFFFFFFFFFFFFFFFFFFF81
:20DFC000FFFFFFFFFFFFFFFFFFFFFFFFFFFFFFFFFFFFFFFFFFFFFFFFFFFFFFFFFFFFFFFF61
:20DFE000FFFFFFFFFFFFFFFFFFFFFFFFFFFFFFFFFFFFFFFFFFFFFFFFFFFFFFFFFFFFFFFF41
:20E00000FFFFFFFFFFFFFFFFFFFFFFFFFFFFFFFFFFFFFFFFFFFFFFFFFFFFFFFFFFFFFFFF20
:20E02000FFFFFFFFFFFFFFFFFFFFFFFFFFFFFFFFFFFFFFFFFFFFFFFFFFFFFFFFFFFFFFFF00
:20E04000FFFFFFFFFFFFFFFFFFFFFFFFFFFFFFFFFFFFFFFFFFFFFFFFFFFFFFFFFFFFFFFFE0
:20E06000FFFFFFFFFFFFFFFFFFFFFFFFFFFFFFFFFFFFFFFFFFFFFFFFFFFFFFFFFFFFFFFFC0
:20E08000FFFFFFFFFFFFFFFFFFFFFFFFFFFFFFFFFFFFFFFFFFFFFFFFFFFFFFFFFFFFFFFFA0
:20E0A000FFFFFFFFFFFFFFFFFFFFFFFFFFFFFFFFFFFFFFFFFFFFFFFFFFFFFFFFFFFFFFFF80
:20E0C000FFFFFFFFFFFFFFFFFFFFFFFFFFFFFFFFFFFFFFFFFFFFFFFFFFFFFFFFFFFFFFFF60
:20E0E000FFFFFFFFFFFFFFFFFFFFFFFFFFFFFFFFFFFFFFFFFFFFFFFFFFFFFFFFFFFFFFFF40
:20E10000FFFFFFFFFFFFFFFFFFFFFFFFFFFFFFFFFFFFFFFFFFFFFFFFFFFFFFFFFFFFFFFF1F
:20E12000FFFFFFFFFFFFFFFFFFFFFFFFFFFFFFFFFFFFFFFFFFFFFFFFFFFFFFFFFFFFFFFFFF
:20E14000FFFFFFFFFFFFFFFFFFFFFFFFFFFFFFFFFFFFFFFFFFFFFFFFFFFFFFFFFFFFFFFFDF
:20E16000FFFFFFFFFFFFFFFFFFFFFFFFFFFFFFFFFFFFFFFFFFFFFFFFFFFFFFFFFFFFFFFFBF
:20E18000FFFFFFFFFFFFFFFFFFFFFFFFFFFFFFFFFFFFFFFFFFFFFFFFFFFFFFFFFFFFFFFF9F
:20E1A000FFFFFFFFFFFFFFFFFFFFFFFFFFFFFFFFFFFFFFFFFFFFFFFFFFFFFFFFFFFFFFFF7F
:20E1C000FFFFFFFFFFFFFFFFFFFFFFFFFFFFFFFFFFFFFFFFFFFFFFFFFFFFFFFFFFFFFFFF5F
:20E1E000FFFFFFFFFFFFFFFFFFFFFFFFFFFFFFFFFFFFFFFFFFFFFFFFFFFFFFFFFFFFFFFF3F
:20E20000FFFFFFFFFFFFFFFFFFFFFFFFFFFFFFFFFFFFFFFFFFFFFFFFFFFFFFFFFFFFFFFF1E
:20E22000FFFFFFFFFFFFFFFFFFFFFFFFFFFFFFFFFFFFFFFFFFFFFFFFFFFFFFFFFFFFFFFFFE
:20E24000FFFFFFFFFFFFFFFFFFFFFFFFFFFFFFFFFFFFFFFFFFFFFFFFFFFFFFFFFFFFFFFFDE
:20E26000FFFFFFFFFFFFFFFFFFFFFFFFFFFFFFFFFFFFFFFFFFFFFFFFFFFFFFFFFFFFFFFFBE
:20E28000FFFFFFFFFFFFFFFFFFFFFFFFFFFFFFFFFFFFFFFFFFFFFFFFFFFFFFFFFFFFFFFF9E
:20E2A000FFFFFFFFFFFFFFFFFFFFFFFFFFFFFFFFFFFFFFFFFFFFFFFFFFFFFFFFFFFFFFFF7E
:20E2C000FFFFFFFFFFFFFFFFFFFFFFFFFFFFFFFFFFFFFFFFFFFFFFFFFFFFFFFFFFFFFFFF5E
:20E2E000FFFFFFFFFFFFFFFFFFFFFFFFFFFFFFFFFFFFFFFFFFFFFFFFFFFFFFFFFFFFFFFF3E
:20E30000FFFFFFFFFFFFFFFFFFFFFFFFFFFFFFFFFFFFFFFFFFFFFFFFFFFFFFFFFFFFFFFF1D
:20E32000FFFFFFFFFFFFFFFFFFFFFFFFFFFFFFFFFFFFFFFFFFFFFFFFFFFFFFFFFFFFFFFFFD
:20E34000FFFFFFFFFFFFFFFFFFFFFFFFFFFFFFFFFFFFFFFFFFFFFFFFFFFFFFFFFFFFFFFFDD
:20E36000FFFFFFFFFFFFFFFFFFFFFFFFFFFFFFFFFFFFFFFFFFFFFFFFFFFFFFFFFFFFFFFFBD
:20E38000FFFFFFFFFFFFFFFFFFFFFFFFFFFFFFFFFFFFFFFFFFFFFFFFFFFFFFFFFFFFFFFF9D
:20E3A000FFFFFFFFFFFFFFFFFFFFFFFFFFFFFFFFFFFFFFFFFFFFFFFFFFFFFFFFFFFFFFFF7D
:20E3C000FFFFFFFFFFFFFFFFFFFFFFFFFFFFFFFFFFFFFFFFFFFFFFFFFFFFFFFFFFFFFFFF5D
:20E3E000FFFFFFFFFFFFFFFFFFFFFFFFFFFFFFFFFFFFFFFFFFFFFFFFFFFFFFFFFFFFFFFF3D
:20E40000FFFFFFFFFFFFFFFFFFFFFFFFFFFFFFFFFFFFFFFFFFFFFFFFFFFFFFFFFFFFFFFF1C
:20E42000FFFFFFFFFFFFFFFFFFFFFFFFFFFFFFFFFFFFFFFFFFFFFFFFFFFFFFFFFFFFFFFFFC
:20E44000FFFFFFFFFFFFFFFFFFFFFFFFFFFFFFFFFFFFFFFFFFFFFFFFFFFFFFFFFFFFFFFFDC
:20E46000FFFFFFFFFFFFFFFFFFFFFFFFFFFFFFFFFFFFFFFFFFFFFFFFFFFFFFFFFFFFFFFFBC
:20E48000FFFFFFFFFFFFFFFFFFFFFFFFFFFFFFFFFFFFFFFFFFFFFFFFFFFFFFFFFFFFFFFF9C
:20E4A000FFFFFFFFFFFFFFFFFFFFFFFFFFFFFFFFFFFFFFFFFFFFFFFFFFFFFFFFFFFFFFFF7C
:20E4C000FFFFFFFFFFFFFFFFFFFFFFFFFFFFFFFFFFFFFFFFFFFFFFFFFFFFFFFFFFFFFFFF5C
:20E4E000FFFFFFFFFFFFFFFFFFFFFFFFFFFFFFFFFFFFFFFFFFFFFFFFFFFFFFFFFFFFFFFF3C
:20E50000FFFFFFFFFFFFFFFFFFFFFFFFFFFFFFFFFFFFFFFFFFFFFFFFFFFFFFFFFFFFFFFF1B
:20E52000FFFFFFFFFFFFFFFFFFFFFFFFFFFFFFFFFFFFFFFFFFFFFFFFFFFFFFFFFFFFFFFFFB
:20E54000FFFFFFFFFFFFFFFFFFFFFFFFFFFFFFFFFFFFFFFFFFFFFFFFFFFFFFFFFFFFFFFFDB
:20E56000FFFFFFFFFFFFFFFFFFFFFFFFFFFFFFFFFFFFFFFFFFFFFFFFFFFFFFFFFFFFFFFFBB
:20E58000FFFFFFFFFFFFFFFFFFFFFFFFFFFFFFFFFFFFFFFFFFFFFFFFFFFFFFFFFFFFFFFF9B
:20E5A000FFFFFFFFFFFFFFFFFFFFFFFFFFFFFFFFFFFFFFFFFFFFFFFFFFFFFFFFFFFFFFFF7B
:20E5C000FFFFFFFFFFFFFFFFFFFFFFFFFFFFFFFFFFFFFFFFFFFFFFFFFFFFFFFFFFFFFFFF5B
:20E5E000FFFFFFFFFFFFFFFFFFFFFFFFFFFFFFFFFFFFFFFFFFFFFFFFFFFFFFFFFFFFFFFF3B
:20E60000FFFFFFFFFFFFFFFFFFFFFFFFFFFFFFFFFFFFFFFFFFFFFFFFFFFFFFFFFFFFFFFF1A
:20E62000FFFFFFFFFFFFFFFFFFFFFFFFFFFFFFFFFFFFFFFFFFFFFFFFFFFFFFFFFFFFFFFFFA
:20E64000FFFFFFFFFFFFFFFFFFFFFFFFFFFFFFFFFFFFFFFFFFFFFFFFFFFFFFFFFFFFFFFFDA
:20E66000FFFFFFFFFFFFFFFFFFFFFFFFFFFFFFFFFFFFFFFFFFFFFFFFFFFFFFFFFFFFFFFFBA
:20E68000FFFFFFFFFFFFFFFFFFFFFFFFFFFFFFFFFFFFFFFFFFFFFFFFFFFFFFFFFFFFFFFF9A
:20E6A000FFFFFFFFFFFFFFFFFFFFFFFFFFFFFFFFFFFFFFFFFFFFFFFFFFFFFFFFFFFFFFFF7A
:20E6C000FFFFFFFFFFFFFFFFFFFFFFFFFFFFFFFFFFFFFFFFFFFFFFFFFFFFFFFFFFFFFFFF5A
:20E6E000FFFFFFFFFFFFFFFFFFFFFFFFFFFFFFFFFFFFFFFFFFFFFFFFFFFFFFFFFFFFFFFF3A
:20E70000FFFFFFFFFFFFFFFFFFFFFFFFFFFFFFFFFFFFFFFFFFFFFFFFFFFFFFFFFFFFFFFF19
:20E72000FFFFFFFFFFFFFFFFFFFFFFFFFFFFFFFFFFFFFFFFFFFFFFFFFFFFFFFFFFFFFFFFF9
:20E74000FFFFFFFFFFFFFFFFFFFFFFFFFFFFFFFFFFFFFFFFFFFFFFFFFFFFFFFFFFFFFFFFD9
:20E76000FFFFFFFFFFFFFFFFFFFFFFFFFFFFFFFFFFFFFFFFFFFFFFFFFFFFFFFFFFFFFFFFB9
:20E78000FFFFFFFFFFFFFFFFFFFFFFFFFFFFFFFFFFFFFFFFFFFFFFFFFFFFFFFFFFFFFFFF99
:20E7A000FFFFFFFFFFFFFFFFFFFFFFFFFFFFFFFFFFFFFFFFFFFFFFFFFFFFFFFFFFFFFFFF79
:20E7C000FFFFFFFFFFFFFFFFFFFFFFFFFFFFFFFFFFFFFFFFFFFFFFFFFFFFFFFFFFFFFFFF59
:20E7E000FFFFFFFFFFFFFFFFFFFFFFFFFFFFFFFFFFFFFFFFFFFFFFFFFFFFFFFFFFFFFFFF39
:20E80000FFFFFFFFFFFFFFFFFFFFFFFFFFFFFFFFFFFFFFFFFFFFFFFFFFFFFFFFFFFFFFFF18
:20E82000FFFFFFFFFFFFFFFFFFFFFFFFFFFFFFFFFFFFFFFFFFFFFFFFFFFFFFFFFFFFFFFFF8
:20E84000FFFFFFFFFFFFFFFFFFFFFFFFFFFFFFFFFFFFFFFFFFFFFFFFFFFFFFFFFFFFFFFFD8
:20E86000FFFFFFFFFFFFFFFFFFFFFFFFFFFFFFFFFFFFFFFFFFFFFFFFFFFFFFFFFFFFFFFFB8
:20E88000FFFFFFFFFFFFFFFFFFFFFFFFFFFFFFFFFFFFFFFFFFFFFFFFFFFFFFFFFFFFFFFF98
:20E8A000FFFFFFFFFFFFFFFFFFFFFFFFFFFFFFFFFFFFFFFFFFFFFFFFFFFFFFFFFFFFFFFF78
:20E8C000FFFFFFFFFFFFFFFFFFFFFFFFFFFFFFFFFFFFFFFFFFFFFFFFFFFFFFFFFFFFFFFF58
:20E8E000FFFFFFFFFFFFFFFFFFFFFFFFFFFFFFFFFFFFFFFFFFFFFFFFFFFFFFFFFFFFFFFF38
:20E90000FFFFFFFFFFFFFFFFFFFFFFFFFFFFFFFFFFFFFFFFFFFFFFFFFFFFFFFFFFFFFFFF17
:20E92000FFFFFFFFFFFFFFFFFFFFFFFFFFFFFFFFFFFFFFFFFFFFFFFFFFFFFFFFFFFFFFFFF7
:20E94000FFFFFFFFFFFFFFFFFFFFFFFFFFFFFFFFFFFFFFFFFFFFFFFFFFFFFFFFFFFFFFFFD7
:20E96000FFFFFFFFFFFFFFFFFFFFFFFFFFFFFFFFFFFFFFFFFFFFFFFFFFFFFFFFFFFFFFFFB7
:20E98000FFFFFFFFFFFFFFFFFFFFFFFFFFFFFFFFFFFFFFFFFFFFFFFFFFFFFFFFFFFFFFFF97
:20E9A000FFFFFFFFFFFFFFFFFFFFFFFFFFFFFFFFFFFFFFFFFFFFFFFFFFFFFFFFFFFFFFFF77
:20E9C000FFFFFFFFFFFFFFFFFFFFFFFFFFFFFFFFFFFFFFFFFFFFFFFFFFFFFFFFFFFFFFFF57
:20E9E000FFFFFFFFFFFFFFFFFFFFFFFFFFFFFFFFFFFFFFFFFFFFFFFFFFFFFFFFFFFFFFFF37
:20EA0000FFFFFFFFFFFFFFFFFFFFFFFFFFFFFFFFFFFFFFFFFFFFFFFFFFFFFFFFFFFFFFFF16
:20EA2000FFFFFFFFFFFFFFFFFFFFFFFFFFFFFFFFFFFFFFFFFFFFFFFFFFFFFFFFFFFFFFFFF6
:20EA4000FFFFFFFFFFFFFFFFFFFFFFFFFFFFFFFFFFFFFFFFFFFFFFFFFFFFFFFFFFFFFFFFD6
:20EA6000FFFFFFFFFFFFFFFFFFFFFFFFFFFFFFFFFFFFFFFFFFFFFFFFFFFFFFFFFFFFFFFFB6
:20EA8000FFFFFFFFFFFFFFFFFFFFFFFFFFFFFFFFFFFFFFFFFFFFFFFFFFFFFFFFFFFFFFFF96
:20EAA000FFFFFFFFFFFFFFFFFFFFFFFFFFFFFFFFFFFFFFFFFFFFFFFFFFFFFFFFFFFFFFFF76
:20EAC000FFFFFFFFFFFFFFFFFFFFFFFFFFFFFFFFFFFFFFFFFFFFFFFFFFFFFFFFFFFFFFFF56
:20EAE000FFFFFFFFFFFFFFFFFFFFFFFFFFFFFFFFFFFFFFFFFFFFFFFFFFFFFFFFFFFFFFFF36
:20EB0000FFFFFFFFFFFFFFFFFFFFFFFFFFFFFFFFFFFFFFFFFFFFFFFFFFFFFFFFFFFFFFFF15
:20EB2000FFFFFFFFFFFFFFFFFFFFFFFFFFFFFFFFFFFFFFFFFFFFFFFFFFFFFFFFFFFFFFFFF5
:20EB4000FFFFFFFFFFFFFFFFFFFFFFFFFFFFFFFFFFFFFFFFFFFFFFFFFFFFFFFFFFFFFFFFD5
:20EB6000FFFFFFFFFFFFFFFFFFFFFFFFFFFFFFFFFFFFFFFFFFFFFFFFFFFFFFFFFFFFFFFFB5
:20EB8000FFFFFFFFFFFFFFFFFFFFFFFFFFFFFFFFFFFFFFFFFFFFFFFFFFFFFFFFFFFFFFFF95
:20EBA000FFFFFFFFFFFFFFFFFFFFFFFFFFFFFFFFFFFFFFFFFFFFFFFFFFFFFFFFFFFFFFFF75
:20EBC000FFFFFFFFFFFFFFFFFFFFFFFFFFFFFFFFFFFFFFFFFFFFFFFFFFFFFFFFFFFFFFFF55
:20EBE000FFFFFFFFFFFFFFFFFFFFFFFFFFFFFFFFFFFFFFFFFFFFFFFFFFFFFFFFFFFFFFFF35
:20EC0000FFFFFFFFFFFFFFFFFFFFFFFFFFFFFFFFFFFFFFFFFFFFFFFFFFFFFFFFFFFFFFFF14
:20EC2000FFFFFFFFFFFFFFFFFFFFFFFFFFFFFFFFFFFFFFFFFFFFFFFFFFFFFFFFFFFFFFFFF4
:20EC4000FFFFFFFFFFFFFFFFFFFFFFFFFFFFFFFFFFFFFFFFFFFFFFFFFFFFFFFFFFFFFFFFD4
:20EC6000FFFFFFFFFFFFFFFFFFFFFFFFFFFFFFFFFFFFFFFFFFFFFFFFFFFFFFFFFFFFFFFFB4
:20EC8000FFFFFFFFFFFFFFFFFFFFFFFFFFFFFFFFFFFFFFFFFFFFFFFFFFFFFFFFFFFFFFFF94
:20ECA000FFFFFFFFFFFFFFFFFFFFFFFFFFFFFFFFFFFFFFFFFFFFFFFFFFFFFFFFFFFFFFFF74
:20ECC000FFFFFFFFFFFFFFFFFFFFFFFFFFFFFFFFFFFFFFFFFFFFFFFFFFFFFFFFFFFFFFFF54
:20ECE000FFFFFFFFFFFFFFFFFFFFFFFFFFFFFFFFFFFFFFFFFFFFFFFFFFFFFFFFFFFFFFFF34
:20ED0000FFFFFFFFFFFFFFFFFFFFFFFFFFFFFFFFFFFFFFFFFFFFFFFFFFFFFFFFFFFFFFFF13
:20ED2000FFFFFFFFFFFFFFFFFFFFFFFFFFFFFFFFFFFFFFFFFFFFFFFFFFFFFFFFFFFFFFFFF3
:20ED4000FFFFFFFFFFFFFFFFFFFFFFFFFFFFFFFFFFFFFFFFFFFFFFFFFFFFFFFFFFFFFFFFD3
:20ED6000FFFFFFFFFFFFFFFFFFFFFFFFFFFFFFFFFFFFFFFFFFFFFFFFFFFFFFFFFFFFFFFFB3
:20ED8000FFFFFFFFFFFFFFFFFFFFFFFFFFFFFFFFFFFFFFFFFFFFFFFFFFFFFFFFFFFFFFFF93
:20EDA000FFFFFFFFFFFFFFFFFFFFFFFFFFFFFFFFFFFFFFFFFFFFFFFFFFFFFFFFFFFFFFFF73
:20EDC000FFFFFFFFFFFFFFFFFFFFFFFFFFFFFFFFFFFFFFFFFFFFFFFFFFFFFFFFFFFFFFFF53
:20EDE000FFFFFFFFFFFFFFFFFFFFFFFFFFFFFFFFFFFFFFFFFFFFFFFFFFFFFFFFFFFFFFFF33
:20EE0000FFFFFFFFFFFFFFFFFFFFFFFFFFFFFFFFFFFFFFFFFFFFFFFFFFFFFFFFFFFFFFFF12
:20EE2000FFFFFFFFFFFFFFFFFFFFFFFFFFFFFFFFFFFFFFFFFFFFFFFFFFFFFFFFFFFFFFFFF2
:20EE4000FFFFFFFFFFFFFFFFFFFFFFFFFFFFFFFFFFFFFFFFFFFFFFFFFFFFFFFFFFFFFFFFD2
:20EE6000FFFFFFFFFFFFFFFFFFFFFFFFFFFFFFFFFFFFFFFFFFFFFFFFFFFFFFFFFFFFFFFFB2
:20EE8000FFFFFFFFFFFFFFFFFFFFFFFFFFFFFFFFFFFFFFFFFFFFFFFFFFFFFFFFFFFFFFFF92
:20EEA000FFFFFFFFFFFFFFFFFFFFFFFFFFFFFFFFFFFFFFFFFFFFFFFFFFFFFFFFFFFFFFFF72
:20EEC000FFFFFFFFFFFFFFFFFFFFFFFFFFFFFFFFFFFFFFFFFFFFFFFFFFFFFFFFFFFFFFFF52
:20EEE000FFFFFFFFFFFFFFFFFFFFFFFFFFFFFFFFFFFFFFFFFFFFFFFFFFFFFFFFFFFFFFFF32
:20EF0000FFFFFFFFFFFFFFFFFFFFFFFFFFFFFFFFFFFFFFFFFFFFFFFFFFFFFFFFFFFFFFFF11
:20EF2000FFFFFFFFFFFFFFFFFFFFFFFFFFFFFFFFFFFFFFFFFFFFFFFFFFFFFFFFFFFFFFFFF1
:20EF4000FFFFFFFFFFFFFFFFFFFFFFFFFFFFFFFFFFFFFFFFFFFFFFFFFFFFFFFFFFFFFFFFD1
:20EF6000FFFFFFFFFFFFFFFFFFFFFFFFFFFFFFFFFFFFFFFFFFFFFFFFFFFFFFFFFFFFFFFFB1
:20EF8000FFFFFFFFFFFFFFFFFFFFFFFFFFFFFFFFFFFFFFFFFFFFFFFFFFFFFFFFFFFFFFFF91
:20EFA000FFFFFFFFFFFFFFFFFFFFFFFFFFFFFFFFFFFFFFFFFFFFFFFFFFFFFFFFFFFFFFFF71
:20EFC000FFFFFFFFFFFFFFFFFFFFFFFFFFFFFFFFFFFFFFFFFFFFFFFFFFFFFFFFFFFFFFFF51
:20EFE000FFFFFFFFFFFFFFFFFFFFFFFFFFFFFFFFFFFFFFFFFFFFFFFFFFFFFFFFFFFFFFFF31
:20F00000FFFFFFFFFFFFFFFFFFFFFFFFFFFFFFFFFFFFFFFFFFFFFFFFFFFFFFFFFFFFFFFF10
:20F02000FFFFFFFFFFFFFFFFFFFFFFFFFFFFFFFFFFFFFFFFFFFFFFFFFFFFFFFFFFFFFFFFF0
:20F04000FFFFFFFFFFFFFFFFFFFFFFFFFFFFFFFFFFFFFFFFFFFFFFFFFFFFFFFFFFFFFFFFD0
:20F06000FFFFFFFFFFFFFFFFFFFFFFFFFFFFFFFFFFFFFFFFFFFFFFFFFFFFFFFFFFFFFFFFB0
:20F08000FFFFFFFFFFFFFFFFFFFFFFFFFFFFFFFFFFFFFFFFFFFFFFFFFFFFFFFFFFFFFFFF90
:20F0A000FFFFFFFFFFFFFFFFFFFFFFFFFFFFFFFFFFFFFFFFFFFFFFFFFFFFFFFFFFFFFFFF70
:20F0C000FFFFFFFFFFFFFFFFFFFFFFFFFFFFFFFFFFFFFFFFFFFFFFFFFFFFFFFFFFFFFFFF50
:20F0E000FFFFFFFFFFFFFFFFFFFFFFFFFFFFFFFFFFFFFFFFFFFFFFFFFFFFFFFFFFFFFFFF30
:20F10000FFFFFFFFFFFFFFFFFFFFFFFFFFFFFFFFFFFFFFFFFFFFFFFFFFFFFFFFFFFFFFFF0F
:20F12000FFFFFFFFFFFFFFFFFFFFFFFFFFFFFFFFFFFFFFFFFFFFFFFFFFFFFFFFFFFFFFFFEF
:20F14000FFFFFFFFFFFFFFFFFFFFFFFFFFFFFFFFFFFFFFFFFFFFFFFFFFFFFFFFFFFFFFFFCF
:20F16000FFFFFFFFFFFFFFFFFFFFFFFFFFFFFFFFFFFFFFFFFFFFFFFFFFFFFFFFFFFFFFFFAF
:20F18000FFFFFFFFFFFFFFFFFFFFFFFFFFFFFFFFFFFFFFFFFFFFFFFFFFFFFFFFFFFFFFFF8F
:20F1A000FFFFFFFFFFFFFFFFFFFFFFFFFFFFFFFFFFFFFFFFFFFFFFFFFFFFFFFFFFFFFFFF6F
:20F1C000FFFFFFFFFFFFFFFFFFFFFFFFFFFFFFFFFFFFFFFFFFFFFFFFFFFFFFFFFFFFFFFF4F
:20F1E000FFFFFFFFFFFFFFFFFFFFFFFFFFFFFFFFFFFFFFFFFFFFFFFFFFFFFFFFFFFFFFFF2F
:20F20000FFFFFFFFFFFFFFFFFFFFFFFFFFFFFFFFFFFFFFFFFFFFFFFFFFFFFFFFFFFFFFFF0E
:20F22000FFFFFFFFFFFFFFFFFFFFFFFFFFFFFFFFFFFFFFFFFFFFFFFFFFFFFFFFFFFFFFFFEE
:20F24000FFFFFFFFFFFFFFFFFFFFFFFFFFFFFFFFFFFFFFFFFFFFFFFFFFFFFFFFFFFFFFFFCE
:20F26000FFFFFFFFFFFFFFFFFFFFFFFFFFFFFFFFFFFFFFFFFFFFFFFFFFFFFFFFFFFFFFFFAE
:20F28000FFFFFFFFFFFFFFFFFFFFFFFFFFFFFFFFFFFFFFFFFFFFFFFFFFFFFFFFFFFFFFFF8E
:20F2A000FFFFFFFFFFFFFFFFFFFFFFFFFFFFFFFFFFFFFFFFFFFFFFFFFFFFFFFFFFFFFFFF6E
:20F2C000FFFFFFFFFFFFFFFFFFFFFFFFFFFFFFFFFFFFFFFFFFFFFFFFFFFFFFFFFFFFFFFF4E
:20F2E000FFFFFFFFFFFFFFFFFFFFFFFFFFFFFFFFFFFFFFFFFFFFFFFFFFFFFFFFFFFFFFFF2E
:20F30000FFFFFFFFFFFFFFFFFFFFFFFFFFFFFFFFFFFFFFFFFFFFFFFFFFFFFFFFFFFFFFFF0D
:20F32000FFFFFFFFFFFFFFFFFFFFFFFFFFFFFFFFFFFFFFFFFFFFFFFFFFFFFFFFFFFFFFFFED
:20F34000FFFFFFFFFFFFFFFFFFFFFFFFFFFFFFFFFFFFFFFFFFFFFFFFFFFFFFFFFFFFFFFFCD
:20F36000FFFFFFFFFFFFFFFFFFFFFFFFFFFFFFFFFFFFFFFFFFFFFFFFFFFFFFFFFFFFFFFFAD
:20F38000FFFFFFFFFFFFFFFFFFFFFFFFFFFFFFFFFFFFFFFFFFFFFFFFFFFFFFFFFFFFFFFF8D
:20F3A000FFFFFFFFFFFFFFFFFFFFFFFFFFFFFFFFFFFFFFFFFFFFFFFFFFFFFFFFFFFFFFFF6D
:20F3C000FFFFFFFFFFFFFFFFFFFFFFFFFFFFFFFFFFFFFFFFFFFFFFFFFFFFFFFFFFFFFFFF4D
:20F3E000FFFFFFFFFFFFFFFFFFFFFFFFFFFFFFFFFFFFFFFFFFFFFFFFFFFFFFFFFFFFFFFF2D
:20F40000FFFFFFFFFFFFFFFFFFFFFFFFFFFFFFFFFFFFFFFFFFFFFFFFFFFFFFFFFFFFFFFF0C
:20F42000FFFFFFFFFFFFFFFFFFFFFFFFFFFFFFFFFFFFFFFFFFFFFFFFFFFFFFFFFFFFFFFFEC
:20F44000FFFFFFFFFFFFFFFFFFFFFFFFFFFFFFFFFFFFFFFFFFFFFFFFFFFFFFFFFFFFFFFFCC
:20F46000FFFFFFFFFFFFFFFFFFFFFFFFFFFFFFFFFFFFFFFFFFFFFFFFFFFFFFFFFFFFFFFFAC
:20F48000FFFFFFFFFFFFFFFFFFFFFFFFFFFFFFFFFFFFFFFFFFFFFFFFFFFFFFFFFFFFFFFF8C
:20F4A000FFFFFFFFFFFFFFFFFFFFFFFFFFFFFFFFFFFFFFFFFFFFFFFFFFFFFFFFFFFFFFFF6C
:20F4C000FFFFFFFFFFFFFFFFFFFFFFFFFFFFFFFFFFFFFFFFFFFFFFFFFFFFFFFFFFFFFFFF4C
:20F4E000FFFFFFFFFFFFFFFFFFFFFFFFFFFFFFFFFFFFFFFFFFFFFFFFFFFFFFFFFFFFFFFF2C
:20F50000FFFFFFFFFFFFFFFFFFFFFFFFFFFFFFFFFFFFFFFFFFFFFFFFFFFFFFFFFFFFFFFF0B
:20F52000FFFFFFFFFFFFFFFFFFFFFFFFFFFFFFFFFFFFFFFFFFFFFFFFFFFFFFFFFFFFFFFFEB
:20F54000FFFFFFFFFFFFFFFFFFFFFFFFFFFFFFFFFFFFFFFFFFFFFFFFFFFFFFFFFFFFFFFFCB
:20F56000FFFFFFFFFFFFFFFFFFFFFFFFFFFFFFFFFFFFFFFFFFFFFFFFFFFFFFFFFFFFFFFFAB
:20F58000FFFFFFFFFFFFFFFFFFFFFFFFFFFFFFFFFFFFFFFFFFFFFFFFFFFFFFFFFFFFFFFF8B
:20F5A000FFFFFFFFFFFFFFFFFFFFFFFFFFFFFFFFFFFFFFFFFFFFFFFFFFFFFFFFFFFFFFFF6B
:20F5C000FFFFFFFFFFFFFFFFFFFFFFFFFFFFFFFFFFFFFFFFFFFFFFFFFFFFFFFFFFFFFFFF4B
:20F5E000FFFFFFFFFFFFFFFFFFFFFFFFFFFFFFFFFFFFFFFFFFFFFFFFFFFFFFFFFFFFFFFF2B
:20F60000FFFFFFFFFFFFFFFFFFFFFFFFFFFFFFFFFFFFFFFFFFFFFFFFFFFFFFFFFFFFFFFF0A
:20F62000FFFFFFFFFFFFFFFFFFFFFFFFFFFFFFFFFFFFFFFFFFFFFFFFFFFFFFFFFFFFFFFFEA
:20F64000FFFFFFFFFFFFFFFFFFFFFFFFFFFFFFFFFFFFFFFFFFFFFFFFFFFFFFFFFFFFFFFFCA
:20F66000FFFFFFFFFFFFFFFFFFFFFFFFFFFFFFFFFFFFFFFFFFFFFFFFFFFFFFFFFFFFFFFFAA
:20F68000FFFFFFFFFFFFFFFFFFFFFFFFFFFFFFFFFFFFFFFFFFFFFFFFFFFFFFFFFFFFFFFF8A
:20F6A000FFFFFFFFFFFFFFFFFFFFFFFFFFFFFFFFFFFFFFFFFFFFFFFFFFFFFFFFFFFFFFFF6A
:20F6C000FFFFFFFFFFFFFFFFFFFFFFFFFFFFFFFFFFFFFFFFFFFFFFFFFFFFFFFFFFFFFFFF4A
:20F6E000FFFFFFFFFFFFFFFFFFFFFFFFFFFFFFFFFFFFFFFFFFFFFFFFFFFFFFFFFFFFFFFF2A
:20F70000FFFFFFFFFFFFFFFFFFFFFFFFFFFFFFFFFFFFFFFFFFFFFFFFFFFFFFFFFFFFFFFF09
:20F72000FFFFFFFFFFFFFFFFFFFFFFFFFFFFFFFFFFFFFFFFFFFFFFFFFFFFFFFFFFFFFFFFE9
:20F74000FFFFFFFFFFFFFFFFFFFFFFFFFFFFFFFFFFFFFFFFFFFFFFFFFFFFFFFFFFFFFFFFC9
:20F76000FFFFFFFFFFFFFFFFFFFFFFFFFFFFFFFFFFFFFFFFFFFFFFFFFFFFFFFFFFFFFFFFA9
:20F78000FFFFFFFFFFFFFFFFFFFFFFFFFFFFFFFFFFFFFFFFFFFFFFFFFFFFFFFFFFFFFFFF89
:20F7A000FFFFFFFFFFFFFFFFFFFFFFFFFFFFFFFFFFFFFFFFFFFFFFFFFFFFFFFFFFFFFFFF69
:20F7C000FFFFFFFFFFFFFFFFFFFFFFFFFFFFFFFFFFFFFFFFFFFFFFFFFFFFFFFFFFFFFFFF49
:20F7E000FFFFFFFFFFFFFFFFFFFFFFFFFFFFFFFFFFFFFFFFFFFFFFFFFFFFFFFFFFFFFFFF29
:20F80000FFFFFFFFFFFFFFFFFFFFFFFFFFFFFFFFFFFFFFFFFFFFFFFFFFFFFFFFFFFFFFFF08
:20F82000FFFFFFFFFFFFFFFFFFFFFFFFFFFFFFFFFFFFFFFFFFFFFFFFFFFFFFFFFFFFFFFFE8
:20F84000FFFFFFFFFFFFFFFFFFFFFFFFFFFFFFFFFFFFFFFFFFFFFFFFFFFFFFFFFFFFFFFFC8
:20F86000FFFFFFFFFFFFFFFFFFFFFFFFFFFFFFFFFFFFFFFFFFFFFFFFFFFFFFFFFFFFFFFFA8
:20F88000FFFFFFFFFFFFFFFFFFFFFFFFFFFFFFFFFFFFFFFFFFFFFFFFFFFFFFFFFFFFFFFF88
:20F8A000FFFFFFFFFFFFFFFFFFFFFFFFFFFFFFFFFFFFFFFFFFFFFFFFFFFFFFFFFFFFFFFF68
:20F8C000FFFFFFFFFFFFFFFFFFFFFFFFFFFFFFFFFFFFFFFFFFFFFFFFFFFFFFFFFFFFFFFF48
:20F8E000FFFFFFFFFFFFFFFFFFFFFFFFFFFFFFFFFFFFFFFFFFFFFFFFFFFFFFFFFFFFFFFF28
:20F90000FFFFFFFFFFFFFFFFFFFFFFFFFFFFFFFFFFFFFFFFFFFFFFFFFFFFFFFFFFFFFFFF07
:20F92000FFFFFFFFFFFFFFFFFFFFFFFFFFFFFFFFFFFFFFFFFFFFFFFFFFFFFFFFFFFFFFFFE7
:20F94000FFFFFFFFFFFFFFFFFFFFFFFFFFFFFFFFFFFFFFFFFFFFFFFFFFFFFFFFFFFFFFFFC7
:20F96000FFFFFFFFFFFFFFFFFFFFFFFFFFFFFFFFFFFFFFFFFFFFFFFFFFFFFFFFFFFFFFFFA7
:20F98000FFFFFFFFFFFFFFFFFFFFFFFFFFFFFFFFFFFFFFFFFFFFFFFFFFFFFFFFFFFFFFFF87
:20F9A000FFFFFFFFFFFFFFFFFFFFFFFFFFFFFFFFFFFFFFFFFFFFFFFFFFFFFFFFFFFFFFFF67
:20F9C000FFFFFFFFFFFFFFFFFFFFFFFFFFFFFFFFFFFFFFFFFFFFFFFFFFFFFFFFFFFFFFFF47
:20F9E000FFFFFFFFFFFFFFFFFFFFFFFFFFFFFFFFFFFFFFFFFFFFFFFFFFFFFFFFFFFFFFFF27
:20FA0000FFFFFFFFFFFFFFFFFFFFFFFFFFFFFFFFFFFFFFFFFFFFFFFFFFFFFFFFFFFFFFFF06
:20FA2000FFFFFFFFFFFFFFFFFFFFFFFFFFFFFFFFFFFFFFFFFFFFFFFFFFFFFFFFFFFFFFFFE6
:20FA4000FFFFFFFFFFFFFFFFFFFFFFFFFFFFFFFFFFFFFFFFFFFFFFFFFFFFFFFFFFFFFFFFC6
:20FA6000FFFFFFFFFFFFFFFFFFFFFFFFFFFFFFFFFFFFFFFFFFFFFFFFFFFFFFFFFFFFFFFFA6
:20FA8000FFFFFFFFFFFFFFFFFFFFFFFFFFFFFFFFFFFFFFFFFFFFFFFFFFFFFFFFFFFFFFFF86
:20FAA000FFFFFFFFFFFFFFFFFFFFFFFFFFFFFFFFFFFFFFFFFFFFFFFFFFFFFFFFFFFFFFFF66
:20FAC000FFFFFFFFFFFFFFFFFFFFFFFFFFFFFFFFFFFFFFFFFFFFFFFFFFFFFFFFFFFFFFFF46
:20FAE000FFFFFFFFFFFFFFFFFFFFFFFFFFFFFFFFFFFFFFFFFFFFFFFFFFFFFFFFFFFFFFFF26
:20FB0000FFFFFFFFFFFFFFFFFFFFFFFFFFFFFFFFFFFFFFFFFFFFFFFFFFFFFFFFFFFFFFFF05
:20FB2000FFFFFFFFFFFFFFFFFFFFFFFFFFFFFFFFFFFFFFFFFFFFFFFFFFFFFFFFFFFFFFFFE5
:20FB4000FFFFFFFFFFFFFFFFFFFFFFFFFFFFFFFFFFFFFFFFFFFFFFFFFFFFFFFFFFFFFFFFC5
:20FB6000FFFFFFFFFFFFFFFFFFFFFFFFFFFFFFFFFFFFFFFFFFFFFFFFFFFFFFFFFFFFFFFFA5
:20FB8000FFFFFFFFFFFFFFFFFFFFFFFFFFFFFFFFFFFFFFFFFFFFFFFFFFFFFFFFFFFFFFFF85
:20FBA000FFFFFFFFFFFFFFFFFFFFFFFFFFFFFFFFFFFFFFFFFFFFFFFFFFFFFFFFFFFFFFFF65
:20FBC000FFFFFFFFFFFFFFFFFFFFFFFFFFFFFFFFFFFFFFFFFFFFFFFFFFFFFFFFFFFFFFFF45
:20FBE000FFFFFFFFFFFFFFFFFFFFFFFFFFFFFFFFFFFFFFFFFFFFFFFFFFFFFFFFFFFFFFFF25
:20FC0000FFFFFFFFFFFFFFFFFFFFFFFFFFFFFFFFFFFFFFFFFFFFFFFFFFFFFFFFFFFFFFFF04
:20FC2000FFFFFFFFFFFFFFFFFFFFFFFFFFFFFFFFFFFFFFFFFFFFFFFFFFFFFFFFFFFFFFFFE4
:20FC4000FFFFFFFFFFFFFFFFFFFFFFFFFFFFFFFFFFFFFFFFFFFFFFFFFFFFFFFFFFFFFFFFC4
:20FC6000FFFFFFFFFFFFFFFFFFFFFFFFFFFFFFFFFFFFFFFFFFFFFFFFFFFFFFFFFFFFFFFFA4
:20FC8000FFFFFFFFFFFFFFFFFFFFFFFFFFFFFFFFFFFFFFFFFFFFFFFFFFFFFFFFFFFFFFFF84
:20FCA000FFFFFFFFFFFFFFFFFFFFFFFFFFFFFFFFFFFFFFFFFFFFFFFFFFFFFFFFFFFFFFFF64
:20FCC000FFFFFFFFFFFFFFFFFFFFFFFFFFFFFFFFFFFFFFFFFFFFFFFFFFFFFFFFFFFFFFFF44
:20FCE000FFFFFFFFFFFFFFFFFFFFFFFFFFFFFFFFFFFFFFFFFFFFFFFFFFFFFFFFFFFFFFFF24
:20FD0000FFFFFFFFFFFFFFFFFFFFFFFFFFFFFFFFFFFFFFFFFFFFFFFFFFFFFFFFFFFFFFFF03
:20FD2000FFFFFFFFFFFFFFFFFFFFFFFFFFFFFFFFFFFFFFFFFFFFFFFFFFFFFFFFFFFFFFFFE3
:20FD4000FFFFFFFFFFFFFFFFFFFFFFFFFFFFFFFFFFFFFFFFFFFFFFFFFFFFFFFFFFFFFFFFC3
:20FD6000FFFFFFFFFFFFFFFFFFFFFFFFFFFFFFFFFFFFFFFFFFFFFFFFFFFFFFFFFFFFFFFFA3
:20FD8000FFFFFFFFFFFFFFFFFFFFFFFFFFFFFFFFFFFFFFFFFFFFFFFFFFFFFFFFFFFFFFFF83
:20FDA000FFFFFFFFFFFFFFFFFFFFFFFFFFFFFFFFFFFFFFFFFFFFFFFFFFFFFFFFFFFFFFFF63
:20FDC000FFFFFFFFFFFFFFFFFFFFFFFFFFFFFFFFFFFFFFFFFFFFFFFFFFFFFFFFFFFFFFFF43
:20FDE000FFFFFFFFFFFFFFFFFFFFFFFFFFFFFFFFFFFFFFFFFFFFFFFFFFFFFFFFFFFFFFFF23
:20FE0000FFFFFFFFFFFFFFFFFFFFFFFFFFFFFFFFFFFFFFFFFFFFFFFFFFFFFFFFFFFFFFFF02
:20FE2000FFFFFFFFFFFFFFFFFFFFFFFFFFFFFFFFFFFFFFFFFFFFFFFFFFFFFFFFFFFFFFFFE2
:20FE4000FFFFFFFFFFFFFFFFFFFFFFFFFFFFFFFFFFFFFFFFFFFFFFFFFFFFFFFFFFFFFFFFC2
:20FE6000FFFFFFFFFFFFFFFFFFFFFFFFFFFFFFFFFFFFFFFFFFFFFFFFFFFFFFFFFFFFFFFFA2
:20FE8000FFFFFFFFFFFFFFFFFFFFFFFFFFFFFFFFFFFFFFFFFFFFFFFFFFFFFFFFFFFFFFFF82
:20FEA000FFFFFFFFFFFFFFFFFFFFFFFFFFFFFFFFFFFFFFFFFFFFFFFFFFFFFFFFFFFFFFFF62
:20FEC000FFFFFFFFFFFFFFFFFFFFFFFFFFFFFFFFFFFFFFFFFFFFFFFFFFFFFFFFFFFFFFFF42
:20FEE000FFFFFFFFFFFFFFFFFFFFFFFFFFFFFFFFFFFFFFFFFFFFFFFFFFFFFFFFFFFFFFFF22
:20FF0000FFFFFFFFFFFFFFFFFFFFFFFFFFFFFFFFFFFFFFFFFFFFFFFFFFFFFFFFFFFFFFFF01
:20FF2000FFFFFFFFFFFFFFFFFFFFFFFFFFFFFFFFFFFFFFFFFFFFFFFFFFFFFFFFFFFFFFFFE1
:20FF4000FFFFFFFFFFFFFFFFFFFFFFFFFFFFFFFFFFFFFFFFFFFFFFFFFFFFFFFFFFFFFFFFC1
:20FF6000FFFFFFFFFFFFFFFFFFFFFFFFFFFFFFFFFFFFFFFFFFFFFFFFFFFFFFFFFFFFFFFFA1
:20FF8000FFFFFFFFFFFFFFFFFFFFFFFFFFFFFFFFFFFFFFFFFFFFFFFFFFFFFFFFFFFFFFFF81
:20FFA000FFFFFFFFFFFFFFFFFFFFFFFFFFFFFFFFFFFFFFFFFFFFFFFFFFFFFFFFFFFFFFFF61
:20FFC000FFFFFFFFFFFFFFFFFFFFFFFFFFFFFFFFFFFFFFFFFFFFFFFFFFFFFFFFFFFFFFFF41
:20FFE000FFFFFFFFFFFFFFFFFFFFFFFFFFFFFFFFFFFFFFFFFFFFFFFFFFFFFFFFFFFFFFFF21
:020000040003F7
:20000000FFFFFFFFFFFFFFFFFFFFFFFFFFFFFFFFFFFFFFFFFFFFFFFFFFFFFFFFFFFFFFFF00
:20002000FFFFFFFFFFFFFFFFFFFFFFFFFFFFFFFFFFFFFFFFFFFFFFFFFFFFFFFFFFFFFFFFE0
:20004000FFFFFFFFFFFFFFFFFFFFFFFFFFFFFFFFFFFFFFFFFFFFFFFFFFFFFFFFFFFFFFFFC0
:20006000FFFFFFFFFFFFFFFFFFFFFFFFFFFFFFFFFFFFFFFFFFFFFFFFFFFFFFFFFFFFFFFFA0
:20008000FFFFFFFFFFFFFFFFFFFFFFFFFFFFFFFFFFFFFFFFFFFFFFFFFFFFFFFFFFFFFFFF80
:2000A000FFFFFFFFFFFFFFFFFFFFFFFFFFFFFFFFFFFFFFFFFFFFFFFFFFFFFFFFFFFFFFFF60
:2000C000FFFFFFFFFFFFFFFFFFFFFFFFFFFFFFFFFFFFFFFFFFFFFFFFFFFFFFFFFFFFFFFF40
:2000E000FFFFFFFFFFFFFFFFFFFFFFFFFFFFFFFFFFFFFFFFFFFFFFFFFFFFFFFFFFFFFFFF20
:20010000FFFFFFFFFFFFFFFFFFFFFFFFFFFFFFFFFFFFFFFFFFFFFFFFFFFFFFFFFFFFFFFFFF
:20012000FFFFFFFFFFFFFFFFFFFFFFFFFFFFFFFFFFFFFFFFFFFFFFFFFFFFFFFFFFFFFFFFDF
:20014000FFFFFFFFFFFFFFFFFFFFFFFFFFFFFFFFFFFFFFFFFFFFFFFFFFFFFFFFFFFFFFFFBF
:20016000FFFFFFFFFFFFFFFFFFFFFFFFFFFFFFFFFFFFFFFFFFFFFFFFFFFFFFFFFFFFFFFF9F
:20018000FFFFFFFFFFFFFFFFFFFFFFFFFFFFFFFFFFFFFFFFFFFFFFFFFFFFFFFFFFFFFFFF7F
:2001A000FFFFFFFFFFFFFFFFFFFFFFFFFFFFFFFFFFFFFFFFFFFFFFFFFFFFFFFFFFFFFFFF5F
:2001C000FFFFFFFFFFFFFFFFFFFFFFFFFFFFFFFFFFFFFFFFFFFFFFFFFFFFFFFFFFFFFFFF3F
:2001E000FFFFFFFFFFFFFFFFFFFFFFFFFFFFFFFFFFFFFFFFFFFFFFFFFFFFFFFFFFFFFFFF1F
:20020000FFFFFFFFFFFFFFFFFFFFFFFFFFFFFFFFFFFFFFFFFFFFFFFFFFFFFFFFFFFFFFFFFE
:20022000FFFFFFFFFFFFFFFFFFFFFFFFFFFFFFFFFFFFFFFFFFFFFFFFFFFFFFFFFFFFFFFFDE
:20024000FFFFFFFFFFFFFFFFFFFFFFFFFFFFFFFFFFFFFFFFFFFFFFFFFFFFFFFFFFFFFFFFBE
:20026000FFFFFFFFFFFFFFFFFFFFFFFFFFFFFFFFFFFFFFFFFFFFFFFFFFFFFFFFFFFFFFFF9E
:20028000FFFFFFFFFFFFFFFFFFFFFFFFFFFFFFFFFFFFFFFFFFFFFFFFFFFFFFFFFFFFFFFF7E
:2002A000FFFFFFFFFFFFFFFFFFFFFFFFFFFFFFFFFFFFFFFFFFFFFFFFFFFFFFFFFFFFFFFF5E
:2002C000FFFFFFFFFFFFFFFFFFFFFFFFFFFFFFFFFFFFFFFFFFFFFFFFFFFFFFFFFFFFFFFF3E
:2002E000FFFFFFFFFFFFFFFFFFFFFFFFFFFFFFFFFFFFFFFFFFFFFFFFFFFFFFFFFFFFFFFF1E
:20030000FFFFFFFFFFFFFFFFFFFFFFFFFFFFFFFFFFFFFFFFFFFFFFFFFFFFFFFFFFFFFFFFFD
:20032000FFFFFFFFFFFFFFFFFFFFFFFFFFFFFFFFFFFFFFFFFFFFFFFFFFFFFFFFFFFFFFFFDD
:20034000FFFFFFFFFFFFFFFFFFFFFFFFFFFFFFFFFFFFFFFFFFFFFFFFFFFFFFFFFFFFFFFFBD
:20036000FFFFFFFFFFFFFFFFFFFFFFFFFFFFFFFFFFFFFFFFFFFFFFFFFFFFFFFFFFFFFFFF9D
:20038000FFFFFFFFFFFFFFFFFFFFFFFFFFFFFFFFFFFFFFFFFFFFFFFFFFFFFFFFFFFFFFFF7D
:2003A000FFFFFFFFFFFFFFFFFFFFFFFFFFFFFFFFFFFFFFFFFFFFFFFFFFFFFFFFFFFFFFFF5D
:2003C000FFFFFFFFFFFFFFFFFFFFFFFFFFFFFFFFFFFFFFFFFFFFFFFFFFFFFFFFFFFFFFFF3D
:2003E000FFFFFFFFFFFFFFFFFFFFFFFFFFFFFFFFFFFFFFFFFFFFFFFFFFFFFFFFFFFFFFFF1D
:20040000FFFFFFFFFFFFFFFFFFFFFFFFFFFFFFFFFFFFFFFFFFFFFFFFFFFFFFFFFFFFFFFFFC
:20042000FFFFFFFFFFFFFFFFFFFFFFFFFFFFFFFFFFFFFFFFFFFFFFFFFFFFFFFFFFFFFFFFDC
:20044000FFFFFFFFFFFFFFFFFFFFFFFFFFFFFFFFFFFFFFFFFFFFFFFFFFFFFFFFFFFFFFFFBC
:20046000FFFFFFFFFFFFFFFFFFFFFFFFFFFFFFFFFFFFFFFFFFFFFFFFFFFFFFFFFFFFFFFF9C
:20048000FFFFFFFFFFFFFFFFFFFFFFFFFFFFFFFFFFFFFFFFFFFFFFFFFFFFFFFFFFFFFFFF7C
:2004A000FFFFFFFFFFFFFFFFFFFFFFFFFFFFFFFFFFFFFFFFFFFFFFFFFFFFFFFFFFFFFFFF5C
:2004C000FFFFFFFFFFFFFFFFFFFFFFFFFFFFFFFFFFFFFFFFFFFFFFFFFFFFFFFFFFFFFFFF3C
:2004E000FFFFFFFFFFFFFFFFFFFFFFFFFFFFFFFFFFFFFFFFFFFFFFFFFFFFFFFFFFFFFFFF1C
:20050000FFFFFFFFFFFFFFFFFFFFFFFFFFFFFFFFFFFFFFFFFFFFFFFFFFFFFFFFFFFFFFFFFB
:20052000FFFFFFFFFFFFFFFFFFFFFFFFFFFFFFFFFFFFFFFFFFFFFFFFFFFFFFFFFFFFFFFFDB
:20054000FFFFFFFFFFFFFFFFFFFFFFFFFFFFFFFFFFFFFFFFFFFFFFFFFFFFFFFFFFFFFFFFBB
:20056000FFFFFFFFFFFFFFFFFFFFFFFFFFFFFFFFFFFFFFFFFFFFFFFFFFFFFFFFFFFFFFFF9B
:20058000FFFFFFFFFFFFFFFFFFFFFFFFFFFFFFFFFFFFFFFFFFFFFFFFFFFFFFFFFFFFFFFF7B
:2005A000FFFFFFFFFFFFFFFFFFFFFFFFFFFFFFFFFFFFFFFFFFFFFFFFFFFFFFFFFFFFFFFF5B
:2005C000FFFFFFFFFFFFFFFFFFFFFFFFFFFFFFFFFFFFFFFFFFFFFFFFFFFFFFFFFFFFFFFF3B
:2005E000FFFFFFFFFFFFFFFFFFFFFFFFFFFFFFFFFFFFFFFFFFFFFFFFFFFFFFFFFFFFFFFF1B
:20060000FFFFFFFFFFFFFFFFFFFFFFFFFFFFFFFFFFFFFFFFFFFFFFFFFFFFFFFFFFFFFFFFFA
:20062000FFFFFFFFFFFFFFFFFFFFFFFFFFFFFFFFFFFFFFFFFFFFFFFFFFFFFFFFFFFFFFFFDA
:20064000FFFFFFFFFFFFFFFFFFFFFFFFFFFFFFFFFFFFFFFFFFFFFFFFFFFFFFFFFFFFFFFFBA
:20066000FFFFFFFFFFFFFFFFFFFFFFFFFFFFFFFFFFFFFFFFFFFFFFFFFFFFFFFFFFFFFFFF9A
:20068000FFFFFFFFFFFFFFFFFFFFFFFFFFFFFFFFFFFFFFFFFFFFFFFFFFFFFFFFFFFFFFFF7A
:2006A000FFFFFFFFFFFFFFFFFFFFFFFFFFFFFFFFFFFFFFFFFFFFFFFFFFFFFFFFFFFFFFFF5A
:2006C000FFFFFFFFFFFFFFFFFFFFFFFFFFFFFFFFFFFFFFFFFFFFFFFFFFFFFFFFFFFFFFFF3A
:2006E000FFFFFFFFFFFFFFFFFFFFFFFFFFFFFFFFFFFFFFFFFFFFFFFFFFFFFFFFFFFFFFFF1A
:20070000FFFFFFFFFFFFFFFFFFFFFFFFFFFFFFFFFFFFFFFFFFFFFFFFFFFFFFFFFFFFFFFFF9
:20072000FFFFFFFFFFFFFFFFFFFFFFFFFFFFFFFFFFFFFFFFFFFFFFFFFFFFFFFFFFFFFFFFD9
:20074000FFFFFFFFFFFFFFFFFFFFFFFFFFFFFFFFFFFFFFFFFFFFFFFFFFFFFFFFFFFFFFFFB9
:20076000FFFFFFFFFFFFFFFFFFFFFFFFFFFFFFFFFFFFFFFFFFFFFFFFFFFFFFFFFFFFFFFF99
:20078000FFFFFFFFFFFFFFFFFFFFFFFFFFFFFFFFFFFFFFFFFFFFFFFFFFFFFFFFFFFFFFFF79
:2007A000FFFFFFFFFFFFFFFFFFFFFFFFFFFFFFFFFFFFFFFFFFFFFFFFFFFFFFFFFFFFFFFF59
:2007C000FFFFFFFFFFFFFFFFFFFFFFFFFFFFFFFFFFFFFFFFFFFFFFFFFFFFFFFFFFFFFFFF39
:2007E000FFFFFFFFFFFFFFFFFFFFFFFFFFFFFFFFFFFFFFFFFFFFFFFFFFFFFFFFFFFFFFFF19
:20080000FFFFFFFFFFFFFFFFFFFFFFFFFFFFFFFFFFFFFFFFFFFFFFFFFFFFFFFFFFFFFFFFF8
:20082000FFFFFFFFFFFFFFFFFFFFFFFFFFFFFFFFFFFFFFFFFFFFFFFFFFFFFFFFFFFFFFFFD8
:20084000FFFFFFFFFFFFFFFFFFFFFFFFFFFFFFFFFFFFFFFFFFFFFFFFFFFFFFFFFFFFFFFFB8
:20086000FFFFFFFFFFFFFFFFFFFFFFFFFFFFFFFFFFFFFFFFFFFFFFFFFFFFFFFFFFFFFFFF98
:20088000FFFFFFFFFFFFFFFFFFFFFFFFFFFFFFFFFFFFFFFFFFFFFFFFFFFFFFFFFFFFFFFF78
:2008A000FFFFFFFFFFFFFFFFFFFFFFFFFFFFFFFFFFFFFFFFFFFFFFFFFFFFFFFFFFFFFFFF58
:2008C000FFFFFFFFFFFFFFFFFFFFFFFFFFFFFFFFFFFFFFFFFFFFFFFFFFFFFFFFFFFFFFFF38
:2008E000FFFFFFFFFFFFFFFFFFFFFFFFFFFFFFFFFFFFFFFFFFFFFFFFFFFFFFFFFFFFFFFF18
:20090000FFFFFFFFFFFFFFFFFFFFFFFFFFFFFFFFFFFFFFFFFFFFFFFFFFFFFFFFFFFFFFFFF7
:20092000FFFFFFFFFFFFFFFFFFFFFFFFFFFFFFFFFFFFFFFFFFFFFFFFFFFFFFFFFFFFFFFFD7
:20094000FFFFFFFFFFFFFFFFFFFFFFFFFFFFFFFFFFFFFFFFFFFFFFFFFFFFFFFFFFFFFFFFB7
:20096000FFFFFFFFFFFFFFFFFFFFFFFFFFFFFFFFFFFFFFFFFFFFFFFFFFFFFFFFFFFFFFFF97
:20098000FFFFFFFFFFFFFFFFFFFFFFFFFFFFFFFFFFFFFFFFFFFFFFFFFFFFFFFFFFFFFFFF77
:2009A000FFFFFFFFFFFFFFFFFFFFFFFFFFFFFFFFFFFFFFFFFFFFFFFFFFFFFFFFFFFFFFFF57
:2009C000FFFFFFFFFFFFFFFFFFFFFFFFFFFFFFFFFFFFFFFFFFFFFFFFFFFFFFFFFFFFFFFF37
:2009E000FFFFFFFFFFFFFFFFFFFFFFFFFFFFFFFFFFFFFFFFFFFFFFFFFFFFFFFFFFFFFFFF17
:200A0000FFFFFFFFFFFFFFFFFFFFFFFFFFFFFFFFFFFFFFFFFFFFFFFFFFFFFFFFFFFFFFFFF6
:200A2000FFFFFFFFFFFFFFFFFFFFFFFFFFFFFFFFFFFFFFFFFFFFFFFFFFFFFFFFFFFFFFFFD6
:200A4000FFFFFFFFFFFFFFFFFFFFFFFFFFFFFFFFFFFFFFFFFFFFFFFFFFFFFFFFFFFFFFFFB6
:200A6000FFFFFFFFFFFFFFFFFFFFFFFFFFFFFFFFFFFFFFFFFFFFFFFFFFFFFFFFFFFFFFFF96
:200A8000FFFFFFFFFFFFFFFFFFFFFFFFFFFFFFFFFFFFFFFFFFFFFFFFFFFFFFFFFFFFFFFF76
:200AA000FFFFFFFFFFFFFFFFFFFFFFFFFFFFFFFFFFFFFFFFFFFFFFFFFFFFFFFFFFFFFFFF56
:200AC000FFFFFFFFFFFFFFFFFFFFFFFFFFFFFFFFFFFFFFFFFFFFFFFFFFFFFFFFFFFFFFFF36
:200AE000FFFFFFFFFFFFFFFFFFFFFFFFFFFFFFFFFFFFFFFFFFFFFFFFFFFFFFFFFFFFFFFF16
:200B0000FFFFFFFFFFFFFFFFFFFFFFFFFFFFFFFFFFFFFFFFFFFFFFFFFFFFFFFFFFFFFFFFF5
:200B2000FFFFFFFFFFFFFFFFFFFFFFFFFFFFFFFFFFFFFFFFFFFFFFFFFFFFFFFFFFFFFFFFD5
:200B4000FFFFFFFFFFFFFFFFFFFFFFFFFFFFFFFFFFFFFFFFFFFFFFFFFFFFFFFFFFFFFFFFB5
:200B6000FFFFFFFFFFFFFFFFFFFFFFFFFFFFFFFFFFFFFFFFFFFFFFFFFFFFFFFFFFFFFFFF95
:200B8000FFFFFFFFFFFFFFFFFFFFFFFFFFFFFFFFFFFFFFFFFFFFFFFFFFFFFFFFFFFFFFFF75
:200BA000FFFFFFFFFFFFFFFFFFFFFFFFFFFFFFFFFFFFFFFFFFFFFFFFFFFFFFFFFFFFFFFF55
:200BC000FFFFFFFFFFFFFFFFFFFFFFFFFFFFFFFFFFFFFFFFFFFFFFFFFFFFFFFFFFFFFFFF35
:200BE000FFFFFFFFFFFFFFFFFFFFFFFFFFFFFFFFFFFFFFFFFFFFFFFFFFFFFFFFFFFFFFFF15
:200C0000FFFFFFFFFFFFFFFFFFFFFFFFFFFFFFFFFFFFFFFFFFFFFFFFFFFFFFFFFFFFFFFFF4
:200C2000FFFFFFFFFFFFFFFFFFFFFFFFFFFFFFFFFFFFFFFFFFFFFFFFFFFFFFFFFFFFFFFFD4
:200C4000FFFFFFFFFFFFFFFFFFFFFFFFFFFFFFFFFFFFFFFFFFFFFFFFFFFFFFFFFFFFFFFFB4
:200C6000FFFFFFFFFFFFFFFFFFFFFFFFFFFFFFFFFFFFFFFFFFFFFFFFFFFFFFFFFFFFFFFF94
:200C8000FFFFFFFFFFFFFFFFFFFFFFFFFFFFFFFFFFFFFFFFFFFFFFFFFFFFFFFFFFFFFFFF74
:200CA000FFFFFFFFFFFFFFFFFFFFFFFFFFFFFFFFFFFFFFFFFFFFFFFFFFFFFFFFFFFFFFFF54
:200CC000FFFFFFFFFFFFFFFFFFFFFFFFFFFFFFFFFFFFFFFFFFFFFFFFFFFFFFFFFFFFFFFF34
:200CE000FFFFFFFFFFFFFFFFFFFFFFFFFFFFFFFFFFFFFFFFFFFFFFFFFFFFFFFFFFFFFFFF14
:200D0000FFFFFFFFFFFFFFFFFFFFFFFFFFFFFFFFFFFFFFFFFFFFFFFFFFFFFFFFFFFFFFFFF3
:200D2000FFFFFFFFFFFFFFFFFFFFFFFFFFFFFFFFFFFFFFFFFFFFFFFFFFFFFFFFFFFFFFFFD3
:200D4000FFFFFFFFFFFFFFFFFFFFFFFFFFFFFFFFFFFFFFFFFFFFFFFFFFFFFFFFFFFFFFFFB3
:200D6000FFFFFFFFFFFFFFFFFFFFFFFFFFFFFFFFFFFFFFFFFFFFFFFFFFFFFFFFFFFFFFFF93
:200D8000FFFFFFFFFFFFFFFFFFFFFFFFFFFFFFFFFFFFFFFFFFFFFFFFFFFFFFFFFFFFFFFF73
:200DA000FFFFFFFFFFFFFFFFFFFFFFFFFFFFFFFFFFFFFFFFFFFFFFFFFFFFFFFFFFFFFFFF53
:200DC000FFFFFFFFFFFFFFFFFFFFFFFFFFFFFFFFFFFFFFFFFFFFFFFFFFFFFFFFFFFFFFFF33
:200DE000FFFFFFFFFFFFFFFFFFFFFFFFFFFFFFFFFFFFFFFFFFFFFFFFFFFFFFFFFFFFFFFF13
:200E0000FFFFFFFFFFFFFFFFFFFFFFFFFFFFFFFFFFFFFFFFFFFFFFFFFFFFFFFFFFFFFFFFF2
:200E2000FFFFFFFFFFFFFFFFFFFFFFFFFFFFFFFFFFFFFFFFFFFFFFFFFFFFFFFFFFFFFFFFD2
:200E4000FFFFFFFFFFFFFFFFFFFFFFFFFFFFFFFFFFFFFFFFFFFFFFFFFFFFFFFFFFFFFFFFB2
:200E6000FFFFFFFFFFFFFFFFFFFFFFFFFFFFFFFFFFFFFFFFFFFFFFFFFFFFFFFFFFFFFFFF92
:200E8000FFFFFFFFFFFFFFFFFFFFFFFFFFFFFFFFFFFFFFFFFFFFFFFFFFFFFFFFFFFFFFFF72
:200EA000FFFFFFFFFFFFFFFFFFFFFFFFFFFFFFFFFFFFFFFFFFFFFFFFFFFFFFFFFFFFFFFF52
:200EC000FFFFFFFFFFFFFFFFFFFFFFFFFFFFFFFFFFFFFFFFFFFFFFFFFFFFFFFFFFFFFFFF32
:200EE000FFFFFFFFFFFFFFFFFFFFFFFFFFFFFFFFFFFFFFFFFFFFFFFFFFFFFFFFFFFFFFFF12
:200F0000FFFFFFFFFFFFFFFFFFFFFFFFFFFFFFFFFFFFFFFFFFFFFFFFFFFFFFFFFFFFFFFFF1
:200F2000FFFFFFFFFFFFFFFFFFFFFFFFFFFFFFFFFFFFFFFFFFFFFFFFFFFFFFFFFFFFFFFFD1
:200F4000FFFFFFFFFFFFFFFFFFFFFFFFFFFFFFFFFFFFFFFFFFFFFFFFFFFFFFFFFFFFFFFFB1
:200F6000FFFFFFFFFFFFFFFFFFFFFFFFFFFFFFFFFFFFFFFFFFFFFFFFFFFFFFFFFFFFFFFF91
:200F8000FFFFFFFFFFFFFFFFFFFFFFFFFFFFFFFFFFFFFFFFFFFFFFFFFFFFFFFFFFFFFFFF71
:200FA000FFFFFFFFFFFFFFFFFFFFFFFFFFFFFFFFFFFFFFFFFFFFFFFFFFFFFFFFFFFFFFFF51
:200FC000FFFFFFFFFFFFFFFFFFFFFFFFFFFFFFFFFFFFFFFFFFFFFFFFFFFFFFFFFFFFFFFF31
:200FE000FFFFFFFFFFFFFFFFFFFFFFFFFFFFFFFFFFFFFFFFFFFFFFFFFFFFFFFFFFFFFFFF11
:20100000FFFFFFFFFFFFFFFFFFFFFFFFFFFFFFFFFFFFFFFFFFFFFFFFFFFFFFFFFFFFFFFFF0
:20102000FFFFFFFFFFFFFFFFFFFFFFFFFFFFFFFFFFFFFFFFFFFFFFFFFFFFFFFFFFFFFFFFD0
:20104000FFFFFFFFFFFFFFFFFFFFFFFFFFFFFFFFFFFFFFFFFFFFFFFFFFFFFFFFFFFFFFFFB0
:20106000FFFFFFFFFFFFFFFFFFFFFFFFFFFFFFFFFFFFFFFFFFFFFFFFFFFFFFFFFFFFFFFF90
:20108000FFFFFFFFFFFFFFFFFFFFFFFFFFFFFFFFFFFFFFFFFFFFFFFFFFFFFFFFFFFFFFFF70
:2010A000FFFFFFFFFFFFFFFFFFFFFFFFFFFFFFFFFFFFFFFFFFFFFFFFFFFFFFFFFFFFFFFF50
:2010C000FFFFFFFFFFFFFFFFFFFFFFFFFFFFFFFFFFFFFFFFFFFFFFFFFFFFFFFFFFFFFFFF30
:2010E000FFFFFFFFFFFFFFFFFFFFFFFFFFFFFFFFFFFFFFFFFFFFFFFFFFFFFFFFFFFFFFFF10
:20110000FFFFFFFFFFFFFFFFFFFFFFFFFFFFFFFFFFFFFFFFFFFFFFFFFFFFFFFFFFFFFFFFEF
:20112000FFFFFFFFFFFFFFFFFFFFFFFFFFFFFFFFFFFFFFFFFFFFFFFFFFFFFFFFFFFFFFFFCF
:20114000FFFFFFFFFFFFFFFFFFFFFFFFFFFFFFFFFFFFFFFFFFFFFFFFFFFFFFFFFFFFFFFFAF
:20116000FFFFFFFFFFFFFFFFFFFFFFFFFFFFFFFFFFFFFFFFFFFFFFFFFFFFFFFFFFFFFFFF8F
:20118000FFFFFFFFFFFFFFFFFFFFFFFFFFFFFFFFFFFFFFFFFFFFFFFFFFFFFFFFFFFFFFFF6F
:2011A000FFFFFFFFFFFFFFFFFFFFFFFFFFFFFFFFFFFFFFFFFFFFFFFFFFFFFFFFFFFFFFFF4F
:2011C000FFFFFFFFFFFFFFFFFFFFFFFFFFFFFFFFFFFFFFFFFFFFFFFFFFFFFFFFFFFFFFFF2F
:2011E000FFFFFFFFFFFFFFFFFFFFFFFFFFFFFFFFFFFFFFFFFFFFFFFFFFFFFFFFFFFFFFFF0F
:20120000FFFFFFFFFFFFFFFFFFFFFFFFFFFFFFFFFFFFFFFFFFFFFFFFFFFFFFFFFFFFFFFFEE
:20122000FFFFFFFFFFFFFFFFFFFFFFFFFFFFFFFFFFFFFFFFFFFFFFFFFFFFFFFFFFFFFFFFCE
:20124000FFFFFFFFFFFFFFFFFFFFFFFFFFFFFFFFFFFFFFFFFFFFFFFFFFFFFFFFFFFFFFFFAE
:20126000FFFFFFFFFFFFFFFFFFFFFFFFFFFFFFFFFFFFFFFFFFFFFFFFFFFFFFFFFFFFFFFF8E
:20128000FFFFFFFFFFFFFFFFFFFFFFFFFFFFFFFFFFFFFFFFFFFFFFFFFFFFFFFFFFFFFFFF6E
:2012A000FFFFFFFFFFFFFFFFFFFFFFFFFFFFFFFFFFFFFFFFFFFFFFFFFFFFFFFFFFFFFFFF4E
:2012C000FFFFFFFFFFFFFFFFFFFFFFFFFFFFFFFFFFFFFFFFFFFFFFFFFFFFFFFFFFFFFFFF2E
:2012E000FFFFFFFFFFFFFFFFFFFFFFFFFFFFFFFFFFFFFFFFFFFFFFFFFFFFFFFFFFFFFFFF0E
:20130000FFFFFFFFFFFFFFFFFFFFFFFFFFFFFFFFFFFFFFFFFFFFFFFFFFFFFFFFFFFFFFFFED
:20132000FFFFFFFFFFFFFFFFFFFFFFFFFFFFFFFFFFFFFFFFFFFFFFFFFFFFFFFFFFFFFFFFCD
:20134000FFFFFFFFFFFFFFFFFFFFFFFFFFFFFFFFFFFFFFFFFFFFFFFFFFFFFFFFFFFFFFFFAD
:20136000FFFFFFFFFFFFFFFFFFFFFFFFFFFFFFFFFFFFFFFFFFFFFFFFFFFFFFFFFFFFFFFF8D
:20138000FFFFFFFFFFFFFFFFFFFFFFFFFFFFFFFFFFFFFFFFFFFFFFFFFFFFFFFFFFFFFFFF6D
:2013A000FFFFFFFFFFFFFFFFFFFFFFFFFFFFFFFFFFFFFFFFFFFFFFFFFFFFFFFFFFFFFFFF4D
:2013C000FFFFFFFFFFFFFFFFFFFFFFFFFFFFFFFFFFFFFFFFFFFFFFFFFFFFFFFFFFFFFFFF2D
:2013E000FFFFFFFFFFFFFFFFFFFFFFFFFFFFFFFFFFFFFFFFFFFFFFFFFFFFFFFFFFFFFFFF0D
:20140000FFFFFFFFFFFFFFFFFFFFFFFFFFFFFFFFFFFFFFFFFFFFFFFFFFFFFFFFFFFFFFFFEC
:20142000FFFFFFFFFFFFFFFFFFFFFFFFFFFFFFFFFFFFFFFFFFFFFFFFFFFFFFFFFFFFFFFFCC
:20144000FFFFFFFFFFFFFFFFFFFFFFFFFFFFFFFFFFFFFFFFFFFFFFFFFFFFFFFFFFFFFFFFAC
:20146000FFFFFFFFFFFFFFFFFFFFFFFFFFFFFFFFFFFFFFFFFFFFFFFFFFFFFFFFFFFFFFFF8C
:20148000FFFFFFFFFFFFFFFFFFFFFFFFFFFFFFFFFFFFFFFFFFFFFFFFFFFFFFFFFFFFFFFF6C
:2014A000FFFFFFFFFFFFFFFFFFFFFFFFFFFFFFFFFFFFFFFFFFFFFFFFFFFFFFFFFFFFFFFF4C
:2014C000FFFFFFFFFFFFFFFFFFFFFFFFFFFFFFFFFFFFFFFFFFFFFFFFFFFFFFFFFFFFFFFF2C
:2014E000FFFFFFFFFFFFFFFFFFFFFFFFFFFFFFFFFFFFFFFFFFFFFFFFFFFFFFFFFFFFFFFF0C
:20150000FFFFFFFFFFFFFFFFFFFFFFFFFFFFFFFFFFFFFFFFFFFFFFFFFFFFFFFFFFFFFFFFEB
:20152000FFFFFFFFFFFFFFFFFFFFFFFFFFFFFFFFFFFFFFFFFFFFFFFFFFFFFFFFFFFFFFFFCB
:20154000FFFFFFFFFFFFFFFFFFFFFFFFFFFFFFFFFFFFFFFFFFFFFFFFFFFFFFFFFFFFFFFFAB
:20156000FFFFFFFFFFFFFFFFFFFFFFFFFFFFFFFFFFFFFFFFFFFFFFFFFFFFFFFFFFFFFFFF8B
:20158000FFFFFFFFFFFFFFFFFFFFFFFFFFFFFFFFFFFFFFFFFFFFFFFFFFFFFFFFFFFFFFFF6B
:2015A000FFFFFFFFFFFFFFFFFFFFFFFFFFFFFFFFFFFFFFFFFFFFFFFFFFFFFFFFFFFFFFFF4B
:2015C000FFFFFFFFFFFFFFFFFFFFFFFFFFFFFFFFFFFFFFFFFFFFFFFFFFFFFFFFFFFFFFFF2B
:2015E000FFFFFFFFFFFFFFFFFFFFFFFFFFFFFFFFFFFFFFFFFFFFFFFFFFFFFFFFFFFFFFFF0B
:20160000FFFFFFFFFFFFFFFFFFFFFFFFFFFFFFFFFFFFFFFFFFFFFFFFFFFFFFFFFFFFFFFFEA
:20162000FFFFFFFFFFFFFFFFFFFFFFFFFFFFFFFFFFFFFFFFFFFFFFFFFFFFFFFFFFFFFFFFCA
:20164000FFFFFFFFFFFFFFFFFFFFFFFFFFFFFFFFFFFFFFFFFFFFFFFFFFFFFFFFFFFFFFFFAA
:20166000FFFFFFFFFFFFFFFFFFFFFFFFFFFFFFFFFFFFFFFFFFFFFFFFFFFFFFFFFFFFFFFF8A
:20168000FFFFFFFFFFFFFFFFFFFFFFFFFFFFFFFFFFFFFFFFFFFFFFFFFFFFFFFFFFFFFFFF6A
:2016A000FFFFFFFFFFFFFFFFFFFFFFFFFFFFFFFFFFFFFFFFFFFFFFFFFFFFFFFFFFFFFFFF4A
:2016C000FFFFFFFFFFFFFFFFFFFFFFFFFFFFFFFFFFFFFFFFFFFFFFFFFFFFFFFFFFFFFFFF2A
:2016E000FFFFFFFFFFFFFFFFFFFFFFFFFFFFFFFFFFFFFFFFFFFFFFFFFFFFFFFFFFFFFFFF0A
:20170000FFFFFFFFFFFFFFFFFFFFFFFFFFFFFFFFFFFFFFFFFFFFFFFFFFFFFFFFFFFFFFFFE9
:20172000FFFFFFFFFFFFFFFFFFFFFFFFFFFFFFFFFFFFFFFFFFFFFFFFFFFFFFFFFFFFFFFFC9
:20174000FFFFFFFFFFFFFFFFFFFFFFFFFFFFFFFFFFFFFFFFFFFFFFFFFFFFFFFFFFFFFFFFA9
:20176000FFFFFFFFFFFFFFFFFFFFFFFFFFFFFFFFFFFFFFFFFFFFFFFFFFFFFFFFFFFFFFFF89
:20178000FFFFFFFFFFFFFFFFFFFFFFFFFFFFFFFFFFFFFFFFFFFFFFFFFFFFFFFFFFFFFFFF69
:2017A000FFFFFFFFFFFFFFFFFFFFFFFFFFFFFFFFFFFFFFFFFFFFFFFFFFFFFFFFFFFFFFFF49
:2017C000FFFFFFFFFFFFFFFFFFFFFFFFFFFFFFFFFFFFFFFFFFFFFFFFFFFFFFFFFFFFFFFF29
:2017E000FFFFFFFFFFFFFFFFFFFFFFFFFFFFFFFFFFFFFFFFFFFFFFFFFFFFFFFFFFFFFFFF09
:20180000FFFFFFFFFFFFFFFFFFFFFFFFFFFFFFFFFFFFFFFFFFFFFFFFFFFFFFFFFFFFFFFFE8
:20182000FFFFFFFFFFFFFFFFFFFFFFFFFFFFFFFFFFFFFFFFFFFFFFFFFFFFFFFFFFFFFFFFC8
:20184000FFFFFFFFFFFFFFFFFFFFFFFFFFFFFFFFFFFFFFFFFFFFFFFFFFFFFFFFFFFFFFFFA8
:20186000FFFFFFFFFFFFFFFFFFFFFFFFFFFFFFFFFFFFFFFFFFFFFFFFFFFFFFFFFFFFFFFF88
:20188000FFFFFFFFFFFFFFFFFFFFFFFFFFFFFFFFFFFFFFFFFFFFFFFFFFFFFFFFFFFFFFFF68
:2018A000FFFFFFFFFFFFFFFFFFFFFFFFFFFFFFFFFFFFFFFFFFFFFFFFFFFFFFFFFFFFFFFF48
:2018C000FFFFFFFFFFFFFFFFFFFFFFFFFFFFFFFFFFFFFFFFFFFFFFFFFFFFFFFFFFFFFFFF28
:2018E000FFFFFFFFFFFFFFFFFFFFFFFFFFFFFFFFFFFFFFFFFFFFFFFFFFFFFFFFFFFFFFFF08
:20190000FFFFFFFFFFFFFFFFFFFFFFFFFFFFFFFFFFFFFFFFFFFFFFFFFFFFFFFFFFFFFFFFE7
:20192000FFFFFFFFFFFFFFFFFFFFFFFFFFFFFFFFFFFFFFFFFFFFFFFFFFFFFFFFFFFFFFFFC7
:20194000FFFFFFFFFFFFFFFFFFFFFFFFFFFFFFFFFFFFFFFFFFFFFFFFFFFFFFFFFFFFFFFFA7
:20196000FFFFFFFFFFFFFFFFFFFFFFFFFFFFFFFFFFFFFFFFFFFFFFFFFFFFFFFFFFFFFFFF87
:20198000FFFFFFFFFFFFFFFFFFFFFFFFFFFFFFFFFFFFFFFFFFFFFFFFFFFFFFFFFFFFFFFF67
:2019A000FFFFFFFFFFFFFFFFFFFFFFFFFFFFFFFFFFFFFFFFFFFFFFFFFFFFFFFFFFFFFFFF47
:2019C000FFFFFFFFFFFFFFFFFFFFFFFFFFFFFFFFFFFFFFFFFFFFFFFFFFFFFFFFFFFFFFFF27
:2019E000FFFFFFFFFFFFFFFFFFFFFFFFFFFFFFFFFFFFFFFFFFFFFFFFFFFFFFFFFFFFFFFF07
:201A0000FFFFFFFFFFFFFFFFFFFFFFFFFFFFFFFFFFFFFFFFFFFFFFFFFFFFFFFFFFFFFFFFE6
:201A2000FFFFFFFFFFFFFFFFFFFFFFFFFFFFFFFFFFFFFFFFFFFFFFFFFFFFFFFFFFFFFFFFC6
:201A4000FFFFFFFFFFFFFFFFFFFFFFFFFFFFFFFFFFFFFFFFFFFFFFFFFFFFFFFFFFFFFFFFA6
:201A6000FFFFFFFFFFFFFFFFFFFFFFFFFFFFFFFFFFFFFFFFFFFFFFFFFFFFFFFFFFFFFFFF86
:201A8000FFFFFFFFFFFFFFFFFFFFFFFFFFFFFFFFFFFFFFFFFFFFFFFFFFFFFFFFFFFFFFFF66
:201AA000FFFFFFFFFFFFFFFFFFFFFFFFFFFFFFFFFFFFFFFFFFFFFFFFFFFFFFFFFFFFFFFF46
:201AC000FFFFFFFFFFFFFFFFFFFFFFFFFFFFFFFFFFFFFFFFFFFFFFFFFFFFFFFFFFFFFFFF26
:201AE000FFFFFFFFFFFFFFFFFFFFFFFFFFFFFFFFFFFFFFFFFFFFFFFFFFFFFFFFFFFFFFFF06
:201B0000FFFFFFFFFFFFFFFFFFFFFFFFFFFFFFFFFFFFFFFFFFFFFFFFFFFFFFFFFFFFFFFFE5
:201B2000FFFFFFFFFFFFFFFFFFFFFFFFFFFFFFFFFFFFFFFFFFFFFFFFFFFFFFFFFFFFFFFFC5
:201B4000FFFFFFFFFFFFFFFFFFFFFFFFFFFFFFFFFFFFFFFFFFFFFFFFFFFFFFFFFFFFFFFFA5
:201B6000FFFFFFFFFFFFFFFFFFFFFFFFFFFFFFFFFFFFFFFFFFFFFFFFFFFFFFFFFFFFFFFF85
:201B8000FFFFFFFFFFFFFFFFFFFFFFFFFFFFFFFFFFFFFFFFFFFFFFFFFFFFFFFFFFFFFFFF65
:201BA000FFFFFFFFFFFFFFFFFFFFFFFFFFFFFFFFFFFFFFFFFFFFFFFFFFFFFFFFFFFFFFFF45
:201BC000FFFFFFFFFFFFFFFFFFFFFFFFFFFFFFFFFFFFFFFFFFFFFFFFFFFFFFFFFFFFFFFF25
:201BE000FFFFFFFFFFFFFFFFFFFFFFFFFFFFFFFFFFFFFFFFFFFFFFFFFFFFFFFFFFFFFFFF05
:201C0000FFFFFFFFFFFFFFFFFFFFFFFFFFFFFFFFFFFFFFFFFFFFFFFFFFFFFFFFFFFFFFFFE4
:201C2000FFFFFFFFFFFFFFFFFFFFFFFFFFFFFFFFFFFFFFFFFFFFFFFFFFFFFFFFFFFFFFFFC4
:201C4000FFFFFFFFFFFFFFFFFFFFFFFFFFFFFFFFFFFFFFFFFFFFFFFFFFFFFFFFFFFFFFFFA4
:201C6000FFFFFFFFFFFFFFFFFFFFFFFFFFFFFFFFFFFFFFFFFFFFFFFFFFFFFFFFFFFFFFFF84
:201C8000FFFFFFFFFFFFFFFFFFFFFFFFFFFFFFFFFFFFFFFFFFFFFFFFFFFFFFFFFFFFFFFF64
:201CA000FFFFFFFFFFFFFFFFFFFFFFFFFFFFFFFFFFFFFFFFFFFFFFFFFFFFFFFFFFFFFFFF44
:201CC000FFFFFFFFFFFFFFFFFFFFFFFFFFFFFFFFFFFFFFFFFFFFFFFFFFFFFFFFFFFFFFFF24
:201CE000FFFFFFFFFFFFFFFFFFFFFFFFFFFFFFFFFFFFFFFFFFFFFFFFFFFFFFFFFFFFFFFF04
:201D0000FFFFFFFFFFFFFFFFFFFFFFFFFFFFFFFFFFFFFFFFFFFFFFFFFFFFFFFFFFFFFFFFE3
:201D2000FFFFFFFFFFFFFFFFFFFFFFFFFFFFFFFFFFFFFFFFFFFFFFFFFFFFFFFFFFFFFFFFC3
:201D4000FFFFFFFFFFFFFFFFFFFFFFFFFFFFFFFFFFFFFFFFFFFFFFFFFFFFFFFFFFFFFFFFA3
:201D6000FFFFFFFFFFFFFFFFFFFFFFFFFFFFFFFFFFFFFFFFFFFFFFFFFFFFFFFFFFFFFFFF83
:201D8000FFFFFFFFFFFFFFFFFFFFFFFFFFFFFFFFFFFFFFFFFFFFFFFFFFFFFFFFFFFFFFFF63
:201DA000FFFFFFFFFFFFFFFFFFFFFFFFFFFFFFFFFFFFFFFFFFFFFFFFFFFFFFFFFFFFFFFF43
:201DC000FFFFFFFFFFFFFFFFFFFFFFFFFFFFFFFFFFFFFFFFFFFFFFFFFFFFFFFFFFFFFFFF23
:201DE000FFFFFFFFFFFFFFFFFFFFFFFFFFFFFFFFFFFFFFFFFFFFFFFFFFFFFFFFFFFFFFFF03
:201E0000FFFFFFFFFFFFFFFFFFFFFFFFFFFFFFFFFFFFFFFFFFFFFFFFFFFFFFFFFFFFFFFFE2
:201E2000FFFFFFFFFFFFFFFFFFFFFFFFFFFFFFFFFFFFFFFFFFFFFFFFFFFFFFFFFFFFFFFFC2
:201E4000FFFFFFFFFFFFFFFFFFFFFFFFFFFFFFFFFFFFFFFFFFFFFFFFFFFFFFFFFFFFFFFFA2
:201E6000FFFFFFFFFFFFFFFFFFFFFFFFFFFFFFFFFFFFFFFFFFFFFFFFFFFFFFFFFFFFFFFF82
:201E8000FFFFFFFFFFFFFFFFFFFFFFFFFFFFFFFFFFFFFFFFFFFFFFFFFFFFFFFFFFFFFFFF62
:201EA000FFFFFFFFFFFFFFFFFFFFFFFFFFFFFFFFFFFFFFFFFFFFFFFFFFFFFFFFFFFFFFFF42
:201EC000FFFFFFFFFFFFFFFFFFFFFFFFFFFFFFFFFFFFFFFFFFFFFFFFFFFFFFFFFFFFFFFF22
:201EE000FFFFFFFFFFFFFFFFFFFFFFFFFFFFFFFFFFFFFFFFFFFFFFFFFFFFFFFFFFFFFFFF02
:201F0000FFFFFFFFFFFFFFFFFFFFFFFFFFFFFFFFFFFFFFFFFFFFFFFFFFFFFFFFFFFFFFFFE1
:201F2000FFFFFFFFFFFFFFFFFFFFFFFFFFFFFFFFFFFFFFFFFFFFFFFFFFFFFFFFFFFFFFFFC1
:201F4000FFFFFFFFFFFFFFFFFFFFFFFFFFFFFFFFFFFFFFFFFFFFFFFFFFFFFFFFFFFFFFFFA1
:201F6000FFFFFFFFFFFFFFFFFFFFFFFFFFFFFFFFFFFFFFFFFFFFFFFFFFFFFFFFFFFFFFFF81
:201F8000FFFFFFFFFFFFFFFFFFFFFFFFFFFFFFFFFFFFFFFFFFFFFFFFFFFFFFFFFFFFFFFF61
:201FA000FFFFFFFFFFFFFFFFFFFFFFFFFFFFFFFFFFFFFFFFFFFFFFFFFFFFFFFFFFFFFFFF41
:201FC000FFFFFFFFFFFFFFFFFFFFFFFFFFFFFFFFFFFFFFFFFFFFFFFFFFFFFFFFFFFFFFFF21
:201FE000FFFFFFFFFFFFFFFFFFFFFFFFFFFFFFFFFFFFFFFFFFFFFFFFFFFFFFFFFFFFFFFF01
:20200000FFFFFFFFFFFFFFFFFFFFFFFFFFFFFFFFFFFFFFFFFFFFFFFFFFFFFFFFFFFFFFFFE0
:20202000FFFFFFFFFFFFFFFFFFFFFFFFFFFFFFFFFFFFFFFFFFFFFFFFFFFFFFFFFFFFFFFFC0
:20204000FFFFFFFFFFFFFFFFFFFFFFFFFFFFFFFFFFFFFFFFFFFFFFFFFFFFFFFFFFFFFFFFA0
:20206000FFFFFFFFFFFFFFFFFFFFFFFFFFFFFFFFFFFFFFFFFFFFFFFFFFFFFFFFFFFFFFFF80
:20208000FFFFFFFFFFFFFFFFFFFFFFFFFFFFFFFFFFFFFFFFFFFFFFFFFFFFFFFFFFFFFFFF60
:2020A000FFFFFFFFFFFFFFFFFFFFFFFFFFFFFFFFFFFFFFFFFFFFFFFFFFFFFFFFFFFFFFFF40
:2020C000FFFFFFFFFFFFFFFFFFFFFFFFFFFFFFFFFFFFFFFFFFFFFFFFFFFFFFFFFFFFFFFF20
:2020E000FFFFFFFFFFFFFFFFFFFFFFFFFFFFFFFFFFFFFFFFFFFFFFFFFFFFFFFFFFFFFFFF00
:20210000FFFFFFFFFFFFFFFFFFFFFFFFFFFFFFFFFFFFFFFFFFFFFFFFFFFFFFFFFFFFFFFFDF
:20212000FFFFFFFFFFFFFFFFFFFFFFFFFFFFFFFFFFFFFFFFFFFFFFFFFFFFFFFFFFFFFFFFBF
:20214000FFFFFFFFFFFFFFFFFFFFFFFFFFFFFFFFFFFFFFFFFFFFFFFFFFFFFFFFFFFFFFFF9F
:20216000FFFFFFFFFFFFFFFFFFFFFFFFFFFFFFFFFFFFFFFFFFFFFFFFFFFFFFFFFFFFFFFF7F
:20218000FFFFFFFFFFFFFFFFFFFFFFFFFFFFFFFFFFFFFFFFFFFFFFFFFFFFFFFFFFFFFFFF5F
:2021A000FFFFFFFFFFFFFFFFFFFFFFFFFFFFFFFFFFFFFFFFFFFFFFFFFFFFFFFFFFFFFFFF3F
:2021C000FFFFFFFFFFFFFFFFFFFFFFFFFFFFFFFFFFFFFFFFFFFFFFFFFFFFFFFFFFFFFFFF1F
:2021E000FFFFFFFFFFFFFFFFFFFFFFFFFFFFFFFFFFFFFFFFFFFFFFFFFFFFFFFFFFFFFFFFFF
:20220000FFFFFFFFFFFFFFFFFFFFFFFFFFFFFFFFFFFFFFFFFFFFFFFFFFFFFFFFFFFFFFFFDE
:20222000FFFFFFFFFFFFFFFFFFFFFFFFFFFFFFFFFFFFFFFFFFFFFFFFFFFFFFFFFFFFFFFFBE
:20224000FFFFFFFFFFFFFFFFFFFFFFFFFFFFFFFFFFFFFFFFFFFFFFFFFFFFFFFFFFFFFFFF9E
:20226000FFFFFFFFFFFFFFFFFFFFFFFFFFFFFFFFFFFFFFFFFFFFFFFFFFFFFFFFFFFFFFFF7E
:20228000FFFFFFFFFFFFFFFFFFFFFFFFFFFFFFFFFFFFFFFFFFFFFFFFFFFFFFFFFFFFFFFF5E
:2022A000FFFFFFFFFFFFFFFFFFFFFFFFFFFFFFFFFFFFFFFFFFFFFFFFFFFFFFFFFFFFFFFF3E
:2022C000FFFFFFFFFFFFFFFFFFFFFFFFFFFFFFFFFFFFFFFFFFFFFFFFFFFFFFFFFFFFFFFF1E
:2022E000FFFFFFFFFFFFFFFFFFFFFFFFFFFFFFFFFFFFFFFFFFFFFFFFFFFFFFFFFFFFFFFFFE
:20230000FFFFFFFFFFFFFFFFFFFFFFFFFFFFFFFFFFFFFFFFFFFFFFFFFFFFFFFFFFFFFFFFDD
:20232000FFFFFFFFFFFFFFFFFFFFFFFFFFFFFFFFFFFFFFFFFFFFFFFFFFFFFFFFFFFFFFFFBD
:20234000FFFFFFFFFFFFFFFFFFFFFFFFFFFFFFFFFFFFFFFFFFFFFFFFFFFFFFFFFFFFFFFF9D
:20236000FFFFFFFFFFFFFFFFFFFFFFFFFFFFFFFFFFFFFFFFFFFFFFFFFFFFFFFFFFFFFFFF7D
:20238000FFFFFFFFFFFFFFFFFFFFFFFFFFFFFFFFFFFFFFFFFFFFFFFFFFFFFFFFFFFFFFFF5D
:2023A000FFFFFFFFFFFFFFFFFFFFFFFFFFFFFFFFFFFFFFFFFFFFFFFFFFFFFFFFFFFFFFFF3D
:2023C000FFFFFFFFFFFFFFFFFFFFFFFFFFFFFFFFFFFFFFFFFFFFFFFFFFFFFFFFFFFFFFFF1D
:2023E000FFFFFFFFFFFFFFFFFFFFFFFFFFFFFFFFFFFFFFFFFFFFFFFFFFFFFFFFFFFFFFFFFD
:20240000FFFFFFFFFFFFFFFFFFFFFFFFFFFFFFFFFFFFFFFFFFFFFFFFFFFFFFFFFFFFFFFFDC
:20242000FFFFFFFFFFFFFFFFFFFFFFFFFFFFFFFFFFFFFFFFFFFFFFFFFFFFFFFFFFFFFFFFBC
:20244000FFFFFFFFFFFFFFFFFFFFFFFFFFFFFFFFFFFFFFFFFFFFFFFFFFFFFFFFFFFFFFFF9C
:20246000FFFFFFFFFFFFFFFFFFFFFFFFFFFFFFFFFFFFFFFFFFFFFFFFFFFFFFFFFFFFFFFF7C
:20248000FFFFFFFFFFFFFFFFFFFFFFFFFFFFFFFFFFFFFFFFFFFFFFFFFFFFFFFFFFFFFFFF5C
:2024A000FFFFFFFFFFFFFFFFFFFFFFFFFFFFFFFFFFFFFFFFFFFFFFFFFFFFFFFFFFFFFFFF3C
:2024C000FFFFFFFFFFFFFFFFFFFFFFFFFFFFFFFFFFFFFFFFFFFFFFFFFFFFFFFFFFFFFFFF1C
:2024E000FFFFFFFFFFFFFFFFFFFFFFFFFFFFFFFFFFFFFFFFFFFFFFFFFFFFFFFFFFFFFFFFFC
:20250000FFFFFFFFFFFFFFFFFFFFFFFFFFFFFFFFFFFFFFFFFFFFFFFFFFFFFFFFFFFFFFFFDB
:20252000FFFFFFFFFFFFFFFFFFFFFFFFFFFFFFFFFFFFFFFFFFFFFFFFFFFFFFFFFFFFFFFFBB
:20254000FFFFFFFFFFFFFFFFFFFFFFFFFFFFFFFFFFFFFFFFFFFFFFFFFFFFFFFFFFFFFFFF9B
:20256000FFFFFFFFFFFFFFFFFFFFFFFFFFFFFFFFFFFFFFFFFFFFFFFFFFFFFFFFFFFFFFFF7B
:20258000FFFFFFFFFFFFFFFFFFFFFFFFFFFFFFFFFFFFFFFFFFFFFFFFFFFFFFFFFFFFFFFF5B
:2025A000FFFFFFFFFFFFFFFFFFFFFFFFFFFFFFFFFFFFFFFFFFFFFFFFFFFFFFFFFFFFFFFF3B
:2025C000FFFFFFFFFFFFFFFFFFFFFFFFFFFFFFFFFFFFFFFFFFFFFFFFFFFFFFFFFFFFFFFF1B
:2025E000FFFFFFFFFFFFFFFFFFFFFFFFFFFFFFFFFFFFFFFFFFFFFFFFFFFFFFFFFFFFFFFFFB
:20260000FFFFFFFFFFFFFFFFFFFFFFFFFFFFFFFFFFFFFFFFFFFFFFFFFFFFFFFFFFFFFFFFDA
:20262000FFFFFFFFFFFFFFFFFFFFFFFFFFFFFFFFFFFFFFFFFFFFFFFFFFFFFFFFFFFFFFFFBA
:20264000FFFFFFFFFFFFFFFFFFFFFFFFFFFFFFFFFFFFFFFFFFFFFFFFFFFFFFFFFFFFFFFF9A
:20266000FFFFFFFFFFFFFFFFFFFFFFFFFFFFFFFFFFFFFFFFFFFFFFFFFFFFFFFFFFFFFFFF7A
:20268000FFFFFFFFFFFFFFFFFFFFFFFFFFFFFFFFFFFFFFFFFFFFFFFFFFFFFFFFFFFFFFFF5A
:2026A000FFFFFFFFFFFFFFFFFFFFFFFFFFFFFFFFFFFFFFFFFFFFFFFFFFFFFFFFFFFFFFFF3A
:2026C000FFFFFFFFFFFFFFFFFFFFFFFFFFFFFFFFFFFFFFFFFFFFFFFFFFFFFFFFFFFFFFFF1A
:2026E000FFFFFFFFFFFFFFFFFFFFFFFFFFFFFFFFFFFFFFFFFFFFFFFFFFFFFFFFFFFFFFFFFA
:20270000FFFFFFFFFFFFFFFFFFFFFFFFFFFFFFFFFFFFFFFFFFFFFFFFFFFFFFFFFFFFFFFFD9
:20272000FFFFFFFFFFFFFFFFFFFFFFFFFFFFFFFFFFFFFFFFFFFFFFFFFFFFFFFFFFFFFFFFB9
:20274000FFFFFFFFFFFFFFFFFFFFFFFFFFFFFFFFFFFFFFFFFFFFFFFFFFFFFFFFFFFFFFFF99
:20276000FFFFFFFFFFFFFFFFFFFFFFFFFFFFFFFFFFFFFFFFFFFFFFFFFFFFFFFFFFFFFFFF79
:20278000FFFFFFFFFFFFFFFFFFFFFFFFFFFFFFFFFFFFFFFFFFFFFFFFFFFFFFFFFFFFFFFF59
:2027A000FFFFFFFFFFFFFFFFFFFFFFFFFFFFFFFFFFFFFFFFFFFFFFFFFFFFFFFFFFFFFFFF39
:2027C000FFFFFFFFFFFFFFFFFFFFFFFFFFFFFFFFFFFFFFFFFFFFFFFFFFFFFFFFFFFFFFFF19
:2027E000FFFFFFFFFFFFFFFFFFFFFFFFFFFFFFFFFFFFFFFFFFFFFFFFFFFFFFFFFFFFFFFFF9
:20280000FFFFFFFFFFFFFFFFFFFFFFFFFFFFFFFFFFFFFFFFFFFFFFFFFFFFFFFFFFFFFFFFD8
:20282000FFFFFFFFFFFFFFFFFFFFFFFFFFFFFFFFFFFFFFFFFFFFFFFFFFFFFFFFFFFFFFFFB8
:20284000FFFFFFFFFFFFFFFFFFFFFFFFFFFFFFFFFFFFFFFFFFFFFFFFFFFFFFFFFFFFFFFF98
:20286000FFFFFFFFFFFFFFFFFFFFFFFFFFFFFFFFFFFFFFFFFFFFFFFFFFFFFFFFFFFFFFFF78
:20288000FFFFFFFFFFFFFFFFFFFFFFFFFFFFFFFFFFFFFFFFFFFFFFFFFFFFFFFFFFFFFFFF58
:2028A000FFFFFFFFFFFFFFFFFFFFFFFFFFFFFFFFFFFFFFFFFFFFFFFFFFFFFFFFFFFFFFFF38
:2028C000FFFFFFFFFFFFFFFFFFFFFFFFFFFFFFFFFFFFFFFFFFFFFFFFFFFFFFFFFFFFFFFF18
:2028E000FFFFFFFFFFFFFFFFFFFFFFFFFFFFFFFFFFFFFFFFFFFFFFFFFFFFFFFFFFFFFFFFF8
:20290000FFFFFFFFFFFFFFFFFFFFFFFFFFFFFFFFFFFFFFFFFFFFFFFFFFFFFFFFFFFFFFFFD7
:20292000FFFFFFFFFFFFFFFFFFFFFFFFFFFFFFFFFFFFFFFFFFFFFFFFFFFFFFFFFFFFFFFFB7
:20294000FFFFFFFFFFFFFFFFFFFFFFFFFFFFFFFFFFFFFFFFFFFFFFFFFFFFFFFFFFFFFFFF97
:20296000FFFFFFFFFFFFFFFFFFFFFFFFFFFFFFFFFFFFFFFFFFFFFFFFFFFFFFFFFFFFFFFF77
:20298000FFFFFFFFFFFFFFFFFFFFFFFFFFFFFFFFFFFFFFFFFFFFFFFFFFFFFFFFFFFFFFFF57
:2029A000FFFFFFFFFFFFFFFFFFFFFFFFFFFFFFFFFFFFFFFFFFFFFFFFFFFFFFFFFFFFFFFF37
:2029C000FFFFFFFFFFFFFFFFFFFFFFFFFFFFFFFFFFFFFFFFFFFFFFFFFFFFFFFFFFFFFFFF17
:2029E000FFFFFFFFFFFFFFFFFFFFFFFFFFFFFFFFFFFFFFFFFFFFFFFFFFFFFFFFFFFFFFFFF7
:202A0000FFFFFFFFFFFFFFFFFFFFFFFFFFFFFFFFFFFFFFFFFFFFFFFFFFFFFFFFFFFFFFFFD6
:202A2000FFFFFFFFFFFFFFFFFFFFFFFFFFFFFFFFFFFFFFFFFFFFFFFFFFFFFFFFFFFFFFFFB6
:202A4000FFFFFFFFFFFFFFFFFFFFFFFFFFFFFFFFFFFFFFFFFFFFFFFFFFFFFFFFFFFFFFFF96
:202A6000FFFFFFFFFFFFFFFFFFFFFFFFFFFFFFFFFFFFFFFFFFFFFFFFFFFFFFFFFFFFFFFF76
:202A8000FFFFFFFFFFFFFFFFFFFFFFFFFFFFFFFFFFFFFFFFFFFFFFFFFFFFFFFFFFFFFFFF56
:202AA000FFFFFFFFFFFFFFFFFFFFFFFFFFFFFFFFFFFFFFFFFFFFFFFFFFFFFFFFFFFFFFFF36
:202AC000FFFFFFFFFFFFFFFFFFFFFFFFFFFFFFFFFFFFFFFFFFFFFFFFFFFFFFFFFFFFFFFF16
:202AE000FFFFFFFFFFFFFFFFFFFFFFFFFFFFFFFFFFFFFFFFFFFFFFFFFFFFFFFFFFFFFFFFF6
:202B0000FFFFFFFFFFFFFFFFFFFFFFFFFFFFFFFFFFFFFFFFFFFFFFFFFFFFFFFFFFFFFFFFD5
:202B2000FFFFFFFFFFFFFFFFFFFFFFFFFFFFFFFFFFFFFFFFFFFFFFFFFFFFFFFFFFFFFFFFB5
:202B4000FFFFFFFFFFFFFFFFFFFFFFFFFFFFFFFFFFFFFFFFFFFFFFFFFFFFFFFFFFFFFFFF95
:202B6000FFFFFFFFFFFFFFFFFFFFFFFFFFFFFFFFFFFFFFFFFFFFFFFFFFFFFFFFFFFFFFFF75
:202B8000FFFFFFFFFFFFFFFFFFFFFFFFFFFFFFFFFFFFFFFFFFFFFFFFFFFFFFFFFFFFFFFF55
:202BA000FFFFFFFFFFFFFFFFFFFFFFFFFFFFFFFFFFFFFFFFFFFFFFFFFFFFFFFFFFFFFFFF35
:202BC000FFFFFFFFFFFFFFFFFFFFFFFFFFFFFFFFFFFFFFFFFFFFFFFFFFFFFFFFFFFFFFFF15
:202BE000FFFFFFFFFFFFFFFFFFFFFFFFFFFFFFFFFFFFFFFFFFFFFFFFFFFFFFFFFFFFFFFFF5
:202C0000FFFFFFFFFFFFFFFFFFFFFFFFFFFFFFFFFFFFFFFFFFFFFFFFFFFFFFFFFFFFFFFFD4
:202C2000FFFFFFFFFFFFFFFFFFFFFFFFFFFFFFFFFFFFFFFFFFFFFFFFFFFFFFFFFFFFFFFFB4
:202C4000FFFFFFFFFFFFFFFFFFFFFFFFFFFFFFFFFFFFFFFFFFFFFFFFFFFFFFFFFFFFFFFF94
:202C6000FFFFFFFFFFFFFFFFFFFFFFFFFFFFFFFFFFFFFFFFFFFFFFFFFFFFFFFFFFFFFFFF74
:202C8000FFFFFFFFFFFFFFFFFFFFFFFFFFFFFFFFFFFFFFFFFFFFFFFFFFFFFFFFFFFFFFFF54
:202CA000FFFFFFFFFFFFFFFFFFFFFFFFFFFFFFFFFFFFFFFFFFFFFFFFFFFFFFFFFFFFFFFF34
:202CC000FFFFFFFFFFFFFFFFFFFFFFFFFFFFFFFFFFFFFFFFFFFFFFFFFFFFFFFFFFFFFFFF14
:202CE000FFFFFFFFFFFFFFFFFFFFFFFFFFFFFFFFFFFFFFFFFFFFFFFFFFFFFFFFFFFFFFFFF4
:202D0000FFFFFFFFFFFFFFFFFFFFFFFFFFFFFFFFFFFFFFFFFFFFFFFFFFFFFFFFFFFFFFFFD3
:202D2000FFFFFFFFFFFFFFFFFFFFFFFFFFFFFFFFFFFFFFFFFFFFFFFFFFFFFFFFFFFFFFFFB3
:202D4000FFFFFFFFFFFFFFFFFFFFFFFFFFFFFFFFFFFFFFFFFFFFFFFFFFFFFFFFFFFFFFFF93
:202D6000FFFFFFFFFFFFFFFFFFFFFFFFFFFFFFFFFFFFFFFFFFFFFFFFFFFFFFFFFFFFFFFF73
:202D8000FFFFFFFFFFFFFFFFFFFFFFFFFFFFFFFFFFFFFFFFFFFFFFFFFFFFFFFFFFFFFFFF53
:202DA000FFFFFFFFFFFFFFFFFFFFFFFFFFFFFFFFFFFFFFFFFFFFFFFFFFFFFFFFFFFFFFFF33
:202DC000FFFFFFFFFFFFFFFFFFFFFFFFFFFFFFFFFFFFFFFFFFFFFFFFFFFFFFFFFFFFFFFF13
:202DE000FFFFFFFFFFFFFFFFFFFFFFFFFFFFFFFFFFFFFFFFFFFFFFFFFFFFFFFFFFFFFFFFF3
:202E0000FFFFFFFFFFFFFFFFFFFFFFFFFFFFFFFFFFFFFFFFFFFFFFFFFFFFFFFFFFFFFFFFD2
:202E2000FFFFFFFFFFFFFFFFFFFFFFFFFFFFFFFFFFFFFFFFFFFFFFFFFFFFFFFFFFFFFFFFB2
:202E4000FFFFFFFFFFFFFFFFFFFFFFFFFFFFFFFFFFFFFFFFFFFFFFFFFFFFFFFFFFFFFFFF92
:202E6000FFFFFFFFFFFFFFFFFFFFFFFFFFFFFFFFFFFFFFFFFFFFFFFFFFFFFFFFFFFFFFFF72
:202E8000FFFFFFFFFFFFFFFFFFFFFFFFFFFFFFFFFFFFFFFFFFFFFFFFFFFFFFFFFFFFFFFF52
:202EA000FFFFFFFFFFFFFFFFFFFFFFFFFFFFFFFFFFFFFFFFFFFFFFFFFFFFFFFFFFFFFFFF32
:202EC000FFFFFFFFFFFFFFFFFFFFFFFFFFFFFFFFFFFFFFFFFFFFFFFFFFFFFFFFFFFFFFFF12
:202EE000FFFFFFFFFFFFFFFFFFFFFFFFFFFFFFFFFFFFFFFFFFFFFFFFFFFFFFFFFFFFFFFFF2
:202F0000FFFFFFFFFFFFFFFFFFFFFFFFFFFFFFFFFFFFFFFFFFFFFFFFFFFFFFFFFFFFFFFFD1
:202F2000FFFFFFFFFFFFFFFFFFFFFFFFFFFFFFFFFFFFFFFFFFFFFFFFFFFFFFFFFFFFFFFFB1
:202F4000FFFFFFFFFFFFFFFFFFFFFFFFFFFFFFFFFFFFFFFFFFFFFFFFFFFFFFFFFFFFFFFF91
:202F6000FFFFFFFFFFFFFFFFFFFFFFFFFFFFFFFFFFFFFFFFFFFFFFFFFFFFFFFFFFFFFFFF71
:202F8000FFFFFFFFFFFFFFFFFFFFFFFFFFFFFFFFFFFFFFFFFFFFFFFFFFFFFFFFFFFFFFFF51
:202FA000FFFFFFFFFFFFFFFFFFFFFFFFFFFFFFFFFFFFFFFFFFFFFFFFFFFFFFFFFFFFFFFF31
:202FC000FFFFFFFFFFFFFFFFFFFFFFFFFFFFFFFFFFFFFFFFFFFFFFFFFFFFFFFFFFFFFFFF11
:202FE000FFFFFFFFFFFFFFFFFFFFFFFFFFFFFFFFFFFFFFFFFFFFFFFFFFFFFFFFFFFFFFFFF1
:20300000FFFFFFFFFFFFFFFFFFFFFFFFFFFFFFFFFFFFFFFFFFFFFFFFFFFFFFFFFFFFFFFFD0
:20302000FFFFFFFFFFFFFFFFFFFFFFFFFFFFFFFFFFFFFFFFFFFFFFFFFFFFFFFFFFFFFFFFB0
:20304000FFFFFFFFFFFFFFFFFFFFFFFFFFFFFFFFFFFFFFFFFFFFFFFFFFFFFFFFFFFFFFFF90
:20306000FFFFFFFFFFFFFFFFFFFFFFFFFFFFFFFFFFFFFFFFFFFFFFFFFFFFFFFFFFFFFFFF70
:20308000FFFFFFFFFFFFFFFFFFFFFFFFFFFFFFFFFFFFFFFFFFFFFFFFFFFFFFFFFFFFFFFF50
:2030A000FFFFFFFFFFFFFFFFFFFFFFFFFFFFFFFFFFFFFFFFFFFFFFFFFFFFFFFFFFFFFFFF30
:2030C000FFFFFFFFFFFFFFFFFFFFFFFFFFFFFFFFFFFFFFFFFFFFFFFFFFFFFFFFFFFFFFFF10
:2030E000FFFFFFFFFFFFFFFFFFFFFFFFFFFFFFFFFFFFFFFFFFFFFFFFFFFFFFFFFFFFFFFFF0
:20310000FFFFFFFFFFFFFFFFFFFFFFFFFFFFFFFFFFFFFFFFFFFFFFFFFFFFFFFFFFFFFFFFCF
:20312000FFFFFFFFFFFFFFFFFFFFFFFFFFFFFFFFFFFFFFFFFFFFFFFFFFFFFFFFFFFFFFFFAF
:20314000FFFFFFFFFFFFFFFFFFFFFFFFFFFFFFFFFFFFFFFFFFFFFFFFFFFFFFFFFFFFFFFF8F
:20316000FFFFFFFFFFFFFFFFFFFFFFFFFFFFFFFFFFFFFFFFFFFFFFFFFFFFFFFFFFFFFFFF6F
:20318000FFFFFFFFFFFFFFFFFFFFFFFFFFFFFFFFFFFFFFFFFFFFFFFFFFFFFFFFFFFFFFFF4F
:2031A000FFFFFFFFFFFFFFFFFFFFFFFFFFFFFFFFFFFFFFFFFFFFFFFFFFFFFFFFFFFFFFFF2F
:2031C000FFFFFFFFFFFFFFFFFFFFFFFFFFFFFFFFFFFFFFFFFFFFFFFFFFFFFFFFFFFFFFFF0F
:2031E000FFFFFFFFFFFFFFFFFFFFFFFFFFFFFFFFFFFFFFFFFFFFFFFFFFFFFFFFFFFFFFFFEF
:20320000FFFFFFFFFFFFFFFFFFFFFFFFFFFFFFFFFFFFFFFFFFFFFFFFFFFFFFFFFFFFFFFFCE
:20322000FFFFFFFFFFFFFFFFFFFFFFFFFFFFFFFFFFFFFFFFFFFFFFFFFFFFFFFFFFFFFFFFAE
:20324000FFFFFFFFFFFFFFFFFFFFFFFFFFFFFFFFFFFFFFFFFFFFFFFFFFFFFFFFFFFFFFFF8E
:20326000FFFFFFFFFFFFFFFFFFFFFFFFFFFFFFFFFFFFFFFFFFFFFFFFFFFFFFFFFFFFFFFF6E
:20328000FFFFFFFFFFFFFFFFFFFFFFFFFFFFFFFFFFFFFFFFFFFFFFFFFFFFFFFFFFFFFFFF4E
:2032A000FFFFFFFFFFFFFFFFFFFFFFFFFFFFFFFFFFFFFFFFFFFFFFFFFFFFFFFFFFFFFFFF2E
:2032C000FFFFFFFFFFFFFFFFFFFFFFFFFFFFFFFFFFFFFFFFFFFFFFFFFFFFFFFFFFFFFFFF0E
:2032E000FFFFFFFFFFFFFFFFFFFFFFFFFFFFFFFFFFFFFFFFFFFFFFFFFFFFFFFFFFFFFFFFEE
:20330000FFFFFFFFFFFFFFFFFFFFFFFFFFFFFFFFFFFFFFFFFFFFFFFFFFFFFFFFFFFFFFFFCD
:20332000FFFFFFFFFFFFFFFFFFFFFFFFFFFFFFFFFFFFFFFFFFFFFFFFFFFFFFFFFFFFFFFFAD
:20334000FFFFFFFFFFFFFFFFFFFFFFFFFFFFFFFFFFFFFFFFFFFFFFFFFFFFFFFFFFFFFFFF8D
:20336000FFFFFFFFFFFFFFFFFFFFFFFFFFFFFFFFFFFFFFFFFFFFFFFFFFFFFFFFFFFFFFFF6D
:20338000FFFFFFFFFFFFFFFFFFFFFFFFFFFFFFFFFFFFFFFFFFFFFFFFFFFFFFFFFFFFFFFF4D
:2033A000FFFFFFFFFFFFFFFFFFFFFFFFFFFFFFFFFFFFFFFFFFFFFFFFFFFFFFFFFFFFFFFF2D
:2033C000FFFFFFFFFFFFFFFFFFFFFFFFFFFFFFFFFFFFFFFFFFFFFFFFFFFFFFFFFFFFFFFF0D
:2033E000FFFFFFFFFFFFFFFFFFFFFFFFFFFFFFFFFFFFFFFFFFFFFFFFFFFFFFFFFFFFFFFFED
:20340000FFFFFFFFFFFFFFFFFFFFFFFFFFFFFFFFFFFFFFFFFFFFFFFFFFFFFFFFFFFFFFFFCC
:20342000FFFFFFFFFFFFFFFFFFFFFFFFFFFFFFFFFFFFFFFFFFFFFFFFFFFFFFFFFFFFFFFFAC
:20344000FFFFFFFFFFFFFFFFFFFFFFFFFFFFFFFFFFFFFFFFFFFFFFFFFFFFFFFFFFFFFFFF8C
:20346000FFFFFFFFFFFFFFFFFFFFFFFFFFFFFFFFFFFFFFFFFFFFFFFFFFFFFFFFFFFFFFFF6C
:20348000FFFFFFFFFFFFFFFFFFFFFFFFFFFFFFFFFFFFFFFFFFFFFFFFFFFFFFFFFFFFFFFF4C
:2034A000FFFFFFFFFFFFFFFFFFFFFFFFFFFFFFFFFFFFFFFFFFFFFFFFFFFFFFFFFFFFFFFF2C
:2034C000FFFFFFFFFFFFFFFFFFFFFFFFFFFFFFFFFFFFFFFFFFFFFFFFFFFFFFFFFFFFFFFF0C
:2034E000FFFFFFFFFFFFFFFFFFFFFFFFFFFFFFFFFFFFFFFFFFFFFFFFFFFFFFFFFFFFFFFFEC
:20350000FFFFFFFFFFFFFFFFFFFFFFFFFFFFFFFFFFFFFFFFFFFFFFFFFFFFFFFFFFFFFFFFCB
:20352000FFFFFFFFFFFFFFFFFFFFFFFFFFFFFFFFFFFFFFFFFFFFFFFFFFFFFFFFFFFFFFFFAB
:20354000FFFFFFFFFFFFFFFFFFFFFFFFFFFFFFFFFFFFFFFFFFFFFFFFFFFFFFFFFFFFFFFF8B
:20356000FFFFFFFFFFFFFFFFFFFFFFFFFFFFFFFFFFFFFFFFFFFFFFFFFFFFFFFFFFFFFFFF6B
:20358000FFFFFFFFFFFFFFFFFFFFFFFFFFFFFFFFFFFFFFFFFFFFFFFFFFFFFFFFFFFFFFFF4B
:2035A000FFFFFFFFFFFFFFFFFFFFFFFFFFFFFFFFFFFFFFFFFFFFFFFFFFFFFFFFFFFFFFFF2B
:2035C000FFFFFFFFFFFFFFFFFFFFFFFFFFFFFFFFFFFFFFFFFFFFFFFFFFFFFFFFFFFFFFFF0B
:2035E000FFFFFFFFFFFFFFFFFFFFFFFFFFFFFFFFFFFFFFFFFFFFFFFFFFFFFFFFFFFFFFFFEB
:20360000FFFFFFFFFFFFFFFFFFFFFFFFFFFFFFFFFFFFFFFFFFFFFFFFFFFFFFFFFFFFFFFFCA
:20362000FFFFFFFFFFFFFFFFFFFFFFFFFFFFFFFFFFFFFFFFFFFFFFFFFFFFFFFFFFFFFFFFAA
:20364000FFFFFFFFFFFFFFFFFFFFFFFFFFFFFFFFFFFFFFFFFFFFFFFFFFFFFFFFFFFFFFFF8A
:20366000FFFFFFFFFFFFFFFFFFFFFFFFFFFFFFFFFFFFFFFFFFFFFFFFFFFFFFFFFFFFFFFF6A
:20368000FFFFFFFFFFFFFFFFFFFFFFFFFFFFFFFFFFFFFFFFFFFFFFFFFFFFFFFFFFFFFFFF4A
:2036A000FFFFFFFFFFFFFFFFFFFFFFFFFFFFFFFFFFFFFFFFFFFFFFFFFFFFFFFFFFFFFFFF2A
:2036C000FFFFFFFFFFFFFFFFFFFFFFFFFFFFFFFFFFFFFFFFFFFFFFFFFFFFFFFFFFFFFFFF0A
:2036E000FFFFFFFFFFFFFFFFFFFFFFFFFFFFFFFFFFFFFFFFFFFFFFFFFFFFFFFFFFFFFFFFEA
:20370000FFFFFFFFFFFFFFFFFFFFFFFFFFFFFFFFFFFFFFFFFFFFFFFFFFFFFFFFFFFFFFFFC9
:20372000FFFFFFFFFFFFFFFFFFFFFFFFFFFFFFFFFFFFFFFFFFFFFFFFFFFFFFFFFFFFFFFFA9
:20374000FFFFFFFFFFFFFFFFFFFFFFFFFFFFFFFFFFFFFFFFFFFFFFFFFFFFFFFFFFFFFFFF89
:20376000FFFFFFFFFFFFFFFFFFFFFFFFFFFFFFFFFFFFFFFFFFFFFFFFFFFFFFFFFFFFFFFF69
:20378000FFFFFFFFFFFFFFFFFFFFFFFFFFFFFFFFFFFFFFFFFFFFFFFFFFFFFFFFFFFFFFFF49
:2037A000FFFFFFFFFFFFFFFFFFFFFFFFFFFFFFFFFFFFFFFFFFFFFFFFFFFFFFFFFFFFFFFF29
:2037C000FFFFFFFFFFFFFFFFFFFFFFFFFFFFFFFFFFFFFFFFFFFFFFFFFFFFFFFFFFFFFFFF09
:2037E000FFFFFFFFFFFFFFFFFFFFFFFFFFFFFFFFFFFFFFFFFFFFFFFFFFFFFFFFFFFFFFFFE9
:20380000FFFFFFFFFFFFFFFFFFFFFFFFFFFFFFFFFFFFFFFFFFFFFFFFFFFFFFFFFFFFFFFFC8
:20382000FFFFFFFFFFFFFFFFFFFFFFFFFFFFFFFFFFFFFFFFFFFFFFFFFFFFFFFFFFFFFFFFA8
:20384000FFFFFFFFFFFFFFFFFFFFFFFFFFFFFFFFFFFFFFFFFFFFFFFFFFFFFFFFFFFFFFFF88
:20386000FFFFFFFFFFFFFFFFFFFFFFFFFFFFFFFFFFFFFFFFFFFFFFFFFFFFFFFFFFFFFFFF68
:20388000FFFFFFFFFFFFFFFFFFFFFFFFFFFFFFFFFFFFFFFFFFFFFFFFFFFFFFFFFFFFFFFF48
:2038A000FFFFFFFFFFFFFFFFFFFFFFFFFFFFFFFFFFFFFFFFFFFFFFFFFFFFFFFFFFFFFFFF28
:2038C000FFFFFFFFFFFFFFFFFFFFFFFFFFFFFFFFFFFFFFFFFFFFFFFFFFFFFFFFFFFFFFFF08
:2038E000FFFFFFFFFFFFFFFFFFFFFFFFFFFFFFFFFFFFFFFFFFFFFFFFFFFFFFFFFFFFFFFFE8
:20390000FFFFFFFFFFFFFFFFFFFFFFFFFFFFFFFFFFFFFFFFFFFFFFFFFFFFFFFFFFFFFFFFC7
:20392000FFFFFFFFFFFFFFFFFFFFFFFFFFFFFFFFFFFFFFFFFFFFFFFFFFFFFFFFFFFFFFFFA7
:20394000FFFFFFFFFFFFFFFFFFFFFFFFFFFFFFFFFFFFFFFFFFFFFFFFFFFFFFFFFFFFFFFF87
:20396000FFFFFFFFFFFFFFFFFFFFFFFFFFFFFFFFFFFFFFFFFFFFFFFFFFFFFFFFFFFFFFFF67
:20398000FFFFFFFFFFFFFFFFFFFFFFFFFFFFFFFFFFFFFFFFFFFFFFFFFFFFFFFFFFFFFFFF47
:2039A000FFFFFFFFFFFFFFFFFFFFFFFFFFFFFFFFFFFFFFFFFFFFFFFFFFFFFFFFFFFFFFFF27
:2039C000FFFFFFFFFFFFFFFFFFFFFFFFFFFFFFFFFFFFFFFFFFFFFFFFFFFFFFFFFFFFFFFF07
:2039E000FFFFFFFFFFFFFFFFFFFFFFFFFFFFFFFFFFFFFFFFFFFFFFFFFFFFFFFFFFFFFFFFE7
:203A0000FFFFFFFFFFFFFFFFFFFFFFFFFFFFFFFFFFFFFFFFFFFFFFFFFFFFFFFFFFFFFFFFC6
:203A2000FFFFFFFFFFFFFFFFFFFFFFFFFFFFFFFFFFFFFFFFFFFFFFFFFFFFFFFFFFFFFFFFA6
:203A4000FFFFFFFFFFFFFFFFFFFFFFFFFFFFFFFFFFFFFFFFFFFFFFFFFFFFFFFFFFFFFFFF86
:203A6000FFFFFFFFFFFFFFFFFFFFFFFFFFFFFFFFFFFFFFFFFFFFFFFFFFFFFFFFFFFFFFFF66
:203A8000FFFFFFFFFFFFFFFFFFFFFFFFFFFFFFFFFFFFFFFFFFFFFFFFFFFFFFFFFFFFFFFF46
:203AA000FFFFFFFFFFFFFFFFFFFFFFFFFFFFFFFFFFFFFFFFFFFFFFFFFFFFFFFFFFFFFFFF26
:203AC000FFFFFFFFFFFFFFFFFFFFFFFFFFFFFFFFFFFFFFFFFFFFFFFFFFFFFFFFFFFFFFFF06
:203AE000FFFFFFFFFFFFFFFFFFFFFFFFFFFFFFFFFFFFFFFFFFFFFFFFFFFFFFFFFFFFFFFFE6
:203B0000FFFFFFFFFFFFFFFFFFFFFFFFFFFFFFFFFFFFFFFFFFFFFFFFFFFFFFFFFFFFFFFFC5
:203B2000FFFFFFFFFFFFFFFFFFFFFFFFFFFFFFFFFFFFFFFFFFFFFFFFFFFFFFFFFFFFFFFFA5
:203B4000FFFFFFFFFFFFFFFFFFFFFFFFFFFFFFFFFFFFFFFFFFFFFFFFFFFFFFFFFFFFFFFF85
:203B6000FFFFFFFFFFFFFFFFFFFFFFFFFFFFFFFFFFFFFFFFFFFFFFFFFFFFFFFFFFFFFFFF65
:203B8000FFFFFFFFFFFFFFFFFFFFFFFFFFFFFFFFFFFFFFFFFFFFFFFFFFFFFFFFFFFFFFFF45
:203BA000FFFFFFFFFFFFFFFFFFFFFFFFFFFFFFFFFFFFFFFFFFFFFFFFFFFFFFFFFFFFFFFF25
:203BC000FFFFFFFFFFFFFFFFFFFFFFFFFFFFFFFFFFFFFFFFFFFFFFFFFFFFFFFFFFFFFFFF05
:203BE000FFFFFFFFFFFFFFFFFFFFFFFFFFFFFFFFFFFFFFFFFFFFFFFFFFFFFFFFFFFFFFFFE5
:203C0000FFFFFFFFFFFFFFFFFFFFFFFFFFFFFFFFFFFFFFFFFFFFFFFFFFFFFFFFFFFFFFFFC4
:203C2000FFFFFFFFFFFFFFFFFFFFFFFFFFFFFFFFFFFFFFFFFFFFFFFFFFFFFFFFFFFFFFFFA4
:203C4000FFFFFFFFFFFFFFFFFFFFFFFFFFFFFFFFFFFFFFFFFFFFFFFFFFFFFFFFFFFFFFFF84
:203C6000FFFFFFFFFFFFFFFFFFFFFFFFFFFFFFFFFFFFFFFFFFFFFFFFFFFFFFFFFFFFFFFF64
:203C8000FFFFFFFFFFFFFFFFFFFFFFFFFFFFFFFFFFFFFFFFFFFFFFFFFFFFFFFFFFFFFFFF44
:203CA000FFFFFFFFFFFFFFFFFFFFFFFFFFFFFFFFFFFFFFFFFFFFFFFFFFFFFFFFFFFFFFFF24
:203CC000FFFFFFFFFFFFFFFFFFFFFFFFFFFFFFFFFFFFFFFFFFFFFFFFFFFFFFFFFFFFFFFF04
:203CE000FFFFFFFFFFFFFFFFFFFFFFFFFFFFFFFFFFFFFFFFFFFFFFFFFFFFFFFFFFFFFFFFE4
:203D0000FFFFFFFFFFFFFFFFFFFFFFFFFFFFFFFFFFFFFFFFFFFFFFFFFFFFFFFFFFFFFFFFC3
:203D2000FFFFFFFFFFFFFFFFFFFFFFFFFFFFFFFFFFFFFFFFFFFFFFFFFFFFFFFFFFFFFFFFA3
:203D4000FFFFFFFFFFFFFFFFFFFFFFFFFFFFFFFFFFFFFFFFFFFFFFFFFFFFFFFFFFFFFFFF83
:203D6000FFFFFFFFFFFFFFFFFFFFFFFFFFFFFFFFFFFFFFFFFFFFFFFFFFFFFFFFFFFFFFFF63
:203D8000FFFFFFFFFFFFFFFFFFFFFFFFFFFFFFFFFFFFFFFFFFFFFFFFFFFFFFFFFFFFFFFF43
:203DA000FFFFFFFFFFFFFFFFFFFFFFFFFFFFFFFFFFFFFFFFFFFFFFFFFFFFFFFFFFFFFFFF23
:203DC000FFFFFFFFFFFFFFFFFFFFFFFFFFFFFFFFFFFFFFFFFFFFFFFFFFFFFFFFFFFFFFFF03
:203DE000FFFFFFFFFFFFFFFFFFFFFFFFFFFFFFFFFFFFFFFFFFFFFFFFFFFFFFFFFFFFFFFFE3
:203E0000FFFFFFFFFFFFFFFFFFFFFFFFFFFFFFFFFFFFFFFFFFFFFFFFFFFFFFFFFFFFFFFFC2
:203E2000FFFFFFFFFFFFFFFFFFFFFFFFFFFFFFFFFFFFFFFFFFFFFFFFFFFFFFFFFFFFFFFFA2
:203E4000FFFFFFFFFFFFFFFFFFFFFFFFFFFFFFFFFFFFFFFFFFFFFFFFFFFFFFFFFFFFFFFF82
:203E6000FFFFFFFFFFFFFFFFFFFFFFFFFFFFFFFFFFFFFFFFFFFFFFFFFFFFFFFFFFFFFFFF62
:203E8000FFFFFFFFFFFFFFFFFFFFFFFFFFFFFFFFFFFFFFFFFFFFFFFFFFFFFFFFFFFFFFFF42
:203EA000FFFFFFFFFFFFFFFFFFFFFFFFFFFFFFFFFFFFFFFFFFFFFFFFFFFFFFFFFFFFFFFF22
:203EC000FFFFFFFFFFFFFFFFFFFFFFFFFFFFFFFFFFFFFFFFFFFFFFFFFFFFFFFFFFFFFFFF02
:203EE000FFFFFFFFFFFFFFFFFFFFFFFFFFFFFFFFFFFFFFFFFFFFFFFFFFFFFFFFFFFFFFFFE2
:203F0000FFFFFFFFFFFFFFFFFFFFFFFFFFFFFFFFFFFFFFFFFFFFFFFFFFFFFFFFFFFFFFFFC1
:203F2000FFFFFFFFFFFFFFFFFFFFFFFFFFFFFFFFFFFFFFFFFFFFFFFFFFFFFFFFFFFFFFFFA1
:203F4000FFFFFFFFFFFFFFFFFFFFFFFFFFFFFFFFFFFFFFFFFFFFFFFFFFFFFFFFFFFFFFFF81
:203F6000FFFFFFFFFFFFFFFFFFFFFFFFFFFFFFFFFFFFFFFFFFFFFFFFFFFFFFFFFFFFFFFF61
:203F8000FFFFFFFFFFFFFFFFFFFFFFFFFFFFFFFFFFFFFFFFFFFFFFFFFFFFFFFFFFFFFFFF41
:203FA000FFFFFFFFFFFFFFFFFFFFFFFFFFFFFFFFFFFFFFFFFFFFFFFFFFFFFFFFFFFFFFFF21
:203FC000FFFFFFFFFFFFFFFFFFFFFFFFFFFFFFFFFFFFFFFFFFFFFFFFFFFFFFFFFFFFFFFF01
:203FE000FFFFFFFFFFFFFFFFFFFFFFFFFFFFFFFFFFFFFFFFFFFFFFFFFFFFFFFFFFFFFFFFE1
:20400000FFFFFFFFFFFFFFFFFFFFFFFFFFFFFFFFFFFFFFFFFFFFFFFFFFFFFFFFFFFFFFFFC0
:20402000FFFFFFFFFFFFFFFFFFFFFFFFFFFFFFFFFFFFFFFFFFFFFFFFFFFFFFFFFFFFFFFFA0
:20404000FFFFFFFFFFFFFFFFFFFFFFFFFFFFFFFFFFFFFFFFFFFFFFFFFFFFFFFFFFFFFFFF80
:20406000FFFFFFFFFFFFFFFFFFFFFFFFFFFFFFFFFFFFFFFFFFFFFFFFFFFFFFFFFFFFFFFF60
:20408000FFFFFFFFFFFFFFFFFFFFFFFFFFFFFFFFFFFFFFFFFFFFFFFFFFFFFFFFFFFFFFFF40
:2040A000FFFFFFFFFFFFFFFFFFFFFFFFFFFFFFFFFFFFFFFFFFFFFFFFFFFFFFFFFFFFFFFF20
:2040C000FFFFFFFFFFFFFFFFFFFFFFFFFFFFFFFFFFFFFFFFFFFFFFFFFFFFFFFFFFFFFFFF00
:2040E000FFFFFFFFFFFFFFFFFFFFFFFFFFFFFFFFFFFFFFFFFFFFFFFFFFFFFFFFFFFFFFFFE0
:20410000FFFFFFFFFFFFFFFFFFFFFFFFFFFFFFFFFFFFFFFFFFFFFFFFFFFFFFFFFFFFFFFFBF
:20412000FFFFFFFFFFFFFFFFFFFFFFFFFFFFFFFFFFFFFFFFFFFFFFFFFFFFFFFFFFFFFFFF9F
:20414000FFFFFFFFFFFFFFFFFFFFFFFFFFFFFFFFFFFFFFFFFFFFFFFFFFFFFFFFFFFFFFFF7F
:20416000FFFFFFFFFFFFFFFFFFFFFFFFFFFFFFFFFFFFFFFFFFFFFFFFFFFFFFFFFFFFFFFF5F
:20418000FFFFFFFFFFFFFFFFFFFFFFFFFFFFFFFFFFFFFFFFFFFFFFFFFFFFFFFFFFFFFFFF3F
:2041A000FFFFFFFFFFFFFFFFFFFFFFFFFFFFFFFFFFFFFFFFFFFFFFFFFFFFFFFFFFFFFFFF1F
:2041C000FFFFFFFFFFFFFFFFFFFFFFFFFFFFFFFFFFFFFFFFFFFFFFFFFFFFFFFFFFFFFFFFFF
:2041E000FFFFFFFFFFFFFFFFFFFFFFFFFFFFFFFFFFFFFFFFFFFFFFFFFFFFFFFFFFFFFFFFDF
:20420000FFFFFFFFFFFFFFFFFFFFFFFFFFFFFFFFFFFFFFFFFFFFFFFFFFFFFFFFFFFFFFFFBE
:20422000FFFFFFFFFFFFFFFFFFFFFFFFFFFFFFFFFFFFFFFFFFFFFFFFFFFFFFFFFFFFFFFF9E
:20424000FFFFFFFFFFFFFFFFFFFFFFFFFFFFFFFFFFFFFFFFFFFFFFFFFFFFFFFFFFFFFFFF7E
:20426000FFFFFFFFFFFFFFFFFFFFFFFFFFFFFFFFFFFFFFFFFFFFFFFFFFFFFFFFFFFFFFFF5E
:20428000FFFFFFFFFFFFFFFFFFFFFFFFFFFFFFFFFFFFFFFFFFFFFFFFFFFFFFFFFFFFFFFF3E
:2042A000FFFFFFFFFFFFFFFFFFFFFFFFFFFFFFFFFFFFFFFFFFFFFFFFFFFFFFFFFFFFFFFF1E
:2042C000FFFFFFFFFFFFFFFFFFFFFFFFFFFFFFFFFFFFFFFFFFFFFFFFFFFFFFFFFFFFFFFFFE
:2042E000FFFFFFFFFFFFFFFFFFFFFFFFFFFFFFFFFFFFFFFFFFFFFFFFFFFFFFFFFFFFFFFFDE
:20430000FFFFFFFFFFFFFFFFFFFFFFFFFFFFFFFFFFFFFFFFFFFFFFFFFFFFFFFFFFFFFFFFBD
:20432000FFFFFFFFFFFFFFFFFFFFFFFFFFFFFFFFFFFFFFFFFFFFFFFFFFFFFFFFFFFFFFFF9D
:20434000FFFFFFFFFFFFFFFFFFFFFFFFFFFFFFFFFFFFFFFFFFFFFFFFFFFFFFFFFFFFFFFF7D
:20436000FFFFFFFFFFFFFFFFFFFFFFFFFFFFFFFFFFFFFFFFFFFFFFFFFFFFFFFFFFFFFFFF5D
:20438000FFFFFFFFFFFFFFFFFFFFFFFFFFFFFFFFFFFFFFFFFFFFFFFFFFFFFFFFFFFFFFFF3D
:2043A000FFFFFFFFFFFFFFFFFFFFFFFFFFFFFFFFFFFFFFFFFFFFFFFFFFFFFFFFFFFFFFFF1D
:2043C000FFFFFFFFFFFFFFFFFFFFFFFFFFFFFFFFFFFFFFFFFFFFFFFFFFFFFFFFFFFFFFFFFD
:2043E000FFFFFFFFFFFFFFFFFFFFFFFFFFFFFFFFFFFFFFFFFFFFFFFFFFFFFFFFFFFFFFFFDD
:20440000FFFFFFFFFFFFFFFFFFFFFFFFFFFFFFFFFFFFFFFFFFFFFFFFFFFFFFFFFFFFFFFFBC
:20442000FFFFFFFFFFFFFFFFFFFFFFFFFFFFFFFFFFFFFFFFFFFFFFFFFFFFFFFFFFFFFFFF9C
:20444000FFFFFFFFFFFFFFFFFFFFFFFFFFFFFFFFFFFFFFFFFFFFFFFFFFFFFFFFFFFFFFFF7C
:20446000FFFFFFFFFFFFFFFFFFFFFFFFFFFFFFFFFFFFFFFFFFFFFFFFFFFFFFFFFFFFFFFF5C
:20448000FFFFFFFFFFFFFFFFFFFFFFFFFFFFFFFFFFFFFFFFFFFFFFFFFFFFFFFFFFFFFFFF3C
:2044A000FFFFFFFFFFFFFFFFFFFFFFFFFFFFFFFFFFFFFFFFFFFFFFFFFFFFFFFFFFFFFFFF1C
:2044C000FFFFFFFFFFFFFFFFFFFFFFFFFFFFFFFFFFFFFFFFFFFFFFFFFFFFFFFFFFFFFFFFFC
:2044E000FFFFFFFFFFFFFFFFFFFFFFFFFFFFFFFFFFFFFFFFFFFFFFFFFFFFFFFFFFFFFFFFDC
:20450000FFFFFFFFFFFFFFFFFFFFFFFFFFFFFFFFFFFFFFFFFFFFFFFFFFFFFFFFFFFFFFFFBB
:20452000FFFFFFFFFFFFFFFFFFFFFFFFFFFFFFFFFFFFFFFFFFFFFFFFFFFFFFFFFFFFFFFF9B
:20454000FFFFFFFFFFFFFFFFFFFFFFFFFFFFFFFFFFFFFFFFFFFFFFFFFFFFFFFFFFFFFFFF7B
:20456000FFFFFFFFFFFFFFFFFFFFFFFFFFFFFFFFFFFFFFFFFFFFFFFFFFFFFFFFFFFFFFFF5B
:20458000FFFFFFFFFFFFFFFFFFFFFFFFFFFFFFFFFFFFFFFFFFFFFFFFFFFFFFFFFFFFFFFF3B
:2045A000FFFFFFFFFFFFFFFFFFFFFFFFFFFFFFFFFFFFFFFFFFFFFFFFFFFFFFFFFFFFFFFF1B
:2045C000FFFFFFFFFFFFFFFFFFFFFFFFFFFFFFFFFFFFFFFFFFFFFFFFFFFFFFFFFFFFFFFFFB
:2045E000FFFFFFFFFFFFFFFFFFFFFFFFFFFFFFFFFFFFFFFFFFFFFFFFFFFFFFFFFFFFFFFFDB
:20460000FFFFFFFFFFFFFFFFFFFFFFFFFFFFFFFFFFFFFFFFFFFFFFFFFFFFFFFFFFFFFFFFBA
:20462000FFFFFFFFFFFFFFFFFFFFFFFFFFFFFFFFFFFFFFFFFFFFFFFFFFFFFFFFFFFFFFFF9A
:20464000FFFFFFFFFFFFFFFFFFFFFFFFFFFFFFFFFFFFFFFFFFFFFFFFFFFFFFFFFFFFFFFF7A
:20466000FFFFFFFFFFFFFFFFFFFFFFFFFFFFFFFFFFFFFFFFFFFFFFFFFFFFFFFFFFFFFFFF5A
:20468000FFFFFFFFFFFFFFFFFFFFFFFFFFFFFFFFFFFFFFFFFFFFFFFFFFFFFFFFFFFFFFFF3A
:2046A000FFFFFFFFFFFFFFFFFFFFFFFFFFFFFFFFFFFFFFFFFFFFFFFFFFFFFFFFFFFFFFFF1A
:2046C000FFFFFFFFFFFFFFFFFFFFFFFFFFFFFFFFFFFFFFFFFFFFFFFFFFFFFFFFFFFFFFFFFA
:2046E000FFFFFFFFFFFFFFFFFFFFFFFFFFFFFFFFFFFFFFFFFFFFFFFFFFFFFFFFFFFFFFFFDA
:20470000FFFFFFFFFFFFFFFFFFFFFFFFFFFFFFFFFFFFFFFFFFFFFFFFFFFFFFFFFFFFFFFFB9
:20472000FFFFFFFFFFFFFFFFFFFFFFFFFFFFFFFFFFFFFFFFFFFFFFFFFFFFFFFFFFFFFFFF99
:20474000FFFFFFFFFFFFFFFFFFFFFFFFFFFFFFFFFFFFFFFFFFFFFFFFFFFFFFFFFFFFFFFF79
:20476000FFFFFFFFFFFFFFFFFFFFFFFFFFFFFFFFFFFFFFFFFFFFFFFFFFFFFFFFFFFFFFFF59
:20478000FFFFFFFFFFFFFFFFFFFFFFFFFFFFFFFFFFFFFFFFFFFFFFFFFFFFFFFFFFFFFFFF39
:2047A000FFFFFFFFFFFFFFFFFFFFFFFFFFFFFFFFFFFFFFFFFFFFFFFFFFFFFFFFFFFFFFFF19
:2047C000FFFFFFFFFFFFFFFFFFFFFFFFFFFFFFFFFFFFFFFFFFFFFFFFFFFFFFFFFFFFFFFFF9
:2047E000FFFFFFFFFFFFFFFFFFFFFFFFFFFFFFFFFFFFFFFFFFFFFFFFFFFFFFFFFFFFFFFFD9
:20480000FFFFFFFFFFFFFFFFFFFFFFFFFFFFFFFFFFFFFFFFFFFFFFFFFFFFFFFFFFFFFFFFB8
:20482000FFFFFFFFFFFFFFFFFFFFFFFFFFFFFFFFFFFFFFFFFFFFFFFFFFFFFFFFFFFFFFFF98
:20484000FFFFFFFFFFFFFFFFFFFFFFFFFFFFFFFFFFFFFFFFFFFFFFFFFFFFFFFFFFFFFFFF78
:20486000FFFFFFFFFFFFFFFFFFFFFFFFFFFFFFFFFFFFFFFFFFFFFFFFFFFFFFFFFFFFFFFF58
:20488000FFFFFFFFFFFFFFFFFFFFFFFFFFFFFFFFFFFFFFFFFFFFFFFFFFFFFFFFFFFFFFFF38
:2048A000FFFFFFFFFFFFFFFFFFFFFFFFFFFFFFFFFFFFFFFFFFFFFFFFFFFFFFFFFFFFFFFF18
:2048C000FFFFFFFFFFFFFFFFFFFFFFFFFFFFFFFFFFFFFFFFFFFFFFFFFFFFFFFFFFFFFFFFF8
:2048E000FFFFFFFFFFFFFFFFFFFFFFFFFFFFFFFFFFFFFFFFFFFFFFFFFFFFFFFFFFFFFFFFD8
:20490000FFFFFFFFFFFFFFFFFFFFFFFFFFFFFFFFFFFFFFFFFFFFFFFFFFFFFFFFFFFFFFFFB7
:20492000FFFFFFFFFFFFFFFFFFFFFFFFFFFFFFFFFFFFFFFFFFFFFFFFFFFFFFFFFFFFFFFF97
:20494000FFFFFFFFFFFFFFFFFFFFFFFFFFFFFFFFFFFFFFFFFFFFFFFFFFFFFFFFFFFFFFFF77
:20496000FFFFFFFFFFFFFFFFFFFFFFFFFFFFFFFFFFFFFFFFFFFFFFFFFFFFFFFFFFFFFFFF57
:20498000FFFFFFFFFFFFFFFFFFFFFFFFFFFFFFFFFFFFFFFFFFFFFFFFFFFFFFFFFFFFFFFF37
:2049A000FFFFFFFFFFFFFFFFFFFFFFFFFFFFFFFFFFFFFFFFFFFFFFFFFFFFFFFFFFFFFFFF17
:2049C000FFFFFFFFFFFFFFFFFFFFFFFFFFFFFFFFFFFFFFFFFFFFFFFFFFFFFFFFFFFFFFFFF7
:2049E000FFFFFFFFFFFFFFFFFFFFFFFFFFFFFFFFFFFFFFFFFFFFFFFFFFFFFFFFFFFFFFFFD7
:204A0000FFFFFFFFFFFFFFFFFFFFFFFFFFFFFFFFFFFFFFFFFFFFFFFFFFFFFFFFFFFFFFFFB6
:204A2000FFFFFFFFFFFFFFFFFFFFFFFFFFFFFFFFFFFFFFFFFFFFFFFFFFFFFFFFFFFFFFFF96
:204A4000FFFFFFFFFFFFFFFFFFFFFFFFFFFFFFFFFFFFFFFFFFFFFFFFFFFFFFFFFFFFFFFF76
:204A6000FFFFFFFFFFFFFFFFFFFFFFFFFFFFFFFFFFFFFFFFFFFFFFFFFFFFFFFFFFFFFFFF56
:204A8000FFFFFFFFFFFFFFFFFFFFFFFFFFFFFFFFFFFFFFFFFFFFFFFFFFFFFFFFFFFFFFFF36
:204AA000FFFFFFFFFFFFFFFFFFFFFFFFFFFFFFFFFFFFFFFFFFFFFFFFFFFFFFFFFFFFFFFF16
:204AC000FFFFFFFFFFFFFFFFFFFFFFFFFFFFFFFFFFFFFFFFFFFFFFFFFFFFFFFFFFFFFFFFF6
:204AE000FFFFFFFFFFFFFFFFFFFFFFFFFFFFFFFFFFFFFFFFFFFFFFFFFFFFFFFFFFFFFFFFD6
:204B0000FFFFFFFFFFFFFFFFFFFFFFFFFFFFFFFFFFFFFFFFFFFFFFFFFFFFFFFFFFFFFFFFB5
:204B2000FFFFFFFFFFFFFFFFFFFFFFFFFFFFFFFFFFFFFFFFFFFFFFFFFFFFFFFFFFFFFFFF95
:204B4000FFFFFFFFFFFFFFFFFFFFFFFFFFFFFFFFFFFFFFFFFFFFFFFFFFFFFFFFFFFFFFFF75
:204B6000FFFFFFFFFFFFFFFFFFFFFFFFFFFFFFFFFFFFFFFFFFFFFFFFFFFFFFFFFFFFFFFF55
:204B8000FFFFFFFFFFFFFFFFFFFFFFFFFFFFFFFFFFFFFFFFFFFFFFFFFFFFFFFFFFFFFFFF35
:204BA000FFFFFFFFFFFFFFFFFFFFFFFFFFFFFFFFFFFFFFFFFFFFFFFFFFFFFFFFFFFFFFFF15
:204BC000FFFFFFFFFFFFFFFFFFFFFFFFFFFFFFFFFFFFFFFFFFFFFFFFFFFFFFFFFFFFFFFFF5
:204BE000FFFFFFFFFFFFFFFFFFFFFFFFFFFFFFFFFFFFFFFFFFFFFFFFFFFFFFFFFFFFFFFFD5
:204C0000FFFFFFFFFFFFFFFFFFFFFFFFFFFFFFFFFFFFFFFFFFFFFFFFFFFFFFFFFFFFFFFFB4
:204C2000FFFFFFFFFFFFFFFFFFFFFFFFFFFFFFFFFFFFFFFFFFFFFFFFFFFFFFFFFFFFFFFF94
:204C4000FFFFFFFFFFFFFFFFFFFFFFFFFFFFFFFFFFFFFFFFFFFFFFFFFFFFFFFFFFFFFFFF74
:204C6000FFFFFFFFFFFFFFFFFFFFFFFFFFFFFFFFFFFFFFFFFFFFFFFFFFFFFFFFFFFFFFFF54
:204C8000FFFFFFFFFFFFFFFFFFFFFFFFFFFFFFFFFFFFFFFFFFFFFFFFFFFFFFFFFFFFFFFF34
:204CA000FFFFFFFFFFFFFFFFFFFFFFFFFFFFFFFFFFFFFFFFFFFFFFFFFFFFFFFFFFFFFFFF14
:204CC000FFFFFFFFFFFFFFFFFFFFFFFFFFFFFFFFFFFFFFFFFFFFFFFFFFFFFFFFFFFFFFFFF4
:204CE000FFFFFFFFFFFFFFFFFFFFFFFFFFFFFFFFFFFFFFFFFFFFFFFFFFFFFFFFFFFFFFFFD4
:204D0000FFFFFFFFFFFFFFFFFFFFFFFFFFFFFFFFFFFFFFFFFFFFFFFFFFFFFFFFFFFFFFFFB3
:204D2000FFFFFFFFFFFFFFFFFFFFFFFFFFFFFFFFFFFFFFFFFFFFFFFFFFFFFFFFFFFFFFFF93
:204D4000FFFFFFFFFFFFFFFFFFFFFFFFFFFFFFFFFFFFFFFFFFFFFFFFFFFFFFFFFFFFFFFF73
:204D6000FFFFFFFFFFFFFFFFFFFFFFFFFFFFFFFFFFFFFFFFFFFFFFFFFFFFFFFFFFFFFFFF53
:204D8000FFFFFFFFFFFFFFFFFFFFFFFFFFFFFFFFFFFFFFFFFFFFFFFFFFFFFFFFFFFFFFFF33
:204DA000FFFFFFFFFFFFFFFFFFFFFFFFFFFFFFFFFFFFFFFFFFFFFFFFFFFFFFFFFFFFFFFF13
:204DC000FFFFFFFFFFFFFFFFFFFFFFFFFFFFFFFFFFFFFFFFFFFFFFFFFFFFFFFFFFFFFFFFF3
:204DE000FFFFFFFFFFFFFFFFFFFFFFFFFFFFFFFFFFFFFFFFFFFFFFFFFFFFFFFFFFFFFFFFD3
:204E0000FFFFFFFFFFFFFFFFFFFFFFFFFFFFFFFFFFFFFFFFFFFFFFFFFFFFFFFFFFFFFFFFB2
:204E2000FFFFFFFFFFFFFFFFFFFFFFFFFFFFFFFFFFFFFFFFFFFFFFFFFFFFFFFFFFFFFFFF92
:204E4000FFFFFFFFFFFFFFFFFFFFFFFFFFFFFFFFFFFFFFFFFFFFFFFFFFFFFFFFFFFFFFFF72
:204E6000FFFFFFFFFFFFFFFFFFFFFFFFFFFFFFFFFFFFFFFFFFFFFFFFFFFFFFFFFFFFFFFF52
:204E8000FFFFFFFFFFFFFFFFFFFFFFFFFFFFFFFFFFFFFFFFFFFFFFFFFFFFFFFFFFFFFFFF32
:204EA000FFFFFFFFFFFFFFFFFFFFFFFFFFFFFFFFFFFFFFFFFFFFFFFFFFFFFFFFFFFFFFFF12
:204EC000FFFFFFFFFFFFFFFFFFFFFFFFFFFFFFFFFFFFFFFFFFFFFFFFFFFFFFFFFFFFFFFFF2
:204EE000FFFFFFFFFFFFFFFFFFFFFFFFFFFFFFFFFFFFFFFFFFFFFFFFFFFFFFFFFFFFFFFFD2
:204F0000FFFFFFFFFFFFFFFFFFFFFFFFFFFFFFFFFFFFFFFFFFFFFFFFFFFFFFFFFFFFFFFFB1
:204F2000FFFFFFFFFFFFFFFFFFFFFFFFFFFFFFFFFFFFFFFFFFFFFFFFFFFFFFFFFFFFFFFF91
:204F4000FFFFFFFFFFFFFFFFFFFFFFFFFFFFFFFFFFFFFFFFFFFFFFFFFFFFFFFFFFFFFFFF71
:204F6000FFFFFFFFFFFFFFFFFFFFFFFFFFFFFFFFFFFFFFFFFFFFFFFFFFFFFFFFFFFFFFFF51
:204F8000FFFFFFFFFFFFFFFFFFFFFFFFFFFFFFFFFFFFFFFFFFFFFFFFFFFFFFFFFFFFFFFF31
:204FA000FFFFFFFFFFFFFFFFFFFFFFFFFFFFFFFFFFFFFFFFFFFFFFFFFFFFFFFFFFFFFFFF11
:204FC000FFFFFFFFFFFFFFFFFFFFFFFFFFFFFFFFFFFFFFFFFFFFFFFFFFFFFFFFFFFFFFFFF1
:204FE000FFFFFFFFFFFFFFFFFFFFFFFFFFFFFFFFFFFFFFFFFFFFFFFFFFFFFFFFFFFFFFFFD1
:20500000FFFFFFFFFFFFFFFFFFFFFFFFFFFFFFFFFFFFFFFFFFFFFFFFFFFFFFFFFFFFFFFFB0
:20502000FFFFFFFFFFFFFFFFFFFFFFFFFFFFFFFFFFFFFFFFFFFFFFFFFFFFFFFFFFFFFFFF90
:20504000FFFFFFFFFFFFFFFFFFFFFFFFFFFFFFFFFFFFFFFFFFFFFFFFFFFFFFFFFFFFFFFF70
:20506000FFFFFFFFFFFFFFFFFFFFFFFFFFFFFFFFFFFFFFFFFFFFFFFFFFFFFFFFFFFFFFFF50
:20508000FFFFFFFFFFFFFFFFFFFFFFFFFFFFFFFFFFFFFFFFFFFFFFFFFFFFFFFFFFFFFFFF30
:2050A000FFFFFFFFFFFFFFFFFFFFFFFFFFFFFFFFFFFFFFFFFFFFFFFFFFFFFFFFFFFFFFFF10
:2050C000FFFFFFFFFFFFFFFFFFFFFFFFFFFFFFFFFFFFFFFFFFFFFFFFFFFFFFFFFFFFFFFFF0
:2050E000FFFFFFFFFFFFFFFFFFFFFFFFFFFFFFFFFFFFFFFFFFFFFFFFFFFFFFFFFFFFFFFFD0
:20510000FFFFFFFFFFFFFFFFFFFFFFFFFFFFFFFFFFFFFFFFFFFFFFFFFFFFFFFFFFFFFFFFAF
:20512000FFFFFFFFFFFFFFFFFFFFFFFFFFFFFFFFFFFFFFFFFFFFFFFFFFFFFFFFFFFFFFFF8F
:20514000FFFFFFFFFFFFFFFFFFFFFFFFFFFFFFFFFFFFFFFFFFFFFFFFFFFFFFFFFFFFFFFF6F
:20516000FFFFFFFFFFFFFFFFFFFFFFFFFFFFFFFFFFFFFFFFFFFFFFFFFFFFFFFFFFFFFFFF4F
:20518000FFFFFFFFFFFFFFFFFFFFFFFFFFFFFFFFFFFFFFFFFFFFFFFFFFFFFFFFFFFFFFFF2F
:2051A000FFFFFFFFFFFFFFFFFFFFFFFFFFFFFFFFFFFFFFFFFFFFFFFFFFFFFFFFFFFFFFFF0F
:2051C000FFFFFFFFFFFFFFFFFFFFFFFFFFFFFFFFFFFFFFFFFFFFFFFFFFFFFFFFFFFFFFFFEF
:2051E000FFFFFFFFFFFFFFFFFFFFFFFFFFFFFFFFFFFFFFFFFFFFFFFFFFFFFFFFFFFFFFFFCF
:20520000FFFFFFFFFFFFFFFFFFFFFFFFFFFFFFFFFFFFFFFFFFFFFFFFFFFFFFFFFFFFFFFFAE
:20522000FFFFFFFFFFFFFFFFFFFFFFFFFFFFFFFFFFFFFFFFFFFFFFFFFFFFFFFFFFFFFFFF8E
:20524000FFFFFFFFFFFFFFFFFFFFFFFFFFFFFFFFFFFFFFFFFFFFFFFFFFFFFFFFFFFFFFFF6E
:20526000FFFFFFFFFFFFFFFFFFFFFFFFFFFFFFFFFFFFFFFFFFFFFFFFFFFFFFFFFFFFFFFF4E
:20528000FFFFFFFFFFFFFFFFFFFFFFFFFFFFFFFFFFFFFFFFFFFFFFFFFFFFFFFFFFFFFFFF2E
:2052A000FFFFFFFFFFFFFFFFFFFFFFFFFFFFFFFFFFFFFFFFFFFFFFFFFFFFFFFFFFFFFFFF0E
:2052C000FFFFFFFFFFFFFFFFFFFFFFFFFFFFFFFFFFFFFFFFFFFFFFFFFFFFFFFFFFFFFFFFEE
:2052E000FFFFFFFFFFFFFFFFFFFFFFFFFFFFFFFFFFFFFFFFFFFFFFFFFFFFFFFFFFFFFFFFCE
:20530000FFFFFFFFFFFFFFFFFFFFFFFFFFFFFFFFFFFFFFFFFFFFFFFFFFFFFFFFFFFFFFFFAD
:20532000FFFFFFFFFFFFFFFFFFFFFFFFFFFFFFFFFFFFFFFFFFFFFFFFFFFFFFFFFFFFFFFF8D
:20534000FFFFFFFFFFFFFFFFFFFFFFFFFFFFFFFFFFFFFFFFFFFFFFFFFFFFFFFFFFFFFFFF6D
:20536000FFFFFFFFFFFFFFFFFFFFFFFFFFFFFFFFFFFFFFFFFFFFFFFFFFFFFFFFFFFFFFFF4D
:20538000FFFFFFFFFFFFFFFFFFFFFFFFFFFFFFFFFFFFFFFFFFFFFFFFFFFFFFFFFFFFFFFF2D
:2053A000FFFFFFFFFFFFFFFFFFFFFFFFFFFFFFFFFFFFFFFFFFFFFFFFFFFFFFFFFFFFFFFF0D
:2053C000FFFFFFFFFFFFFFFFFFFFFFFFFFFFFFFFFFFFFFFFFFFFFFFFFFFFFFFFFFFFFFFFED
:2053E000FFFFFFFFFFFFFFFFFFFFFFFFFFFFFFFFFFFFFFFFFFFFFFFFFFFFFFFFFFFFFFFFCD
:20540000FFFFFFFFFFFFFFFFFFFFFFFFFFFFFFFFFFFFFFFFFFFFFFFFFFFFFFFFFFFFFFFFAC
:20542000FFFFFFFFFFFFFFFFFFFFFFFFFFFFFFFFFFFFFFFFFFFFFFFFFFFFFFFFFFFFFFFF8C
:20544000FFFFFFFFFFFFFFFFFFFFFFFFFFFFFFFFFFFFFFFFFFFFFFFFFFFFFFFFFFFFFFFF6C
:20546000FFFFFFFFFFFFFFFFFFFFFFFFFFFFFFFFFFFFFFFFFFFFFFFFFFFFFFFFFFFFFFFF4C
:20548000FFFFFFFFFFFFFFFFFFFFFFFFFFFFFFFFFFFFFFFFFFFFFFFFFFFFFFFFFFFFFFFF2C
:2054A000FFFFFFFFFFFFFFFFFFFFFFFFFFFFFFFFFFFFFFFFFFFFFFFFFFFFFFFFFFFFFFFF0C
:2054C000FFFFFFFFFFFFFFFFFFFFFFFFFFFFFFFFFFFFFFFFFFFFFFFFFFFFFFFFFFFFFFFFEC
:2054E000FFFFFFFFFFFFFFFFFFFFFFFFFFFFFFFFFFFFFFFFFFFFFFFFFFFFFFFFFFFFFFFFCC
:20550000FFFFFFFFFFFFFFFFFFFFFFFFFFFFFFFFFFFFFFFFFFFFFFFFFFFFFFFFFFFFFFFFAB
:20552000FFFFFFFFFFFFFFFFFFFFFFFFFFFFFFFFFFFFFFFFFFFFFFFFFFFFFFFFFFFFFFFF8B
:20554000FFFFFFFFFFFFFFFFFFFFFFFFFFFFFFFFFFFFFFFFFFFFFFFFFFFFFFFFFFFFFFFF6B
:20556000FFFFFFFFFFFFFFFFFFFFFFFFFFFFFFFFFFFFFFFFFFFFFFFFFFFFFFFFFFFFFFFF4B
:20558000FFFFFFFFFFFFFFFFFFFFFFFFFFFFFFFFFFFFFFFFFFFFFFFFFFFFFFFFFFFFFFFF2B
:2055A000FFFFFFFFFFFFFFFFFFFFFFFFFFFFFFFFFFFFFFFFFFFFFFFFFFFFFFFFFFFFFFFF0B
:2055C000FFFFFFFFFFFFFFFFFFFFFFFFFFFFFFFFFFFFFFFFFFFFFFFFFFFFFFFFFFFFFFFFEB
:2055E000FFFFFFFFFFFFFFFFFFFFFFFFFFFFFFFFFFFFFFFFFFFFFFFFFFFFFFFFFFFFFFFFCB
:20560000FFFFFFFFFFFFFFFFFFFFFFFFFFFFFFFFFFFFFFFFFFFFFFFFFFFFFFFFFFFFFFFFAA
:20562000FFFFFFFFFFFFFFFFFFFFFFFFFFFFFFFFFFFFFFFFFFFFFFFFFFFFFFFFFFFFFFFF8A
:20564000FFFFFFFFFFFFFFFFFFFFFFFFFFFFFFFFFFFFFFFFFFFFFFFFFFFFFFFFFFFFFFFF6A
:20566000FFFFFFFFFFFFFFFFFFFFFFFFFFFFFFFFFFFFFFFFFFFFFFFFFFFFFFFFFFFFFFFF4A
:20568000FFFFFFFFFFFFFFFFFFFFFFFFFFFFFFFFFFFFFFFFFFFFFFFFFFFFFFFFFFFFFFFF2A
:2056A000FFFFFFFFFFFFFFFFFFFFFFFFFFFFFFFFFFFFFFFFFFFFFFFFFFFFFFFFFFFFFFFF0A
:2056C000FFFFFFFFFFFFFFFFFFFFFFFFFFFFFFFFFFFFFFFFFFFFFFFFFFFFFFFFFFFFFFFFEA
:2056E000FFFFFFFFFFFFFFFFFFFFFFFFFFFFFFFFFFFFFFFFFFFFFFFFFFFFFFFFFFFFFFFFCA
:20570000FFFFFFFFFFFFFFFFFFFFFFFFFFFFFFFFFFFFFFFFFFFFFFFFFFFFFFFFFFFFFFFFA9
:20572000FFFFFFFFFFFFFFFFFFFFFFFFFFFFFFFFFFFFFFFFFFFFFFFFFFFFFFFFFFFFFFFF89
:20574000FFFFFFFFFFFFFFFFFFFFFFFFFFFFFFFFFFFFFFFFFFFFFFFFFFFFFFFFFFFFFFFF69
:20576000FFFFFFFFFFFFFFFFFFFFFFFFFFFFFFFFFFFFFFFFFFFFFFFFFFFFFFFFFFFFFFFF49
:20578000FFFFFFFFFFFFFFFFFFFFFFFFFFFFFFFFFFFFFFFFFFFFFFFFFFFFFFFFFFFFFFFF29
:2057A000FFFFFFFFFFFFFFFFFFFFFFFFFFFFFFFFFFFFFFFFFFFFFFFFFFFFFFFFFFFFFFFF09
:2057C000FFFFFFFFFFFFFFFFFFFFFFFFFFFFFFFFFFFFFFFFFFFFFFFFFFFFFFFFFFFFFFFFE9
:2057E000FFFFFFFFFFFFFFFFFFFFFFFFFFFFFFFFFFFFFFFFFFFFFFFFFFFFFFFFFFFFFFFFC9
:20580000FFFFFFFFFFFFFFFFFFFFFFFFFFFFFFFFFFFFFFFFFFFFFFFFFFFFFFFFFFFFFFFFA8
:20582000FFFFFFFFFFFFFFFFFFFFFFFFFFFFFFFFFFFFFFFFFFFFFFFFFFFFFFFFFFFFFFFF88
:20584000FFFFFFFFFFFFFFFFFFFFFFFFFFFFFFFFFFFFFFFFFFFFFFFFFFFFFFFFFFFFFFFF68
:20586000FFFFFFFFFFFFFFFFFFFFFFFFFFFFFFFFFFFFFFFFFFFFFFFFFFFFFFFFFFFFFFFF48
:20588000FFFFFFFFFFFFFFFFFFFFFFFFFFFFFFFFFFFFFFFFFFFFFFFFFFFFFFFFFFFFFFFF28
:2058A000FFFFFFFFFFFFFFFFFFFFFFFFFFFFFFFFFFFFFFFFFFFFFFFFFFFFFFFFFFFFFFFF08
:2058C000FFFFFFFFFFFFFFFFFFFFFFFFFFFFFFFFFFFFFFFFFFFFFFFFFFFFFFFFFFFFFFFFE8
:2058E000FFFFFFFFFFFFFFFFFFFFFFFFFFFFFFFFFFFFFFFFFFFFFFFFFFFFFFFFFFFFFFFFC8
:20590000FFFFFFFFFFFFFFFFFFFFFFFFFFFFFFFFFFFFFFFFFFFFFFFFFFFFFFFFFFFFFFFFA7
:20592000FFFFFFFFFFFFFFFFFFFFFFFFFFFFFFFFFFFFFFFFFFFFFFFFFFFFFFFFFFFFFFFF87
:20594000FFFFFFFFFFFFFFFFFFFFFFFFFFFFFFFFFFFFFFFFFFFFFFFFFFFFFFFFFFFFFFFF67
:20596000FFFFFFFFFFFFFFFFFFFFFFFFFFFFFFFFFFFFFFFFFFFFFFFFFFFFFFFFFFFFFFFF47
:20598000FFFFFFFFFFFFFFFFFFFFFFFFFFFFFFFFFFFFFFFFFFFFFFFFFFFFFFFFFFFFFFFF27
:2059A000FFFFFFFFFFFFFFFFFFFFFFFFFFFFFFFFFFFFFFFFFFFFFFFFFFFFFFFFFFFFFFFF07
:2059C000FFFFFFFFFFFFFFFFFFFFFFFFFFFFFFFFFFFFFFFFFFFFFFFFFFFFFFFFFFFFFFFFE7
:2059E000FFFFFFFFFFFFFFFFFFFFFFFFFFFFFFFFFFFFFFFFFFFFFFFFFFFFFFFFFFFFFFFFC7
:205A0000FFFFFFFFFFFFFFFFFFFFFFFFFFFFFFFFFFFFFFFFFFFFFFFFFFFFFFFFFFFFFFFFA6
:205A2000FFFFFFFFFFFFFFFFFFFFFFFFFFFFFFFFFFFFFFFFFFFFFFFFFFFFFFFFFFFFFFFF86
:205A4000FFFFFFFFFFFFFFFFFFFFFFFFFFFFFFFFFFFFFFFFFFFFFFFFFFFFFFFFFFFFFFFF66
:205A6000FFFFFFFFFFFFFFFFFFFFFFFFFFFFFFFFFFFFFFFFFFFFFFFFFFFFFFFFFFFFFFFF46
:205A8000FFFFFFFFFFFFFFFFFFFFFFFFFFFFFFFFFFFFFFFFFFFFFFFFFFFFFFFFFFFFFFFF26
:205AA000FFFFFFFFFFFFFFFFFFFFFFFFFFFFFFFFFFFFFFFFFFFFFFFFFFFFFFFFFFFFFFFF06
:205AC000FFFFFFFFFFFFFFFFFFFFFFFFFFFFFFFFFFFFFFFFFFFFFFFFFFFFFFFFFFFFFFFFE6
:205AE000FFFFFFFFFFFFFFFFFFFFFFFFFFFFFFFFFFFFFFFFFFFFFFFFFFFFFFFFFFFFFFFFC6
:205B0000FFFFFFFFFFFFFFFFFFFFFFFFFFFFFFFFFFFFFFFFFFFFFFFFFFFFFFFFFFFFFFFFA5
:205B2000FFFFFFFFFFFFFFFFFFFFFFFFFFFFFFFFFFFFFFFFFFFFFFFFFFFFFFFFFFFFFFFF85
:205B4000FFFFFFFFFFFFFFFFFFFFFFFFFFFFFFFFFFFFFFFFFFFFFFFFFFFFFFFFFFFFFFFF65
:205B6000FFFFFFFFFFFFFFFFFFFFFFFFFFFFFFFFFFFFFFFFFFFFFFFFFFFFFFFFFFFFFFFF45
:205B8000FFFFFFFFFFFFFFFFFFFFFFFFFFFFFFFFFFFFFFFFFFFFFFFFFFFFFFFFFFFFFFFF25
:205BA000FFFFFFFFFFFFFFFFFFFFFFFFFFFFFFFFFFFFFFFFFFFFFFFFFFFFFFFFFFFFFFFF05
:205BC000FFFFFFFFFFFFFFFFFFFFFFFFFFFFFFFFFFFFFFFFFFFFFFFFFFFFFFFFFFFFFFFFE5
:205BE000FFFFFFFFFFFFFFFFFFFFFFFFFFFFFFFFFFFFFFFFFFFFFFFFFFFFFFFFFFFFFFFFC5
:205C0000FFFFFFFFFFFFFFFFFFFFFFFFFFFFFFFFFFFFFFFFFFFFFFFFFFFFFFFFFFFFFFFFA4
:205C2000FFFFFFFFFFFFFFFFFFFFFFFFFFFFFFFFFFFFFFFFFFFFFFFFFFFFFFFFFFFFFFFF84
:205C4000FFFFFFFFFFFFFFFFFFFFFFFFFFFFFFFFFFFFFFFFFFFFFFFFFFFFFFFFFFFFFFFF64
:205C6000FFFFFFFFFFFFFFFFFFFFFFFFFFFFFFFFFFFFFFFFFFFFFFFFFFFFFFFFFFFFFFFF44
:205C8000FFFFFFFFFFFFFFFFFFFFFFFFFFFFFFFFFFFFFFFFFFFFFFFFFFFFFFFFFFFFFFFF24
:205CA000FFFFFFFFFFFFFFFFFFFFFFFFFFFFFFFFFFFFFFFFFFFFFFFFFFFFFFFFFFFFFFFF04
:205CC000FFFFFFFFFFFFFFFFFFFFFFFFFFFFFFFFFFFFFFFFFFFFFFFFFFFFFFFFFFFFFFFFE4
:205CE000FFFFFFFFFFFFFFFFFFFFFFFFFFFFFFFFFFFFFFFFFFFFFFFFFFFFFFFFFFFFFFFFC4
:205D0000FFFFFFFFFFFFFFFFFFFFFFFFFFFFFFFFFFFFFFFFFFFFFFFFFFFFFFFFFFFFFFFFA3
:205D2000FFFFFFFFFFFFFFFFFFFFFFFFFFFFFFFFFFFFFFFFFFFFFFFFFFFFFFFFFFFFFFFF83
:205D4000FFFFFFFFFFFFFFFFFFFFFFFFFFFFFFFFFFFFFFFFFFFFFFFFFFFFFFFFFFFFFFFF63
:205D6000FFFFFFFFFFFFFFFFFFFFFFFFFFFFFFFFFFFFFFFFFFFFFFFFFFFFFFFFFFFFFFFF43
:205D8000FFFFFFFFFFFFFFFFFFFFFFFFFFFFFFFFFFFFFFFFFFFFFFFFFFFFFFFFFFFFFFFF23
:205DA000FFFFFFFFFFFFFFFFFFFFFFFFFFFFFFFFFFFFFFFFFFFFFFFFFFFFFFFFFFFFFFFF03
:205DC000FFFFFFFFFFFFFFFFFFFFFFFFFFFFFFFFFFFFFFFFFFFFFFFFFFFFFFFFFFFFFFFFE3
:205DE000FFFFFFFFFFFFFFFFFFFFFFFFFFFFFFFFFFFFFFFFFFFFFFFFFFFFFFFFFFFFFFFFC3
:205E0000FFFFFFFFFFFFFFFFFFFFFFFFFFFFFFFFFFFFFFFFFFFFFFFFFFFFFFFFFFFFFFFFA2
:205E2000FFFFFFFFFFFFFFFFFFFFFFFFFFFFFFFFFFFFFFFFFFFFFFFFFFFFFFFFFFFFFFFF82
:205E4000FFFFFFFFFFFFFFFFFFFFFFFFFFFFFFFFFFFFFFFFFFFFFFFFFFFFFFFFFFFFFFFF62
:205E6000FFFFFFFFFFFFFFFFFFFFFFFFFFFFFFFFFFFFFFFFFFFFFFFFFFFFFFFFFFFFFFFF42
:205E8000FFFFFFFFFFFFFFFFFFFFFFFFFFFFFFFFFFFFFFFFFFFFFFFFFFFFFFFFFFFFFFFF22
:205EA000FFFFFFFFFFFFFFFFFFFFFFFFFFFFFFFFFFFFFFFFFFFFFFFFFFFFFFFFFFFFFFFF02
:205EC000FFFFFFFFFFFFFFFFFFFFFFFFFFFFFFFFFFFFFFFFFFFFFFFFFFFFFFFFFFFFFFFFE2
:205EE000FFFFFFFFFFFFFFFFFFFFFFFFFFFFFFFFFFFFFFFFFFFFFFFFFFFFFFFFFFFFFFFFC2
:205F0000FFFFFFFFFFFFFFFFFFFFFFFFFFFFFFFFFFFFFFFFFFFFFFFFFFFFFFFFFFFFFFFFA1
:205F2000FFFFFFFFFFFFFFFFFFFFFFFFFFFFFFFFFFFFFFFFFFFFFFFFFFFFFFFFFFFFFFFF81
:205F4000FFFFFFFFFFFFFFFFFFFFFFFFFFFFFFFFFFFFFFFFFFFFFFFFFFFFFFFFFFFFFFFF61
:205F6000FFFFFFFFFFFFFFFFFFFFFFFFFFFFFFFFFFFFFFFFFFFFFFFFFFFFFFFFFFFFFFFF41
:205F8000FFFFFFFFFFFFFFFFFFFFFFFFFFFFFFFFFFFFFFFFFFFFFFFFFFFFFFFFFFFFFFFF21
:205FA000FFFFFFFFFFFFFFFFFFFFFFFFFFFFFFFFFFFFFFFFFFFFFFFFFFFFFFFFFFFFFFFF01
:205FC000FFFFFFFFFFFFFFFFFFFFFFFFFFFFFFFFFFFFFFFFFFFFFFFFFFFFFFFFFFFFFFFFE1
:205FE000FFFFFFFFFFFFFFFFFFFFFFFFFFFFFFFFFFFFFFFFFFFFFFFFFFFFFFFFFFFFFFFFC1
:20600000FFFFFFFFFFFFFFFFFFFFFFFFFFFFFFFFFFFFFFFFFFFFFFFFFFFFFFFFFFFFFFFFA0
:20602000FFFFFFFFFFFFFFFFFFFFFFFFFFFFFFFFFFFFFFFFFFFFFFFFFFFFFFFFFFFFFFFF80
:20604000FFFFFFFFFFFFFFFFFFFFFFFFFFFFFFFFFFFFFFFFFFFFFFFFFFFFFFFFFFFFFFFF60
:20606000FFFFFFFFFFFFFFFFFFFFFFFFFFFFFFFFFFFFFFFFFFFFFFFFFFFFFFFFFFFFFFFF40
:20608000FFFFFFFFFFFFFFFFFFFFFFFFFFFFFFFFFFFFFFFFFFFFFFFFFFFFFFFFFFFFFFFF20
:2060A000FFFFFFFFFFFFFFFFFFFFFFFFFFFFFFFFFFFFFFFFFFFFFFFFFFFFFFFFFFFFFFFF00
:2060C000FFFFFFFFFFFFFFFFFFFFFFFFFFFFFFFFFFFFFFFFFFFFFFFFFFFFFFFFFFFFFFFFE0
:2060E000FFFFFFFFFFFFFFFFFFFFFFFFFFFFFFFFFFFFFFFFFFFFFFFFFFFFFFFFFFFFFFFFC0
:20610000FFFFFFFFFFFFFFFFFFFFFFFFFFFFFFFFFFFFFFFFFFFFFFFFFFFFFFFFFFFFFFFF9F
:20612000FFFFFFFFFFFFFFFFFFFFFFFFFFFFFFFFFFFFFFFFFFFFFFFFFFFFFFFFFFFFFFFF7F
:20614000FFFFFFFFFFFFFFFFFFFFFFFFFFFFFFFFFFFFFFFFFFFFFFFFFFFFFFFFFFFFFFFF5F
:20616000FFFFFFFFFFFFFFFFFFFFFFFFFFFFFFFFFFFFFFFFFFFFFFFFFFFFFFFFFFFFFFFF3F
:20618000FFFFFFFFFFFFFFFFFFFFFFFFFFFFFFFFFFFFFFFFFFFFFFFFFFFFFFFFFFFFFFFF1F
:2061A000FFFFFFFFFFFFFFFFFFFFFFFFFFFFFFFFFFFFFFFFFFFFFFFFFFFFFFFFFFFFFFFFFF
:2061C000FFFFFFFFFFFFFFFFFFFFFFFFFFFFFFFFFFFFFFFFFFFFFFFFFFFFFFFFFFFFFFFFDF
:2061E000FFFFFFFFFFFFFFFFFFFFFFFFFFFFFFFFFFFFFFFFFFFFFFFFFFFFFFFFFFFFFFFFBF
:20620000FFFFFFFFFFFFFFFFFFFFFFFFFFFFFFFFFFFFFFFFFFFFFFFFFFFFFFFFFFFFFFFF9E
:20622000FFFFFFFFFFFFFFFFFFFFFFFFFFFFFFFFFFFFFFFFFFFFFFFFFFFFFFFFFFFFFFFF7E
:20624000FFFFFFFFFFFFFFFFFFFFFFFFFFFFFFFFFFFFFFFFFFFFFFFFFFFFFFFFFFFFFFFF5E
:20626000FFFFFFFFFFFFFFFFFFFFFFFFFFFFFFFFFFFFFFFFFFFFFFFFFFFFFFFFFFFFFFFF3E
:20628000FFFFFFFFFFFFFFFFFFFFFFFFFFFFFFFFFFFFFFFFFFFFFFFFFFFFFFFFFFFFFFFF1E
:2062A000FFFFFFFFFFFFFFFFFFFFFFFFFFFFFFFFFFFFFFFFFFFFFFFFFFFFFFFFFFFFFFFFFE
:2062C000FFFFFFFFFFFFFFFFFFFFFFFFFFFFFFFFFFFFFFFFFFFFFFFFFFFFFFFFFFFFFFFFDE
:2062E000FFFFFFFFFFFFFFFFFFFFFFFFFFFFFFFFFFFFFFFFFFFFFFFFFFFFFFFFFFFFFFFFBE
:20630000FFFFFFFFFFFFFFFFFFFFFFFFFFFFFFFFFFFFFFFFFFFFFFFFFFFFFFFFFFFFFFFF9D
:20632000FFFFFFFFFFFFFFFFFFFFFFFFFFFFFFFFFFFFFFFFFFFFFFFFFFFFFFFFFFFFFFFF7D
:20634000FFFFFFFFFFFFFFFFFFFFFFFFFFFFFFFFFFFFFFFFFFFFFFFFFFFFFFFFFFFFFFFF5D
:20636000FFFFFFFFFFFFFFFFFFFFFFFFFFFFFFFFFFFFFFFFFFFFFFFFFFFFFFFFFFFFFFFF3D
:20638000FFFFFFFFFFFFFFFFFFFFFFFFFFFFFFFFFFFFFFFFFFFFFFFFFFFFFFFFFFFFFFFF1D
:2063A000FFFFFFFFFFFFFFFFFFFFFFFFFFFFFFFFFFFFFFFFFFFFFFFFFFFFFFFFFFFFFFFFFD
:2063C000FFFFFFFFFFFFFFFFFFFFFFFFFFFFFFFFFFFFFFFFFFFFFFFFFFFFFFFFFFFFFFFFDD
:2063E000FFFFFFFFFFFFFFFFFFFFFFFFFFFFFFFFFFFFFFFFFFFFFFFFFFFFFFFFFFFFFFFFBD
:20640000FFFFFFFFFFFFFFFFFFFFFFFFFFFFFFFFFFFFFFFFFFFFFFFFFFFFFFFFFFFFFFFF9C
:20642000FFFFFFFFFFFFFFFFFFFFFFFFFFFFFFFFFFFFFFFFFFFFFFFFFFFFFFFFFFFFFFFF7C
:20644000FFFFFFFFFFFFFFFFFFFFFFFFFFFFFFFFFFFFFFFFFFFFFFFFFFFFFFFFFFFFFFFF5C
:20646000FFFFFFFFFFFFFFFFFFFFFFFFFFFFFFFFFFFFFFFFFFFFFFFFFFFFFFFFFFFFFFFF3C
:20648000FFFFFFFFFFFFFFFFFFFFFFFFFFFFFFFFFFFFFFFFFFFFFFFFFFFFFFFFFFFFFFFF1C
:2064A000FFFFFFFFFFFFFFFFFFFFFFFFFFFFFFFFFFFFFFFFFFFFFFFFFFFFFFFFFFFFFFFFFC
:2064C000FFFFFFFFFFFFFFFFFFFFFFFFFFFFFFFFFFFFFFFFFFFFFFFFFFFFFFFFFFFFFFFFDC
:2064E000FFFFFFFFFFFFFFFFFFFFFFFFFFFFFFFFFFFFFFFFFFFFFFFFFFFFFFFFFFFFFFFFBC
:20650000FFFFFFFFFFFFFFFFFFFFFFFFFFFFFFFFFFFFFFFFFFFFFFFFFFFFFFFFFFFFFFFF9B
:20652000FFFFFFFFFFFFFFFFFFFFFFFFFFFFFFFFFFFFFFFFFFFFFFFFFFFFFFFFFFFFFFFF7B
:20654000FFFFFFFFFFFFFFFFFFFFFFFFFFFFFFFFFFFFFFFFFFFFFFFFFFFFFFFFFFFFFFFF5B
:20656000FFFFFFFFFFFFFFFFFFFFFFFFFFFFFFFFFFFFFFFFFFFFFFFFFFFFFFFFFFFFFFFF3B
:20658000FFFFFFFFFFFFFFFFFFFFFFFFFFFFFFFFFFFFFFFFFFFFFFFFFFFFFFFFFFFFFFFF1B
:2065A000FFFFFFFFFFFFFFFFFFFFFFFFFFFFFFFFFFFFFFFFFFFFFFFFFFFFFFFFFFFFFFFFFB
:2065C000FFFFFFFFFFFFFFFFFFFFFFFFFFFFFFFFFFFFFFFFFFFFFFFFFFFFFFFFFFFFFFFFDB
:2065E000FFFFFFFFFFFFFFFFFFFFFFFFFFFFFFFFFFFFFFFFFFFFFFFFFFFFFFFFFFFFFFFFBB
:20660000FFFFFFFFFFFFFFFFFFFFFFFFFFFFFFFFFFFFFFFFFFFFFFFFFFFFFFFFFFFFFFFF9A
:20662000FFFFFFFFFFFFFFFFFFFFFFFFFFFFFFFFFFFFFFFFFFFFFFFFFFFFFFFFFFFFFFFF7A
:20664000FFFFFFFFFFFFFFFFFFFFFFFFFFFFFFFFFFFFFFFFFFFFFFFFFFFFFFFFFFFFFFFF5A
:20666000FFFFFFFFFFFFFFFFFFFFFFFFFFFFFFFFFFFFFFFFFFFFFFFFFFFFFFFFFFFFFFFF3A
:20668000FFFFFFFFFFFFFFFFFFFFFFFFFFFFFFFFFFFFFFFFFFFFFFFFFFFFFFFFFFFFFFFF1A
:2066A000FFFFFFFFFFFFFFFFFFFFFFFFFFFFFFFFFFFFFFFFFFFFFFFFFFFFFFFFFFFFFFFFFA
:2066C000FFFFFFFFFFFFFFFFFFFFFFFFFFFFFFFFFFFFFFFFFFFFFFFFFFFFFFFFFFFFFFFFDA
:2066E000FFFFFFFFFFFFFFFFFFFFFFFFFFFFFFFFFFFFFFFFFFFFFFFFFFFFFFFFFFFFFFFFBA
:20670000FFFFFFFFFFFFFFFFFFFFFFFFFFFFFFFFFFFFFFFFFFFFFFFFFFFFFFFFFFFFFFFF99
:20672000FFFFFFFFFFFFFFFFFFFFFFFFFFFFFFFFFFFFFFFFFFFFFFFFFFFFFFFFFFFFFFFF79
:20674000FFFFFFFFFFFFFFFFFFFFFFFFFFFFFFFFFFFFFFFFFFFFFFFFFFFFFFFFFFFFFFFF59
:20676000FFFFFFFFFFFFFFFFFFFFFFFFFFFFFFFFFFFFFFFFFFFFFFFFFFFFFFFFFFFFFFFF39
:20678000FFFFFFFFFFFFFFFFFFFFFFFFFFFFFFFFFFFFFFFFFFFFFFFFFFFFFFFFFFFFFFFF19
:2067A000FFFFFFFFFFFFFFFFFFFFFFFFFFFFFFFFFFFFFFFFFFFFFFFFFFFFFFFFFFFFFFFFF9
:2067C000FFFFFFFFFFFFFFFFFFFFFFFFFFFFFFFFFFFFFFFFFFFFFFFFFFFFFFFFFFFFFFFFD9
:2067E000FFFFFFFFFFFFFFFFFFFFFFFFFFFFFFFFFFFFFFFFFFFFFFFFFFFFFFFFFFFFFFFFB9
:20680000FFFFFFFFFFFFFFFFFFFFFFFFFFFFFFFFFFFFFFFFFFFFFFFFFFFFFFFFFFFFFFFF98
:20682000FFFFFFFFFFFFFFFFFFFFFFFFFFFFFFFFFFFFFFFFFFFFFFFFFFFFFFFFFFFFFFFF78
:20684000FFFFFFFFFFFFFFFFFFFFFFFFFFFFFFFFFFFFFFFFFFFFFFFFFFFFFFFFFFFFFFFF58
:20686000FFFFFFFFFFFFFFFFFFFFFFFFFFFFFFFFFFFFFFFFFFFFFFFFFFFFFFFFFFFFFFFF38
:20688000FFFFFFFFFFFFFFFFFFFFFFFFFFFFFFFFFFFFFFFFFFFFFFFFFFFFFFFFFFFFFFFF18
:2068A000FFFFFFFFFFFFFFFFFFFFFFFFFFFFFFFFFFFFFFFFFFFFFFFFFFFFFFFFFFFFFFFFF8
:2068C000FFFFFFFFFFFFFFFFFFFFFFFFFFFFFFFFFFFFFFFFFFFFFFFFFFFFFFFFFFFFFFFFD8
:2068E000FFFFFFFFFFFFFFFFFFFFFFFFFFFFFFFFFFFFFFFFFFFFFFFFFFFFFFFFFFFFFFFFB8
:20690000FFFFFFFFFFFFFFFFFFFFFFFFFFFFFFFFFFFFFFFFFFFFFFFFFFFFFFFFFFFFFFFF97
:20692000FFFFFFFFFFFFFFFFFFFFFFFFFFFFFFFFFFFFFFFFFFFFFFFFFFFFFFFFFFFFFFFF77
:20694000FFFFFFFFFFFFFFFFFFFFFFFFFFFFFFFFFFFFFFFFFFFFFFFFFFFFFFFFFFFFFFFF57
:20696000FFFFFFFFFFFFFFFFFFFFFFFFFFFFFFFFFFFFFFFFFFFFFFFFFFFFFFFFFFFFFFFF37
:20698000FFFFFFFFFFFFFFFFFFFFFFFFFFFFFFFFFFFFFFFFFFFFFFFFFFFFFFFFFFFFFFFF17
:2069A000FFFFFFFFFFFFFFFFFFFFFFFFFFFFFFFFFFFFFFFFFFFFFFFFFFFFFFFFFFFFFFFFF7
:2069C000FFFFFFFFFFFFFFFFFFFFFFFFFFFFFFFFFFFFFFFFFFFFFFFFFFFFFFFFFFFFFFFFD7
:2069E000FFFFFFFFFFFFFFFFFFFFFFFFFFFFFFFFFFFFFFFFFFFFFFFFFFFFFFFFFFFFFFFFB7
:206A0000FFFFFFFFFFFFFFFFFFFFFFFFFFFFFFFFFFFFFFFFFFFFFFFFFFFFFFFFFFFFFFFF96
:206A2000FFFFFFFFFFFFFFFFFFFFFFFFFFFFFFFFFFFFFFFFFFFFFFFFFFFFFFFFFFFFFFFF76
:206A4000FFFFFFFFFFFFFFFFFFFFFFFFFFFFFFFFFFFFFFFFFFFFFFFFFFFFFFFFFFFFFFFF56
:206A6000FFFFFFFFFFFFFFFFFFFFFFFFFFFFFFFFFFFFFFFFFFFFFFFFFFFFFFFFFFFFFFFF36
:206A8000FFFFFFFFFFFFFFFFFFFFFFFFFFFFFFFFFFFFFFFFFFFFFFFFFFFFFFFFFFFFFFFF16
:206AA000FFFFFFFFFFFFFFFFFFFFFFFFFFFFFFFFFFFFFFFFFFFFFFFFFFFFFFFFFFFFFFFFF6
:206AC000FFFFFFFFFFFFFFFFFFFFFFFFFFFFFFFFFFFFFFFFFFFFFFFFFFFFFFFFFFFFFFFFD6
:206AE000FFFFFFFFFFFFFFFFFFFFFFFFFFFFFFFFFFFFFFFFFFFFFFFFFFFFFFFFFFFFFFFFB6
:206B0000FFFFFFFFFFFFFFFFFFFFFFFFFFFFFFFFFFFFFFFFFFFFFFFFFFFFFFFFFFFFFFFF95
:206B2000FFFFFFFFFFFFFFFFFFFFFFFFFFFFFFFFFFFFFFFFFFFFFFFFFFFFFFFFFFFFFFFF75
:206B4000FFFFFFFFFFFFFFFFFFFFFFFFFFFFFFFFFFFFFFFFFFFFFFFFFFFFFFFFFFFFFFFF55
:206B6000FFFFFFFFFFFFFFFFFFFFFFFFFFFFFFFFFFFFFFFFFFFFFFFFFFFFFFFFFFFFFFFF35
:206B8000FFFFFFFFFFFFFFFFFFFFFFFFFFFFFFFFFFFFFFFFFFFFFFFFFFFFFFFFFFFFFFFF15
:206BA000FFFFFFFFFFFFFFFFFFFFFFFFFFFFFFFFFFFFFFFFFFFFFFFFFFFFFFFFFFFFFFFFF5
:206BC000FFFFFFFFFFFFFFFFFFFFFFFFFFFFFFFFFFFFFFFFFFFFFFFFFFFFFFFFFFFFFFFFD5
:206BE000FFFFFFFFFFFFFFFFFFFFFFFFFFFFFFFFFFFFFFFFFFFFFFFFFFFFFFFFFFFFFFFFB5
:206C0000FFFFFFFFFFFFFFFFFFFFFFFFFFFFFFFFFFFFFFFFFFFFFFFFFFFFFFFFFFFFFFFF94
:206C2000FFFFFFFFFFFFFFFFFFFFFFFFFFFFFFFFFFFFFFFFFFFFFFFFFFFFFFFFFFFFFFFF74
:206C4000FFFFFFFFFFFFFFFFFFFFFFFFFFFFFFFFFFFFFFFFFFFFFFFFFFFFFFFFFFFFFFFF54
:206C6000FFFFFFFFFFFFFFFFFFFFFFFFFFFFFFFFFFFFFFFFFFFFFFFFFFFFFFFFFFFFFFFF34
:206C8000FFFFFFFFFFFFFFFFFFFFFFFFFFFFFFFFFFFFFFFFFFFFFFFFFFFFFFFFFFFFFFFF14
:206CA000FFFFFFFFFFFFFFFFFFFFFFFFFFFFFFFFFFFFFFFFFFFFFFFFFFFFFFFFFFFFFFFFF4
:206CC000FFFFFFFFFFFFFFFFFFFFFFFFFFFFFFFFFFFFFFFFFFFFFFFFFFFFFFFFFFFFFFFFD4
:206CE000FFFFFFFFFFFFFFFFFFFFFFFFFFFFFFFFFFFFFFFFFFFFFFFFFFFFFFFFFFFFFFFFB4
:206D0000FFFFFFFFFFFFFFFFFFFFFFFFFFFFFFFFFFFFFFFFFFFFFFFFFFFFFFFFFFFFFFFF93
:206D2000FFFFFFFFFFFFFFFFFFFFFFFFFFFFFFFFFFFFFFFFFFFFFFFFFFFFFFFFFFFFFFFF73
:206D4000FFFFFFFFFFFFFFFFFFFFFFFFFFFFFFFFFFFFFFFFFFFFFFFFFFFFFFFFFFFFFFFF53
:206D6000FFFFFFFFFFFFFFFFFFFFFFFFFFFFFFFFFFFFFFFFFFFFFFFFFFFFFFFFFFFFFFFF33
:206D8000FFFFFFFFFFFFFFFFFFFFFFFFFFFFFFFFFFFFFFFFFFFFFFFFFFFFFFFFFFFFFFFF13
:206DA000FFFFFFFFFFFFFFFFFFFFFFFFFFFFFFFFFFFFFFFFFFFFFFFFFFFFFFFFFFFFFFFFF3
:206DC000FFFFFFFFFFFFFFFFFFFFFFFFFFFFFFFFFFFFFFFFFFFFFFFFFFFFFFFFFFFFFFFFD3
:206DE000FFFFFFFFFFFFFFFFFFFFFFFFFFFFFFFFFFFFFFFFFFFFFFFFFFFFFFFFFFFFFFFFB3
:206E0000FFFFFFFFFFFFFFFFFFFFFFFFFFFFFFFFFFFFFFFFFFFFFFFFFFFFFFFFFFFFFFFF92
:206E2000FFFFFFFFFFFFFFFFFFFFFFFFFFFFFFFFFFFFFFFFFFFFFFFFFFFFFFFFFFFFFFFF72
:206E4000FFFFFFFFFFFFFFFFFFFFFFFFFFFFFFFFFFFFFFFFFFFFFFFFFFFFFFFFFFFFFFFF52
:206E6000FFFFFFFFFFFFFFFFFFFFFFFFFFFFFFFFFFFFFFFFFFFFFFFFFFFFFFFFFFFFFFFF32
:206E8000FFFFFFFFFFFFFFFFFFFFFFFFFFFFFFFFFFFFFFFFFFFFFFFFFFFFFFFFFFFFFFFF12
:206EA000FFFFFFFFFFFFFFFFFFFFFFFFFFFFFFFFFFFFFFFFFFFFFFFFFFFFFFFFFFFFFFFFF2
:206EC000FFFFFFFFFFFFFFFFFFFFFFFFFFFFFFFFFFFFFFFFFFFFFFFFFFFFFFFFFFFFFFFFD2
:206EE000FFFFFFFFFFFFFFFFFFFFFFFFFFFFFFFFFFFFFFFFFFFFFFFFFFFFFFFFFFFFFFFFB2
:206F0000FFFFFFFFFFFFFFFFFFFFFFFFFFFFFFFFFFFFFFFFFFFFFFFFFFFFFFFFFFFFFFFF91
:206F2000FFFFFFFFFFFFFFFFFFFFFFFFFFFFFFFFFFFFFFFFFFFFFFFFFFFFFFFFFFFFFFFF71
:206F4000FFFFFFFFFFFFFFFFFFFFFFFFFFFFFFFFFFFFFFFFFFFFFFFFFFFFFFFFFFFFFFFF51
:206F6000FFFFFFFFFFFFFFFFFFFFFFFFFFFFFFFFFFFFFFFFFFFFFFFFFFFFFFFFFFFFFFFF31
:206F8000FFFFFFFFFFFFFFFFFFFFFFFFFFFFFFFFFFFFFFFFFFFFFFFFFFFFFFFFFFFFFFFF11
:206FA000FFFFFFFFFFFFFFFFFFFFFFFFFFFFFFFFFFFFFFFFFFFFFFFFFFFFFFFFFFFFFFFFF1
:206FC000FFFFFFFFFFFFFFFFFFFFFFFFFFFFFFFFFFFFFFFFFFFFFFFFFFFFFFFFFFFFFFFFD1
:206FE000FFFFFFFFFFFFFFFFFFFFFFFFFFFFFFFFFFFFFFFFFFFFFFFFFFFFFFFFFFFFFFFFB1
:20700000FFFFFFFFFFFFFFFFFFFFFFFFFFFFFFFFFFFFFFFFFFFFFFFFFFFFFFFFFFFFFFFF90
:20702000FFFFFFFFFFFFFFFFFFFFFFFFFFFFFFFFFFFFFFFFFFFFFFFFFFFFFFFFFFFFFFFF70
:20704000FFFFFFFFFFFFFFFFFFFFFFFFFFFFFFFFFFFFFFFFFFFFFFFFFFFFFFFFFFFFFFFF50
:20706000FFFFFFFFFFFFFFFFFFFFFFFFFFFFFFFFFFFFFFFFFFFFFFFFFFFFFFFFFFFFFFFF30
:20708000FFFFFFFFFFFFFFFFFFFFFFFFFFFFFFFFFFFFFFFFFFFFFFFFFFFFFFFFFFFFFFFF10
:2070A000FFFFFFFFFFFFFFFFFFFFFFFFFFFFFFFFFFFFFFFFFFFFFFFFFFFFFFFFFFFFFFFFF0
:2070C000FFFFFFFFFFFFFFFFFFFFFFFFFFFFFFFFFFFFFFFFFFFFFFFFFFFFFFFFFFFFFFFFD0
:2070E000FFFFFFFFFFFFFFFFFFFFFFFFFFFFFFFFFFFFFFFFFFFFFFFFFFFFFFFFFFFFFFFFB0
:20710000FFFFFFFFFFFFFFFFFFFFFFFFFFFFFFFFFFFFFFFFFFFFFFFFFFFFFFFFFFFFFFFF8F
:20712000FFFFFFFFFFFFFFFFFFFFFFFFFFFFFFFFFFFFFFFFFFFFFFFFFFFFFFFFFFFFFFFF6F
:20714000FFFFFFFFFFFFFFFFFFFFFFFFFFFFFFFFFFFFFFFFFFFFFFFFFFFFFFFFFFFFFFFF4F
:20716000FFFFFFFFFFFFFFFFFFFFFFFFFFFFFFFFFFFFFFFFFFFFFFFFFFFFFFFFFFFFFFFF2F
:20718000FFFFFFFFFFFFFFFFFFFFFFFFFFFFFFFFFFFFFFFFFFFFFFFFFFFFFFFFFFFFFFFF0F
:2071A000FFFFFFFFFFFFFFFFFFFFFFFFFFFFFFFFFFFFFFFFFFFFFFFFFFFFFFFFFFFFFFFFEF
:2071C000FFFFFFFFFFFFFFFFFFFFFFFFFFFFFFFFFFFFFFFFFFFFFFFFFFFFFFFFFFFFFFFFCF
:2071E000FFFFFFFFFFFFFFFFFFFFFFFFFFFFFFFFFFFFFFFFFFFFFFFFFFFFFFFFFFFFFFFFAF
:20720000FFFFFFFFFFFFFFFFFFFFFFFFFFFFFFFFFFFFFFFFFFFFFFFFFFFFFFFFFFFFFFFF8E
:20722000FFFFFFFFFFFFFFFFFFFFFFFFFFFFFFFFFFFFFFFFFFFFFFFFFFFFFFFFFFFFFFFF6E
:20724000FFFFFFFFFFFFFFFFFFFFFFFFFFFFFFFFFFFFFFFFFFFFFFFFFFFFFFFFFFFFFFFF4E
:20726000FFFFFFFFFFFFFFFFFFFFFFFFFFFFFFFFFFFFFFFFFFFFFFFFFFFFFFFFFFFFFFFF2E
:20728000FFFFFFFFFFFFFFFFFFFFFFFFFFFFFFFFFFFFFFFFFFFFFFFFFFFFFFFFFFFFFFFF0E
:2072A000FFFFFFFFFFFFFFFFFFFFFFFFFFFFFFFFFFFFFFFFFFFFFFFFFFFFFFFFFFFFFFFFEE
:2072C000FFFFFFFFFFFFFFFFFFFFFFFFFFFFFFFFFFFFFFFFFFFFFFFFFFFFFFFFFFFFFFFFCE
:2072E000FFFFFFFFFFFFFFFFFFFFFFFFFFFFFFFFFFFFFFFFFFFFFFFFFFFFFFFFFFFFFFFFAE
:20730000FFFFFFFFFFFFFFFFFFFFFFFFFFFFFFFFFFFFFFFFFFFFFFFFFFFFFFFFFFFFFFFF8D
:20732000FFFFFFFFFFFFFFFFFFFFFFFFFFFFFFFFFFFFFFFFFFFFFFFFFFFFFFFFFFFFFFFF6D
:20734000FFFFFFFFFFFFFFFFFFFFFFFFFFFFFFFFFFFFFFFFFFFFFFFFFFFFFFFFFFFFFFFF4D
:20736000FFFFFFFFFFFFFFFFFFFFFFFFFFFFFFFFFFFFFFFFFFFFFFFFFFFFFFFFFFFFFFFF2D
:20738000FFFFFFFFFFFFFFFFFFFFFFFFFFFFFFFFFFFFFFFFFFFFFFFFFFFFFFFFFFFFFFFF0D
:2073A000FFFFFFFFFFFFFFFFFFFFFFFFFFFFFFFFFFFFFFFFFFFFFFFFFFFFFFFFFFFFFFFFED
:2073C000FFFFFFFFFFFFFFFFFFFFFFFFFFFFFFFFFFFFFFFFFFFFFFFFFFFFFFFFFFFFFFFFCD
:2073E000FFFFFFFFFFFFFFFFFFFFFFFFFFFFFFFFFFFFFFFFFFFFFFFFFFFFFFFFFFFFFFFFAD
:20740000FFFFFFFFFFFFFFFFFFFFFFFFFFFFFFFFFFFFFFFFFFFFFFFFFFFFFFFFFFFFFFFF8C
:20742000FFFFFFFFFFFFFFFFFFFFFFFFFFFFFFFFFFFFFFFFFFFFFFFFFFFFFFFFFFFFFFFF6C
:20744000FFFFFFFFFFFFFFFFFFFFFFFFFFFFFFFFFFFFFFFFFFFFFFFFFFFFFFFFFFFFFFFF4C
:20746000FFFFFFFFFFFFFFFFFFFFFFFFFFFFFFFFFFFFFFFFFFFFFFFFFFFFFFFFFFFFFFFF2C
:20748000FFFFFFFFFFFFFFFFFFFFFFFFFFFFFFFFFFFFFFFFFFFFFFFFFFFFFFFFFFFFFFFF0C
:2074A000FFFFFFFFFFFFFFFFFFFFFFFFFFFFFFFFFFFFFFFFFFFFFFFFFFFFFFFFFFFFFFFFEC
:2074C000FFFFFFFFFFFFFFFFFFFFFFFFFFFFFFFFFFFFFFFFFFFFFFFFFFFFFFFFFFFFFFFFCC
:2074E000FFFFFFFFFFFFFFFFFFFFFFFFFFFFFFFFFFFFFFFFFFFFFFFFFFFFFFFFFFFFFFFFAC
:20750000FFFFFFFFFFFFFFFFFFFFFFFFFFFFFFFFFFFFFFFFFFFFFFFFFFFFFFFFFFFFFFFF8B
:20752000FFFFFFFFFFFFFFFFFFFFFFFFFFFFFFFFFFFFFFFFFFFFFFFFFFFFFFFFFFFFFFFF6B
:20754000FFFFFFFFFFFFFFFFFFFFFFFFFFFFFFFFFFFFFFFFFFFFFFFFFFFFFFFFFFFFFFFF4B
:20756000FFFFFFFFFFFFFFFFFFFFFFFFFFFFFFFFFFFFFFFFFFFFFFFFFFFFFFFFFFFFFFFF2B
:20758000FFFFFFFFFFFFFFFFFFFFFFFFFFFFFFFFFFFFFFFFFFFFFFFFFFFFFFFFFFFFFFFF0B
:2075A000FFFFFFFFFFFFFFFFFFFFFFFFFFFFFFFFFFFFFFFFFFFFFFFFFFFFFFFFFFFFFFFFEB
:2075C000FFFFFFFFFFFFFFFFFFFFFFFFFFFFFFFFFFFFFFFFFFFFFFFFFFFFFFFFFFFFFFFFCB
:2075E000FFFFFFFFFFFFFFFFFFFFFFFFFFFFFFFFFFFFFFFFFFFFFFFFFFFFFFFFFFFFFFFFAB
:20760000FFFFFFFFFFFFFFFFFFFFFFFFFFFFFFFFFFFFFFFFFFFFFFFFFFFFFFFFFFFFFFFF8A
:20762000FFFFFFFFFFFFFFFFFFFFFFFFFFFFFFFFFFFFFFFFFFFFFFFFFFFFFFFFFFFFFFFF6A
:20764000FFFFFFFFFFFFFFFFFFFFFFFFFFFFFFFFFFFFFFFFFFFFFFFFFFFFFFFFFFFFFFFF4A
:20766000FFFFFFFFFFFFFFFFFFFFFFFFFFFFFFFFFFFFFFFFFFFFFFFFFFFFFFFFFFFFFFFF2A
:20768000FFFFFFFFFFFFFFFFFFFFFFFFFFFFFFFFFFFFFFFFFFFFFFFFFFFFFFFFFFFFFFFF0A
:2076A000FFFFFFFFFFFFFFFFFFFFFFFFFFFFFFFFFFFFFFFFFFFFFFFFFFFFFFFFFFFFFFFFEA
:2076C000FFFFFFFFFFFFFFFFFFFFFFFFFFFFFFFFFFFFFFFFFFFFFFFFFFFFFFFFFFFFFFFFCA
:2076E000FFFFFFFFFFFFFFFFFFFFFFFFFFFFFFFFFFFFFFFFFFFFFFFFFFFFFFFFFFFFFFFFAA
:20770000FFFFFFFFFFFFFFFFFFFFFFFFFFFFFFFFFFFFFFFFFFFFFFFFFFFFFFFFFFFFFFFF89
:20772000FFFFFFFFFFFFFFFFFFFFFFFFFFFFFFFFFFFFFFFFFFFFFFFFFFFFFFFFFFFFFFFF69
:20774000FFFFFFFFFFFFFFFFFFFFFFFFFFFFFFFFFFFFFFFFFFFFFFFFFFFFFFFFFFFFFFFF49
:20776000FFFFFFFFFFFFFFFFFFFFFFFFFFFFFFFFFFFFFFFFFFFFFFFFFFFFFFFFFFFFFFFF29
:20778000FFFFFFFFFFFFFFFFFFFFFFFFFFFFFFFFFFFFFFFFFFFFFFFFFFFFFFFFFFFFFFFF09
:2077A000FFFFFFFFFFFFFFFFFFFFFFFFFFFFFFFFFFFFFFFFFFFFFFFFFFFFFFFFFFFFFFFFE9
:2077C000FFFFFFFFFFFFFFFFFFFFFFFFFFFFFFFFFFFFFFFFFFFFFFFFFFFFFFFFFFFFFFFFC9
:2077E000FFFFFFFFFFFFFFFFFFFFFFFFFFFFFFFFFFFFFFFFFFFFFFFFFFFFFFFFFFFFFFFFA9
:20780000FFFFFFFFFFFFFFFFFFFFFFFFFFFFFFFFFFFFFFFFFFFFFFFFFFFFFFFFFFFFFFFF88
:20782000FFFFFFFFFFFFFFFFFFFFFFFFFFFFFFFFFFFFFFFFFFFFFFFFFFFFFFFFFFFFFFFF68
:20784000FFFFFFFFFFFFFFFFFFFFFFFFFFFFFFFFFFFFFFFFFFFFFFFFFFFFFFFFFFFFFFFF48
:20786000FFFFFFFFFFFFFFFFFFFFFFFFFFFFFFFFFFFFFFFFFFFFFFFFFFFFFFFFFFFFFFFF28
:20788000FFFFFFFFFFFFFFFFFFFFFFFFFFFFFFFFFFFFFFFFFFFFFFFFFFFFFFFFFFFFFFFF08
:2078A000FFFFFFFFFFFFFFFFFFFFFFFFFFFFFFFFFFFFFFFFFFFFFFFFFFFFFFFFFFFFFFFFE8
:2078C000FFFFFFFFFFFFFFFFFFFFFFFFFFFFFFFFFFFFFFFFFFFFFFFFFFFFFFFFFFFFFFFFC8
:2078E000FFFFFFFFFFFFFFFFFFFFFFFFFFFFFFFFFFFFFFFFFFFFFFFFFFFFFFFFFFFFFFFFA8
:20790000FFFFFFFFFFFFFFFFFFFFFFFFFFFFFFFFFFFFFFFFFFFFFFFFFFFFFFFFFFFFFFFF87
:20792000FFFFFFFFFFFFFFFFFFFFFFFFFFFFFFFFFFFFFFFFFFFFFFFFFFFFFFFFFFFFFFFF67
:20794000FFFFFFFFFFFFFFFFFFFFFFFFFFFFFFFFFFFFFFFFFFFFFFFFFFFFFFFFFFFFFFFF47
:20796000FFFFFFFFFFFFFFFFFFFFFFFFFFFFFFFFFFFFFFFFFFFFFFFFFFFFFFFFFFFFFFFF27
:20798000FFFFFFFFFFFFFFFFFFFFFFFFFFFFFFFFFFFFFFFFFFFFFFFFFFFFFFFFFFFFFFFF07
:2079A000FFFFFFFFFFFFFFFFFFFFFFFFFFFFFFFFFFFFFFFFFFFFFFFFFFFFFFFFFFFFFFFFE7
:2079C000FFFFFFFFFFFFFFFFFFFFFFFFFFFFFFFFFFFFFFFFFFFFFFFFFFFFFFFFFFFFFFFFC7
:2079E000FFFFFFFFFFFFFFFFFFFFFFFFFFFFFFFFFFFFFFFFFFFFFFFFFFFFFFFFFFFFFFFFA7
:207A0000FFFFFFFFFFFFFFFFFFFFFFFFFFFFFFFFFFFFFFFFFFFFFFFFFFFFFFFFFFFFFFFF86
:207A2000FFFFFFFFFFFFFFFFFFFFFFFFFFFFFFFFFFFFFFFFFFFFFFFFFFFFFFFFFFFFFFFF66
:207A4000FFFFFFFFFFFFFFFFFFFFFFFFFFFFFFFFFFFFFFFFFFFFFFFFFFFFFFFFFFFFFFFF46
:207A6000FFFFFFFFFFFFFFFFFFFFFFFFFFFFFFFFFFFFFFFFFFFFFFFFFFFFFFFFFFFFFFFF26
:207A8000FFFFFFFFFFFFFFFFFFFFFFFFFFFFFFFFFFFFFFFFFFFFFFFFFFFFFFFFFFFFFFFF06
:207AA000FFFFFFFFFFFFFFFFFFFFFFFFFFFFFFFFFFFFFFFFFFFFFFFFFFFFFFFFFFFFFFFFE6
:207AC000FFFFFFFFFFFFFFFFFFFFFFFFFFFFFFFFFFFFFFFFFFFFFFFFFFFFFFFFFFFFFFFFC6
:207AE000FFFFFFFFFFFFFFFFFFFFFFFFFFFFFFFFFFFFFFFFFFFFFFFFFFFFFFFFFFFFFFFFA6
:207B0000FFFFFFFFFFFFFFFFFFFFFFFFFFFFFFFFFFFFFFFFFFFFFFFFFFFFFFFFFFFFFFFF85
:207B2000FFFFFFFFFFFFFFFFFFFFFFFFFFFFFFFFFFFFFFFFFFFFFFFFFFFFFFFFFFFFFFFF65
:207B4000FFFFFFFFFFFFFFFFFFFFFFFFFFFFFFFFFFFFFFFFFFFFFFFFFFFFFFFFFFFFFFFF45
:207B6000FFFFFFFFFFFFFFFFFFFFFFFFFFFFFFFFFFFFFFFFFFFFFFFFFFFFFFFFFFFFFFFF25
:207B8000FFFFFFFFFFFFFFFFFFFFFFFFFFFFFFFFFFFFFFFFFFFFFFFFFFFFFFFFFFFFFFFF05
:207BA000FFFFFFFFFFFFFFFFFFFFFFFFFFFFFFFFFFFFFFFFFFFFFFFFFFFFFFFFFFFFFFFFE5
:207BC000FFFFFFFFFFFFFFFFFFFFFFFFFFFFFFFFFFFFFFFFFFFFFFFFFFFFFFFFFFFFFFFFC5
:207BE000FFFFFFFFFFFFFFFFFFFFFFFFFFFFFFFFFFFFFFFFFFFFFFFFFFFFFFFFFFFFFFFFA5
:207C0000FFFFFFFFFFFFFFFFFFFFFFFFFFFFFFFFFFFFFFFFFFFFFFFFFFFFFFFFFFFFFFFF84
:207C2000FFFFFFFFFFFFFFFFFFFFFFFFFFFFFFFFFFFFFFFFFFFFFFFFFFFFFFFFFFFFFFFF64
:207C4000FFFFFFFFFFFFFFFFFFFFFFFFFFFFFFFFFFFFFFFFFFFFFFFFFFFFFFFFFFFFFFFF44
:207C6000FFFFFFFFFFFFFFFFFFFFFFFFFFFFFFFFFFFFFFFFFFFFFFFFFFFFFFFFFFFFFFFF24
:207C8000FFFFFFFFFFFFFFFFFFFFFFFFFFFFFFFFFFFFFFFFFFFFFFFFFFFFFFFFFFFFFFFF04
:207CA000FFFFFFFFFFFFFFFFFFFFFFFFFFFFFFFFFFFFFFFFFFFFFFFFFFFFFFFFFFFFFFFFE4
:207CC000FFFFFFFFFFFFFFFFFFFFFFFFFFFFFFFFFFFFFFFFFFFFFFFFFFFFFFFFFFFFFFFFC4
:207CE000FFFFFFFFFFFFFFFFFFFFFFFFFFFFFFFFFFFFFFFFFFFFFFFFFFFFFFFFFFFFFFFFA4
:207D0000FFFFFFFFFFFFFFFFFFFFFFFFFFFFFFFFFFFFFFFFFFFFFFFFFFFFFFFFFFFFFFFF83
:207D2000FFFFFFFFFFFFFFFFFFFFFFFFFFFFFFFFFFFFFFFFFFFFFFFFFFFFFFFFFFFFFFFF63
:207D4000FFFFFFFFFFFFFFFFFFFFFFFFFFFFFFFFFFFFFFFFFFFFFFFFFFFFFFFFFFFFFFFF43
:207D6000FFFFFFFFFFFFFFFFFFFFFFFFFFFFFFFFFFFFFFFFFFFFFFFFFFFFFFFFFFFFFFFF23
:207D8000FFFFFFFFFFFFFFFFFFFFFFFFFFFFFFFFFFFFFFFFFFFFFFFFFFFFFFFFFFFFFFFF03
:207DA000FFFFFFFFFFFFFFFFFFFFFFFFFFFFFFFFFFFFFFFFFFFFFFFFFFFFFFFFFFFFFFFFE3
:207DC000FFFFFFFFFFFFFFFFFFFFFFFFFFFFFFFFFFFFFFFFFFFFFFFFFFFFFFFFFFFFFFFFC3
:207DE000FFFFFFFFFFFFFFFFFFFFFFFFFFFFFFFFFFFFFFFFFFFFFFFFFFFFFFFFFFFFFFFFA3
:207E0000FFFFFFFFFFFFFFFFFFFFFFFFFFFFFFFFFFFFFFFFFFFFFFFFFFFFFFFFFFFFFFFF82
:207E2000FFFFFFFFFFFFFFFFFFFFFFFFFFFFFFFFFFFFFFFFFFFFFFFFFFFFFFFFFFFFFFFF62
:207E4000FFFFFFFFFFFFFFFFFFFFFFFFFFFFFFFFFFFFFFFFFFFFFFFFFFFFFFFFFFFFFFFF42
:207E6000FFFFFFFFFFFFFFFFFFFFFFFFFFFFFFFFFFFFFFFFFFFFFFFFFFFFFFFFFFFFFFFF22
:207E8000FFFFFFFFFFFFFFFFFFFFFFFFFFFFFFFFFFFFFFFFFFFFFFFFFFFFFFFFFFFFFFFF02
:207EA000FFFFFFFFFFFFFFFFFFFFFFFFFFFFFFFFFFFFFFFFFFFFFFFFFFFFFFFFFFFFFFFFE2
:207EC000FFFFFFFFFFFFFFFFFFFFFFFFFFFFFFFFFFFFFFFFFFFFFFFFFFFFFFFFFFFFFFFFC2
:207EE000FFFFFFFFFFFFFFFFFFFFFFFFFFFFFFFFFFFFFFFFFFFFFFFFFFFFFFFFFFFFFFFFA2
:207F0000FFFFFFFFFFFFFFFFFFFFFFFFFFFFFFFFFFFFFFFFFFFFFFFFFFFFFFFFFFFFFFFF81
:207F2000FFFFFFFFFFFFFFFFFFFFFFFFFFFFFFFFFFFFFFFFFFFFFFFFFFFFFFFFFFFFFFFF61
:207F4000FFFFFFFFFFFFFFFFFFFFFFFFFFFFFFFFFFFFFFFFFFFFFFFFFFFFFFFFFFFFFFFF41
:207F6000FFFFFFFFFFFFFFFFFFFFFFFFFFFFFFFFFFFFFFFFFFFFFFFFFFFFFFFFFFFFFFFF21
:207F8000FFFFFFFFFFFFFFFFFFFFFFFFFFFFFFFFFFFFFFFFFFFFFFFFFFFFFFFFFFFFFFFF01
:207FA000FFFFFFFFFFFFFFFFFFFFFFFFFFFFFFFFFFFFFFFFFFFFFFFFFFFFFFFFFFFFFFFFE1
:207FC000FFFFFFFFFFFFFFFFFFFFFFFFFFFFFFFFFFFFFFFFFFFFFFFFFFFFFFFFFFFFFFFFC1
:207FE000FFFFFFFFFFFFFFFFFFFFFFFFFFFFFFFFFFFFFFFFFFFFFFFFFFFFFFFFFFFFFFFFA1
:20800000FFFFFFFFFFFFFFFFFFFFFFFFFFFFFFFFFFFFFFFFFFFFFFFFFFFFFFFFFFFFFFFF80
:20802000FFFFFFFFFFFFFFFFFFFFFFFFFFFFFFFFFFFFFFFFFFFFFFFFFFFFFFFFFFFFFFFF60
:20804000FFFFFFFFFFFFFFFFFFFFFFFFFFFFFFFFFFFFFFFFFFFFFFFFFFFFFFFFFFFFFFFF40
:20806000FFFFFFFFFFFFFFFFFFFFFFFFFFFFFFFFFFFFFFFFFFFFFFFFFFFFFFFFFFFFFFFF20
:20808000FFFFFFFFFFFFFFFFFFFFFFFFFFFFFFFFFFFFFFFFFFFFFFFFFFFFFFFFFFFFFFFF00
:2080A000FFFFFFFFFFFFFFFFFFFFFFFFFFFFFFFFFFFFFFFFFFFFFFFFFFFFFFFFFFFFFFFFE0
:2080C000FFFFFFFFFFFFFFFFFFFFFFFFFFFFFFFFFFFFFFFFFFFFFFFFFFFFFFFFFFFFFFFFC0
:2080E000FFFFFFFFFFFFFFFFFFFFFFFFFFFFFFFFFFFFFFFFFFFFFFFFFFFFFFFFFFFFFFFFA0
:20810000FFFFFFFFFFFFFFFFFFFFFFFFFFFFFFFFFFFFFFFFFFFFFFFFFFFFFFFFFFFFFFFF7F
:20812000FFFFFFFFFFFFFFFFFFFFFFFFFFFFFFFFFFFFFFFFFFFFFFFFFFFFFFFFFFFFFFFF5F
:20814000FFFFFFFFFFFFFFFFFFFFFFFFFFFFFFFFFFFFFFFFFFFFFFFFFFFFFFFFFFFFFFFF3F
:20816000FFFFFFFFFFFFFFFFFFFFFFFFFFFFFFFFFFFFFFFFFFFFFFFFFFFFFFFFFFFFFFFF1F
:20818000FFFFFFFFFFFFFFFFFFFFFFFFFFFFFFFFFFFFFFFFFFFFFFFFFFFFFFFFFFFFFFFFFF
:2081A000FFFFFFFFFFFFFFFFFFFFFFFFFFFFFFFFFFFFFFFFFFFFFFFFFFFFFFFFFFFFFFFFDF
:2081C000FFFFFFFFFFFFFFFFFFFFFFFFFFFFFFFFFFFFFFFFFFFFFFFFFFFFFFFFFFFFFFFFBF
:2081E000FFFFFFFFFFFFFFFFFFFFFFFFFFFFFFFFFFFFFFFFFFFFFFFFFFFFFFFFFFFFFFFF9F
:20820000FFFFFFFFFFFFFFFFFFFFFFFFFFFFFFFFFFFFFFFFFFFFFFFFFFFFFFFFFFFFFFFF7E
:20822000FFFFFFFFFFFFFFFFFFFFFFFFFFFFFFFFFFFFFFFFFFFFFFFFFFFFFFFFFFFFFFFF5E
:20824000FFFFFFFFFFFFFFFFFFFFFFFFFFFFFFFFFFFFFFFFFFFFFFFFFFFFFFFFFFFFFFFF3E
:20826000FFFFFFFFFFFFFFFFFFFFFFFFFFFFFFFFFFFFFFFFFFFFFFFFFFFFFFFFFFFFFFFF1E
:20828000FFFFFFFFFFFFFFFFFFFFFFFFFFFFFFFFFFFFFFFFFFFFFFFFFFFFFFFFFFFFFFFFFE
:2082A000FFFFFFFFFFFFFFFFFFFFFFFFFFFFFFFFFFFFFFFFFFFFFFFFFFFFFFFFFFFFFFFFDE
:2082C000FFFFFFFFFFFFFFFFFFFFFFFFFFFFFFFFFFFFFFFFFFFFFFFFFFFFFFFFFFFFFFFFBE
:2082E000FFFFFFFFFFFFFFFFFFFFFFFFFFFFFFFFFFFFFFFFFFFFFFFFFFFFFFFFFFFFFFFF9E
:20830000FFFFFFFFFFFFFFFFFFFFFFFFFFFFFFFFFFFFFFFFFFFFFFFFFFFFFFFFFFFFFFFF7D
:20832000FFFFFFFFFFFFFFFFFFFFFFFFFFFFFFFFFFFFFFFFFFFFFFFFFFFFFFFFFFFFFFFF5D
:20834000FFFFFFFFFFFFFFFFFFFFFFFFFFFFFFFFFFFFFFFFFFFFFFFFFFFFFFFFFFFFFFFF3D
:20836000FFFFFFFFFFFFFFFFFFFFFFFFFFFFFFFFFFFFFFFFFFFFFFFFFFFFFFFFFFFFFFFF1D
:20838000FFFFFFFFFFFFFFFFFFFFFFFFFFFFFFFFFFFFFFFFFFFFFFFFFFFFFFFFFFFFFFFFFD
:2083A000FFFFFFFFFFFFFFFFFFFFFFFFFFFFFFFFFFFFFFFFFFFFFFFFFFFFFFFFFFFFFFFFDD
:2083C000FFFFFFFFFFFFFFFFFFFFFFFFFFFFFFFFFFFFFFFFFFFFFFFFFFFFFFFFFFFFFFFFBD
:2083E000FFFFFFFFFFFFFFFFFFFFFFFFFFFFFFFFFFFFFFFFFFFFFFFFFFFFFFFFFFFFFFFF9D
:20840000FFFFFFFFFFFFFFFFFFFFFFFFFFFFFFFFFFFFFFFFFFFFFFFFFFFFFFFFFFFFFFFF7C
:20842000FFFFFFFFFFFFFFFFFFFFFFFFFFFFFFFFFFFFFFFFFFFFFFFFFFFFFFFFFFFFFFFF5C
:20844000FFFFFFFFFFFFFFFFFFFFFFFFFFFFFFFFFFFFFFFFFFFFFFFFFFFFFFFFFFFFFFFF3C
:20846000FFFFFFFFFFFFFFFFFFFFFFFFFFFFFFFFFFFFFFFFFFFFFFFFFFFFFFFFFFFFFFFF1C
:20848000FFFFFFFFFFFFFFFFFFFFFFFFFFFFFFFFFFFFFFFFFFFFFFFFFFFFFFFFFFFFFFFFFC
:2084A000FFFFFFFFFFFFFFFFFFFFFFFFFFFFFFFFFFFFFFFFFFFFFFFFFFFFFFFFFFFFFFFFDC
:2084C000FFFFFFFFFFFFFFFFFFFFFFFFFFFFFFFFFFFFFFFFFFFFFFFFFFFFFFFFFFFFFFFFBC
:2084E000FFFFFFFFFFFFFFFFFFFFFFFFFFFFFFFFFFFFFFFFFFFFFFFFFFFFFFFFFFFFFFFF9C
:20850000FFFFFFFFFFFFFFFFFFFFFFFFFFFFFFFFFFFFFFFFFFFFFFFFFFFFFFFFFFFFFFFF7B
:20852000FFFFFFFFFFFFFFFFFFFFFFFFFFFFFFFFFFFFFFFFFFFFFFFFFFFFFFFFFFFFFFFF5B
:20854000FFFFFFFFFFFFFFFFFFFFFFFFFFFFFFFFFFFFFFFFFFFFFFFFFFFFFFFFFFFFFFFF3B
:20856000FFFFFFFFFFFFFFFFFFFFFFFFFFFFFFFFFFFFFFFFFFFFFFFFFFFFFFFFFFFFFFFF1B
:20858000FFFFFFFFFFFFFFFFFFFFFFFFFFFFFFFFFFFFFFFFFFFFFFFFFFFFFFFFFFFFFFFFFB
:2085A000FFFFFFFFFFFFFFFFFFFFFFFFFFFFFFFFFFFFFFFFFFFFFFFFFFFFFFFFFFFFFFFFDB
:2085C000FFFFFFFFFFFFFFFFFFFFFFFFFFFFFFFFFFFFFFFFFFFFFFFFFFFFFFFFFFFFFFFFBB
:2085E000FFFFFFFFFFFFFFFFFFFFFFFFFFFFFFFFFFFFFFFFFFFFFFFFFFFFFFFFFFFFFFFF9B
:20860000FFFFFFFFFFFFFFFFFFFFFFFFFFFFFFFFFFFFFFFFFFFFFFFFFFFFFFFFFFFFFFFF7A
:20862000FFFFFFFFFFFFFFFFFFFFFFFFFFFFFFFFFFFFFFFFFFFFFFFFFFFFFFFFFFFFFFFF5A
:20864000FFFFFFFFFFFFFFFFFFFFFFFFFFFFFFFFFFFFFFFFFFFFFFFFFFFFFFFFFFFFFFFF3A
:20866000FFFFFFFFFFFFFFFFFFFFFFFFFFFFFFFFFFFFFFFFFFFFFFFFFFFFFFFFFFFFFFFF1A
:20868000FFFFFFFFFFFFFFFFFFFFFFFFFFFFFFFFFFFFFFFFFFFFFFFFFFFFFFFFFFFFFFFFFA
:2086A000FFFFFFFFFFFFFFFFFFFFFFFFFFFFFFFFFFFFFFFFFFFFFFFFFFFFFFFFFFFFFFFFDA
:2086C000FFFFFFFFFFFFFFFFFFFFFFFFFFFFFFFFFFFFFFFFFFFFFFFFFFFFFFFFFFFFFFFFBA
:2086E000FFFFFFFFFFFFFFFFFFFFFFFFFFFFFFFFFFFFFFFFFFFFFFFFFFFFFFFFFFFFFFFF9A
:20870000FFFFFFFFFFFFFFFFFFFFFFFFFFFFFFFFFFFFFFFFFFFFFFFFFFFFFFFFFFFFFFFF79
:20872000FFFFFFFFFFFFFFFFFFFFFFFFFFFFFFFFFFFFFFFFFFFFFFFFFFFFFFFFFFFFFFFF59
:20874000FFFFFFFFFFFFFFFFFFFFFFFFFFFFFFFFFFFFFFFFFFFFFFFFFFFFFFFFFFFFFFFF39
:20876000FFFFFFFFFFFFFFFFFFFFFFFFFFFFFFFFFFFFFFFFFFFFFFFFFFFFFFFFFFFFFFFF19
:20878000FFFFFFFFFFFFFFFFFFFFFFFFFFFFFFFFFFFFFFFFFFFFFFFFFFFFFFFFFFFFFFFFF9
:2087A000FFFFFFFFFFFFFFFFFFFFFFFFFFFFFFFFFFFFFFFFFFFFFFFFFFFFFFFFFFFFFFFFD9
:2087C000FFFFFFFFFFFFFFFFFFFFFFFFFFFFFFFFFFFFFFFFFFFFFFFFFFFFFFFFFFFFFFFFB9
:2087E000FFFFFFFFFFFFFFFFFFFFFFFFFFFFFFFFFFFFFFFFFFFFFFFFFFFFFFFFFFFFFFFF99
:20880000FFFFFFFFFFFFFFFFFFFFFFFFFFFFFFFFFFFFFFFFFFFFFFFFFFFFFFFFFFFFFFFF78
:20882000FFFFFFFFFFFFFFFFFFFFFFFFFFFFFFFFFFFFFFFFFFFFFFFFFFFFFFFFFFFFFFFF58
:20884000FFFFFFFFFFFFFFFFFFFFFFFFFFFFFFFFFFFFFFFFFFFFFFFFFFFFFFFFFFFFFFFF38
:20886000FFFFFFFFFFFFFFFFFFFFFFFFFFFFFFFFFFFFFFFFFFFFFFFFFFFFFFFFFFFFFFFF18
:20888000FFFFFFFFFFFFFFFFFFFFFFFFFFFFFFFFFFFFFFFFFFFFFFFFFFFFFFFFFFFFFFFFF8
:2088A000FFFFFFFFFFFFFFFFFFFFFFFFFFFFFFFFFFFFFFFFFFFFFFFFFFFFFFFFFFFFFFFFD8
:2088C000FFFFFFFFFFFFFFFFFFFFFFFFFFFFFFFFFFFFFFFFFFFFFFFFFFFFFFFFFFFFFFFFB8
:2088E000FFFFFFFFFFFFFFFFFFFFFFFFFFFFFFFFFFFFFFFFFFFFFFFFFFFFFFFFFFFFFFFF98
:20890000FFFFFFFFFFFFFFFFFFFFFFFFFFFFFFFFFFFFFFFFFFFFFFFFFFFFFFFFFFFFFFFF77
:20892000FFFFFFFFFFFFFFFFFFFFFFFFFFFFFFFFFFFFFFFFFFFFFFFFFFFFFFFFFFFFFFFF57
:20894000FFFFFFFFFFFFFFFFFFFFFFFFFFFFFFFFFFFFFFFFFFFFFFFFFFFFFFFFFFFFFFFF37
:20896000FFFFFFFFFFFFFFFFFFFFFFFFFFFFFFFFFFFFFFFFFFFFFFFFFFFFFFFFFFFFFFFF17
:20898000FFFFFFFFFFFFFFFFFFFFFFFFFFFFFFFFFFFFFFFFFFFFFFFFFFFFFFFFFFFFFFFFF7
:2089A000FFFFFFFFFFFFFFFFFFFFFFFFFFFFFFFFFFFFFFFFFFFFFFFFFFFFFFFFFFFFFFFFD7
:2089C000FFFFFFFFFFFFFFFFFFFFFFFFFFFFFFFFFFFFFFFFFFFFFFFFFFFFFFFFFFFFFFFFB7
:2089E000FFFFFFFFFFFFFFFFFFFFFFFFFFFFFFFFFFFFFFFFFFFFFFFFFFFFFFFFFFFFFFFF97
:208A0000FFFFFFFFFFFFFFFFFFFFFFFFFFFFFFFFFFFFFFFFFFFFFFFFFFFFFFFFFFFFFFFF76
:208A2000FFFFFFFFFFFFFFFFFFFFFFFFFFFFFFFFFFFFFFFFFFFFFFFFFFFFFFFFFFFFFFFF56
:208A4000FFFFFFFFFFFFFFFFFFFFFFFFFFFFFFFFFFFFFFFFFFFFFFFFFFFFFFFFFFFFFFFF36
:208A6000FFFFFFFFFFFFFFFFFFFFFFFFFFFFFFFFFFFFFFFFFFFFFFFFFFFFFFFFFFFFFFFF16
:208A8000FFFFFFFFFFFFFFFFFFFFFFFFFFFFFFFFFFFFFFFFFFFFFFFFFFFFFFFFFFFFFFFFF6
:208AA000FFFFFFFFFFFFFFFFFFFFFFFFFFFFFFFFFFFFFFFFFFFFFFFFFFFFFFFFFFFFFFFFD6
:208AC000FFFFFFFFFFFFFFFFFFFFFFFFFFFFFFFFFFFFFFFFFFFFFFFFFFFFFFFFFFFFFFFFB6
:208AE000FFFFFFFFFFFFFFFFFFFFFFFFFFFFFFFFFFFFFFFFFFFFFFFFFFFFFFFFFFFFFFFF96
:208B0000FFFFFFFFFFFFFFFFFFFFFFFFFFFFFFFFFFFFFFFFFFFFFFFFFFFFFFFFFFFFFFFF75
:208B2000FFFFFFFFFFFFFFFFFFFFFFFFFFFFFFFFFFFFFFFFFFFFFFFFFFFFFFFFFFFFFFFF55
:208B4000FFFFFFFFFFFFFFFFFFFFFFFFFFFFFFFFFFFFFFFFFFFFFFFFFFFFFFFFFFFFFFFF35
:208B6000FFFFFFFFFFFFFFFFFFFFFFFFFFFFFFFFFFFFFFFFFFFFFFFFFFFFFFFFFFFFFFFF15
:208B8000FFFFFFFFFFFFFFFFFFFFFFFFFFFFFFFFFFFFFFFFFFFFFFFFFFFFFFFFFFFFFFFFF5
:208BA000FFFFFFFFFFFFFFFFFFFFFFFFFFFFFFFFFFFFFFFFFFFFFFFFFFFFFFFFFFFFFFFFD5
:208BC000FFFFFFFFFFFFFFFFFFFFFFFFFFFFFFFFFFFFFFFFFFFFFFFFFFFFFFFFFFFFFFFFB5
:208BE000FFFFFFFFFFFFFFFFFFFFFFFFFFFFFFFFFFFFFFFFFFFFFFFFFFFFFFFFFFFFFFFF95
:208C0000FFFFFFFFFFFFFFFFFFFFFFFFFFFFFFFFFFFFFFFFFFFFFFFFFFFFFFFFFFFFFFFF74
:208C2000FFFFFFFFFFFFFFFFFFFFFFFFFFFFFFFFFFFFFFFFFFFFFFFFFFFFFFFFFFFFFFFF54
:208C4000FFFFFFFFFFFFFFFFFFFFFFFFFFFFFFFFFFFFFFFFFFFFFFFFFFFFFFFFFFFFFFFF34
:208C6000FFFFFFFFFFFFFFFFFFFFFFFFFFFFFFFFFFFFFFFFFFFFFFFFFFFFFFFFFFFFFFFF14
:208C8000FFFFFFFFFFFFFFFFFFFFFFFFFFFFFFFFFFFFFFFFFFFFFFFFFFFFFFFFFFFFFFFFF4
:208CA000FFFFFFFFFFFFFFFFFFFFFFFFFFFFFFFFFFFFFFFFFFFFFFFFFFFFFFFFFFFFFFFFD4
:208CC000FFFFFFFFFFFFFFFFFFFFFFFFFFFFFFFFFFFFFFFFFFFFFFFFFFFFFFFFFFFFFFFFB4
:208CE000FFFFFFFFFFFFFFFFFFFFFFFFFFFFFFFFFFFFFFFFFFFFFFFFFFFFFFFFFFFFFFFF94
:208D0000FFFFFFFFFFFFFFFFFFFFFFFFFFFFFFFFFFFFFFFFFFFFFFFFFFFFFFFFFFFFFFFF73
:208D2000FFFFFFFFFFFFFFFFFFFFFFFFFFFFFFFFFFFFFFFFFFFFFFFFFFFFFFFFFFFFFFFF53
:208D4000FFFFFFFFFFFFFFFFFFFFFFFFFFFFFFFFFFFFFFFFFFFFFFFFFFFFFFFFFFFFFFFF33
:208D6000FFFFFFFFFFFFFFFFFFFFFFFFFFFFFFFFFFFFFFFFFFFFFFFFFFFFFFFFFFFFFFFF13
:208D8000FFFFFFFFFFFFFFFFFFFFFFFFFFFFFFFFFFFFFFFFFFFFFFFFFFFFFFFFFFFFFFFFF3
:208DA000FFFFFFFFFFFFFFFFFFFFFFFFFFFFFFFFFFFFFFFFFFFFFFFFFFFFFFFFFFFFFFFFD3
:208DC000FFFFFFFFFFFFFFFFFFFFFFFFFFFFFFFFFFFFFFFFFFFFFFFFFFFFFFFFFFFFFFFFB3
:208DE000FFFFFFFFFFFFFFFFFFFFFFFFFFFFFFFFFFFFFFFFFFFFFFFFFFFFFFFFFFFFFFFF93
:208E0000FFFFFFFFFFFFFFFFFFFFFFFFFFFFFFFFFFFFFFFFFFFFFFFFFFFFFFFFFFFFFFFF72
:208E2000FFFFFFFFFFFFFFFFFFFFFFFFFFFFFFFFFFFFFFFFFFFFFFFFFFFFFFFFFFFFFFFF52
:208E4000FFFFFFFFFFFFFFFFFFFFFFFFFFFFFFFFFFFFFFFFFFFFFFFFFFFFFFFFFFFFFFFF32
:208E6000FFFFFFFFFFFFFFFFFFFFFFFFFFFFFFFFFFFFFFFFFFFFFFFFFFFFFFFFFFFFFFFF12
:208E8000FFFFFFFFFFFFFFFFFFFFFFFFFFFFFFFFFFFFFFFFFFFFFFFFFFFFFFFFFFFFFFFFF2
:208EA000FFFFFFFFFFFFFFFFFFFFFFFFFFFFFFFFFFFFFFFFFFFFFFFFFFFFFFFFFFFFFFFFD2
:208EC000FFFFFFFFFFFFFFFFFFFFFFFFFFFFFFFFFFFFFFFFFFFFFFFFFFFFFFFFFFFFFFFFB2
:208EE000FFFFFFFFFFFFFFFFFFFFFFFFFFFFFFFFFFFFFFFFFFFFFFFFFFFFFFFFFFFFFFFF92
:208F0000FFFFFFFFFFFFFFFFFFFFFFFFFFFFFFFFFFFFFFFFFFFFFFFFFFFFFFFFFFFFFFFF71
:208F2000FFFFFFFFFFFFFFFFFFFFFFFFFFFFFFFFFFFFFFFFFFFFFFFFFFFFFFFFFFFFFFFF51
:208F4000FFFFFFFFFFFFFFFFFFFFFFFFFFFFFFFFFFFFFFFFFFFFFFFFFFFFFFFFFFFFFFFF31
:208F6000FFFFFFFFFFFFFFFFFFFFFFFFFFFFFFFFFFFFFFFFFFFFFFFFFFFFFFFFFFFFFFFF11
:208F8000FFFFFFFFFFFFFFFFFFFFFFFFFFFFFFFFFFFFFFFFFFFFFFFFFFFFFFFFFFFFFFFFF1
:208FA000FFFFFFFFFFFFFFFFFFFFFFFFFFFFFFFFFFFFFFFFFFFFFFFFFFFFFFFFFFFFFFFFD1
:208FC000FFFFFFFFFFFFFFFFFFFFFFFFFFFFFFFFFFFFFFFFFFFFFFFFFFFFFFFFFFFFFFFFB1
:208FE000FFFFFFFFFFFFFFFFFFFFFFFFFFFFFFFFFFFFFFFFFFFFFFFFFFFFFFFFFFFFFFFF91
:20900000FFFFFFFFFFFFFFFFFFFFFFFFFFFFFFFFFFFFFFFFFFFFFFFFFFFFFFFFFFFFFFFF70
:20902000FFFFFFFFFFFFFFFFFFFFFFFFFFFFFFFFFFFFFFFFFFFFFFFFFFFFFFFFFFFFFFFF50
:20904000FFFFFFFFFFFFFFFFFFFFFFFFFFFFFFFFFFFFFFFFFFFFFFFFFFFFFFFFFFFFFFFF30
:20906000FFFFFFFFFFFFFFFFFFFFFFFFFFFFFFFFFFFFFFFFFFFFFFFFFFFFFFFFFFFFFFFF10
:20908000FFFFFFFFFFFFFFFFFFFFFFFFFFFFFFFFFFFFFFFFFFFFFFFFFFFFFFFFFFFFFFFFF0
:2090A000FFFFFFFFFFFFFFFFFFFFFFFFFFFFFFFFFFFFFFFFFFFFFFFFFFFFFFFFFFFFFFFFD0
:2090C000FFFFFFFFFFFFFFFFFFFFFFFFFFFFFFFFFFFFFFFFFFFFFFFFFFFFFFFFFFFFFFFFB0
:2090E000FFFFFFFFFFFFFFFFFFFFFFFFFFFFFFFFFFFFFFFFFFFFFFFFFFFFFFFFFFFFFFFF90
:20910000FFFFFFFFFFFFFFFFFFFFFFFFFFFFFFFFFFFFFFFFFFFFFFFFFFFFFFFFFFFFFFFF6F
:20912000FFFFFFFFFFFFFFFFFFFFFFFFFFFFFFFFFFFFFFFFFFFFFFFFFFFFFFFFFFFFFFFF4F
:20914000FFFFFFFFFFFFFFFFFFFFFFFFFFFFFFFFFFFFFFFFFFFFFFFFFFFFFFFFFFFFFFFF2F
:20916000FFFFFFFFFFFFFFFFFFFFFFFFFFFFFFFFFFFFFFFFFFFFFFFFFFFFFFFFFFFFFFFF0F
:20918000FFFFFFFFFFFFFFFFFFFFFFFFFFFFFFFFFFFFFFFFFFFFFFFFFFFFFFFFFFFFFFFFEF
:2091A000FFFFFFFFFFFFFFFFFFFFFFFFFFFFFFFFFFFFFFFFFFFFFFFFFFFFFFFFFFFFFFFFCF
:2091C000FFFFFFFFFFFFFFFFFFFFFFFFFFFFFFFFFFFFFFFFFFFFFFFFFFFFFFFFFFFFFFFFAF
:2091E000FFFFFFFFFFFFFFFFFFFFFFFFFFFFFFFFFFFFFFFFFFFFFFFFFFFFFFFFFFFFFFFF8F
:20920000FFFFFFFFFFFFFFFFFFFFFFFFFFFFFFFFFFFFFFFFFFFFFFFFFFFFFFFFFFFFFFFF6E
:20922000FFFFFFFFFFFFFFFFFFFFFFFFFFFFFFFFFFFFFFFFFFFFFFFFFFFFFFFFFFFFFFFF4E
:20924000FFFFFFFFFFFFFFFFFFFFFFFFFFFFFFFFFFFFFFFFFFFFFFFFFFFFFFFFFFFFFFFF2E
:20926000FFFFFFFFFFFFFFFFFFFFFFFFFFFFFFFFFFFFFFFFFFFFFFFFFFFFFFFFFFFFFFFF0E
:20928000FFFFFFFFFFFFFFFFFFFFFFFFFFFFFFFFFFFFFFFFFFFFFFFFFFFFFFFFFFFFFFFFEE
:2092A000FFFFFFFFFFFFFFFFFFFFFFFFFFFFFFFFFFFFFFFFFFFFFFFFFFFFFFFFFFFFFFFFCE
:2092C000FFFFFFFFFFFFFFFFFFFFFFFFFFFFFFFFFFFFFFFFFFFFFFFFFFFFFFFFFFFFFFFFAE
:2092E000FFFFFFFFFFFFFFFFFFFFFFFFFFFFFFFFFFFFFFFFFFFFFFFFFFFFFFFFFFFFFFFF8E
:20930000FFFFFFFFFFFFFFFFFFFFFFFFFFFFFFFFFFFFFFFFFFFFFFFFFFFFFFFFFFFFFFFF6D
:20932000FFFFFFFFFFFFFFFFFFFFFFFFFFFFFFFFFFFFFFFFFFFFFFFFFFFFFFFFFFFFFFFF4D
:20934000FFFFFFFFFFFFFFFFFFFFFFFFFFFFFFFFFFFFFFFFFFFFFFFFFFFFFFFFFFFFFFFF2D
:20936000FFFFFFFFFFFFFFFFFFFFFFFFFFFFFFFFFFFFFFFFFFFFFFFFFFFFFFFFFFFFFFFF0D
:20938000FFFFFFFFFFFFFFFFFFFFFFFFFFFFFFFFFFFFFFFFFFFFFFFFFFFFFFFFFFFFFFFFED
:2093A000FFFFFFFFFFFFFFFFFFFFFFFFFFFFFFFFFFFFFFFFFFFFFFFFFFFFFFFFFFFFFFFFCD
:2093C000FFFFFFFFFFFFFFFFFFFFFFFFFFFFFFFFFFFFFFFFFFFFFFFFFFFFFFFFFFFFFFFFAD
:2093E000FFFFFFFFFFFFFFFFFFFFFFFFFFFFFFFFFFFFFFFFFFFFFFFFFFFFFFFFFFFFFFFF8D
:20940000FFFFFFFFFFFFFFFFFFFFFFFFFFFFFFFFFFFFFFFFFFFFFFFFFFFFFFFFFFFFFFFF6C
:20942000FFFFFFFFFFFFFFFFFFFFFFFFFFFFFFFFFFFFFFFFFFFFFFFFFFFFFFFFFFFFFFFF4C
:20944000FFFFFFFFFFFFFFFFFFFFFFFFFFFFFFFFFFFFFFFFFFFFFFFFFFFFFFFFFFFFFFFF2C
:20946000FFFFFFFFFFFFFFFFFFFFFFFFFFFFFFFFFFFFFFFFFFFFFFFFFFFFFFFFFFFFFFFF0C
:20948000FFFFFFFFFFFFFFFFFFFFFFFFFFFFFFFFFFFFFFFFFFFFFFFFFFFFFFFFFFFFFFFFEC
:2094A000FFFFFFFFFFFFFFFFFFFFFFFFFFFFFFFFFFFFFFFFFFFFFFFFFFFFFFFFFFFFFFFFCC
:2094C000FFFFFFFFFFFFFFFFFFFFFFFFFFFFFFFFFFFFFFFFFFFFFFFFFFFFFFFFFFFFFFFFAC
:2094E000FFFFFFFFFFFFFFFFFFFFFFFFFFFFFFFFFFFFFFFFFFFFFFFFFFFFFFFFFFFFFFFF8C
:20950000FFFFFFFFFFFFFFFFFFFFFFFFFFFFFFFFFFFFFFFFFFFFFFFFFFFFFFFFFFFFFFFF6B
:20952000FFFFFFFFFFFFFFFFFFFFFFFFFFFFFFFFFFFFFFFFFFFFFFFFFFFFFFFFFFFFFFFF4B
:20954000FFFFFFFFFFFFFFFFFFFFFFFFFFFFFFFFFFFFFFFFFFFFFFFFFFFFFFFFFFFFFFFF2B
:20956000FFFFFFFFFFFFFFFFFFFFFFFFFFFFFFFFFFFFFFFFFFFFFFFFFFFFFFFFFFFFFFFF0B
:20958000FFFFFFFFFFFFFFFFFFFFFFFFFFFFFFFFFFFFFFFFFFFFFFFFFFFFFFFFFFFFFFFFEB
:2095A000FFFFFFFFFFFFFFFFFFFFFFFFFFFFFFFFFFFFFFFFFFFFFFFFFFFFFFFFFFFFFFFFCB
:2095C000FFFFFFFFFFFFFFFFFFFFFFFFFFFFFFFFFFFFFFFFFFFFFFFFFFFFFFFFFFFFFFFFAB
:2095E000FFFFFFFFFFFFFFFFFFFFFFFFFFFFFFFFFFFFFFFFFFFFFFFFFFFFFFFFFFFFFFFF8B
:20960000FFFFFFFFFFFFFFFFFFFFFFFFFFFFFFFFFFFFFFFFFFFFFFFFFFFFFFFFFFFFFFFF6A
:20962000FFFFFFFFFFFFFFFFFFFFFFFFFFFFFFFFFFFFFFFFFFFFFFFFFFFFFFFFFFFFFFFF4A
:20964000FFFFFFFFFFFFFFFFFFFFFFFFFFFFFFFFFFFFFFFFFFFFFFFFFFFFFFFFFFFFFFFF2A
:20966000FFFFFFFFFFFFFFFFFFFFFFFFFFFFFFFFFFFFFFFFFFFFFFFFFFFFFFFFFFFFFFFF0A
:20968000FFFFFFFFFFFFFFFFFFFFFFFFFFFFFFFFFFFFFFFFFFFFFFFFFFFFFFFFFFFFFFFFEA
:2096A000FFFFFFFFFFFFFFFFFFFFFFFFFFFFFFFFFFFFFFFFFFFFFFFFFFFFFFFFFFFFFFFFCA
:2096C000FFFFFFFFFFFFFFFFFFFFFFFFFFFFFFFFFFFFFFFFFFFFFFFFFFFFFFFFFFFFFFFFAA
:2096E000FFFFFFFFFFFFFFFFFFFFFFFFFFFFFFFFFFFFFFFFFFFFFFFFFFFFFFFFFFFFFFFF8A
:20970000FFFFFFFFFFFFFFFFFFFFFFFFFFFFFFFFFFFFFFFFFFFFFFFFFFFFFFFFFFFFFFFF69
:20972000FFFFFFFFFFFFFFFFFFFFFFFFFFFFFFFFFFFFFFFFFFFFFFFFFFFFFFFFFFFFFFFF49
:20974000FFFFFFFFFFFFFFFFFFFFFFFFFFFFFFFFFFFFFFFFFFFFFFFFFFFFFFFFFFFFFFFF29
:20976000FFFFFFFFFFFFFFFFFFFFFFFFFFFFFFFFFFFFFFFFFFFFFFFFFFFFFFFFFFFFFFFF09
:20978000FFFFFFFFFFFFFFFFFFFFFFFFFFFFFFFFFFFFFFFFFFFFFFFFFFFFFFFFFFFFFFFFE9
:2097A000FFFFFFFFFFFFFFFFFFFFFFFFFFFFFFFFFFFFFFFFFFFFFFFFFFFFFFFFFFFFFFFFC9
:2097C000FFFFFFFFFFFFFFFFFFFFFFFFFFFFFFFFFFFFFFFFFFFFFFFFFFFFFFFFFFFFFFFFA9
:2097E000FFFFFFFFFFFFFFFFFFFFFFFFFFFFFFFFFFFFFFFFFFFFFFFFFFFFFFFFFFFFFFFF89
:20980000FFFFFFFFFFFFFFFFFFFFFFFFFFFFFFFFFFFFFFFFFFFFFFFFFFFFFFFFFFFFFFFF68
:20982000FFFFFFFFFFFFFFFFFFFFFFFFFFFFFFFFFFFFFFFFFFFFFFFFFFFFFFFFFFFFFFFF48
:20984000FFFFFFFFFFFFFFFFFFFFFFFFFFFFFFFFFFFFFFFFFFFFFFFFFFFFFFFFFFFFFFFF28
:20986000FFFFFFFFFFFFFFFFFFFFFFFFFFFFFFFFFFFFFFFFFFFFFFFFFFFFFFFFFFFFFFFF08
:20988000FFFFFFFFFFFFFFFFFFFFFFFFFFFFFFFFFFFFFFFFFFFFFFFFFFFFFFFFFFFFFFFFE8
:2098A000FFFFFFFFFFFFFFFFFFFFFFFFFFFFFFFFFFFFFFFFFFFFFFFFFFFFFFFFFFFFFFFFC8
:2098C000FFFFFFFFFFFFFFFFFFFFFFFFFFFFFFFFFFFFFFFFFFFFFFFFFFFFFFFFFFFFFFFFA8
:2098E000FFFFFFFFFFFFFFFFFFFFFFFFFFFFFFFFFFFFFFFFFFFFFFFFFFFFFFFFFFFFFFFF88
:20990000FFFFFFFFFFFFFFFFFFFFFFFFFFFFFFFFFFFFFFFFFFFFFFFFFFFFFFFFFFFFFFFF67
:20992000FFFFFFFFFFFFFFFFFFFFFFFFFFFFFFFFFFFFFFFFFFFFFFFFFFFFFFFFFFFFFFFF47
:20994000FFFFFFFFFFFFFFFFFFFFFFFFFFFFFFFFFFFFFFFFFFFFFFFFFFFFFFFFFFFFFFFF27
:20996000FFFFFFFFFFFFFFFFFFFFFFFFFFFFFFFFFFFFFFFFFFFFFFFFFFFFFFFFFFFFFFFF07
:20998000FFFFFFFFFFFFFFFFFFFFFFFFFFFFFFFFFFFFFFFFFFFFFFFFFFFFFFFFFFFFFFFFE7
:2099A000FFFFFFFFFFFFFFFFFFFFFFFFFFFFFFFFFFFFFFFFFFFFFFFFFFFFFFFFFFFFFFFFC7
:2099C000FFFFFFFFFFFFFFFFFFFFFFFFFFFFFFFFFFFFFFFFFFFFFFFFFFFFFFFFFFFFFFFFA7
:2099E000FFFFFFFFFFFFFFFFFFFFFFFFFFFFFFFFFFFFFFFFFFFFFFFFFFFFFFFFFFFFFFFF87
:209A0000FFFFFFFFFFFFFFFFFFFFFFFFFFFFFFFFFFFFFFFFFFFFFFFFFFFFFFFFFFFFFFFF66
:209A2000FFFFFFFFFFFFFFFFFFFFFFFFFFFFFFFFFFFFFFFFFFFFFFFFFFFFFFFFFFFFFFFF46
:209A4000FFFFFFFFFFFFFFFFFFFFFFFFFFFFFFFFFFFFFFFFFFFFFFFFFFFFFFFFFFFFFFFF26
:209A6000FFFFFFFFFFFFFFFFFFFFFFFFFFFFFFFFFFFFFFFFFFFFFFFFFFFFFFFFFFFFFFFF06
:209A8000FFFFFFFFFFFFFFFFFFFFFFFFFFFFFFFFFFFFFFFFFFFFFFFFFFFFFFFFFFFFFFFFE6
:209AA000FFFFFFFFFFFFFFFFFFFFFFFFFFFFFFFFFFFFFFFFFFFFFFFFFFFFFFFFFFFFFFFFC6
:209AC000FFFFFFFFFFFFFFFFFFFFFFFFFFFFFFFFFFFFFFFFFFFFFFFFFFFFFFFFFFFFFFFFA6
:209AE000FFFFFFFFFFFFFFFFFFFFFFFFFFFFFFFFFFFFFFFFFFFFFFFFFFFFFFFFFFFFFFFF86
:209B0000FFFFFFFFFFFFFFFFFFFFFFFFFFFFFFFFFFFFFFFFFFFFFFFFFFFFFFFFFFFFFFFF65
:209B2000FFFFFFFFFFFFFFFFFFFFFFFFFFFFFFFFFFFFFFFFFFFFFFFFFFFFFFFFFFFFFFFF45
:209B4000FFFFFFFFFFFFFFFFFFFFFFFFFFFFFFFFFFFFFFFFFFFFFFFFFFFFFFFFFFFFFFFF25
:209B6000FFFFFFFFFFFFFFFFFFFFFFFFFFFFFFFFFFFFFFFFFFFFFFFFFFFFFFFFFFFFFFFF05
:209B8000FFFFFFFFFFFFFFFFFFFFFFFFFFFFFFFFFFFFFFFFFFFFFFFFFFFFFFFFFFFFFFFFE5
:209BA000FFFFFFFFFFFFFFFFFFFFFFFFFFFFFFFFFFFFFFFFFFFFFFFFFFFFFFFFFFFFFFFFC5
:209BC000FFFFFFFFFFFFFFFFFFFFFFFFFFFFFFFFFFFFFFFFFFFFFFFFFFFFFFFFFFFFFFFFA5
:209BE000FFFFFFFFFFFFFFFFFFFFFFFFFFFFFFFFFFFFFFFFFFFFFFFFFFFFFFFFFFFFFFFF85
:209C0000FFFFFFFFFFFFFFFFFFFFFFFFFFFFFFFFFFFFFFFFFFFFFFFFFFFFFFFFFFFFFFFF64
:209C2000FFFFFFFFFFFFFFFFFFFFFFFFFFFFFFFFFFFFFFFFFFFFFFFFFFFFFFFFFFFFFFFF44
:209C4000FFFFFFFFFFFFFFFFFFFFFFFFFFFFFFFFFFFFFFFFFFFFFFFFFFFFFFFFFFFFFFFF24
:209C6000FFFFFFFFFFFFFFFFFFFFFFFFFFFFFFFFFFFFFFFFFFFFFFFFFFFFFFFFFFFFFFFF04
:209C8000FFFFFFFFFFFFFFFFFFFFFFFFFFFFFFFFFFFFFFFFFFFFFFFFFFFFFFFFFFFFFFFFE4
:209CA000FFFFFFFFFFFFFFFFFFFFFFFFFFFFFFFFFFFFFFFFFFFFFFFFFFFFFFFFFFFFFFFFC4
:209CC000FFFFFFFFFFFFFFFFFFFFFFFFFFFFFFFFFFFFFFFFFFFFFFFFFFFFFFFFFFFFFFFFA4
:209CE000FFFFFFFFFFFFFFFFFFFFFFFFFFFFFFFFFFFFFFFFFFFFFFFFFFFFFFFFFFFFFFFF84
:209D0000FFFFFFFFFFFFFFFFFFFFFFFFFFFFFFFFFFFFFFFFFFFFFFFFFFFFFFFFFFFFFFFF63
:209D2000FFFFFFFFFFFFFFFFFFFFFFFFFFFFFFFFFFFFFFFFFFFFFFFFFFFFFFFFFFFFFFFF43
:209D4000FFFFFFFFFFFFFFFFFFFFFFFFFFFFFFFFFFFFFFFFFFFFFFFFFFFFFFFFFFFFFFFF23
:209D6000FFFFFFFFFFFFFFFFFFFFFFFFFFFFFFFFFFFFFFFFFFFFFFFFFFFFFFFFFFFFFFFF03
:209D8000FFFFFFFFFFFFFFFFFFFFFFFFFFFFFFFFFFFFFFFFFFFFFFFFFFFFFFFFFFFFFFFFE3
:209DA000FFFFFFFFFFFFFFFFFFFFFFFFFFFFFFFFFFFFFFFFFFFFFFFFFFFFFFFFFFFFFFFFC3
:209DC000FFFFFFFFFFFFFFFFFFFFFFFFFFFFFFFFFFFFFFFFFFFFFFFFFFFFFFFFFFFFFFFFA3
:209DE000FFFFFFFFFFFFFFFFFFFFFFFFFFFFFFFFFFFFFFFFFFFFFFFFFFFFFFFFFFFFFFFF83
:209E0000FFFFFFFFFFFFFFFFFFFFFFFFFFFFFFFFFFFFFFFFFFFFFFFFFFFFFFFFFFFFFFFF62
:209E2000FFFFFFFFFFFFFFFFFFFFFFFFFFFFFFFFFFFFFFFFFFFFFFFFFFFFFFFFFFFFFFFF42
:209E4000FFFFFFFFFFFFFFFFFFFFFFFFFFFFFFFFFFFFFFFFFFFFFFFFFFFFFFFFFFFFFFFF22
:209E6000FFFFFFFFFFFFFFFFFFFFFFFFFFFFFFFFFFFFFFFFFFFFFFFFFFFFFFFFFFFFFFFF02
:209E8000FFFFFFFFFFFFFFFFFFFFFFFFFFFFFFFFFFFFFFFFFFFFFFFFFFFFFFFFFFFFFFFFE2
:209EA000FFFFFFFFFFFFFFFFFFFFFFFFFFFFFFFFFFFFFFFFFFFFFFFFFFFFFFFFFFFFFFFFC2
:209EC000FFFFFFFFFFFFFFFFFFFFFFFFFFFFFFFFFFFFFFFFFFFFFFFFFFFFFFFFFFFFFFFFA2
:209EE000FFFFFFFFFFFFFFFFFFFFFFFFFFFFFFFFFFFFFFFFFFFFFFFFFFFFFFFFFFFFFFFF82
:209F0000FFFFFFFFFFFFFFFFFFFFFFFFFFFFFFFFFFFFFFFFFFFFFFFFFFFFFFFFFFFFFFFF61
:209F2000FFFFFFFFFFFFFFFFFFFFFFFFFFFFFFFFFFFFFFFFFFFFFFFFFFFFFFFFFFFFFFFF41
:209F4000FFFFFFFFFFFFFFFFFFFFFFFFFFFFFFFFFFFFFFFFFFFFFFFFFFFFFFFFFFFFFFFF21
:209F6000FFFFFFFFFFFFFFFFFFFFFFFFFFFFFFFFFFFFFFFFFFFFFFFFFFFFFFFFFFFFFFFF01
:209F8000FFFFFFFFFFFFFFFFFFFFFFFFFFFFFFFFFFFFFFFFFFFFFFFFFFFFFFFFFFFFFFFFE1
:209FA000FFFFFFFFFFFFFFFFFFFFFFFFFFFFFFFFFFFFFFFFFFFFFFFFFFFFFFFFFFFFFFFFC1
:209FC000FFFFFFFFFFFFFFFFFFFFFFFFFFFFFFFFFFFFFFFFFFFFFFFFFFFFFFFFFFFFFFFFA1
:209FE000FFFFFFFFFFFFFFFFFFFFFFFFFFFFFFFFFFFFFFFFFFFFFFFFFFFFFFFFFFFFFFFF81
:20A00000FFFFFFFFFFFFFFFFFFFFFFFFFFFFFFFFFFFFFFFFFFFFFFFFFFFFFFFFFFFFFFFF60
:20A02000FFFFFFFFFFFFFFFFFFFFFFFFFFFFFFFFFFFFFFFFFFFFFFFFFFFFFFFFFFFFFFFF40
:20A04000FFFFFFFFFFFFFFFFFFFFFFFFFFFFFFFFFFFFFFFFFFFFFFFFFFFFFFFFFFFFFFFF20
:20A06000FFFFFFFFFFFFFFFFFFFFFFFFFFFFFFFFFFFFFFFFFFFFFFFFFFFFFFFFFFFFFFFF00
:20A08000FFFFFFFFFFFFFFFFFFFFFFFFFFFFFFFFFFFFFFFFFFFFFFFFFFFFFFFFFFFFFFFFE0
:20A0A000FFFFFFFFFFFFFFFFFFFFFFFFFFFFFFFFFFFFFFFFFFFFFFFFFFFFFFFFFFFFFFFFC0
:20A0C000FFFFFFFFFFFFFFFFFFFFFFFFFFFFFFFFFFFFFFFFFFFFFFFFFFFFFFFFFFFFFFFFA0
:20A0E000FFFFFFFFFFFFFFFFFFFFFFFFFFFFFFFFFFFFFFFFFFFFFFFFFFFFFFFFFFFFFFFF80
:20A10000FFFFFFFFFFFFFFFFFFFFFFFFFFFFFFFFFFFFFFFFFFFFFFFFFFFFFFFFFFFFFFFF5F
:20A12000FFFFFFFFFFFFFFFFFFFFFFFFFFFFFFFFFFFFFFFFFFFFFFFFFFFFFFFFFFFFFFFF3F
:20A14000FFFFFFFFFFFFFFFFFFFFFFFFFFFFFFFFFFFFFFFFFFFFFFFFFFFFFFFFFFFFFFFF1F
:20A16000FFFFFFFFFFFFFFFFFFFFFFFFFFFFFFFFFFFFFFFFFFFFFFFFFFFFFFFFFFFFFFFFFF
:20A18000FFFFFFFFFFFFFFFFFFFFFFFFFFFFFFFFFFFFFFFFFFFFFFFFFFFFFFFFFFFFFFFFDF
:20A1A000FFFFFFFFFFFFFFFFFFFFFFFFFFFFFFFFFFFFFFFFFFFFFFFFFFFFFFFFFFFFFFFFBF
:20A1C000FFFFFFFFFFFFFFFFFFFFFFFFFFFFFFFFFFFFFFFFFFFFFFFFFFFFFFFFFFFFFFFF9F
:20A1E000FFFFFFFFFFFFFFFFFFFFFFFFFFFFFFFFFFFFFFFFFFFFFFFFFFFFFFFFFFFFFFFF7F
:20A20000FFFFFFFFFFFFFFFFFFFFFFFFFFFFFFFFFFFFFFFFFFFFFFFFFFFFFFFFFFFFFFFF5E
:20A22000FFFFFFFFFFFFFFFFFFFFFFFFFFFFFFFFFFFFFFFFFFFFFFFFFFFFFFFFFFFFFFFF3E
:20A24000FFFFFFFFFFFFFFFFFFFFFFFFFFFFFFFFFFFFFFFFFFFFFFFFFFFFFFFFFFFFFFFF1E
:20A26000FFFFFFFFFFFFFFFFFFFFFFFFFFFFFFFFFFFFFFFFFFFFFFFFFFFFFFFFFFFFFFFFFE
:20A28000FFFFFFFFFFFFFFFFFFFFFFFFFFFFFFFFFFFFFFFFFFFFFFFFFFFFFFFFFFFFFFFFDE
:20A2A000FFFFFFFFFFFFFFFFFFFFFFFFFFFFFFFFFFFFFFFFFFFFFFFFFFFFFFFFFFFFFFFFBE
:20A2C000FFFFFFFFFFFFFFFFFFFFFFFFFFFFFFFFFFFFFFFFFFFFFFFFFFFFFFFFFFFFFFFF9E
:20A2E000FFFFFFFFFFFFFFFFFFFFFFFFFFFFFFFFFFFFFFFFFFFFFFFFFFFFFFFFFFFFFFFF7E
:20A30000FFFFFFFFFFFFFFFFFFFFFFFFFFFFFFFFFFFFFFFFFFFFFFFFFFFFFFFFFFFFFFFF5D
:20A32000FFFFFFFFFFFFFFFFFFFFFFFFFFFFFFFFFFFFFFFFFFFFFFFFFFFFFFFFFFFFFFFF3D
:20A34000FFFFFFFFFFFFFFFFFFFFFFFFFFFFFFFFFFFFFFFFFFFFFFFFFFFFFFFFFFFFFFFF1D
:20A36000FFFFFFFFFFFFFFFFFFFFFFFFFFFFFFFFFFFFFFFFFFFFFFFFFFFFFFFFFFFFFFFFFD
:20A38000FFFFFFFFFFFFFFFFFFFFFFFFFFFFFFFFFFFFFFFFFFFFFFFFFFFFFFFFFFFFFFFFDD
:20A3A000FFFFFFFFFFFFFFFFFFFFFFFFFFFFFFFFFFFFFFFFFFFFFFFFFFFFFFFFFFFFFFFFBD
:20A3C000FFFFFFFFFFFFFFFFFFFFFFFFFFFFFFFFFFFFFFFFFFFFFFFFFFFFFFFFFFFFFFFF9D
:20A3E000FFFFFFFFFFFFFFFFFFFFFFFFFFFFFFFFFFFFFFFFFFFFFFFFFFFFFFFFFFFFFFFF7D
:20A40000FFFFFFFFFFFFFFFFFFFFFFFFFFFFFFFFFFFFFFFFFFFFFFFFFFFFFFFFFFFFFFFF5C
:20A42000FFFFFFFFFFFFFFFFFFFFFFFFFFFFFFFFFFFFFFFFFFFFFFFFFFFFFFFFFFFFFFFF3C
:20A44000FFFFFFFFFFFFFFFFFFFFFFFFFFFFFFFFFFFFFFFFFFFFFFFFFFFFFFFFFFFFFFFF1C
:20A46000FFFFFFFFFFFFFFFFFFFFFFFFFFFFFFFFFFFFFFFFFFFFFFFFFFFFFFFFFFFFFFFFFC
:20A48000FFFFFFFFFFFFFFFFFFFFFFFFFFFFFFFFFFFFFFFFFFFFFFFFFFFFFFFFFFFFFFFFDC
:20A4A000FFFFFFFFFFFFFFFFFFFFFFFFFFFFFFFFFFFFFFFFFFFFFFFFFFFFFFFFFFFFFFFFBC
:20A4C000FFFFFFFFFFFFFFFFFFFFFFFFFFFFFFFFFFFFFFFFFFFFFFFFFFFFFFFFFFFFFFFF9C
:20A4E000FFFFFFFFFFFFFFFFFFFFFFFFFFFFFFFFFFFFFFFFFFFFFFFFFFFFFFFFFFFFFFFF7C
:20A50000FFFFFFFFFFFFFFFFFFFFFFFFFFFFFFFFFFFFFFFFFFFFFFFFFFFFFFFFFFFFFFFF5B
:20A52000FFFFFFFFFFFFFFFFFFFFFFFFFFFFFFFFFFFFFFFFFFFFFFFFFFFFFFFFFFFFFFFF3B
:20A54000FFFFFFFFFFFFFFFFFFFFFFFFFFFFFFFFFFFFFFFFFFFFFFFFFFFFFFFFFFFFFFFF1B
:20A56000FFFFFFFFFFFFFFFFFFFFFFFFFFFFFFFFFFFFFFFFFFFFFFFFFFFFFFFFFFFFFFFFFB
:20A58000FFFFFFFFFFFFFFFFFFFFFFFFFFFFFFFFFFFFFFFFFFFFFFFFFFFFFFFFFFFFFFFFDB
:20A5A000FFFFFFFFFFFFFFFFFFFFFFFFFFFFFFFFFFFFFFFFFFFFFFFFFFFFFFFFFFFFFFFFBB
:20A5C000FFFFFFFFFFFFFFFFFFFFFFFFFFFFFFFFFFFFFFFFFFFFFFFFFFFFFFFFFFFFFFFF9B
:20A5E000FFFFFFFFFFFFFFFFFFFFFFFFFFFFFFFFFFFFFFFFFFFFFFFFFFFFFFFFFFFFFFFF7B
:20A60000FFFFFFFFFFFFFFFFFFFFFFFFFFFFFFFFFFFFFFFFFFFFFFFFFFFFFFFFFFFFFFFF5A
:20A62000FFFFFFFFFFFFFFFFFFFFFFFFFFFFFFFFFFFFFFFFFFFFFFFFFFFFFFFFFFFFFFFF3A
:20A64000FFFFFFFFFFFFFFFFFFFFFFFFFFFFFFFFFFFFFFFFFFFFFFFFFFFFFFFFFFFFFFFF1A
:20A66000FFFFFFFFFFFFFFFFFFFFFFFFFFFFFFFFFFFFFFFFFFFFFFFFFFFFFFFFFFFFFFFFFA
:20A68000FFFFFFFFFFFFFFFFFFFFFFFFFFFFFFFFFFFFFFFFFFFFFFFFFFFFFFFFFFFFFFFFDA
:20A6A000FFFFFFFFFFFFFFFFFFFFFFFFFFFFFFFFFFFFFFFFFFFFFFFFFFFFFFFFFFFFFFFFBA
:20A6C000FFFFFFFFFFFFFFFFFFFFFFFFFFFFFFFFFFFFFFFFFFFFFFFFFFFFFFFFFFFFFFFF9A
:20A6E000FFFFFFFFFFFFFFFFFFFFFFFFFFFFFFFFFFFFFFFFFFFFFFFFFFFFFFFFFFFFFFFF7A
:20A70000FFFFFFFFFFFFFFFFFFFFFFFFFFFFFFFFFFFFFFFFFFFFFFFFFFFFFFFFFFFFFFFF59
:20A72000FFFFFFFFFFFFFFFFFFFFFFFFFFFFFFFFFFFFFFFFFFFFFFFFFFFFFFFFFFFFFFFF39
:20A74000FFFFFFFFFFFFFFFFFFFFFFFFFFFFFFFFFFFFFFFFFFFFFFFFFFFFFFFFFFFFFFFF19
:20A76000FFFFFFFFFFFFFFFFFFFFFFFFFFFFFFFFFFFFFFFFFFFFFFFFFFFFFFFFFFFFFFFFF9
:20A78000FFFFFFFFFFFFFFFFFFFFFFFFFFFFFFFFFFFFFFFFFFFFFFFFFFFFFFFFFFFFFFFFD9
:20A7A000FFFFFFFFFFFFFFFFFFFFFFFFFFFFFFFFFFFFFFFFFFFFFFFFFFFFFFFFFFFFFFFFB9
:20A7C000FFFFFFFFFFFFFFFFFFFFFFFFFFFFFFFFFFFFFFFFFFFFFFFFFFFFFFFFFFFFFFFF99
:20A7E000FFFFFFFFFFFFFFFFFFFFFFFFFFFFFFFFFFFFFFFFFFFFFFFFFFFFFFFFFFFFFFFF79
:20A80000FFFFFFFFFFFFFFFFFFFFFFFFFFFFFFFFFFFFFFFFFFFFFFFFFFFFFFFFFFFFFFFF58
:20A82000FFFFFFFFFFFFFFFFFFFFFFFFFFFFFFFFFFFFFFFFFFFFFFFFFFFFFFFFFFFFFFFF38
:20A84000FFFFFFFFFFFFFFFFFFFFFFFFFFFFFFFFFFFFFFFFFFFFFFFFFFFFFFFFFFFFFFFF18
:20A86000FFFFFFFFFFFFFFFFFFFFFFFFFFFFFFFFFFFFFFFFFFFFFFFFFFFFFFFFFFFFFFFFF8
:20A88000FFFFFFFFFFFFFFFFFFFFFFFFFFFFFFFFFFFFFFFFFFFFFFFFFFFFFFFFFFFFFFFFD8
:20A8A000FFFFFFFFFFFFFFFFFFFFFFFFFFFFFFFFFFFFFFFFFFFFFFFFFFFFFFFFFFFFFFFFB8
:20A8C000FFFFFFFFFFFFFFFFFFFFFFFFFFFFFFFFFFFFFFFFFFFFFFFFFFFFFFFFFFFFFFFF98
:20A8E000FFFFFFFFFFFFFFFFFFFFFFFFFFFFFFFFFFFFFFFFFFFFFFFFFFFFFFFFFFFFFFFF78
:20A90000FFFFFFFFFFFFFFFFFFFFFFFFFFFFFFFFFFFFFFFFFFFFFFFFFFFFFFFFFFFFFFFF57
:20A92000FFFFFFFFFFFFFFFFFFFFFFFFFFFFFFFFFFFFFFFFFFFFFFFFFFFFFFFFFFFFFFFF37
:20A94000FFFFFFFFFFFFFFFFFFFFFFFFFFFFFFFFFFFFFFFFFFFFFFFFFFFFFFFFFFFFFFFF17
:20A96000FFFFFFFFFFFFFFFFFFFFFFFFFFFFFFFFFFFFFFFFFFFFFFFFFFFFFFFFFFFFFFFFF7
:20A98000FFFFFFFFFFFFFFFFFFFFFFFFFFFFFFFFFFFFFFFFFFFFFFFFFFFFFFFFFFFFFFFFD7
:20A9A000FFFFFFFFFFFFFFFFFFFFFFFFFFFFFFFFFFFFFFFFFFFFFFFFFFFFFFFFFFFFFFFFB7
:20A9C000FFFFFFFFFFFFFFFFFFFFFFFFFFFFFFFFFFFFFFFFFFFFFFFFFFFFFFFFFFFFFFFF97
:20A9E000FFFFFFFFFFFFFFFFFFFFFFFFFFFFFFFFFFFFFFFFFFFFFFFFFFFFFFFFFFFFFFFF77
:20AA0000FFFFFFFFFFFFFFFFFFFFFFFFFFFFFFFFFFFFFFFFFFFFFFFFFFFFFFFFFFFFFFFF56
:20AA2000FFFFFFFFFFFFFFFFFFFFFFFFFFFFFFFFFFFFFFFFFFFFFFFFFFFFFFFFFFFFFFFF36
:20AA4000FFFFFFFFFFFFFFFFFFFFFFFFFFFFFFFFFFFFFFFFFFFFFFFFFFFFFFFFFFFFFFFF16
:20AA6000FFFFFFFFFFFFFFFFFFFFFFFFFFFFFFFFFFFFFFFFFFFFFFFFFFFFFFFFFFFFFFFFF6
:20AA8000FFFFFFFFFFFFFFFFFFFFFFFFFFFFFFFFFFFFFFFFFFFFFFFFFFFFFFFFFFFFFFFFD6
:20AAA000FFFFFFFFFFFFFFFFFFFFFFFFFFFFFFFFFFFFFFFFFFFFFFFFFFFFFFFFFFFFFFFFB6
:20AAC000FFFFFFFFFFFFFFFFFFFFFFFFFFFFFFFFFFFFFFFFFFFFFFFFFFFFFFFFFFFFFFFF96
:20AAE000FFFFFFFFFFFFFFFFFFFFFFFFFFFFFFFFFFFFFFFFFFFFFFFFFFFFFFFFFFFFFFFF76
:20AB0000FFFFFFFFFFFFFFFFFFFFFFFFFFFFFFFFFFFFFFFFFFFFFFFFFFFFFFFFFFFFFFFF55
:20AB2000FFFFFFFFFFFFFFFFFFFFFFFFFFFFFFFFFFFFFFFFFFFFFFFFFFFFFFFFFFFFFFFF35
:20AB4000FFFFFFFFFFFFFFFFFFFFFFFFFFFFFFFFFFFFFFFFFFFFFFFFFFFFFFFFFFFFFFFF15
:20AB6000FFFFFFFFFFFFFFFFFFFFFFFFFFFFFFFFFFFFFFFFFFFFFFFFFFFFFFFFFFFFFFFFF5
:20AB8000FFFFFFFFFFFFFFFFFFFFFFFFFFFFFFFFFFFFFFFFFFFFFFFFFFFFFFFFFFFFFFFFD5
:20ABA000FFFFFFFFFFFFFFFFFFFFFFFFFFFFFFFFFFFFFFFFFFFFFFFFFFFFFFFFFFFFFFFFB5
:20ABC000FFFFFFFFFFFFFFFFFFFFFFFFFFFFFFFFFFFFFFFFFFFFFFFFFFFFFFFFFFFFFFFF95
:20ABE000FFFFFFFFFFFFFFFFFFFFFFFFFFFFFFFFFFFFFFFFFFFFFFFFFFFFFFFFFFFFFFFF75
:20AC0000FFFFFFFFFFFFFFFFFFFFFFFFFFFFFFFFFFFFFFFFFFFFFFFFFFFFFFFFFFFFFFFF54
:20AC2000FFFFFFFFFFFFFFFFFFFFFFFFFFFFFFFFFFFFFFFFFFFFFFFFFFFFFFFFFFFFFFFF34
:20AC4000FFFFFFFFFFFFFFFFFFFFFFFFFFFFFFFFFFFFFFFFFFFFFFFFFFFFFFFFFFFFFFFF14
:20AC6000FFFFFFFFFFFFFFFFFFFFFFFFFFFFFFFFFFFFFFFFFFFFFFFFFFFFFFFFFFFFFFFFF4
:20AC8000FFFFFFFFFFFFFFFFFFFFFFFFFFFFFFFFFFFFFFFFFFFFFFFFFFFFFFFFFFFFFFFFD4
:20ACA000FFFFFFFFFFFFFFFFFFFFFFFFFFFFFFFFFFFFFFFFFFFFFFFFFFFFFFFFFFFFFFFFB4
:20ACC000FFFFFFFFFFFFFFFFFFFFFFFFFFFFFFFFFFFFFFFFFFFFFFFFFFFFFFFFFFFFFFFF94
:20ACE000FFFFFFFFFFFFFFFFFFFFFFFFFFFFFFFFFFFFFFFFFFFFFFFFFFFFFFFFFFFFFFFF74
:20AD0000FFFFFFFFFFFFFFFFFFFFFFFFFFFFFFFFFFFFFFFFFFFFFFFFFFFFFFFFFFFFFFFF53
:20AD2000FFFFFFFFFFFFFFFFFFFFFFFFFFFFFFFFFFFFFFFFFFFFFFFFFFFFFFFFFFFFFFFF33
:20AD4000FFFFFFFFFFFFFFFFFFFFFFFFFFFFFFFFFFFFFFFFFFFFFFFFFFFFFFFFFFFFFFFF13
:20AD6000FFFFFFFFFFFFFFFFFFFFFFFFFFFFFFFFFFFFFFFFFFFFFFFFFFFFFFFFFFFFFFFFF3
:20AD8000FFFFFFFFFFFFFFFFFFFFFFFFFFFFFFFFFFFFFFFFFFFFFFFFFFFFFFFFFFFFFFFFD3
:20ADA000FFFFFFFFFFFFFFFFFFFFFFFFFFFFFFFFFFFFFFFFFFFFFFFFFFFFFFFFFFFFFFFFB3
:20ADC000FFFFFFFFFFFFFFFFFFFFFFFFFFFFFFFFFFFFFFFFFFFFFFFFFFFFFFFFFFFFFFFF93
:20ADE000FFFFFFFFFFFFFFFFFFFFFFFFFFFFFFFFFFFFFFFFFFFFFFFFFFFFFFFFFFFFFFFF73
:20AE0000FFFFFFFFFFFFFFFFFFFFFFFFFFFFFFFFFFFFFFFFFFFFFFFFFFFFFFFFFFFFFFFF52
:20AE2000FFFFFFFFFFFFFFFFFFFFFFFFFFFFFFFFFFFFFFFFFFFFFFFFFFFFFFFFFFFFFFFF32
:20AE4000FFFFFFFFFFFFFFFFFFFFFFFFFFFFFFFFFFFFFFFFFFFFFFFFFFFFFFFFFFFFFFFF12
:20AE6000FFFFFFFFFFFFFFFFFFFFFFFFFFFFFFFFFFFFFFFFFFFFFFFFFFFFFFFFFFFFFFFFF2
:20AE8000FFFFFFFFFFFFFFFFFFFFFFFFFFFFFFFFFFFFFFFFFFFFFFFFFFFFFFFFFFFFFFFFD2
:20AEA000FFFFFFFFFFFFFFFFFFFFFFFFFFFFFFFFFFFFFFFFFFFFFFFFFFFFFFFFFFFFFFFFB2
:20AEC000FFFFFFFFFFFFFFFFFFFFFFFFFFFFFFFFFFFFFFFFFFFFFFFFFFFFFFFFFFFFFFFF92
:20AEE000FFFFFFFFFFFFFFFFFFFFFFFFFFFFFFFFFFFFFFFFFFFFFFFFFFFFFFFFFFFFFFFF72
:20AF0000FFFFFFFFFFFFFFFFFFFFFFFFFFFFFFFFFFFFFFFFFFFFFFFFFFFFFFFFFFFFFFFF51
:20AF2000FFFFFFFFFFFFFFFFFFFFFFFFFFFFFFFFFFFFFFFFFFFFFFFFFFFFFFFFFFFFFFFF31
:20AF4000FFFFFFFFFFFFFFFFFFFFFFFFFFFFFFFFFFFFFFFFFFFFFFFFFFFFFFFFFFFFFFFF11
:20AF6000FFFFFFFFFFFFFFFFFFFFFFFFFFFFFFFFFFFFFFFFFFFFFFFFFFFFFFFFFFFFFFFFF1
:20AF8000FFFFFFFFFFFFFFFFFFFFFFFFFFFFFFFFFFFFFFFFFFFFFFFFFFFFFFFFFFFFFFFFD1
:20AFA000FFFFFFFFFFFFFFFFFFFFFFFFFFFFFFFFFFFFFFFFFFFFFFFFFFFFFFFFFFFFFFFFB1
:20AFC000FFFFFFFFFFFFFFFFFFFFFFFFFFFFFFFFFFFFFFFFFFFFFFFFFFFFFFFFFFFFFFFF91
:20AFE000FFFFFFFFFFFFFFFFFFFFFFFFFFFFFFFFFFFFFFFFFFFFFFFFFFFFFFFFFFFFFFFF71
:20B00000FFFFFFFFFFFFFFFFFFFFFFFFFFFFFFFFFFFFFFFFFFFFFFFFFFFFFFFFFFFFFFFF50
:20B02000FFFFFFFFFFFFFFFFFFFFFFFFFFFFFFFFFFFFFFFFFFFFFFFFFFFFFFFFFFFFFFFF30
:20B04000FFFFFFFFFFFFFFFFFFFFFFFFFFFFFFFFFFFFFFFFFFFFFFFFFFFFFFFFFFFFFFFF10
:20B06000FFFFFFFFFFFFFFFFFFFFFFFFFFFFFFFFFFFFFFFFFFFFFFFFFFFFFFFFFFFFFFFFF0
:20B08000FFFFFFFFFFFFFFFFFFFFFFFFFFFFFFFFFFFFFFFFFFFFFFFFFFFFFFFFFFFFFFFFD0
:20B0A000FFFFFFFFFFFFFFFFFFFFFFFFFFFFFFFFFFFFFFFFFFFFFFFFFFFFFFFFFFFFFFFFB0
:20B0C000FFFFFFFFFFFFFFFFFFFFFFFFFFFFFFFFFFFFFFFFFFFFFFFFFFFFFFFFFFFFFFFF90
:20B0E000FFFFFFFFFFFFFFFFFFFFFFFFFFFFFFFFFFFFFFFFFFFFFFFFFFFFFFFFFFFFFFFF70
:20B10000FFFFFFFFFFFFFFFFFFFFFFFFFFFFFFFFFFFFFFFFFFFFFFFFFFFFFFFFFFFFFFFF4F
:20B12000FFFFFFFFFFFFFFFFFFFFFFFFFFFFFFFFFFFFFFFFFFFFFFFFFFFFFFFFFFFFFFFF2F
:20B14000FFFFFFFFFFFFFFFFFFFFFFFFFFFFFFFFFFFFFFFFFFFFFFFFFFFFFFFFFFFFFFFF0F
:20B16000FFFFFFFFFFFFFFFFFFFFFFFFFFFFFFFFFFFFFFFFFFFFFFFFFFFFFFFFFFFFFFFFEF
:20B18000FFFFFFFFFFFFFFFFFFFFFFFFFFFFFFFFFFFFFFFFFFFFFFFFFFFFFFFFFFFFFFFFCF
:20B1A000FFFFFFFFFFFFFFFFFFFFFFFFFFFFFFFFFFFFFFFFFFFFFFFFFFFFFFFFFFFFFFFFAF
:20B1C000FFFFFFFFFFFFFFFFFFFFFFFFFFFFFFFFFFFFFFFFFFFFFFFFFFFFFFFFFFFFFFFF8F
:20B1E000FFFFFFFFFFFFFFFFFFFFFFFFFFFFFFFFFFFFFFFFFFFFFFFFFFFFFFFFFFFFFFFF6F
:20B20000FFFFFFFFFFFFFFFFFFFFFFFFFFFFFFFFFFFFFFFFFFFFFFFFFFFFFFFFFFFFFFFF4E
:20B22000FFFFFFFFFFFFFFFFFFFFFFFFFFFFFFFFFFFFFFFFFFFFFFFFFFFFFFFFFFFFFFFF2E
:20B24000FFFFFFFFFFFFFFFFFFFFFFFFFFFFFFFFFFFFFFFFFFFFFFFFFFFFFFFFFFFFFFFF0E
:20B26000FFFFFFFFFFFFFFFFFFFFFFFFFFFFFFFFFFFFFFFFFFFFFFFFFFFFFFFFFFFFFFFFEE
:20B28000FFFFFFFFFFFFFFFFFFFFFFFFFFFFFFFFFFFFFFFFFFFFFFFFFFFFFFFFFFFFFFFFCE
:20B2A000FFFFFFFFFFFFFFFFFFFFFFFFFFFFFFFFFFFFFFFFFFFFFFFFFFFFFFFFFFFFFFFFAE
:20B2C000FFFFFFFFFFFFFFFFFFFFFFFFFFFFFFFFFFFFFFFFFFFFFFFFFFFFFFFFFFFFFFFF8E
:20B2E000FFFFFFFFFFFFFFFFFFFFFFFFFFFFFFFFFFFFFFFFFFFFFFFFFFFFFFFFFFFFFFFF6E
:20B30000FFFFFFFFFFFFFFFFFFFFFFFFFFFFFFFFFFFFFFFFFFFFFFFFFFFFFFFFFFFFFFFF4D
:20B32000FFFFFFFFFFFFFFFFFFFFFFFFFFFFFFFFFFFFFFFFFFFFFFFFFFFFFFFFFFFFFFFF2D
:20B34000FFFFFFFFFFFFFFFFFFFFFFFFFFFFFFFFFFFFFFFFFFFFFFFFFFFFFFFFFFFFFFFF0D
:20B36000FFFFFFFFFFFFFFFFFFFFFFFFFFFFFFFFFFFFFFFFFFFFFFFFFFFFFFFFFFFFFFFFED
:20B38000FFFFFFFFFFFFFFFFFFFFFFFFFFFFFFFFFFFFFFFFFFFFFFFFFFFFFFFFFFFFFFFFCD
:20B3A000FFFFFFFFFFFFFFFFFFFFFFFFFFFFFFFFFFFFFFFFFFFFFFFFFFFFFFFFFFFFFFFFAD
:20B3C000FFFFFFFFFFFFFFFFFFFFFFFFFFFFFFFFFFFFFFFFFFFFFFFFFFFFFFFFFFFFFFFF8D
:20B3E000FFFFFFFFFFFFFFFFFFFFFFFFFFFFFFFFFFFFFFFFFFFFFFFFFFFFFFFFFFFFFFFF6D
:20B40000FFFFFFFFFFFFFFFFFFFFFFFFFFFFFFFFFFFFFFFFFFFFFFFFFFFFFFFFFFFFFFFF4C
:20B42000FFFFFFFFFFFFFFFFFFFFFFFFFFFFFFFFFFFFFFFFFFFFFFFFFFFFFFFFFFFFFFFF2C
:20B44000FFFFFFFFFFFFFFFFFFFFFFFFFFFFFFFFFFFFFFFFFFFFFFFFFFFFFFFFFFFFFFFF0C
:20B46000FFFFFFFFFFFFFFFFFFFFFFFFFFFFFFFFFFFFFFFFFFFFFFFFFFFFFFFFFFFFFFFFEC
:20B48000FFFFFFFFFFFFFFFFFFFFFFFFFFFFFFFFFFFFFFFFFFFFFFFFFFFFFFFFFFFFFFFFCC
:20B4A000FFFFFFFFFFFFFFFFFFFFFFFFFFFFFFFFFFFFFFFFFFFFFFFFFFFFFFFFFFFFFFFFAC
:20B4C000FFFFFFFFFFFFFFFFFFFFFFFFFFFFFFFFFFFFFFFFFFFFFFFFFFFFFFFFFFFFFFFF8C
:20B4E000FFFFFFFFFFFFFFFFFFFFFFFFFFFFFFFFFFFFFFFFFFFFFFFFFFFFFFFFFFFFFFFF6C
:20B50000FFFFFFFFFFFFFFFFFFFFFFFFFFFFFFFFFFFFFFFFFFFFFFFFFFFFFFFFFFFFFFFF4B
:20B52000FFFFFFFFFFFFFFFFFFFFFFFFFFFFFFFFFFFFFFFFFFFFFFFFFFFFFFFFFFFFFFFF2B
:20B54000FFFFFFFFFFFFFFFFFFFFFFFFFFFFFFFFFFFFFFFFFFFFFFFFFFFFFFFFFFFFFFFF0B
:20B56000FFFFFFFFFFFFFFFFFFFFFFFFFFFFFFFFFFFFFFFFFFFFFFFFFFFFFFFFFFFFFFFFEB
:20B58000FFFFFFFFFFFFFFFFFFFFFFFFFFFFFFFFFFFFFFFFFFFFFFFFFFFFFFFFFFFFFFFFCB
:20B5A000FFFFFFFFFFFFFFFFFFFFFFFFFFFFFFFFFFFFFFFFFFFFFFFFFFFFFFFFFFFFFFFFAB
:20B5C000FFFFFFFFFFFFFFFFFFFFFFFFFFFFFFFFFFFFFFFFFFFFFFFFFFFFFFFFFFFFFFFF8B
:20B5E000FFFFFFFFFFFFFFFFFFFFFFFFFFFFFFFFFFFFFFFFFFFFFFFFFFFFFFFFFFFFFFFF6B
:20B60000FFFFFFFFFFFFFFFFFFFFFFFFFFFFFFFFFFFFFFFFFFFFFFFFFFFFFFFFFFFFFFFF4A
:20B62000FFFFFFFFFFFFFFFFFFFFFFFFFFFFFFFFFFFFFFFFFFFFFFFFFFFFFFFFFFFFFFFF2A
:20B64000FFFFFFFFFFFFFFFFFFFFFFFFFFFFFFFFFFFFFFFFFFFFFFFFFFFFFFFFFFFFFFFF0A
:20B66000FFFFFFFFFFFFFFFFFFFFFFFFFFFFFFFFFFFFFFFFFFFFFFFFFFFFFFFFFFFFFFFFEA
:20B68000FFFFFFFFFFFFFFFFFFFFFFFFFFFFFFFFFFFFFFFFFFFFFFFFFFFFFFFFFFFFFFFFCA
:20B6A000FFFFFFFFFFFFFFFFFFFFFFFFFFFFFFFFFFFFFFFFFFFFFFFFFFFFFFFFFFFFFFFFAA
:20B6C000FFFFFFFFFFFFFFFFFFFFFFFFFFFFFFFFFFFFFFFFFFFFFFFFFFFFFFFFFFFFFFFF8A
:20B6E000FFFFFFFFFFFFFFFFFFFFFFFFFFFFFFFFFFFFFFFFFFFFFFFFFFFFFFFFFFFFFFFF6A
:20B70000FFFFFFFFFFFFFFFFFFFFFFFFFFFFFFFFFFFFFFFFFFFFFFFFFFFFFFFFFFFFFFFF49
:20B72000FFFFFFFFFFFFFFFFFFFFFFFFFFFFFFFFFFFFFFFFFFFFFFFFFFFFFFFFFFFFFFFF29
:20B74000FFFFFFFFFFFFFFFFFFFFFFFFFFFFFFFFFFFFFFFFFFFFFFFFFFFFFFFFFFFFFFFF09
:20B76000FFFFFFFFFFFFFFFFFFFFFFFFFFFFFFFFFFFFFFFFFFFFFFFFFFFFFFFFFFFFFFFFE9
:20B78000FFFFFFFFFFFFFFFFFFFFFFFFFFFFFFFFFFFFFFFFFFFFFFFFFFFFFFFFFFFFFFFFC9
:20B7A000FFFFFFFFFFFFFFFFFFFFFFFFFFFFFFFFFFFFFFFFFFFFFFFFFFFFFFFFFFFFFFFFA9
:20B7C000FFFFFFFFFFFFFFFFFFFFFFFFFFFFFFFFFFFFFFFFFFFFFFFFFFFFFFFFFFFFFFFF89
:20B7E000FFFFFFFFFFFFFFFFFFFFFFFFFFFFFFFFFFFFFFFFFFFFFFFFFFFFFFFFFFFFFFFF69
:20B80000FFFFFFFFFFFFFFFFFFFFFFFFFFFFFFFFFFFFFFFFFFFFFFFFFFFFFFFFFFFFFFFF48
:20B82000FFFFFFFFFFFFFFFFFFFFFFFFFFFFFFFFFFFFFFFFFFFFFFFFFFFFFFFFFFFFFFFF28
:20B84000FFFFFFFFFFFFFFFFFFFFFFFFFFFFFFFFFFFFFFFFFFFFFFFFFFFFFFFFFFFFFFFF08
:20B86000FFFFFFFFFFFFFFFFFFFFFFFFFFFFFFFFFFFFFFFFFFFFFFFFFFFFFFFFFFFFFFFFE8
:20B88000FFFFFFFFFFFFFFFFFFFFFFFFFFFFFFFFFFFFFFFFFFFFFFFFFFFFFFFFFFFFFFFFC8
:20B8A000FFFFFFFFFFFFFFFFFFFFFFFFFFFFFFFFFFFFFFFFFFFFFFFFFFFFFFFFFFFFFFFFA8
:20B8C000FFFFFFFFFFFFFFFFFFFFFFFFFFFFFFFFFFFFFFFFFFFFFFFFFFFFFFFFFFFFFFFF88
:20B8E000FFFFFFFFFFFFFFFFFFFFFFFFFFFFFFFFFFFFFFFFFFFFFFFFFFFFFFFFFFFFFFFF68
:20B90000FFFFFFFFFFFFFFFFFFFFFFFFFFFFFFFFFFFFFFFFFFFFFFFFFFFFFFFFFFFFFFFF47
:20B92000FFFFFFFFFFFFFFFFFFFFFFFFFFFFFFFFFFFFFFFFFFFFFFFFFFFFFFFFFFFFFFFF27
:20B94000FFFFFFFFFFFFFFFFFFFFFFFFFFFFFFFFFFFFFFFFFFFFFFFFFFFFFFFFFFFFFFFF07
:20B96000FFFFFFFFFFFFFFFFFFFFFFFFFFFFFFFFFFFFFFFFFFFFFFFFFFFFFFFFFFFFFFFFE7
:20B98000FFFFFFFFFFFFFFFFFFFFFFFFFFFFFFFFFFFFFFFFFFFFFFFFFFFFFFFFFFFFFFFFC7
:20B9A000FFFFFFFFFFFFFFFFFFFFFFFFFFFFFFFFFFFFFFFFFFFFFFFFFFFFFFFFFFFFFFFFA7
:20B9C000FFFFFFFFFFFFFFFFFFFFFFFFFFFFFFFFFFFFFFFFFFFFFFFFFFFFFFFFFFFFFFFF87
:20B9E000FFFFFFFFFFFFFFFFFFFFFFFFFFFFFFFFFFFFFFFFFFFFFFFFFFFFFFFFFFFFFFFF67
:20BA0000FFFFFFFFFFFFFFFFFFFFFFFFFFFFFFFFFFFFFFFFFFFFFFFFFFFFFFFFFFFFFFFF46
:20BA2000FFFFFFFFFFFFFFFFFFFFFFFFFFFFFFFFFFFFFFFFFFFFFFFFFFFFFFFFFFFFFFFF26
:20BA4000FFFFFFFFFFFFFFFFFFFFFFFFFFFFFFFFFFFFFFFFFFFFFFFFFFFFFFFFFFFFFFFF06
:20BA6000FFFFFFFFFFFFFFFFFFFFFFFFFFFFFFFFFFFFFFFFFFFFFFFFFFFFFFFFFFFFFFFFE6
:20BA8000FFFFFFFFFFFFFFFFFFFFFFFFFFFFFFFFFFFFFFFFFFFFFFFFFFFFFFFFFFFFFFFFC6
:20BAA000FFFFFFFFFFFFFFFFFFFFFFFFFFFFFFFFFFFFFFFFFFFFFFFFFFFFFFFFFFFFFFFFA6
:20BAC000FFFFFFFFFFFFFFFFFFFFFFFFFFFFFFFFFFFFFFFFFFFFFFFFFFFFFFFFFFFFFFFF86
:20BAE000FFFFFFFFFFFFFFFFFFFFFFFFFFFFFFFFFFFFFFFFFFFFFFFFFFFFFFFFFFFFFFFF66
:20BB0000FFFFFFFFFFFFFFFFFFFFFFFFFFFFFFFFFFFFFFFFFFFFFFFFFFFFFFFFFFFFFFFF45
:20BB2000FFFFFFFFFFFFFFFFFFFFFFFFFFFFFFFFFFFFFFFFFFFFFFFFFFFFFFFFFFFFFFFF25
:20BB4000FFFFFFFFFFFFFFFFFFFFFFFFFFFFFFFFFFFFFFFFFFFFFFFFFFFFFFFFFFFFFFFF05
:20BB6000FFFFFFFFFFFFFFFFFFFFFFFFFFFFFFFFFFFFFFFFFFFFFFFFFFFFFFFFFFFFFFFFE5
:20BB8000FFFFFFFFFFFFFFFFFFFFFFFFFFFFFFFFFFFFFFFFFFFFFFFFFFFFFFFFFFFFFFFFC5
:20BBA000FFFFFFFFFFFFFFFFFFFFFFFFFFFFFFFFFFFFFFFFFFFFFFFFFFFFFFFFFFFFFFFFA5
:20BBC000FFFFFFFFFFFFFFFFFFFFFFFFFFFFFFFFFFFFFFFFFFFFFFFFFFFFFFFFFFFFFFFF85
:20BBE000FFFFFFFFFFFFFFFFFFFFFFFFFFFFFFFFFFFFFFFFFFFFFFFFFFFFFFFFFFFFFFFF65
:20BC0000FFFFFFFFFFFFFFFFFFFFFFFFFFFFFFFFFFFFFFFFFFFFFFFFFFFFFFFFFFFFFFFF44
:20BC2000FFFFFFFFFFFFFFFFFFFFFFFFFFFFFFFFFFFFFFFFFFFFFFFFFFFFFFFFFFFFFFFF24
:20BC4000FFFFFFFFFFFFFFFFFFFFFFFFFFFFFFFFFFFFFFFFFFFFFFFFFFFFFFFFFFFFFFFF04
:20BC6000FFFFFFFFFFFFFFFFFFFFFFFFFFFFFFFFFFFFFFFFFFFFFFFFFFFFFFFFFFFFFFFFE4
:20BC8000FFFFFFFFFFFFFFFFFFFFFFFFFFFFFFFFFFFFFFFFFFFFFFFFFFFFFFFFFFFFFFFFC4
:20BCA000FFFFFFFFFFFFFFFFFFFFFFFFFFFFFFFFFFFFFFFFFFFFFFFFFFFFFFFFFFFFFFFFA4
:20BCC000FFFFFFFFFFFFFFFFFFFFFFFFFFFFFFFFFFFFFFFFFFFFFFFFFFFFFFFFFFFFFFFF84
:20BCE000FFFFFFFFFFFFFFFFFFFFFFFFFFFFFFFFFFFFFFFFFFFFFFFFFFFFFFFFFFFFFFFF64
:20BD0000FFFFFFFFFFFFFFFFFFFFFFFFFFFFFFFFFFFFFFFFFFFFFFFFFFFFFFFFFFFFFFFF43
:20BD2000FFFFFFFFFFFFFFFFFFFFFFFFFFFFFFFFFFFFFFFFFFFFFFFFFFFFFFFFFFFFFFFF23
:20BD4000FFFFFFFFFFFFFFFFFFFFFFFFFFFFFFFFFFFFFFFFFFFFFFFFFFFFFFFFFFFFFFFF03
:20BD6000FFFFFFFFFFFFFFFFFFFFFFFFFFFFFFFFFFFFFFFFFFFFFFFFFFFFFFFFFFFFFFFFE3
:20BD8000FFFFFFFFFFFFFFFFFFFFFFFFFFFFFFFFFFFFFFFFFFFFFFFFFFFFFFFFFFFFFFFFC3
:20BDA000FFFFFFFFFFFFFFFFFFFFFFFFFFFFFFFFFFFFFFFFFFFFFFFFFFFFFFFFFFFFFFFFA3
:20BDC000FFFFFFFFFFFFFFFFFFFFFFFFFFFFFFFFFFFFFFFFFFFFFFFFFFFFFFFFFFFFFFFF83
:20BDE000FFFFFFFFFFFFFFFFFFFFFFFFFFFFFFFFFFFFFFFFFFFFFFFFFFFFFFFFFFFFFFFF63
:20BE0000FFFFFFFFFFFFFFFFFFFFFFFFFFFFFFFFFFFFFFFFFFFFFFFFFFFFFFFFFFFFFFFF42
:20BE2000FFFFFFFFFFFFFFFFFFFFFFFFFFFFFFFFFFFFFFFFFFFFFFFFFFFFFFFFFFFFFFFF22
:20BE4000FFFFFFFFFFFFFFFFFFFFFFFFFFFFFFFFFFFFFFFFFFFFFFFFFFFFFFFFFFFFFFFF02
:20BE6000FFFFFFFFFFFFFFFFFFFFFFFFFFFFFFFFFFFFFFFFFFFFFFFFFFFFFFFFFFFFFFFFE2
:20BE8000FFFFFFFFFFFFFFFFFFFFFFFFFFFFFFFFFFFFFFFFFFFFFFFFFFFFFFFFFFFFFFFFC2
:20BEA000FFFFFFFFFFFFFFFFFFFFFFFFFFFFFFFFFFFFFFFFFFFFFFFFFFFFFFFFFFFFFFFFA2
:20BEC000FFFFFFFFFFFFFFFFFFFFFFFFFFFFFFFFFFFFFFFFFFFFFFFFFFFFFFFFFFFFFFFF82
:20BEE000FFFFFFFFFFFFFFFFFFFFFFFFFFFFFFFFFFFFFFFFFFFFFFFFFFFFFFFFFFFFFFFF62
:20BF0000FFFFFFFFFFFFFFFFFFFFFFFFFFFFFFFFFFFFFFFFFFFFFFFFFFFFFFFFFFFFFFFF41
:20BF2000FFFFFFFFFFFFFFFFFFFFFFFFFFFFFFFFFFFFFFFFFFFFFFFFFFFFFFFFFFFFFFFF21
:20BF4000FFFFFFFFFFFFFFFFFFFFFFFFFFFFFFFFFFFFFFFFFFFFFFFFFFFFFFFFFFFFFFFF01
:20BF6000FFFFFFFFFFFFFFFFFFFFFFFFFFFFFFFFFFFFFFFFFFFFFFFFFFFFFFFFFFFFFFFFE1
:20BF8000FFFFFFFFFFFFFFFFFFFFFFFFFFFFFFFFFFFFFFFFFFFFFFFFFFFFFFFFFFFFFFFFC1
:20BFA000FFFFFFFFFFFFFFFFFFFFFFFFFFFFFFFFFFFFFFFFFFFFFFFFFFFFFFFFFFFFFFFFA1
:20BFC000FFFFFFFFFFFFFFFFFFFFFFFFFFFFFFFFFFFFFFFFFFFFFFFFFFFFFFFFFFFFFFFF81
:20BFE000FFFFFFFFFFFFFFFFFFFFFFFFFFFFFFFFFFFFFFFFFFFFFFFFFFFFFFFFFFFFFFFF61
:20C00000FFFFFFFFFFFFFFFFFFFFFFFFFFFFFFFFFFFFFFFFFFFFFFFFFFFFFFFFFFFFFFFF40
:20C02000FFFFFFFFFFFFFFFFFFFFFFFFFFFFFFFFFFFFFFFFFFFFFFFFFFFFFFFFFFFFFFFF20
:20C04000FFFFFFFFFFFFFFFFFFFFFFFFFFFFFFFFFFFFFFFFFFFFFFFFFFFFFFFFFFFFFFFF00
:20C06000FFFFFFFFFFFFFFFFFFFFFFFFFFFFFFFFFFFFFFFFFFFFFFFFFFFFFFFFFFFFFFFFE0
:20C08000FFFFFFFFFFFFFFFFFFFFFFFFFFFFFFFFFFFFFFFFFFFFFFFFFFFFFFFFFFFFFFFFC0
:20C0A000FFFFFFFFFFFFFFFFFFFFFFFFFFFFFFFFFFFFFFFFFFFFFFFFFFFFFFFFFFFFFFFFA0
:20C0C000FFFFFFFFFFFFFFFFFFFFFFFFFFFFFFFFFFFFFFFFFFFFFFFFFFFFFFFFFFFFFFFF80
:20C0E000FFFFFFFFFFFFFFFFFFFFFFFFFFFFFFFFFFFFFFFFFFFFFFFFFFFFFFFFFFFFFFFF60
:20C10000FFFFFFFFFFFFFFFFFFFFFFFFFFFFFFFFFFFFFFFFFFFFFFFFFFFFFFFFFFFFFFFF3F
:20C12000FFFFFFFFFFFFFFFFFFFFFFFFFFFFFFFFFFFFFFFFFFFFFFFFFFFFFFFFFFFFFFFF1F
:20C14000FFFFFFFFFFFFFFFFFFFFFFFFFFFFFFFFFFFFFFFFFFFFFFFFFFFFFFFFFFFFFFFFFF
:20C16000FFFFFFFFFFFFFFFFFFFFFFFFFFFFFFFFFFFFFFFFFFFFFFFFFFFFFFFFFFFFFFFFDF
:20C18000FFFFFFFFFFFFFFFFFFFFFFFFFFFFFFFFFFFFFFFFFFFFFFFFFFFFFFFFFFFFFFFFBF
:20C1A000FFFFFFFFFFFFFFFFFFFFFFFFFFFFFFFFFFFFFFFFFFFFFFFFFFFFFFFFFFFFFFFF9F
:20C1C000FFFFFFFFFFFFFFFFFFFFFFFFFFFFFFFFFFFFFFFFFFFFFFFFFFFFFFFFFFFFFFFF7F
:20C1E000FFFFFFFFFFFFFFFFFFFFFFFFFFFFFFFFFFFFFFFFFFFFFFFFFFFFFFFFFFFFFFFF5F
:20C20000FFFFFFFFFFFFFFFFFFFFFFFFFFFFFFFFFFFFFFFFFFFFFFFFFFFFFFFFFFFFFFFF3E
:20C22000FFFFFFFFFFFFFFFFFFFFFFFFFFFFFFFFFFFFFFFFFFFFFFFFFFFFFFFFFFFFFFFF1E
:20C24000FFFFFFFFFFFFFFFFFFFFFFFFFFFFFFFFFFFFFFFFFFFFFFFFFFFFFFFFFFFFFFFFFE
:20C26000FFFFFFFFFFFFFFFFFFFFFFFFFFFFFFFFFFFFFFFFFFFFFFFFFFFFFFFFFFFFFFFFDE
:20C28000FFFFFFFFFFFFFFFFFFFFFFFFFFFFFFFFFFFFFFFFFFFFFFFFFFFFFFFFFFFFFFFFBE
:20C2A000FFFFFFFFFFFFFFFFFFFFFFFFFFFFFFFFFFFFFFFFFFFFFFFFFFFFFFFFFFFFFFFF9E
:20C2C000FFFFFFFFFFFFFFFFFFFFFFFFFFFFFFFFFFFFFFFFFFFFFFFFFFFFFFFFFFFFFFFF7E
:20C2E000FFFFFFFFFFFFFFFFFFFFFFFFFFFFFFFFFFFFFFFFFFFFFFFFFFFFFFFFFFFFFFFF5E
:20C30000FFFFFFFFFFFFFFFFFFFFFFFFFFFFFFFFFFFFFFFFFFFFFFFFFFFFFFFFFFFFFFFF3D
:20C32000FFFFFFFFFFFFFFFFFFFFFFFFFFFFFFFFFFFFFFFFFFFFFFFFFFFFFFFFFFFFFFFF1D
:20C34000FFFFFFFFFFFFFFFFFFFFFFFFFFFFFFFFFFFFFFFFFFFFFFFFFFFFFFFFFFFFFFFFFD
:20C36000FFFFFFFFFFFFFFFFFFFFFFFFFFFFFFFFFFFFFFFFFFFFFFFFFFFFFFFFFFFFFFFFDD
:20C38000FFFFFFFFFFFFFFFFFFFFFFFFFFFFFFFFFFFFFFFFFFFFFFFFFFFFFFFFFFFFFFFFBD
:20C3A000FFFFFFFFFFFFFFFFFFFFFFFFFFFFFFFFFFFFFFFFFFFFFFFFFFFFFFFFFFFFFFFF9D
:20C3C000FFFFFFFFFFFFFFFFFFFFFFFFFFFFFFFFFFFFFFFFFFFFFFFFFFFFFFFFFFFFFFFF7D
:20C3E000FFFFFFFFFFFFFFFFFFFFFFFFFFFFFFFFFFFFFFFFFFFFFFFFFFFFFFFFFFFFFFFF5D
:20C40000FFFFFFFFFFFFFFFFFFFFFFFFFFFFFFFFFFFFFFFFFFFFFFFFFFFFFFFFFFFFFFFF3C
:20C42000FFFFFFFFFFFFFFFFFFFFFFFFFFFFFFFFFFFFFFFFFFFFFFFFFFFFFFFFFFFFFFFF1C
:20C44000FFFFFFFFFFFFFFFFFFFFFFFFFFFFFFFFFFFFFFFFFFFFFFFFFFFFFFFFFFFFFFFFFC
:20C46000FFFFFFFFFFFFFFFFFFFFFFFFFFFFFFFFFFFFFFFFFFFFFFFFFFFFFFFFFFFFFFFFDC
:20C48000FFFFFFFFFFFFFFFFFFFFFFFFFFFFFFFFFFFFFFFFFFFFFFFFFFFFFFFFFFFFFFFFBC
:20C4A000FFFFFFFFFFFFFFFFFFFFFFFFFFFFFFFFFFFFFFFFFFFFFFFFFFFFFFFFFFFFFFFF9C
:20C4C000FFFFFFFFFFFFFFFFFFFFFFFFFFFFFFFFFFFFFFFFFFFFFFFFFFFFFFFFFFFFFFFF7C
:20C4E000FFFFFFFFFFFFFFFFFFFFFFFFFFFFFFFFFFFFFFFFFFFFFFFFFFFFFFFFFFFFFFFF5C
:20C50000FFFFFFFFFFFFFFFFFFFFFFFFFFFFFFFFFFFFFFFFFFFFFFFFFFFFFFFFFFFFFFFF3B
:20C52000FFFFFFFFFFFFFFFFFFFFFFFFFFFFFFFFFFFFFFFFFFFFFFFFFFFFFFFFFFFFFFFF1B
:20C54000FFFFFFFFFFFFFFFFFFFFFFFFFFFFFFFFFFFFFFFFFFFFFFFFFFFFFFFFFFFFFFFFFB
:20C56000FFFFFFFFFFFFFFFFFFFFFFFFFFFFFFFFFFFFFFFFFFFFFFFFFFFFFFFFFFFFFFFFDB
:20C58000FFFFFFFFFFFFFFFFFFFFFFFFFFFFFFFFFFFFFFFFFFFFFFFFFFFFFFFFFFFFFFFFBB
:20C5A000FFFFFFFFFFFFFFFFFFFFFFFFFFFFFFFFFFFFFFFFFFFFFFFFFFFFFFFFFFFFFFFF9B
:20C5C000FFFFFFFFFFFFFFFFFFFFFFFFFFFFFFFFFFFFFFFFFFFFFFFFFFFFFFFFFFFFFFFF7B
:20C5E000FFFFFFFFFFFFFFFFFFFFFFFFFFFFFFFFFFFFFFFFFFFFFFFFFFFFFFFFFFFFFFFF5B
:20C60000FFFFFFFFFFFFFFFFFFFFFFFFFFFFFFFFFFFFFFFFFFFFFFFFFFFFFFFFFFFFFFFF3A
:20C62000FFFFFFFFFFFFFFFFFFFFFFFFFFFFFFFFFFFFFFFFFFFFFFFFFFFFFFFFFFFFFFFF1A
:20C64000FFFFFFFFFFFFFFFFFFFFFFFFFFFFFFFFFFFFFFFFFFFFFFFFFFFFFFFFFFFFFFFFFA
:20C66000FFFFFFFFFFFFFFFFFFFFFFFFFFFFFFFFFFFFFFFFFFFFFFFFFFFFFFFFFFFFFFFFDA
:20C68000FFFFFFFFFFFFFFFFFFFFFFFFFFFFFFFFFFFFFFFFFFFFFFFFFFFFFFFFFFFFFFFFBA
:20C6A000FFFFFFFFFFFFFFFFFFFFFFFFFFFFFFFFFFFFFFFFFFFFFFFFFFFFFFFFFFFFFFFF9A
:20C6C000FFFFFFFFFFFFFFFFFFFFFFFFFFFFFFFFFFFFFFFFFFFFFFFFFFFFFFFFFFFFFFFF7A
:20C6E000FFFFFFFFFFFFFFFFFFFFFFFFFFFFFFFFFFFFFFFFFFFFFFFFFFFFFFFFFFFFFFFF5A
:20C70000FFFFFFFFFFFFFFFFFFFFFFFFFFFFFFFFFFFFFFFFFFFFFFFFFFFFFFFFFFFFFFFF39
:20C72000FFFFFFFFFFFFFFFFFFFFFFFFFFFFFFFFFFFFFFFFFFFFFFFFFFFFFFFFFFFFFFFF19
:20C74000FFFFFFFFFFFFFFFFFFFFFFFFFFFFFFFFFFFFFFFFFFFFFFFFFFFFFFFFFFFFFFFFF9
:20C76000FFFFFFFFFFFFFFFFFFFFFFFFFFFFFFFFFFFFFFFFFFFFFFFFFFFFFFFFFFFFFFFFD9
:20C78000FFFFFFFFFFFFFFFFFFFFFFFFFFFFFFFFFFFFFFFFFFFFFFFFFFFFFFFFFFFFFFFFB9
:20C7A000FFFFFFFFFFFFFFFFFFFFFFFFFFFFFFFFFFFFFFFFFFFFFFFFFFFFFFFFFFFFFFFF99
:20C7C000FFFFFFFFFFFFFFFFFFFFFFFFFFFFFFFFFFFFFFFFFFFFFFFFFFFFFFFFFFFFFFFF79
:20C7E000FFFFFFFFFFFFFFFFFFFFFFFFFFFFFFFFFFFFFFFFFFFFFFFFFFFFFFFFFFFFFFFF59
:20C80000FFFFFFFFFFFFFFFFFFFFFFFFFFFFFFFFFFFFFFFFFFFFFFFFFFFFFFFFFFFFFFFF38
:20C82000FFFFFFFFFFFFFFFFFFFFFFFFFFFFFFFFFFFFFFFFFFFFFFFFFFFFFFFFFFFFFFFF18
:20C84000FFFFFFFFFFFFFFFFFFFFFFFFFFFFFFFFFFFFFFFFFFFFFFFFFFFFFFFFFFFFFFFFF8
:20C86000FFFFFFFFFFFFFFFFFFFFFFFFFFFFFFFFFFFFFFFFFFFFFFFFFFFFFFFFFFFFFFFFD8
:20C88000FFFFFFFFFFFFFFFFFFFFFFFFFFFFFFFFFFFFFFFFFFFFFFFFFFFFFFFFFFFFFFFFB8
:20C8A000FFFFFFFFFFFFFFFFFFFFFFFFFFFFFFFFFFFFFFFFFFFFFFFFFFFFFFFFFFFFFFFF98
:20C8C000FFFFFFFFFFFFFFFFFFFFFFFFFFFFFFFFFFFFFFFFFFFFFFFFFFFFFFFFFFFFFFFF78
:20C8E000FFFFFFFFFFFFFFFFFFFFFFFFFFFFFFFFFFFFFFFFFFFFFFFFFFFFFFFFFFFFFFFF58
:20C90000FFFFFFFFFFFFFFFFFFFFFFFFFFFFFFFFFFFFFFFFFFFFFFFFFFFFFFFFFFFFFFFF37
:20C92000FFFFFFFFFFFFFFFFFFFFFFFFFFFFFFFFFFFFFFFFFFFFFFFFFFFFFFFFFFFFFFFF17
:20C94000FFFFFFFFFFFFFFFFFFFFFFFFFFFFFFFFFFFFFFFFFFFFFFFFFFFFFFFFFFFFFFFFF7
:20C96000FFFFFFFFFFFFFFFFFFFFFFFFFFFFFFFFFFFFFFFFFFFFFFFFFFFFFFFFFFFFFFFFD7
:20C98000FFFFFFFFFFFFFFFFFFFFFFFFFFFFFFFFFFFFFFFFFFFFFFFFFFFFFFFFFFFFFFFFB7
:20C9A000FFFFFFFFFFFFFFFFFFFFFFFFFFFFFFFFFFFFFFFFFFFFFFFFFFFFFFFFFFFFFFFF97
:20C9C000FFFFFFFFFFFFFFFFFFFFFFFFFFFFFFFFFFFFFFFFFFFFFFFFFFFFFFFFFFFFFFFF77
:20C9E000FFFFFFFFFFFFFFFFFFFFFFFFFFFFFFFFFFFFFFFFFFFFFFFFFFFFFFFFFFFFFFFF57
:20CA0000FFFFFFFFFFFFFFFFFFFFFFFFFFFFFFFFFFFFFFFFFFFFFFFFFFFFFFFFFFFFFFFF36
:20CA2000FFFFFFFFFFFFFFFFFFFFFFFFFFFFFFFFFFFFFFFFFFFFFFFFFFFFFFFFFFFFFFFF16
:20CA4000FFFFFFFFFFFFFFFFFFFFFFFFFFFFFFFFFFFFFFFFFFFFFFFFFFFFFFFFFFFFFFFFF6
:20CA6000FFFFFFFFFFFFFFFFFFFFFFFFFFFFFFFFFFFFFFFFFFFFFFFFFFFFFFFFFFFFFFFFD6
:20CA8000FFFFFFFFFFFFFFFFFFFFFFFFFFFFFFFFFFFFFFFFFFFFFFFFFFFFFFFFFFFFFFFFB6
:20CAA000FFFFFFFFFFFFFFFFFFFFFFFFFFFFFFFFFFFFFFFFFFFFFFFFFFFFFFFFFFFFFFFF96
:20CAC000FFFFFFFFFFFFFFFFFFFFFFFFFFFFFFFFFFFFFFFFFFFFFFFFFFFFFFFFFFFFFFFF76
:20CAE000FFFFFFFFFFFFFFFFFFFFFFFFFFFFFFFFFFFFFFFFFFFFFFFFFFFFFFFFFFFFFFFF56
:20CB0000FFFFFFFFFFFFFFFFFFFFFFFFFFFFFFFFFFFFFFFFFFFFFFFFFFFFFFFFFFFFFFFF35
:20CB2000FFFFFFFFFFFFFFFFFFFFFFFFFFFFFFFFFFFFFFFFFFFFFFFFFFFFFFFFFFFFFFFF15
:20CB4000FFFFFFFFFFFFFFFFFFFFFFFFFFFFFFFFFFFFFFFFFFFFFFFFFFFFFFFFFFFFFFFFF5
:20CB6000FFFFFFFFFFFFFFFFFFFFFFFFFFFFFFFFFFFFFFFFFFFFFFFFFFFFFFFFFFFFFFFFD5
:20CB8000FFFFFFFFFFFFFFFFFFFFFFFFFFFFFFFFFFFFFFFFFFFFFFFFFFFFFFFFFFFFFFFFB5
:20CBA000FFFFFFFFFFFFFFFFFFFFFFFFFFFFFFFFFFFFFFFFFFFFFFFFFFFFFFFFFFFFFFFF95
:20CBC000FFFFFFFFFFFFFFFFFFFFFFFFFFFFFFFFFFFFFFFFFFFFFFFFFFFFFFFFFFFFFFFF75
:20CBE000FFFFFFFFFFFFFFFFFFFFFFFFFFFFFFFFFFFFFFFFFFFFFFFFFFFFFFFFFFFFFFFF55
:20CC0000FFFFFFFFFFFFFFFFFFFFFFFFFFFFFFFFFFFFFFFFFFFFFFFFFFFFFFFFFFFFFFFF34
:20CC2000FFFFFFFFFFFFFFFFFFFFFFFFFFFFFFFFFFFFFFFFFFFFFFFFFFFFFFFFFFFFFFFF14
:20CC4000FFFFFFFFFFFFFFFFFFFFFFFFFFFFFFFFFFFFFFFFFFFFFFFFFFFFFFFFFFFFFFFFF4
:20CC6000FFFFFFFFFFFFFFFFFFFFFFFFFFFFFFFFFFFFFFFFFFFFFFFFFFFFFFFFFFFFFFFFD4
:20CC8000FFFFFFFFFFFFFFFFFFFFFFFFFFFFFFFFFFFFFFFFFFFFFFFFFFFFFFFFFFFFFFFFB4
:20CCA000FFFFFFFFFFFFFFFFFFFFFFFFFFFFFFFFFFFFFFFFFFFFFFFFFFFFFFFFFFFFFFFF94
:20CCC000FFFFFFFFFFFFFFFFFFFFFFFFFFFFFFFFFFFFFFFFFFFFFFFFFFFFFFFFFFFFFFFF74
:20CCE000FFFFFFFFFFFFFFFFFFFFFFFFFFFFFFFFFFFFFFFFFFFFFFFFFFFFFFFFFFFFFFFF54
:20CD0000FFFFFFFFFFFFFFFFFFFFFFFFFFFFFFFFFFFFFFFFFFFFFFFFFFFFFFFFFFFFFFFF33
:20CD2000FFFFFFFFFFFFFFFFFFFFFFFFFFFFFFFFFFFFFFFFFFFFFFFFFFFFFFFFFFFFFFFF13
:20CD4000FFFFFFFFFFFFFFFFFFFFFFFFFFFFFFFFFFFFFFFFFFFFFFFFFFFFFFFFFFFFFFFFF3
:20CD6000FFFFFFFFFFFFFFFFFFFFFFFFFFFFFFFFFFFFFFFFFFFFFFFFFFFFFFFFFFFFFFFFD3
:20CD8000FFFFFFFFFFFFFFFFFFFFFFFFFFFFFFFFFFFFFFFFFFFFFFFFFFFFFFFFFFFFFFFFB3
:20CDA000FFFFFFFFFFFFFFFFFFFFFFFFFFFFFFFFFFFFFFFFFFFFFFFFFFFFFFFFFFFFFFFF93
:20CDC000FFFFFFFFFFFFFFFFFFFFFFFFFFFFFFFFFFFFFFFFFFFFFFFFFFFFFFFFFFFFFFFF73
:20CDE000FFFFFFFFFFFFFFFFFFFFFFFFFFFFFFFFFFFFFFFFFFFFFFFFFFFFFFFFFFFFFFFF53
:20CE0000FFFFFFFFFFFFFFFFFFFFFFFFFFFFFFFFFFFFFFFFFFFFFFFFFFFFFFFFFFFFFFFF32
:20CE2000FFFFFFFFFFFFFFFFFFFFFFFFFFFFFFFFFFFFFFFFFFFFFFFFFFFFFFFFFFFFFFFF12
:20CE4000FFFFFFFFFFFFFFFFFFFFFFFFFFFFFFFFFFFFFFFFFFFFFFFFFFFFFFFFFFFFFFFFF2
:20CE6000FFFFFFFFFFFFFFFFFFFFFFFFFFFFFFFFFFFFFFFFFFFFFFFFFFFFFFFFFFFFFFFFD2
:20CE8000FFFFFFFFFFFFFFFFFFFFFFFFFFFFFFFFFFFFFFFFFFFFFFFFFFFFFFFFFFFFFFFFB2
:20CEA000FFFFFFFFFFFFFFFFFFFFFFFFFFFFFFFFFFFFFFFFFFFFFFFFFFFFFFFFFFFFFFFF92
:20CEC000FFFFFFFFFFFFFFFFFFFFFFFFFFFFFFFFFFFFFFFFFFFFFFFFFFFFFFFFFFFFFFFF72
:20CEE000FFFFFFFFFFFFFFFFFFFFFFFFFFFFFFFFFFFFFFFFFFFFFFFFFFFFFFFFFFFFFFFF52
:20CF0000FFFFFFFFFFFFFFFFFFFFFFFFFFFFFFFFFFFFFFFFFFFFFFFFFFFFFFFFFFFFFFFF31
:20CF2000FFFFFFFFFFFFFFFFFFFFFFFFFFFFFFFFFFFFFFFFFFFFFFFFFFFFFFFFFFFFFFFF11
:20CF4000FFFFFFFFFFFFFFFFFFFFFFFFFFFFFFFFFFFFFFFFFFFFFFFFFFFFFFFFFFFFFFFFF1
:20CF6000FFFFFFFFFFFFFFFFFFFFFFFFFFFFFFFFFFFFFFFFFFFFFFFFFFFFFFFFFFFFFFFFD1
:20CF8000FFFFFFFFFFFFFFFFFFFFFFFFFFFFFFFFFFFFFFFFFFFFFFFFFFFFFFFFFFFFFFFFB1
:20CFA000FFFFFFFFFFFFFFFFFFFFFFFFFFFFFFFFFFFFFFFFFFFFFFFFFFFFFFFFFFFFFFFF91
:20CFC000FFFFFFFFFFFFFFFFFFFFFFFFFFFFFFFFFFFFFFFFFFFFFFFFFFFFFFFFFFFFFFFF71
:20CFE000FFFFFFFFFFFFFFFFFFFFFFFFFFFFFFFFFFFFFFFFFFFFFFFFFFFFFFFFFFFFFFFF51
:20D00000FFFFFFFFFFFFFFFFFFFFFFFFFFFFFFFFFFFFFFFFFFFFFFFFFFFFFFFFFFFFFFFF30
:20D02000FFFFFFFFFFFFFFFFFFFFFFFFFFFFFFFFFFFFFFFFFFFFFFFFFFFFFFFFFFFFFFFF10
:20D04000FFFFFFFFFFFFFFFFFFFFFFFFFFFFFFFFFFFFFFFFFFFFFFFFFFFFFFFFFFFFFFFFF0
:20D06000FFFFFFFFFFFFFFFFFFFFFFFFFFFFFFFFFFFFFFFFFFFFFFFFFFFFFFFFFFFFFFFFD0
:20D08000FFFFFFFFFFFFFFFFFFFFFFFFFFFFFFFFFFFFFFFFFFFFFFFFFFFFFFFFFFFFFFFFB0
:20D0A000FFFFFFFFFFFFFFFFFFFFFFFFFFFFFFFFFFFFFFFFFFFFFFFFFFFFFFFFFFFFFFFF90
:20D0C000FFFFFFFFFFFFFFFFFFFFFFFFFFFFFFFFFFFFFFFFFFFFFFFFFFFFFFFFFFFFFFFF70
:20D0E000FFFFFFFFFFFFFFFFFFFFFFFFFFFFFFFFFFFFFFFFFFFFFFFFFFFFFFFFFFFFFFFF50
:20D10000FFFFFFFFFFFFFFFFFFFFFFFFFFFFFFFFFFFFFFFFFFFFFFFFFFFFFFFFFFFFFFFF2F
:20D12000FFFFFFFFFFFFFFFFFFFFFFFFFFFFFFFFFFFFFFFFFFFFFFFFFFFFFFFFFFFFFFFF0F
:20D14000FFFFFFFFFFFFFFFFFFFFFFFFFFFFFFFFFFFFFFFFFFFFFFFFFFFFFFFFFFFFFFFFEF
:20D16000FFFFFFFFFFFFFFFFFFFFFFFFFFFFFFFFFFFFFFFFFFFFFFFFFFFFFFFFFFFFFFFFCF
:20D18000FFFFFFFFFFFFFFFFFFFFFFFFFFFFFFFFFFFFFFFFFFFFFFFFFFFFFFFFFFFFFFFFAF
:20D1A000FFFFFFFFFFFFFFFFFFFFFFFFFFFFFFFFFFFFFFFFFFFFFFFFFFFFFFFFFFFFFFFF8F
:20D1C000FFFFFFFFFFFFFFFFFFFFFFFFFFFFFFFFFFFFFFFFFFFFFFFFFFFFFFFFFFFFFFFF6F
:20D1E000FFFFFFFFFFFFFFFFFFFFFFFFFFFFFFFFFFFFFFFFFFFFFFFFFFFFFFFFFFFFFFFF4F
:20D20000FFFFFFFFFFFFFFFFFFFFFFFFFFFFFFFFFFFFFFFFFFFFFFFFFFFFFFFFFFFFFFFF2E
:20D22000FFFFFFFFFFFFFFFFFFFFFFFFFFFFFFFFFFFFFFFFFFFFFFFFFFFFFFFFFFFFFFFF0E
:20D24000FFFFFFFFFFFFFFFFFFFFFFFFFFFFFFFFFFFFFFFFFFFFFFFFFFFFFFFFFFFFFFFFEE
:20D26000FFFFFFFFFFFFFFFFFFFFFFFFFFFFFFFFFFFFFFFFFFFFFFFFFFFFFFFFFFFFFFFFCE
:20D28000FFFFFFFFFFFFFFFFFFFFFFFFFFFFFFFFFFFFFFFFFFFFFFFFFFFFFFFFFFFFFFFFAE
:20D2A000FFFFFFFFFFFFFFFFFFFFFFFFFFFFFFFFFFFFFFFFFFFFFFFFFFFFFFFFFFFFFFFF8E
:20D2C000FFFFFFFFFFFFFFFFFFFFFFFFFFFFFFFFFFFFFFFFFFFFFFFFFFFFFFFFFFFFFFFF6E
:20D2E000FFFFFFFFFFFFFFFFFFFFFFFFFFFFFFFFFFFFFFFFFFFFFFFFFFFFFFFFFFFFFFFF4E
:20D30000FFFFFFFFFFFFFFFFFFFFFFFFFFFFFFFFFFFFFFFFFFFFFFFFFFFFFFFFFFFFFFFF2D
:20D32000FFFFFFFFFFFFFFFFFFFFFFFFFFFFFFFFFFFFFFFFFFFFFFFFFFFFFFFFFFFFFFFF0D
:20D34000FFFFFFFFFFFFFFFFFFFFFFFFFFFFFFFFFFFFFFFFFFFFFFFFFFFFFFFFFFFFFFFFED
:20D36000FFFFFFFFFFFFFFFFFFFFFFFFFFFFFFFFFFFFFFFFFFFFFFFFFFFFFFFFFFFFFFFFCD
:20D38000FFFFFFFFFFFFFFFFFFFFFFFFFFFFFFFFFFFFFFFFFFFFFFFFFFFFFFFFFFFFFFFFAD
:20D3A000FFFFFFFFFFFFFFFFFFFFFFFFFFFFFFFFFFFFFFFFFFFFFFFFFFFFFFFFFFFFFFFF8D
:20D3C000FFFFFFFFFFFFFFFFFFFFFFFFFFFFFFFFFFFFFFFFFFFFFFFFFFFFFFFFFFFFFFFF6D
:20D3E000FFFFFFFFFFFFFFFFFFFFFFFFFFFFFFFFFFFFFFFFFFFFFFFFFFFFFFFFFFFFFFFF4D
:20D40000FFFFFFFFFFFFFFFFFFFFFFFFFFFFFFFFFFFFFFFFFFFFFFFFFFFFFFFFFFFFFFFF2C
:20D42000FFFFFFFFFFFFFFFFFFFFFFFFFFFFFFFFFFFFFFFFFFFFFFFFFFFFFFFFFFFFFFFF0C
:20D44000FFFFFFFFFFFFFFFFFFFFFFFFFFFFFFFFFFFFFFFFFFFFFFFFFFFFFFFFFFFFFFFFEC
:20D46000FFFFFFFFFFFFFFFFFFFFFFFFFFFFFFFFFFFFFFFFFFFFFFFFFFFFFFFFFFFFFFFFCC
:20D48000FFFFFFFFFFFFFFFFFFFFFFFFFFFFFFFFFFFFFFFFFFFFFFFFFFFFFFFFFFFFFFFFAC
:20D4A000FFFFFFFFFFFFFFFFFFFFFFFFFFFFFFFFFFFFFFFFFFFFFFFFFFFFFFFFFFFFFFFF8C
:20D4C000FFFFFFFFFFFFFFFFFFFFFFFFFFFFFFFFFFFFFFFFFFFFFFFFFFFFFFFFFFFFFFFF6C
:20D4E000FFFFFFFFFFFFFFFFFFFFFFFFFFFFFFFFFFFFFFFFFFFFFFFFFFFFFFFFFFFFFFFF4C
:20D50000FFFFFFFFFFFFFFFFFFFFFFFFFFFFFFFFFFFFFFFFFFFFFFFFFFFFFFFFFFFFFFFF2B
:20D52000FFFFFFFFFFFFFFFFFFFFFFFFFFFFFFFFFFFFFFFFFFFFFFFFFFFFFFFFFFFFFFFF0B
:20D54000FFFFFFFFFFFFFFFFFFFFFFFFFFFFFFFFFFFFFFFFFFFFFFFFFFFFFFFFFFFFFFFFEB
:20D56000FFFFFFFFFFFFFFFFFFFFFFFFFFFFFFFFFFFFFFFFFFFFFFFFFFFFFFFFFFFFFFFFCB
:20D58000FFFFFFFFFFFFFFFFFFFFFFFFFFFFFFFFFFFFFFFFFFFFFFFFFFFFFFFFFFFFFFFFAB
:20D5A000FFFFFFFFFFFFFFFFFFFFFFFFFFFFFFFFFFFFFFFFFFFFFFFFFFFFFFFFFFFFFFFF8B
:20D5C000FFFFFFFFFFFFFFFFFFFFFFFFFFFFFFFFFFFFFFFFFFFFFFFFFFFFFFFFFFFFFFFF6B
:20D5E000FFFFFFFFFFFFFFFFFFFFFFFFFFFFFFFFFFFFFFFFFFFFFFFFFFFFFFFFFFFFFFFF4B
:20D60000FFFFFFFFFFFFFFFFFFFFFFFFFFFFFFFFFFFFFFFFFFFFFFFFFFFFFFFFFFFFFFFF2A
:20D62000FFFFFFFFFFFFFFFFFFFFFFFFFFFFFFFFFFFFFFFFFFFFFFFFFFFFFFFFFFFFFFFF0A
:20D64000FFFFFFFFFFFFFFFFFFFFFFFFFFFFFFFFFFFFFFFFFFFFFFFFFFFFFFFFFFFFFFFFEA
:20D66000FFFFFFFFFFFFFFFFFFFFFFFFFFFFFFFFFFFFFFFFFFFFFFFFFFFFFFFFFFFFFFFFCA
:20D68000FFFFFFFFFFFFFFFFFFFFFFFFFFFFFFFFFFFFFFFFFFFFFFFFFFFFFFFFFFFFFFFFAA
:20D6A000FFFFFFFFFFFFFFFFFFFFFFFFFFFFFFFFFFFFFFFFFFFFFFFFFFFFFFFFFFFFFFFF8A
:20D6C000FFFFFFFFFFFFFFFFFFFFFFFFFFFFFFFFFFFFFFFFFFFFFFFFFFFFFFFFFFFFFFFF6A
:20D6E000FFFFFFFFFFFFFFFFFFFFFFFFFFFFFFFFFFFFFFFFFFFFFFFFFFFFFFFFFFFFFFFF4A
:20D70000FFFFFFFFFFFFFFFFFFFFFFFFFFFFFFFFFFFFFFFFFFFFFFFFFFFFFFFFFFFFFFFF29
:20D72000FFFFFFFFFFFFFFFFFFFFFFFFFFFFFFFFFFFFFFFFFFFFFFFFFFFFFFFFFFFFFFFF09
:20D74000FFFFFFFFFFFFFFFFFFFFFFFFFFFFFFFFFFFFFFFFFFFFFFFFFFFFFFFFFFFFFFFFE9
:20D76000FFFFFFFFFFFFFFFFFFFFFFFFFFFFFFFFFFFFFFFFFFFFFFFFFFFFFFFFFFFFFFFFC9
:20D78000FFFFFFFFFFFFFFFFFFFFFFFFFFFFFFFFFFFFFFFFFFFFFFFFFFFFFFFFFFFFFFFFA9
:20D7A000FFFFFFFFFFFFFFFFFFFFFFFFFFFFFFFFFFFFFFFFFFFFFFFFFFFFFFFFFFFFFFFF89
:20D7C000FFFFFFFFFFFFFFFFFFFFFFFFFFFFFFFFFFFFFFFFFFFFFFFFFFFFFFFFFFFFFFFF69
:20D7E000FFFFFFFFFFFFFFFFFFFFFFFFFFFFFFFFFFFFFFFFFFFFFFFFFFFFFFFFFFFFFFFF49
:20D80000FFFFFFFFFFFFFFFFFFFFFFFFFFFFFFFFFFFFFFFFFFFFFFFFFFFFFFFFFFFFFFFF28
:20D82000FFFFFFFFFFFFFFFFFFFFFFFFFFFFFFFFFFFFFFFFFFFFFFFFFFFFFFFFFFFFFFFF08
:20D84000FFFFFFFFFFFFFFFFFFFFFFFFFFFFFFFFFFFFFFFFFFFFFFFFFFFFFFFFFFFFFFFFE8
:20D86000FFFFFFFFFFFFFFFFFFFFFFFFFFFFFFFFFFFFFFFFFFFFFFFFFFFFFFFFFFFFFFFFC8
:20D88000FFFFFFFFFFFFFFFFFFFFFFFFFFFFFFFFFFFFFFFFFFFFFFFFFFFFFFFFFFFFFFFFA8
:20D8A000FFFFFFFFFFFFFFFFFFFFFFFFFFFFFFFFFFFFFFFFFFFFFFFFFFFFFFFFFFFFFFFF88
:20D8C000FFFFFFFFFFFFFFFFFFFFFFFFFFFFFFFFFFFFFFFFFFFFFFFFFFFFFFFFFFFFFFFF68
:20D8E000FFFFFFFFFFFFFFFFFFFFFFFFFFFFFFFFFFFFFFFFFFFFFFFFFFFFFFFFFFFFFFFF48
:20D90000FFFFFFFFFFFFFFFFFFFFFFFFFFFFFFFFFFFFFFFFFFFFFFFFFFFFFFFFFFFFFFFF27
:20D92000FFFFFFFFFFFFFFFFFFFFFFFFFFFFFFFFFFFFFFFFFFFFFFFFFFFFFFFFFFFFFFFF07
:20D94000FFFFFFFFFFFFFFFFFFFFFFFFFFFFFFFFFFFFFFFFFFFFFFFFFFFFFFFFFFFFFFFFE7
:20D96000FFFFFFFFFFFFFFFFFFFFFFFFFFFFFFFFFFFFFFFFFFFFFFFFFFFFFFFFFFFFFFFFC7
:20D98000FFFFFFFFFFFFFFFFFFFFFFFFFFFFFFFFFFFFFFFFFFFFFFFFFFFFFFFFFFFFFFFFA7
:20D9A000FFFFFFFFFFFFFFFFFFFFFFFFFFFFFFFFFFFFFFFFFFFFFFFFFFFFFFFFFFFFFFFF87
:20D9C000FFFFFFFFFFFFFFFFFFFFFFFFFFFFFFFFFFFFFFFFFFFFFFFFFFFFFFFFFFFFFFFF67
:20D9E000FFFFFFFFFFFFFFFFFFFFFFFFFFFFFFFFFFFFFFFFFFFFFFFFFFFFFFFFFFFFFFFF47
:20DA0000FFFFFFFFFFFFFFFFFFFFFFFFFFFFFFFFFFFFFFFFFFFFFFFFFFFFFFFFFFFFFFFF26
:20DA2000FFFFFFFFFFFFFFFFFFFFFFFFFFFFFFFFFFFFFFFFFFFFFFFFFFFFFFFFFFFFFFFF06
:20DA4000FFFFFFFFFFFFFFFFFFFFFFFFFFFFFFFFFFFFFFFFFFFFFFFFFFFFFFFFFFFFFFFFE6
:20DA6000FFFFFFFFFFFFFFFFFFFFFFFFFFFFFFFFFFFFFFFFFFFFFFFFFFFFFFFFFFFFFFFFC6
:20DA8000FFFFFFFFFFFFFFFFFFFFFFFFFFFFFFFFFFFFFFFFFFFFFFFFFFFFFFFFFFFFFFFFA6
:20DAA000FFFFFFFFFFFFFFFFFFFFFFFFFFFFFFFFFFFFFFFFFFFFFFFFFFFFFFFFFFFFFFFF86
:20DAC000FFFFFFFFFFFFFFFFFFFFFFFFFFFFFFFFFFFFFFFFFFFFFFFFFFFFFFFFFFFFFFFF66
:20DAE000FFFFFFFFFFFFFFFFFFFFFFFFFFFFFFFFFFFFFFFFFFFFFFFFFFFFFFFFFFFFFFFF46
:20DB0000FFFFFFFFFFFFFFFFFFFFFFFFFFFFFFFFFFFFFFFFFFFFFFFFFFFFFFFFFFFFFFFF25
:20DB2000FFFFFFFFFFFFFFFFFFFFFFFFFFFFFFFFFFFFFFFFFFFFFFFFFFFFFFFFFFFFFFFF05
:20DB4000FFFFFFFFFFFFFFFFFFFFFFFFFFFFFFFFFFFFFFFFFFFFFFFFFFFFFFFFFFFFFFFFE5
:20DB6000FFFFFFFFFFFFFFFFFFFFFFFFFFFFFFFFFFFFFFFFFFFFFFFFFFFFFFFFFFFFFFFFC5
:20DB8000FFFFFFFFFFFFFFFFFFFFFFFFFFFFFFFFFFFFFFFFFFFFFFFFFFFFFFFFFFFFFFFFA5
:20DBA000FFFFFFFFFFFFFFFFFFFFFFFFFFFFFFFFFFFFFFFFFFFFFFFFFFFFFFFFFFFFFFFF85
:20DBC000FFFFFFFFFFFFFFFFFFFFFFFFFFFFFFFFFFFFFFFFFFFFFFFFFFFFFFFFFFFFFFFF65
:20DBE000FFFFFFFFFFFFFFFFFFFFFFFFFFFFFFFFFFFFFFFFFFFFFFFFFFFFFFFFFFFFFFFF45
:20DC0000FFFFFFFFFFFFFFFFFFFFFFFFFFFFFFFFFFFFFFFFFFFFFFFFFFFFFFFFFFFFFFFF24
:20DC2000FFFFFFFFFFFFFFFFFFFFFFFFFFFFFFFFFFFFFFFFFFFFFFFFFFFFFFFFFFFFFFFF04
:20DC4000FFFFFFFFFFFFFFFFFFFFFFFFFFFFFFFFFFFFFFFFFFFFFFFFFFFFFFFFFFFFFFFFE4
:20DC6000FFFFFFFFFFFFFFFFFFFFFFFFFFFFFFFFFFFFFFFFFFFFFFFFFFFFFFFFFFFFFFFFC4
:20DC8000FFFFFFFFFFFFFFFFFFFFFFFFFFFFFFFFFFFFFFFFFFFFFFFFFFFFFFFFFFFFFFFFA4
:20DCA000FFFFFFFFFFFFFFFFFFFFFFFFFFFFFFFFFFFFFFFFFFFFFFFFFFFFFFFFFFFFFFFF84
:20DCC000FFFFFFFFFFFFFFFFFFFFFFFFFFFFFFFFFFFFFFFFFFFFFFFFFFFFFFFFFFFFFFFF64
:20DCE000FFFFFFFFFFFFFFFFFFFFFFFFFFFFFFFFFFFFFFFFFFFFFFFFFFFFFFFFFFFFFFFF44
:20DD0000FFFFFFFFFFFFFFFFFFFFFFFFFFFFFFFFFFFFFFFFFFFFFFFFFFFFFFFFFFFFFFFF23
:20DD2000FFFFFFFFFFFFFFFFFFFFFFFFFFFFFFFFFFFFFFFFFFFFFFFFFFFFFFFFFFFFFFFF03
:20DD4000FFFFFFFFFFFFFFFFFFFFFFFFFFFFFFFFFFFFFFFFFFFFFFFFFFFFFFFFFFFFFFFFE3
:20DD6000FFFFFFFFFFFFFFFFFFFFFFFFFFFFFFFFFFFFFFFFFFFFFFFFFFFFFFFFFFFFFFFFC3
:20DD8000FFFFFFFFFFFFFFFFFFFFFFFFFFFFFFFFFFFFFFFFFFFFFFFFFFFFFFFFFFFFFFFFA3
:20DDA000FFFFFFFFFFFFFFFFFFFFFFFFFFFFFFFFFFFFFFFFFFFFFFFFFFFFFFFFFFFFFFFF83
:20DDC000FFFFFFFFFFFFFFFFFFFFFFFFFFFFFFFFFFFFFFFFFFFFFFFFFFFFFFFFFFFFFFFF63
:20DDE000FFFFFFFFFFFFFFFFFFFFFFFFFFFFFFFFFFFFFFFFFFFFFFFFFFFFFFFFFFFFFFFF43
:20DE0000FFFFFFFFFFFFFFFFFFFFFFFFFFFFFFFFFFFFFFFFFFFFFFFFFFFFFFFFFFFFFFFF22
:20DE2000FFFFFFFFFFFFFFFFFFFFFFFFFFFFFFFFFFFFFFFFFFFFFFFFFFFFFFFFFFFFFFFF02
:20DE4000FFFFFFFFFFFFFFFFFFFFFFFFFFFFFFFFFFFFFFFFFFFFFFFFFFFFFFFFFFFFFFFFE2
:20DE6000FFFFFFFFFFFFFFFFFFFFFFFFFFFFFFFFFFFFFFFFFFFFFFFFFFFFFFFFFFFFFFFFC2
:20DE8000FFFFFFFFFFFFFFFFFFFFFFFFFFFFFFFFFFFFFFFFFFFFFFFFFFFFFFFFFFFFFFFFA2
:20DEA000FFFFFFFFFFFFFFFFFFFFFFFFFFFFFFFFFFFFFFFFFFFFFFFFFFFFFFFFFFFFFFFF82
:20DEC000FFFFFFFFFFFFFFFFFFFFFFFFFFFFFFFFFFFFFFFFFFFFFFFFFFFFFFFFFFFFFFFF62
:20DEE000FFFFFFFFFFFFFFFFFFFFFFFFFFFFFFFFFFFFFFFFFFFFFFFFFFFFFFFFFFFFFFFF42
:20DF0000FFFFFFFFFFFFFFFFFFFFFFFFFFFFFFFFFFFFFFFFFFFFFFFFFFFFFFFFFFFFFFFF21
:20DF2000FFFFFFFFFFFFFFFFFFFFFFFFFFFFFFFFFFFFFFFFFFFFFFFFFFFFFFFFFFFFFFFF01
:20DF4000FFFFFFFFFFFFFFFFFFFFFFFFFFFFFFFFFFFFFFFFFFFFFFFFFFFFFFFFFFFFFFFFE1
:20DF6000FFFFFFFFFFFFFFFFFFFFFFFFFFFFFFFFFFFFFFFFFFFFFFFFFFFFFFFFFFFFFFFFC1
:20DF8000FFFFFFFFFFFFFFFFFFFFFFFFFFFFFFFFFFFFFFFFFFFFFFFFFFFFFFFFFFFFFFFFA1
:20DFA000FFFFFFFFFFFFFFFFFFFFFFFFFFFFFFFFFFFFFFFFFFFFFFFFFFFFFFFFFFFFFFFF81
:20DFC000FFFFFFFFFFFFFFFFFFFFFFFFFFFFFFFFFFFFFFFFFFFFFFFFFFFFFFFFFFFFFFFF61
:20DFE000FFFFFFFFFFFFFFFFFFFFFFFFFFFFFFFFFFFFFFFFFFFFFFFFFFFFFFFFFFFFFFFF41
:20E00000FFFFFFFFFFFFFFFFFFFFFFFFFFFFFFFFFFFFFFFFFFFFFFFFFFFFFFFFFFFFFFFF20
:20E02000FFFFFFFFFFFFFFFFFFFFFFFFFFFFFFFFFFFFFFFFFFFFFFFFFFFFFFFFFFFFFFFF00
:20E04000FFFFFFFFFFFFFFFFFFFFFFFFFFFFFFFFFFFFFFFFFFFFFFFFFFFFFFFFFFFFFFFFE0
:20E06000FFFFFFFFFFFFFFFFFFFFFFFFFFFFFFFFFFFFFFFFFFFFFFFFFFFFFFFFFFFFFFFFC0
:20E08000FFFFFFFFFFFFFFFFFFFFFFFFFFFFFFFFFFFFFFFFFFFFFFFFFFFFFFFFFFFFFFFFA0
:20E0A000FFFFFFFFFFFFFFFFFFFFFFFFFFFFFFFFFFFFFFFFFFFFFFFFFFFFFFFFFFFFFFFF80
:20E0C000FFFFFFFFFFFFFFFFFFFFFFFFFFFFFFFFFFFFFFFFFFFFFFFFFFFFFFFFFFFFFFFF60
:20E0E000FFFFFFFFFFFFFFFFFFFFFFFFFFFFFFFFFFFFFFFFFFFFFFFFFFFFFFFFFFFFFFFF40
:20E10000FFFFFFFFFFFFFFFFFFFFFFFFFFFFFFFFFFFFFFFFFFFFFFFFFFFFFFFFFFFFFFFF1F
:20E12000FFFFFFFFFFFFFFFFFFFFFFFFFFFFFFFFFFFFFFFFFFFFFFFFFFFFFFFFFFFFFFFFFF
:20E14000FFFFFFFFFFFFFFFFFFFFFFFFFFFFFFFFFFFFFFFFFFFFFFFFFFFFFFFFFFFFFFFFDF
:20E16000FFFFFFFFFFFFFFFFFFFFFFFFFFFFFFFFFFFFFFFFFFFFFFFFFFFFFFFFFFFFFFFFBF
:20E18000FFFFFFFFFFFFFFFFFFFFFFFFFFFFFFFFFFFFFFFFFFFFFFFFFFFFFFFFFFFFFFFF9F
:20E1A000FFFFFFFFFFFFFFFFFFFFFFFFFFFFFFFFFFFFFFFFFFFFFFFFFFFFFFFFFFFFFFFF7F
:20E1C000FFFFFFFFFFFFFFFFFFFFFFFFFFFFFFFFFFFFFFFFFFFFFFFFFFFFFFFFFFFFFFFF5F
:20E1E000FFFFFFFFFFFFFFFFFFFFFFFFFFFFFFFFFFFFFFFFFFFFFFFFFFFFFFFFFFFFFFFF3F
:20E20000FFFFFFFFFFFFFFFFFFFFFFFFFFFFFFFFFFFFFFFFFFFFFFFFFFFFFFFFFFFFFFFF1E
:20E22000FFFFFFFFFFFFFFFFFFFFFFFFFFFFFFFFFFFFFFFFFFFFFFFFFFFFFFFFFFFFFFFFFE
:20E24000FFFFFFFFFFFFFFFFFFFFFFFFFFFFFFFFFFFFFFFFFFFFFFFFFFFFFFFFFFFFFFFFDE
:20E26000FFFFFFFFFFFFFFFFFFFFFFFFFFFFFFFFFFFFFFFFFFFFFFFFFFFFFFFFFFFFFFFFBE
:20E28000FFFFFFFFFFFFFFFFFFFFFFFFFFFFFFFFFFFFFFFFFFFFFFFFFFFFFFFFFFFFFFFF9E
:20E2A000FFFFFFFFFFFFFFFFFFFFFFFFFFFFFFFFFFFFFFFFFFFFFFFFFFFFFFFFFFFFFFFF7E
:20E2C000FFFFFFFFFFFFFFFFFFFFFFFFFFFFFFFFFFFFFFFFFFFFFFFFFFFFFFFFFFFFFFFF5E
:20E2E000FFFFFFFFFFFFFFFFFFFFFFFFFFFFFFFFFFFFFFFFFFFFFFFFFFFFFFFFFFFFFFFF3E
:20E30000FFFFFFFFFFFFFFFFFFFFFFFFFFFFFFFFFFFFFFFFFFFFFFFFFFFFFFFFFFFFFFFF1D
:20E32000FFFFFFFFFFFFFFFFFFFFFFFFFFFFFFFFFFFFFFFFFFFFFFFFFFFFFFFFFFFFFFFFFD
:20E34000FFFFFFFFFFFFFFFFFFFFFFFFFFFFFFFFFFFFFFFFFFFFFFFFFFFFFFFFFFFFFFFFDD
:20E36000FFFFFFFFFFFFFFFFFFFFFFFFFFFFFFFFFFFFFFFFFFFFFFFFFFFFFFFFFFFFFFFFBD
:20E38000FFFFFFFFFFFFFFFFFFFFFFFFFFFFFFFFFFFFFFFFFFFFFFFFFFFFFFFFFFFFFFFF9D
:20E3A000FFFFFFFFFFFFFFFFFFFFFFFFFFFFFFFFFFFFFFFFFFFFFFFFFFFFFFFFFFFFFFFF7D
:20E3C000FFFFFFFFFFFFFFFFFFFFFFFFFFFFFFFFFFFFFFFFFFFFFFFFFFFFFFFFFFFFFFFF5D
:20E3E000FFFFFFFFFFFFFFFFFFFFFFFFFFFFFFFFFFFFFFFFFFFFFFFFFFFFFFFFFFFFFFFF3D
:20E40000FFFFFFFFFFFFFFFFFFFFFFFFFFFFFFFFFFFFFFFFFFFFFFFFFFFFFFFFFFFFFFFF1C
:20E42000FFFFFFFFFFFFFFFFFFFFFFFFFFFFFFFFFFFFFFFFFFFFFFFFFFFFFFFFFFFFFFFFFC
:20E44000FFFFFFFFFFFFFFFFFFFFFFFFFFFFFFFFFFFFFFFFFFFFFFFFFFFFFFFFFFFFFFFFDC
:20E46000FFFFFFFFFFFFFFFFFFFFFFFFFFFFFFFFFFFFFFFFFFFFFFFFFFFFFFFFFFFFFFFFBC
:20E48000FFFFFFFFFFFFFFFFFFFFFFFFFFFFFFFFFFFFFFFFFFFFFFFFFFFFFFFFFFFFFFFF9C
:20E4A000FFFFFFFFFFFFFFFFFFFFFFFFFFFFFFFFFFFFFFFFFFFFFFFFFFFFFFFFFFFFFFFF7C
:20E4C000FFFFFFFFFFFFFFFFFFFFFFFFFFFFFFFFFFFFFFFFFFFFFFFFFFFFFFFFFFFFFFFF5C
:20E4E000FFFFFFFFFFFFFFFFFFFFFFFFFFFFFFFFFFFFFFFFFFFFFFFFFFFFFFFFFFFFFFFF3C
:20E50000FFFFFFFFFFFFFFFFFFFFFFFFFFFFFFFFFFFFFFFFFFFFFFFFFFFFFFFFFFFFFFFF1B
:20E52000FFFFFFFFFFFFFFFFFFFFFFFFFFFFFFFFFFFFFFFFFFFFFFFFFFFFFFFFFFFFFFFFFB
:20E54000FFFFFFFFFFFFFFFFFFFFFFFFFFFFFFFFFFFFFFFFFFFFFFFFFFFFFFFFFFFFFFFFDB
:20E56000FFFFFFFFFFFFFFFFFFFFFFFFFFFFFFFFFFFFFFFFFFFFFFFFFFFFFFFFFFFFFFFFBB
:20E58000FFFFFFFFFFFFFFFFFFFFFFFFFFFFFFFFFFFFFFFFFFFFFFFFFFFFFFFFFFFFFFFF9B
:20E5A000FFFFFFFFFFFFFFFFFFFFFFFFFFFFFFFFFFFFFFFFFFFFFFFFFFFFFFFFFFFFFFFF7B
:20E5C000FFFFFFFFFFFFFFFFFFFFFFFFFFFFFFFFFFFFFFFFFFFFFFFFFFFFFFFFFFFFFFFF5B
:20E5E000FFFFFFFFFFFFFFFFFFFFFFFFFFFFFFFFFFFFFFFFFFFFFFFFFFFFFFFFFFFFFFFF3B
:20E60000FFFFFFFFFFFFFFFFFFFFFFFFFFFFFFFFFFFFFFFFFFFFFFFFFFFFFFFFFFFFFFFF1A
:20E62000FFFFFFFFFFFFFFFFFFFFFFFFFFFFFFFFFFFFFFFFFFFFFFFFFFFFFFFFFFFFFFFFFA
:20E64000FFFFFFFFFFFFFFFFFFFFFFFFFFFFFFFFFFFFFFFFFFFFFFFFFFFFFFFFFFFFFFFFDA
:20E66000FFFFFFFFFFFFFFFFFFFFFFFFFFFFFFFFFFFFFFFFFFFFFFFFFFFFFFFFFFFFFFFFBA
:20E68000FFFFFFFFFFFFFFFFFFFFFFFFFFFFFFFFFFFFFFFFFFFFFFFFFFFFFFFFFFFFFFFF9A
:20E6A000FFFFFFFFFFFFFFFFFFFFFFFFFFFFFFFFFFFFFFFFFFFFFFFFFFFFFFFFFFFFFFFF7A
:20E6C000FFFFFFFFFFFFFFFFFFFFFFFFFFFFFFFFFFFFFFFFFFFFFFFFFFFFFFFFFFFFFFFF5A
:20E6E000FFFFFFFFFFFFFFFFFFFFFFFFFFFFFFFFFFFFFFFFFFFFFFFFFFFFFFFFFFFFFFFF3A
:20E70000FFFFFFFFFFFFFFFFFFFFFFFFFFFFFFFFFFFFFFFFFFFFFFFFFFFFFFFFFFFFFFFF19
:20E72000FFFFFFFFFFFFFFFFFFFFFFFFFFFFFFFFFFFFFFFFFFFFFFFFFFFFFFFFFFFFFFFFF9
:20E74000FFFFFFFFFFFFFFFFFFFFFFFFFFFFFFFFFFFFFFFFFFFFFFFFFFFFFFFFFFFFFFFFD9
:20E76000FFFFFFFFFFFFFFFFFFFFFFFFFFFFFFFFFFFFFFFFFFFFFFFFFFFFFFFFFFFFFFFFB9
:20E78000FFFFFFFFFFFFFFFFFFFFFFFFFFFFFFFFFFFFFFFFFFFFFFFFFFFFFFFFFFFFFFFF99
:20E7A000FFFFFFFFFFFFFFFFFFFFFFFFFFFFFFFFFFFFFFFFFFFFFFFFFFFFFFFFFFFFFFFF79
:20E7C000FFFFFFFFFFFFFFFFFFFFFFFFFFFFFFFFFFFFFFFFFFFFFFFFFFFFFFFFFFFFFFFF59
:20E7E000FFFFFFFFFFFFFFFFFFFFFFFFFFFFFFFFFFFFFFFFFFFFFFFFFFFFFFFFFFFFFFFF39
:20E80000FFFFFFFFFFFFFFFFFFFFFFFFFFFFFFFFFFFFFFFFFFFFFFFFFFFFFFFFFFFFFFFF18
:20E82000FFFFFFFFFFFFFFFFFFFFFFFFFFFFFFFFFFFFFFFFFFFFFFFFFFFFFFFFFFFFFFFFF8
:20E84000FFFFFFFFFFFFFFFFFFFFFFFFFFFFFFFFFFFFFFFFFFFFFFFFFFFFFFFFFFFFFFFFD8
:20E86000FFFFFFFFFFFFFFFFFFFFFFFFFFFFFFFFFFFFFFFFFFFFFFFFFFFFFFFFFFFFFFFFB8
:20E88000FFFFFFFFFFFFFFFFFFFFFFFFFFFFFFFFFFFFFFFFFFFFFFFFFFFFFFFFFFFFFFFF98
:20E8A000FFFFFFFFFFFFFFFFFFFFFFFFFFFFFFFFFFFFFFFFFFFFFFFFFFFFFFFFFFFFFFFF78
:20E8C000FFFFFFFFFFFFFFFFFFFFFFFFFFFFFFFFFFFFFFFFFFFFFFFFFFFFFFFFFFFFFFFF58
:20E8E000FFFFFFFFFFFFFFFFFFFFFFFFFFFFFFFFFFFFFFFFFFFFFFFFFFFFFFFFFFFFFFFF38
:20E90000FFFFFFFFFFFFFFFFFFFFFFFFFFFFFFFFFFFFFFFFFFFFFFFFFFFFFFFFFFFFFFFF17
:20E92000FFFFFFFFFFFFFFFFFFFFFFFFFFFFFFFFFFFFFFFFFFFFFFFFFFFFFFFFFFFFFFFFF7
:20E94000FFFFFFFFFFFFFFFFFFFFFFFFFFFFFFFFFFFFFFFFFFFFFFFFFFFFFFFFFFFFFFFFD7
:20E96000FFFFFFFFFFFFFFFFFFFFFFFFFFFFFFFFFFFFFFFFFFFFFFFFFFFFFFFFFFFFFFFFB7
:20E98000FFFFFFFFFFFFFFFFFFFFFFFFFFFFFFFFFFFFFFFFFFFFFFFFFFFFFFFFFFFFFFFF97
:20E9A000FFFFFFFFFFFFFFFFFFFFFFFFFFFFFFFFFFFFFFFFFFFFFFFFFFFFFFFFFFFFFFFF77
:20E9C000FFFFFFFFFFFFFFFFFFFFFFFFFFFFFFFFFFFFFFFFFFFFFFFFFFFFFFFFFFFFFFFF57
:20E9E000FFFFFFFFFFFFFFFFFFFFFFFFFFFFFFFFFFFFFFFFFFFFFFFFFFFFFFFFFFFFFFFF37
:20EA0000FFFFFFFFFFFFFFFFFFFFFFFFFFFFFFFFFFFFFFFFFFFFFFFFFFFFFFFFFFFFFFFF16
:20EA2000FFFFFFFFFFFFFFFFFFFFFFFFFFFFFFFFFFFFFFFFFFFFFFFFFFFFFFFFFFFFFFFFF6
:20EA4000FFFFFFFFFFFFFFFFFFFFFFFFFFFFFFFFFFFFFFFFFFFFFFFFFFFFFFFFFFFFFFFFD6
:20EA6000FFFFFFFFFFFFFFFFFFFFFFFFFFFFFFFFFFFFFFFFFFFFFFFFFFFFFFFFFFFFFFFFB6
:20EA8000FFFFFFFFFFFFFFFFFFFFFFFFFFFFFFFFFFFFFFFFFFFFFFFFFFFFFFFFFFFFFFFF96
:20EAA000FFFFFFFFFFFFFFFFFFFFFFFFFFFFFFFFFFFFFFFFFFFFFFFFFFFFFFFFFFFFFFFF76
:20EAC000FFFFFFFFFFFFFFFFFFFFFFFFFFFFFFFFFFFFFFFFFFFFFFFFFFFFFFFFFFFFFFFF56
:20EAE000FFFFFFFFFFFFFFFFFFFFFFFFFFFFFFFFFFFFFFFFFFFFFFFFFFFFFFFFFFFFFFFF36
:20EB0000FFFFFFFFFFFFFFFFFFFFFFFFFFFFFFFFFFFFFFFFFFFFFFFFFFFFFFFFFFFFFFFF15
:20EB2000FFFFFFFFFFFFFFFFFFFFFFFFFFFFFFFFFFFFFFFFFFFFFFFFFFFFFFFFFFFFFFFFF5
:20EB4000FFFFFFFFFFFFFFFFFFFFFFFFFFFFFFFFFFFFFFFFFFFFFFFFFFFFFFFFFFFFFFFFD5
:20EB6000FFFFFFFFFFFFFFFFFFFFFFFFFFFFFFFFFFFFFFFFFFFFFFFFFFFFFFFFFFFFFFFFB5
:20EB8000FFFFFFFFFFFFFFFFFFFFFFFFFFFFFFFFFFFFFFFFFFFFFFFFFFFFFFFFFFFFFFFF95
:20EBA000FFFFFFFFFFFFFFFFFFFFFFFFFFFFFFFFFFFFFFFFFFFFFFFFFFFFFFFFFFFFFFFF75
:20EBC000FFFFFFFFFFFFFFFFFFFFFFFFFFFFFFFFFFFFFFFFFFFFFFFFFFFFFFFFFFFFFFFF55
:20EBE000FFFFFFFFFFFFFFFFFFFFFFFFFFFFFFFFFFFFFFFFFFFFFFFFFFFFFFFFFFFFFFFF35
:20EC0000FFFFFFFFFFFFFFFFFFFFFFFFFFFFFFFFFFFFFFFFFFFFFFFFFFFFFFFFFFFFFFFF14
:20EC2000FFFFFFFFFFFFFFFFFFFFFFFFFFFFFFFFFFFFFFFFFFFFFFFFFFFFFFFFFFFFFFFFF4
:20EC4000FFFFFFFFFFFFFFFFFFFFFFFFFFFFFFFFFFFFFFFFFFFFFFFFFFFFFFFFFFFFFFFFD4
:20EC6000FFFFFFFFFFFFFFFFFFFFFFFFFFFFFFFFFFFFFFFFFFFFFFFFFFFFFFFFFFFFFFFFB4
:20EC8000FFFFFFFFFFFFFFFFFFFFFFFFFFFFFFFFFFFFFFFFFFFFFFFFFFFFFFFFFFFFFFFF94
:20ECA000FFFFFFFFFFFFFFFFFFFFFFFFFFFFFFFFFFFFFFFFFFFFFFFFFFFFFFFFFFFFFFFF74
:20ECC000FFFFFFFFFFFFFFFFFFFFFFFFFFFFFFFFFFFFFFFFFFFFFFFFFFFFFFFFFFFFFFFF54
:20ECE000FFFFFFFFFFFFFFFFFFFFFFFFFFFFFFFFFFFFFFFFFFFFFFFFFFFFFFFFFFFFFFFF34
:20ED0000FFFFFFFFFFFFFFFFFFFFFFFFFFFFFFFFFFFFFFFFFFFFFFFFFFFFFFFFFFFFFFFF13
:20ED2000FFFFFFFFFFFFFFFFFFFFFFFFFFFFFFFFFFFFFFFFFFFFFFFFFFFFFFFFFFFFFFFFF3
:20ED4000FFFFFFFFFFFFFFFFFFFFFFFFFFFFFFFFFFFFFFFFFFFFFFFFFFFFFFFFFFFFFFFFD3
:20ED6000FFFFFFFFFFFFFFFFFFFFFFFFFFFFFFFFFFFFFFFFFFFFFFFFFFFFFFFFFFFFFFFFB3
:20ED8000FFFFFFFFFFFFFFFFFFFFFFFFFFFFFFFFFFFFFFFFFFFFFFFFFFFFFFFFFFFFFFFF93
:20EDA000FFFFFFFFFFFFFFFFFFFFFFFFFFFFFFFFFFFFFFFFFFFFFFFFFFFFFFFFFFFFFFFF73
:20EDC000FFFFFFFFFFFFFFFFFFFFFFFFFFFFFFFFFFFFFFFFFFFFFFFFFFFFFFFFFFFFFFFF53
:20EDE000FFFFFFFFFFFFFFFFFFFFFFFFFFFFFFFFFFFFFFFFFFFFFFFFFFFFFFFFFFFFFFFF33
:20EE0000FFFFFFFFFFFFFFFFFFFFFFFFFFFFFFFFFFFFFFFFFFFFFFFFFFFFFFFFFFFFFFFF12
:20EE2000FFFFFFFFFFFFFFFFFFFFFFFFFFFFFFFFFFFFFFFFFFFFFFFFFFFFFFFFFFFFFFFFF2
:20EE4000FFFFFFFFFFFFFFFFFFFFFFFFFFFFFFFFFFFFFFFFFFFFFFFFFFFFFFFFFFFFFFFFD2
:20EE6000FFFFFFFFFFFFFFFFFFFFFFFFFFFFFFFFFFFFFFFFFFFFFFFFFFFFFFFFFFFFFFFFB2
:20EE8000FFFFFFFFFFFFFFFFFFFFFFFFFFFFFFFFFFFFFFFFFFFFFFFFFFFFFFFFFFFFFFFF92
:20EEA000FFFFFFFFFFFFFFFFFFFFFFFFFFFFFFFFFFFFFFFFFFFFFFFFFFFFFFFFFFFFFFFF72
:20EEC000FFFFFFFFFFFFFFFFFFFFFFFFFFFFFFFFFFFFFFFFFFFFFFFFFFFFFFFFFFFFFFFF52
:20EEE000FFFFFFFFFFFFFFFFFFFFFFFFFFFFFFFFFFFFFFFFFFFFFFFFFFFFFFFFFFFFFFFF32
:20EF0000FFFFFFFFFFFFFFFFFFFFFFFFFFFFFFFFFFFFFFFFFFFFFFFFFFFFFFFFFFFFFFFF11
:20EF2000FFFFFFFFFFFFFFFFFFFFFFFFFFFFFFFFFFFFFFFFFFFFFFFFFFFFFFFFFFFFFFFFF1
:20EF4000FFFFFFFFFFFFFFFFFFFFFFFFFFFFFFFFFFFFFFFFFFFFFFFFFFFFFFFFFFFFFFFFD1
:20EF6000FFFFFFFFFFFFFFFFFFFFFFFFFFFFFFFFFFFFFFFFFFFFFFFFFFFFFFFFFFFFFFFFB1
:20EF8000FFFFFFFFFFFFFFFFFFFFFFFFFFFFFFFFFFFFFFFFFFFFFFFFFFFFFFFFFFFFFFFF91
:20EFA000FFFFFFFFFFFFFFFFFFFFFFFFFFFFFFFFFFFFFFFFFFFFFFFFFFFFFFFFFFFFFFFF71
:20EFC000FFFFFFFFFFFFFFFFFFFFFFFFFFFFFFFFFFFFFFFFFFFFFFFFFFFFFFFFFFFFFFFF51
:20EFE000FFFFFFFFFFFFFFFFFFFFFFFFFFFFFFFFFFFFFFFFFFFFFFFFFFFFFFFFFFFFFFFF31
:20F00000FFFFFFFFFFFFFFFFFFFFFFFFFFFFFFFFFFFFFFFFFFFFFFFFFFFFFFFFFFFFFFFF10
:20F02000FFFFFFFFFFFFFFFFFFFFFFFFFFFFFFFFFFFFFFFFFFFFFFFFFFFFFFFFFFFFFFFFF0
:20F04000FFFFFFFFFFFFFFFFFFFFFFFFFFFFFFFFFFFFFFFFFFFFFFFFFFFFFFFFFFFFFFFFD0
:20F06000FFFFFFFFFFFFFFFFFFFFFFFFFFFFFFFFFFFFFFFFFFFFFFFFFFFFFFFFFFFFFFFFB0
:20F08000FFFFFFFFFFFFFFFFFFFFFFFFFFFFFFFFFFFFFFFFFFFFFFFFFFFFFFFFFFFFFFFF90
:20F0A000FFFFFFFFFFFFFFFFFFFFFFFFFFFFFFFFFFFFFFFFFFFFFFFFFFFFFFFFFFFFFFFF70
:20F0C000FFFFFFFFFFFFFFFFFFFFFFFFFFFFFFFFFFFFFFFFFFFFFFFFFFFFFFFFFFFFFFFF50
:20F0E000FFFFFFFFFFFFFFFFFFFFFFFFFFFFFFFFFFFFFFFFFFFFFFFFFFFFFFFFFFFFFFFF30
:20F10000FFFFFFFFFFFFFFFFFFFFFFFFFFFFFFFFFFFFFFFFFFFFFFFFFFFFFFFFFFFFFFFF0F
:20F12000FFFFFFFFFFFFFFFFFFFFFFFFFFFFFFFFFFFFFFFFFFFFFFFFFFFFFFFFFFFFFFFFEF
:20F14000FFFFFFFFFFFFFFFFFFFFFFFFFFFFFFFFFFFFFFFFFFFFFFFFFFFFFFFFFFFFFFFFCF
:20F16000FFFFFFFFFFFFFFFFFFFFFFFFFFFFFFFFFFFFFFFFFFFFFFFFFFFFFFFFFFFFFFFFAF
:20F18000FFFFFFFFFFFFFFFFFFFFFFFFFFFFFFFFFFFFFFFFFFFFFFFFFFFFFFFFFFFFFFFF8F
:20F1A000FFFFFFFFFFFFFFFFFFFFFFFFFFFFFFFFFFFFFFFFFFFFFFFFFFFFFFFFFFFFFFFF6F
:20F1C000FFFFFFFFFFFFFFFFFFFFFFFFFFFFFFFFFFFFFFFFFFFFFFFFFFFFFFFFFFFFFFFF4F
:20F1E000FFFFFFFFFFFFFFFFFFFFFFFFFFFFFFFFFFFFFFFFFFFFFFFFFFFFFFFFFFFFFFFF2F
:20F20000FFFFFFFFFFFFFFFFFFFFFFFFFFFFFFFFFFFFFFFFFFFFFFFFFFFFFFFFFFFFFFFF0E
:20F22000FFFFFFFFFFFFFFFFFFFFFFFFFFFFFFFFFFFFFFFFFFFFFFFFFFFFFFFFFFFFFFFFEE
:20F24000FFFFFFFFFFFFFFFFFFFFFFFFFFFFFFFFFFFFFFFFFFFFFFFFFFFFFFFFFFFFFFFFCE
:20F26000FFFFFFFFFFFFFFFFFFFFFFFFFFFFFFFFFFFFFFFFFFFFFFFFFFFFFFFFFFFFFFFFAE
:20F28000FFFFFFFFFFFFFFFFFFFFFFFFFFFFFFFFFFFFFFFFFFFFFFFFFFFFFFFFFFFFFFFF8E
:20F2A000FFFFFFFFFFFFFFFFFFFFFFFFFFFFFFFFFFFFFFFFFFFFFFFFFFFFFFFFFFFFFFFF6E
:20F2C000FFFFFFFFFFFFFFFFFFFFFFFFFFFFFFFFFFFFFFFFFFFFFFFFFFFFFFFFFFFFFFFF4E
:20F2E000FFFFFFFFFFFFFFFFFFFFFFFFFFFFFFFFFFFFFFFFFFFFFFFFFFFFFFFFFFFFFFFF2E
:20F30000FFFFFFFFFFFFFFFFFFFFFFFFFFFFFFFFFFFFFFFFFFFFFFFFFFFFFFFFFFFFFFFF0D
:20F32000FFFFFFFFFFFFFFFFFFFFFFFFFFFFFFFFFFFFFFFFFFFFFFFFFFFFFFFFFFFFFFFFED
:20F34000FFFFFFFFFFFFFFFFFFFFFFFFFFFFFFFFFFFFFFFFFFFFFFFFFFFFFFFFFFFFFFFFCD
:20F36000FFFFFFFFFFFFFFFFFFFFFFFFFFFFFFFFFFFFFFFFFFFFFFFFFFFFFFFFFFFFFFFFAD
:20F38000FFFFFFFFFFFFFFFFFFFFFFFFFFFFFFFFFFFFFFFFFFFFFFFFFFFFFFFFFFFFFFFF8D
:20F3A000FFFFFFFFFFFFFFFFFFFFFFFFFFFFFFFFFFFFFFFFFFFFFFFFFFFFFFFFFFFFFFFF6D
:20F3C000FFFFFFFFFFFFFFFFFFFFFFFFFFFFFFFFFFFFFFFFFFFFFFFFFFFFFFFFFFFFFFFF4D
:20F3E000FFFFFFFFFFFFFFFFFFFFFFFFFFFFFFFFFFFFFFFFFFFFFFFFFFFFFFFFFFFFFFFF2D
:20F40000FFFFFFFFFFFFFFFFFFFFFFFFFFFFFFFFFFFFFFFFFFFFFFFFFFFFFFFFFFFFFFFF0C
:20F42000FFFFFFFFFFFFFFFFFFFFFFFFFFFFFFFFFFFFFFFFFFFFFFFFFFFFFFFFFFFFFFFFEC
:20F44000FFFFFFFFFFFFFFFFFFFFFFFFFFFFFFFFFFFFFFFFFFFFFFFFFFFFFFFFFFFFFFFFCC
:20F46000FFFFFFFFFFFFFFFFFFFFFFFFFFFFFFFFFFFFFFFFFFFFFFFFFFFFFFFFFFFFFFFFAC
:20F48000FFFFFFFFFFFFFFFFFFFFFFFFFFFFFFFFFFFFFFFFFFFFFFFFFFFFFFFFFFFFFFFF8C
:20F4A000FFFFFFFFFFFFFFFFFFFFFFFFFFFFFFFFFFFFFFFFFFFFFFFFFFFFFFFFFFFFFFFF6C
:20F4C000FFFFFFFFFFFFFFFFFFFFFFFFFFFFFFFFFFFFFFFFFFFFFFFFFFFFFFFFFFFFFFFF4C
:20F4E000FFFFFFFFFFFFFFFFFFFFFFFFFFFFFFFFFFFFFFFFFFFFFFFFFFFFFFFFFFFFFFFF2C
:20F50000FFFFFFFFFFFFFFFFFFFFFFFFFFFFFFFFFFFFFFFFFFFFFFFFFFFFFFFFFFFFFFFF0B
:20F52000FFFFFFFFFFFFFFFFFFFFFFFFFFFFFFFFFFFFFFFFFFFFFFFFFFFFFFFFFFFFFFFFEB
:20F54000FFFFFFFFFFFFFFFFFFFFFFFFFFFFFFFFFFFFFFFFFFFFFFFFFFFFFFFFFFFFFFFFCB
:20F56000FFFFFFFFFFFFFFFFFFFFFFFFFFFFFFFFFFFFFFFFFFFFFFFFFFFFFFFFFFFFFFFFAB
:20F58000FFFFFFFFFFFFFFFFFFFFFFFFFFFFFFFFFFFFFFFFFFFFFFFFFFFFFFFFFFFFFFFF8B
:20F5A000FFFFFFFFFFFFFFFFFFFFFFFFFFFFFFFFFFFFFFFFFFFFFFFFFFFFFFFFFFFFFFFF6B
:20F5C000FFFFFFFFFFFFFFFFFFFFFFFFFFFFFFFFFFFFFFFFFFFFFFFFFFFFFFFFFFFFFFFF4B
:20F5E000FFFFFFFFFFFFFFFFFFFFFFFFFFFFFFFFFFFFFFFFFFFFFFFFFFFFFFFFFFFFFFFF2B
:20F60000FFFFFFFFFFFFFFFFFFFFFFFFFFFFFFFFFFFFFFFFFFFFFFFFFFFFFFFFFFFFFFFF0A
:20F62000FFFFFFFFFFFFFFFFFFFFFFFFFFFFFFFFFFFFFFFFFFFFFFFFFFFFFFFFFFFFFFFFEA
:20F64000FFFFFFFFFFFFFFFFFFFFFFFFFFFFFFFFFFFFFFFFFFFFFFFFFFFFFFFFFFFFFFFFCA
:20F66000FFFFFFFFFFFFFFFFFFFFFFFFFFFFFFFFFFFFFFFFFFFFFFFFFFFFFFFFFFFFFFFFAA
:20F68000FFFFFFFFFFFFFFFFFFFFFFFFFFFFFFFFFFFFFFFFFFFFFFFFFFFFFFFFFFFFFFFF8A
:20F6A000FFFFFFFFFFFFFFFFFFFFFFFFFFFFFFFFFFFFFFFFFFFFFFFFFFFFFFFFFFFFFFFF6A
:20F6C000FFFFFFFFFFFFFFFFFFFFFFFFFFFFFFFFFFFFFFFFFFFFFFFFFFFFFFFFFFFFFFFF4A
:20F6E000FFFFFFFFFFFFFFFFFFFFFFFFFFFFFFFFFFFFFFFFFFFFFFFFFFFFFFFFFFFFFFFF2A
:20F70000FFFFFFFFFFFFFFFFFFFFFFFFFFFFFFFFFFFFFFFFFFFFFFFFFFFFFFFFFFFFFFFF09
:20F72000FFFFFFFFFFFFFFFFFFFFFFFFFFFFFFFFFFFFFFFFFFFFFFFFFFFFFFFFFFFFFFFFE9
:20F74000FFFFFFFFFFFFFFFFFFFFFFFFFFFFFFFFFFFFFFFFFFFFFFFFFFFFFFFFFFFFFFFFC9
:20F76000FFFFFFFFFFFFFFFFFFFFFFFFFFFFFFFFFFFFFFFFFFFFFFFFFFFFFFFFFFFFFFFFA9
:20F78000FFFFFFFFFFFFFFFFFFFFFFFFFFFFFFFFFFFFFFFFFFFFFFFFFFFFFFFFFFFFFFFF89
:20F7A000FFFFFFFFFFFFFFFFFFFFFFFFFFFFFFFFFFFFFFFFFFFFFFFFFFFFFFFFFFFFFFFF69
:20F7C000FFFFFFFFFFFFFFFFFFFFFFFFFFFFFFFFFFFFFFFFFFFFFFFFFFFFFFFFFFFFFFFF49
:20F7E000FFFFFFFFFFFFFFFFFFFFFFFFFFFFFFFFFFFFFFFFFFFFFFFFFFFFFFFFFFFFFFFF29
:20F80000FFFFFFFFFFFFFFFFFFFFFFFFFFFFFFFFFFFFFFFFFFFFFFFFFFFFFFFFFFFFFFFF08
:20F82000FFFFFFFFFFFFFFFFFFFFFFFFFFFFFFFFFFFFFFFFFFFFFFFFFFFFFFFFFFFFFFFFE8
:20F84000FFFFFFFFFFFFFFFFFFFFFFFFFFFFFFFFFFFFFFFFFFFFFFFFFFFFFFFFFFFFFFFFC8
:20F86000FFFFFFFFFFFFFFFFFFFFFFFFFFFFFFFFFFFFFFFFFFFFFFFFFFFFFFFFFFFFFFFFA8
:20F88000FFFFFFFFFFFFFFFFFFFFFFFFFFFFFFFFFFFFFFFFFFFFFFFFFFFFFFFFFFFFFFFF88
:20F8A000FFFFFFFFFFFFFFFFFFFFFFFFFFFFFFFFFFFFFFFFFFFFFFFFFFFFFFFFFFFFFFFF68
:20F8C000FFFFFFFFFFFFFFFFFFFFFFFFFFFFFFFFFFFFFFFFFFFFFFFFFFFFFFFFFFFFFFFF48
:20F8E000FFFFFFFFFFFFFFFFFFFFFFFFFFFFFFFFFFFFFFFFFFFFFFFFFFFFFFFFFFFFFFFF28
:20F90000FFFFFFFFFFFFFFFFFFFFFFFFFFFFFFFFFFFFFFFFFFFFFFFFFFFFFFFFFFFFFFFF07
:20F92000FFFFFFFFFFFFFFFFFFFFFFFFFFFFFFFFFFFFFFFFFFFFFFFFFFFFFFFFFFFFFFFFE7
:20F94000FFFFFFFFFFFFFFFFFFFFFFFFFFFFFFFFFFFFFFFFFFFFFFFFFFFFFFFFFFFFFFFFC7
:20F96000FFFFFFFFFFFFFFFFFFFFFFFFFFFFFFFFFFFFFFFFFFFFFFFFFFFFFFFFFFFFFFFFA7
:20F98000FFFFFFFFFFFFFFFFFFFFFFFFFFFFFFFFFFFFFFFFFFFFFFFFFFFFFFFFFFFFFFFF87
:20F9A000FFFFFFFFFFFFFFFFFFFFFFFFFFFFFFFFFFFFFFFFFFFFFFFFFFFFFFFFFFFFFFFF67
:20F9C000FFFFFFFFFFFFFFFFFFFFFFFFFFFFFFFFFFFFFFFFFFFFFFFFFFFFFFFFFFFFFFFF47
:20F9E000FFFFFFFFFFFFFFFFFFFFFFFFFFFFFFFFFFFFFFFFFFFFFFFFFFFFFFFFFFFFFFFF27
:20FA0000FFFFFFFFFFFFFFFFFFFFFFFFFFFFFFFFFFFFFFFFFFFFFFFFFFFFFFFFFFFFFFFF06
:20FA2000FFFFFFFFFFFFFFFFFFFFFFFFFFFFFFFFFFFFFFFFFFFFFFFFFFFFFFFFFFFFFFFFE6
:20FA4000FFFFFFFFFFFFFFFFFFFFFFFFFFFFFFFFFFFFFFFFFFFFFFFFFFFFFFFFFFFFFFFFC6
:20FA6000FFFFFFFFFFFFFFFFFFFFFFFFFFFFFFFFFFFFFFFFFFFFFFFFFFFFFFFFFFFFFFFFA6
:20FA8000FFFFFFFFFFFFFFFFFFFFFFFFFFFFFFFFFFFFFFFFFFFFFFFFFFFFFFFFFFFFFFFF86
:20FAA000FFFFFFFFFFFFFFFFFFFFFFFFFFFFFFFFFFFFFFFFFFFFFFFFFFFFFFFFFFFFFFFF66
:20FAC000FFFFFFFFFFFFFFFFFFFFFFFFFFFFFFFFFFFFFFFFFFFFFFFFFFFFFFFFFFFFFFFF46
:20FAE000FFFFFFFFFFFFFFFFFFFFFFFFFFFFFFFFFFFFFFFFFFFFFFFFFFFFFFFFFFFFFFFF26
:20FB0000FFFFFFFFFFFFFFFFFFFFFFFFFFFFFFFFFFFFFFFFFFFFFFFFFFFFFFFFFFFFFFFF05
:20FB2000FFFFFFFFFFFFFFFFFFFFFFFFFFFFFFFFFFFFFFFFFFFFFFFFFFFFFFFFFFFFFFFFE5
:20FB4000FFFFFFFFFFFFFFFFFFFFFFFFFFFFFFFFFFFFFFFFFFFFFFFFFFFFFFFFFFFFFFFFC5
:20FB6000FFFFFFFFFFFFFFFFFFFFFFFFFFFFFFFFFFFFFFFFFFFFFFFFFFFFFFFFFFFFFFFFA5
:20FB8000FFFFFFFFFFFFFFFFFFFFFFFFFFFFFFFFFFFFFFFFFFFFFFFFFFFFFFFFFFFFFFFF85
:20FBA000FFFFFFFFFFFFFFFFFFFFFFFFFFFFFFFFFFFFFFFFFFFFFFFFFFFFFFFFFFFFFFFF65
:20FBC000FFFFFFFFFFFFFFFFFFFFFFFFFFFFFFFFFFFFFFFFFFFFFFFFFFFFFFFFFFFFFFFF45
:20FBE000FFFFFFFFFFFFFFFFFFFFFFFFFFFFFFFFFFFFFFFFFFFFFFFFFFFFFFFFFFFFFFFF25
:20FC0000FFFFFFFFFFFFFFFFFFFFFFFFFFFFFFFFFFFFFFFFFFFFFFFFFFFFFFFFFFFFFFFF04
:20FC2000FFFFFFFFFFFFFFFFFFFFFFFFFFFFFFFFFFFFFFFFFFFFFFFFFFFFFFFFFFFFFFFFE4
:20FC4000FFFFFFFFFFFFFFFFFFFFFFFFFFFFFFFFFFFFFFFFFFFFFFFFFFFFFFFFFFFFFFFFC4
:20FC6000FFFFFFFFFFFFFFFFFFFFFFFFFFFFFFFFFFFFFFFFFFFFFFFFFFFFFFFFFFFFFFFFA4
:20FC8000FFFFFFFFFFFFFFFFFFFFFFFFFFFFFFFFFFFFFFFFFFFFFFFFFFFFFFFFFFFFFFFF84
:20FCA000FFFFFFFFFFFFFFFFFFFFFFFFFFFFFFFFFFFFFFFFFFFFFFFFFFFFFFFFFFFFFFFF64
:20FCC000FFFFFFFFFFFFFFFFFFFFFFFFFFFFFFFFFFFFFFFFFFFFFFFFFFFFFFFFFFFFFFFF44
:20FCE000FFFFFFFFFFFFFFFFFFFFFFFFFFFFFFFFFFFFFFFFFFFFFFFFFFFFFFFFFFFFFFFF24
:20FD0000FFFFFFFFFFFFFFFFFFFFFFFFFFFFFFFFFFFFFFFFFFFFFFFFFFFFFFFFFFFFFFFF03
:20FD2000FFFFFFFFFFFFFFFFFFFFFFFFFFFFFFFFFFFFFFFFFFFFFFFFFFFFFFFFFFFFFFFFE3
:20FD4000FFFFFFFFFFFFFFFFFFFFFFFFFFFFFFFFFFFFFFFFFFFFFFFFFFFFFFFFFFFFFFFFC3
:20FD6000FFFFFFFFFFFFFFFFFFFFFFFFFFFFFFFFFFFFFFFFFFFFFFFFFFFFFFFFFFFFFFFFA3
:20FD8000FFFFFFFFFFFFFFFFFFFFFFFFFFFFFFFFFFFFFFFFFFFFFFFFFFFFFFFFFFFFFFFF83
:20FDA000FFFFFFFFFFFFFFFFFFFFFFFFFFFFFFFFFFFFFFFFFFFFFFFFFFFFFFFFFFFFFFFF63
:20FDC000FFFFFFFFFFFFFFFFFFFFFFFFFFFFFFFFFFFFFFFFFFFFFFFFFFFFFFFFFFFFFFFF43
:20FDE000FFFFFFFFFFFFFFFFFFFFFFFFFFFFFFFFFFFFFFFFFFFFFFFFFFFFFFFFFFFFFFFF23
:20FE0000FFFFFFFFFFFFFFFFFFFFFFFFFFFFFFFFFFFFFFFFFFFFFFFFFFFFFFFFFFFFFFFF02
:20FE2000FFFFFFFFFFFFFFFFFFFFFFFFFFFFFFFFFFFFFFFFFFFFFFFFFFFFFFFFFFFFFFFFE2
:20FE4000FFFFFFFFFFFFFFFFFFFFFFFFFFFFFFFFFFFFFFFFFFFFFFFFFFFFFFFFFFFFFFFFC2
:20FE6000FFFFFFFFFFFFFFFFFFFFFFFFFFFFFFFFFFFFFFFFFFFFFFFFFFFFFFFFFFFFFFFFA2
:20FE8000FFFFFFFFFFFFFFFFFFFFFFFFFFFFFFFFFFFFFFFFFFFFFFFFFFFFFFFFFFFFFFFF82
:20FEA000FFFFFFFFFFFFFFFFFFFFFFFFFFFFFFFFFFFFFFFFFFFFFFFFFFFFFFFFFFFFFFFF62
:20FEC000FFFFFFFFFFFFFFFFFFFFFFFFFFFFFFFFFFFFFFFFFFFFFFFFFFFFFFFFFFFFFFFF42
:20FEE000FFFFFFFFFFFFFFFFFFFFFFFFFFFFFFFFFFFFFFFFFFFFFFFFFFFFFFFFFFFFFFFF22
:20FF0000FFFFFFFFFFFFFFFFFFFFFFFFFFFFFFFFFFFFFFFFFFFFFFFFFFFFFFFFFFFFFFFF01
:20FF2000FFFFFFFFFFFFFFFFFFFFFFFFFFFFFFFFFFFFFFFFFFFFFFFFFFFFFFFFFFFFFFFFE1
:20FF4000FFFFFFFFFFFFFFFFFFFFFFFFFFFFFFFFFFFFFFFFFFFFFFFFFFFFFFFFFFFFFFFFC1
:20FF6000FFFFFFFFFFFFFFFFFFFFFFFFFFFFFFFFFFFFFFFFFFFFFFFFFFFFFFFFFFFFFFFFA1
:20FF8000FFFFFFFFFFFFFFFFFFFFFFFFFFFFFFFFFFFFFFFFFFFFFFFFFFFFFFFFFFFFFFFF81
:20FFA000FFFFFFFFFFFFFFFFFFFFFFFFFFFFFFFFFFFFFFFFFFFFFFFFFFFFFFFFFFFFFFFF61
:20FFC000FFFFFFFFFFFFFFFFFFFFFFFFFFFFFFFFFFFFFFFFFFFFFFFFFFFFFFFFFFFFFFFF41
:20FFE000FFFFFFFFFFFFFFFFFFFFFFFFFFFFFFFFFFFFFFFFFFFFFFFFFFFFFFFF7F00CCE7EB
:00000001FF
